game_id,season,season_type,date,start_time_utc,status,away_team_id,home_team_id,away_abbrev,home_abbrev,away_score,home_score,venue,ot,doubleheader,game_number
2026010001,20262027,preseason,2026-09-19,2026-09-19T23:00:00Z,scheduled,nhl-dal,nhl-stl,DAL,STL,,,Enterprise Center,,N,1
2026010002,20262027,preseason,2026-09-19,2026-09-20T01:00:00Z,scheduled,nhl-vgk,nhl-lak,VGK,LAK,,,Toyota Arena,,N,1
2026010003,20262027,preseason,2026-09-19,2026-09-20T00:00:00Z,scheduled,nhl-wpg,nhl-edm,WPG,EDM,,,Rogers Place,,N,1
2026010004,20262027,preseason,2026-09-19,2026-09-20T00:00:00Z,scheduled,nhl-chi,nhl-min,CHI,MIN,,,Grand Casino Arena,,N,1
2026010005,20262027,preseason,2026-09-19,2026-09-20T01:00:00Z,scheduled,nhl-van,nhl-sea,VAN,SEA,,,Climate Pledge Arena,,N,1
2026010006,20262027,preseason,2026-09-19,2026-09-19T23:00:00Z,scheduled,nhl-mtl,nhl-tor,MTL,TOR,,,Scotiabank Arena,,N,1
2026010007,20262027,preseason,2026-09-19,2026-09-19T23:00:00Z,scheduled,nhl-tor,nhl-mtl,TOR,MTL,,,Centre Bell,,N,1
2026010008,20262027,preseason,2026-09-20,2026-09-20T17:00:00Z,scheduled,nhl-nyi,nhl-njd,NYI,NJD,,,Prudential Center,,N,1
2026010009,20262027,preseason,2026-09-20,2026-09-20T20:00:00Z,scheduled,nhl-sjs,nhl-ana,SJS,ANA,,,Honda Center,,N,1
2026010010,20262027,preseason,2026-09-20,2026-09-20T23:00:00Z,scheduled,nhl-car,nhl-fla,CAR,FLA,,,Amerant Bank Arena,,N,1
2026010011,20262027,preseason,2026-09-20,2026-09-20T21:00:00Z,scheduled,nhl-nsh,nhl-tbl,NSH,TBL,,,Benchmark International Arena,,N,1
2026010012,20262027,preseason,2026-09-20,2026-09-20T23:00:00Z,scheduled,nhl-uta,nhl-col,UTA,COL,,,Ball Arena,,N,1
2026010013,20262027,preseason,2026-09-20,2026-09-20T21:00:00Z,scheduled,nhl-wsh,nhl-bos,WSH,BOS,,,TD Garden,,N,1
2026010014,20262027,preseason,2026-09-20,2026-09-21T00:00:00Z,scheduled,nhl-sea,nhl-cgy,SEA,CGY,,,Scotiabank Saddledome,,N,1
2026010015,20262027,preseason,2026-09-21,2026-09-22T00:00:00Z,scheduled,nhl-col,nhl-wpg,COL,WPG,,,Canada Life Centre,,N,1
2026010016,20262027,preseason,2026-09-21,2026-09-21T23:00:00Z,scheduled,nhl-buf,nhl-pit,BUF,PIT,,,PPG Paints Arena,,N,1
2026010017,20262027,preseason,2026-09-21,2026-09-21T23:00:00Z,scheduled,nhl-det,nhl-cbj,DET,CBJ,,,Nationwide Arena,,N,1
2026010018,20262027,preseason,2026-09-21,2026-09-22T00:00:00Z,scheduled,nhl-min,nhl-chi,MIN,CHI,,,United Center,,N,1
2026010019,20262027,preseason,2026-09-21,2026-09-21T23:00:00Z,scheduled,nhl-nyr,nhl-njd,NYR,NJD,,,Prudential Center,,N,1
2026010020,20262027,preseason,2026-09-21,2026-09-21T23:00:00Z,scheduled,nhl-phi,nhl-wsh,PHI,WSH,,,GIANT Center,,N,1
2026010021,20262027,preseason,2026-09-21,2026-09-22T00:00:00Z,scheduled,nhl-stl,nhl-dal,STL,DAL,,,American Airlines Center,,N,1
2026010022,20262027,preseason,2026-09-21,2026-09-21T23:00:00Z,scheduled,nhl-ott,nhl-mtl,OTT,MTL,,,Colisée Vidéotron,,N,1
2026010023,20262027,preseason,2026-09-22,2026-09-23T00:00:00Z,scheduled,nhl-edm,nhl-wpg,EDM,WPG,,,Canada Life Centre,,N,1
2026010024,20262027,preseason,2026-09-22,2026-09-22T23:00:00Z,scheduled,nhl-cbj,nhl-buf,CBJ,BUF,,,KeyBank Center,,N,1
2026010025,20262027,preseason,2026-09-22,2026-09-22T23:00:00Z,scheduled,nhl-det,nhl-pit,DET,PIT,,,PPG Paints Arena,,N,1
2026010026,20262027,preseason,2026-09-22,2026-09-22T23:00:00Z,scheduled,nhl-fla,nhl-car,FLA,CAR,,,Lenovo Center,,N,1
2026010027,20262027,preseason,2026-09-22,2026-09-22T23:00:00Z,scheduled,nhl-nyi,nhl-nyr,NYI,NYR,,,Madison Square Garden,,N,1
2026010028,20262027,preseason,2026-09-22,2026-09-22T23:00:00Z,scheduled,nhl-phi,nhl-bos,PHI,BOS,,,TD Garden,,N,1
2026010029,20262027,preseason,2026-09-22,2026-09-23T00:00:00Z,scheduled,nhl-tbl,nhl-nsh,TBL,NSH,,,Bridgestone Arena,,N,1
2026010030,20262027,preseason,2026-09-22,2026-09-23T02:00:00Z,scheduled,nhl-uta,nhl-lak,UTA,LAK,,,Crypto.com Arena,,N,1
2026010031,20262027,preseason,2026-09-22,2026-09-23T01:00:00Z,scheduled,nhl-van,nhl-cgy,VAN,CGY,,,Scotiabank Saddledome,,N,1
2026010032,20262027,preseason,2026-09-22,2026-09-23T02:00:00Z,scheduled,nhl-vgk,nhl-sjs,VGK,SJS,,,SAP Center at San Jose,,N,1
2026010033,20262027,preseason,2026-09-23,2026-09-24T02:00:00Z,scheduled,nhl-lak,nhl-ana,LAK,ANA,,,Honda Center,,N,1
2026010034,20262027,preseason,2026-09-23,2026-09-24T00:00:00Z,scheduled,nhl-min,nhl-dal,MIN,DAL,,,American Airlines Center,,N,1
2026010035,20262027,preseason,2026-09-23,2026-09-23T23:00:00Z,scheduled,nhl-ott,nhl-tor,OTT,TOR,,,Scotiabank Arena,,N,1
2026010036,20262027,preseason,2026-09-23,2026-09-23T23:00:00Z,scheduled,nhl-tor,nhl-ott,TOR,OTT,,,Canadian Tire Centre,,N,1
2026010037,20262027,preseason,2026-09-24,2026-09-25T01:00:00Z,scheduled,nhl-edm,nhl-van,EDM,VAN,,,Rogers Arena,,N,1
2026010038,20262027,preseason,2026-09-24,2026-09-25T01:40:00Z,scheduled,nhl-cgy,nhl-sea,CGY,SEA,,,Climate Pledge Arena,,N,1
2026010039,20262027,preseason,2026-09-24,2026-09-25T02:00:00Z,scheduled,nhl-ana,nhl-sjs,ANA,SJS,,,SAP Center at San Jose,,N,1
2026010040,20262027,preseason,2026-09-24,2026-09-24T23:00:00Z,scheduled,nhl-bos,nhl-phi,BOS,PHI,,,Xfinity Mobile Arena,,N,1
2026010041,20262027,preseason,2026-09-24,2026-09-24T23:00:00Z,scheduled,nhl-buf,nhl-det,BUF,DET,,,Little Caesars Arena,,N,1
2026010042,20262027,preseason,2026-09-24,2026-09-25T00:00:00Z,scheduled,nhl-chi,nhl-stl,CHI,STL,,,Enterprise Center,,N,1
2026010043,20262027,preseason,2026-09-24,2026-09-24T23:00:00Z,scheduled,nhl-fla,nhl-tbl,FLA,TBL,,,Benchmark International Arena,,N,1
2026010044,20262027,preseason,2026-09-24,2026-09-24T23:00:00Z,scheduled,nhl-nsh,nhl-car,NSH,CAR,,,First Horizon Coliseum,,N,1
2026010045,20262027,preseason,2026-09-24,2026-09-24T23:00:00Z,scheduled,nhl-njd,nhl-nyr,NJD,NYR,,,Madison Square Garden,,N,1
2026010046,20262027,preseason,2026-09-24,2026-09-24T23:00:00Z,scheduled,nhl-pit,nhl-cbj,PIT,CBJ,,,Nationwide Arena,,N,1
2026010047,20262027,preseason,2026-09-24,2026-09-25T02:00:00Z,scheduled,nhl-uta,nhl-vgk,UTA,VGK,,,T-Mobile Arena,,N,1
2026010048,20262027,preseason,2026-09-25,2026-09-26T00:30:00Z,scheduled,nhl-wpg,nhl-col,WPG,COL,,,Ball Arena,,N,1
2026010049,20262027,preseason,2026-09-25,2026-09-25T23:00:00Z,scheduled,nhl-bos,nhl-wsh,BOS,WSH,,,Capital One Arena,,N,1
2026010050,20262027,preseason,2026-09-25,2026-09-26T00:00:00Z,scheduled,nhl-dal,nhl-min,DAL,MIN,,,Grand Casino Arena,,N,1
2026010051,20262027,preseason,2026-09-25,2026-09-25T23:30:00Z,scheduled,nhl-nyr,nhl-nyi,NYR,NYI,,,UBS Arena,,N,1
2026010052,20262027,preseason,2026-09-26,2026-09-26T20:00:00Z,scheduled,nhl-ana,nhl-lak,ANA,LAK,,,Crypto.com Arena,,N,1
2026010053,20262027,preseason,2026-09-26,2026-09-26T19:00:00Z,scheduled,nhl-car,nhl-nsh,CAR,NSH,,,Bridgestone Arena,,N,1
2026010054,20262027,preseason,2026-09-26,2026-09-26T21:00:00Z,scheduled,nhl-col,nhl-uta,COL,UTA,,,Delta Center,,N,1
2026010055,20262027,preseason,2026-09-26,2026-09-26T19:00:00Z,scheduled,nhl-pit,nhl-buf,PIT,BUF,,,KeyBank Center,,N,1
2026010056,20262027,preseason,2026-09-26,2026-09-26T23:00:00Z,scheduled,nhl-sea,nhl-van,SEA,VAN,,,Rogers Arena,,N,1
2026010057,20262027,preseason,2026-09-26,2026-09-26T21:00:00Z,scheduled,nhl-wsh,nhl-phi,WSH,PHI,,,Xfinity Mobile Arena,,N,1
2026010058,20262027,preseason,2026-09-26,2026-09-26T23:00:00Z,scheduled,nhl-stl,nhl-chi,STL,CHI,,,United Center,,N,1
2026010059,20262027,preseason,2026-09-26,2026-09-26T22:00:00Z,scheduled,nhl-tbl,nhl-fla,TBL,FLA,,,Amerant Bank Arena,,N,1
2026010060,20262027,preseason,2026-09-26,2026-09-27T01:00:00Z,scheduled,nhl-cgy,nhl-edm,CGY,EDM,,,Rogers Place,,N,1
2026010061,20262027,preseason,2026-09-26,2026-09-26T23:00:00Z,scheduled,nhl-cbj,nhl-det,CBJ,DET,,,Little Caesars Arena,,N,1
2026010062,20262027,preseason,2026-09-26,2026-09-26T23:30:00Z,scheduled,nhl-njd,nhl-nyi,NJD,NYI,,,UBS Arena,,N,1
2026010063,20262027,preseason,2026-09-26,2026-09-27T02:00:00Z,scheduled,nhl-sjs,nhl-vgk,SJS,VGK,,,T-Mobile Arena,,N,1
2026010064,20262027,preseason,2026-09-26,2026-09-26T23:00:00Z,scheduled,nhl-mtl,nhl-ott,MTL,OTT,,,Canadian Tire Centre,,N,1
2026010065,20262027,preseason,2026-09-26,2026-09-26T23:00:00Z,scheduled,nhl-ott,nhl-mtl,OTT,MTL,,,Centre Bell,,N,1
2026020001,20262027,regular,2026-09-29,2026-09-29T21:00:00Z,scheduled,nhl-fla,nhl-car,FLA,CAR,,,Lenovo Center,,N,1
2026020002,20262027,regular,2026-09-29,2026-09-29T23:00:00Z,scheduled,nhl-mtl,nhl-tor,MTL,TOR,,,Scotiabank Arena,,N,1
2026020003,20262027,regular,2026-09-29,2026-09-30T00:00:00Z,scheduled,nhl-nyr,nhl-bos,NYR,BOS,,,TD Garden,,N,1
2026020004,20262027,regular,2026-09-29,2026-09-30T02:00:00Z,scheduled,nhl-van,nhl-edm,VAN,EDM,,,Rogers Place,,N,1
2026020005,20262027,regular,2026-09-29,2026-09-30T02:30:00Z,scheduled,nhl-chi,nhl-vgk,CHI,VGK,,,T-Mobile Arena,,N,1
2026020006,20262027,regular,2026-09-30,2026-09-30T23:30:00Z,scheduled,nhl-pit,nhl-phi,PIT,PHI,,,Xfinity Mobile Arena,,N,1
2026020007,20262027,regular,2026-09-30,2026-10-01T02:00:00Z,scheduled,nhl-lak,nhl-col,LAK,COL,,,Ball Arena,,N,1
2026020008,20262027,regular,2026-09-30,2026-09-30T23:30:00Z,scheduled,nhl-nyi,nhl-tor,NYI,TOR,,,Scotiabank Arena,,N,1
2026020009,20262027,regular,2026-10-01,2026-10-01T23:00:00Z,scheduled,nhl-phi,nhl-njd,PHI,NJD,,,Prudential Center,,N,1
2026020010,20262027,regular,2026-10-01,2026-10-01T23:00:00Z,scheduled,nhl-tbl,nhl-nyr,TBL,NYR,,,Madison Square Garden,,N,1
2026020011,20262027,regular,2026-10-01,2026-10-01T23:00:00Z,scheduled,nhl-buf,nhl-cbj,BUF,CBJ,,,Nationwide Arena,,N,1
2026020012,20262027,regular,2026-10-01,2026-10-02T00:00:00Z,scheduled,nhl-min,nhl-nsh,MIN,NSH,,,Bridgestone Arena,,N,1
2026020013,20262027,regular,2026-10-01,2026-10-02T01:30:00Z,scheduled,nhl-chi,nhl-uta,CHI,UTA,,,Delta Center,,N,1
2026020014,20262027,regular,2026-10-01,2026-10-02T01:00:00Z,scheduled,nhl-sea,nhl-cgy,SEA,CGY,,,Scotiabank Saddledome,,N,1
2026020015,20262027,regular,2026-10-01,2026-10-02T02:00:00Z,scheduled,nhl-edm,nhl-van,EDM,VAN,,,Rogers Arena,,N,1
2026020016,20262027,regular,2026-10-01,2026-10-02T02:00:00Z,scheduled,nhl-fla,nhl-sjs,FLA,SJS,,,SAP Center at San Jose,,N,1
2026020017,20262027,regular,2026-10-02,2026-10-02T22:30:00Z,scheduled,nhl-nyr,nhl-det,NYR,DET,,,Little Caesars Arena,,N,1
2026020018,20262027,regular,2026-10-02,2026-10-02T23:00:00Z,scheduled,nhl-wsh,nhl-car,WSH,CAR,,,Lenovo Center,,N,1
2026020019,20262027,regular,2026-10-02,2026-10-03T00:00:00Z,scheduled,nhl-bos,nhl-wpg,BOS,WPG,,,Canada Life Centre,,N,1
2026020020,20262027,regular,2026-10-02,2026-10-03T01:00:00Z,scheduled,nhl-stl,nhl-dal,STL,DAL,,,American Airlines Center,,N,1
2026020021,20262027,regular,2026-10-02,2026-10-03T02:00:00Z,scheduled,nhl-ana,nhl-vgk,ANA,VGK,,,T-Mobile Arena,,N,1
2026020022,20262027,regular,2026-10-03,2026-10-03T23:00:00Z,scheduled,nhl-chi,nhl-buf,CHI,BUF,,,KeyBank Center,,N,1
2026020023,20262027,regular,2026-10-03,2026-10-03T23:00:00Z,scheduled,nhl-ott,nhl-tor,OTT,TOR,,,Scotiabank Arena,,N,1
2026020024,20262027,regular,2026-10-03,2026-10-03T23:00:00Z,scheduled,nhl-wsh,nhl-tbl,WSH,TBL,,,Benchmark International Arena,,N,1
2026020025,20262027,regular,2026-10-03,2026-10-03T23:00:00Z,scheduled,nhl-car,nhl-phi,CAR,PHI,,,Xfinity Mobile Arena,,N,1
2026020026,20262027,regular,2026-10-03,2026-10-03T23:00:00Z,scheduled,nhl-mtl,nhl-pit,MTL,PIT,,,PPG Paints Arena,,N,1
2026020027,20262027,regular,2026-10-03,2026-10-03T23:00:00Z,scheduled,nhl-uta,nhl-cbj,UTA,CBJ,,,Nationwide Arena,,N,1
2026020028,20262027,regular,2026-10-03,2026-10-03T23:00:00Z,scheduled,nhl-sea,nhl-edm,SEA,EDM,,,Rogers Place,,N,1
2026020029,20262027,regular,2026-10-03,2026-10-03T23:30:00Z,scheduled,nhl-njd,nhl-nyi,NJD,NYI,,,UBS Arena,,N,1
2026020030,20262027,regular,2026-10-03,2026-10-04T00:00:00Z,scheduled,nhl-dal,nhl-nsh,DAL,NSH,,,Bridgestone Arena,,N,1
2026020031,20262027,regular,2026-10-03,2026-10-04T00:00:00Z,scheduled,nhl-bos,nhl-min,BOS,MIN,,,Grand Casino Arena,,N,1
2026020032,20262027,regular,2026-10-03,2026-10-04T01:00:00Z,scheduled,nhl-stl,nhl-col,STL,COL,,,Ball Arena,,N,1
2026020033,20262027,regular,2026-10-03,2026-10-04T02:00:00Z,scheduled,nhl-cgy,nhl-van,CGY,VAN,,,Rogers Arena,,N,1
2026020034,20262027,regular,2026-10-03,2026-10-04T02:00:00Z,scheduled,nhl-lak,nhl-sjs,LAK,SJS,,,SAP Center at San Jose,,N,1
2026020035,20262027,regular,2026-10-04,2026-10-04T17:00:00Z,scheduled,nhl-wpg,nhl-det,WPG,DET,,,Little Caesars Arena,,N,1
2026020036,20262027,regular,2026-10-04,2026-10-04T22:00:00Z,scheduled,nhl-uta,nhl-nyr,UTA,NYR,,,Madison Square Garden,,N,1
2026020037,20262027,regular,2026-10-04,2026-10-05T00:00:00Z,scheduled,nhl-fla,nhl-ana,FLA,ANA,,,Honda Center,,N,1
2026020038,20262027,regular,2026-10-04,2026-10-05T00:00:00Z,scheduled,nhl-cgy,nhl-sea,CGY,SEA,,,Climate Pledge Arena,,N,1
2026020039,20262027,regular,2026-10-04,2026-10-05T01:00:00Z,scheduled,nhl-vgk,nhl-van,VGK,VAN,,,Rogers Arena,,N,1
2026020040,20262027,regular,2026-10-05,2026-10-05T23:00:00Z,scheduled,nhl-phi,nhl-tbl,PHI,TBL,,,Benchmark International Arena,,N,1
2026020041,20262027,regular,2026-10-05,2026-10-05T23:30:00Z,scheduled,nhl-ott,nhl-bos,OTT,BOS,,,TD Garden,,N,1
2026020042,20262027,regular,2026-10-05,2026-10-05T23:30:00Z,scheduled,nhl-wpg,nhl-pit,WPG,PIT,,,PPG Paints Arena,,N,1
2026020043,20262027,regular,2026-10-05,2026-10-06T00:00:00Z,scheduled,nhl-sjs,nhl-dal,SJS,DAL,,,American Airlines Center,,N,1
2026020044,20262027,regular,2026-10-06,2026-10-06T23:00:00Z,scheduled,nhl-nsh,nhl-tor,NSH,TOR,,,Scotiabank Arena,,N,1
2026020045,20262027,regular,2026-10-06,2026-10-06T23:00:00Z,scheduled,nhl-car,nhl-mtl,CAR,MTL,,,Centre Bell,,N,1
2026020046,20262027,regular,2026-10-06,2026-10-06T23:00:00Z,scheduled,nhl-ott,nhl-det,OTT,DET,,,Little Caesars Arena,,N,1
2026020047,20262027,regular,2026-10-06,2026-10-06T23:00:00Z,scheduled,nhl-uta,nhl-njd,UTA,NJD,,,Prudential Center,,N,1
2026020048,20262027,regular,2026-10-06,2026-10-07T00:00:00Z,scheduled,nhl-nyi,nhl-nyr,NYI,NYR,,,Madison Square Garden,,N,1
2026020049,20262027,regular,2026-10-06,2026-10-06T23:00:00Z,scheduled,nhl-min,nhl-buf,MIN,BUF,,,KeyBank Center,,N,1
2026020050,20262027,regular,2026-10-06,2026-10-07T00:00:00Z,scheduled,nhl-stl,nhl-chi,STL,CHI,,,United Center,,N,1
2026020051,20262027,regular,2026-10-06,2026-10-07T01:40:00Z,scheduled,nhl-vgk,nhl-sea,VGK,SEA,,,Climate Pledge Arena,,N,1
2026020052,20262027,regular,2026-10-06,2026-10-07T02:30:00Z,scheduled,nhl-fla,nhl-lak,FLA,LAK,,,Crypto.com Arena,,N,1
2026020053,20262027,regular,2026-10-07,2026-10-07T23:30:00Z,scheduled,nhl-pit,nhl-wsh,PIT,WSH,,,Capital One Arena,,N,1
2026020054,20262027,regular,2026-10-07,2026-10-07T23:30:00Z,scheduled,nhl-col,nhl-wpg,COL,WPG,,,Canada Life Centre,,N,1
2026020055,20262027,regular,2026-10-07,2026-10-08T02:00:00Z,scheduled,nhl-edm,nhl-ana,EDM,ANA,,,Honda Center,,N,1
2026020056,20262027,regular,2026-10-08,2026-10-08T23:00:00Z,scheduled,nhl-uta,nhl-bos,UTA,BOS,,,TD Garden,,N,1
2026020057,20262027,regular,2026-10-08,2026-10-08T23:00:00Z,scheduled,nhl-dal,nhl-buf,DAL,BUF,,,KeyBank Center,,N,1
2026020058,20262027,regular,2026-10-08,2026-10-08T23:00:00Z,scheduled,nhl-nsh,nhl-mtl,NSH,MTL,,,Centre Bell,,N,1
2026020059,20262027,regular,2026-10-08,2026-10-08T23:00:00Z,scheduled,nhl-phi,nhl-ott,PHI,OTT,,,Canadian Tire Centre,,N,1
2026020060,20262027,regular,2026-10-08,2026-10-08T23:00:00Z,scheduled,nhl-min,nhl-tbl,MIN,TBL,,,Benchmark International Arena,,N,1
2026020061,20262027,regular,2026-10-08,2026-10-08T23:00:00Z,scheduled,nhl-van,nhl-car,VAN,CAR,,,Lenovo Center,,N,1
2026020062,20262027,regular,2026-10-08,2026-10-08T23:30:00Z,scheduled,nhl-chi,nhl-nyi,CHI,NYI,,,UBS Arena,,N,1
2026020063,20262027,regular,2026-10-08,2026-10-09T00:00:00Z,scheduled,nhl-sjs,nhl-stl,SJS,STL,,,Enterprise Center,,N,1
2026020064,20262027,regular,2026-10-08,2026-10-09T01:00:00Z,scheduled,nhl-col,nhl-cgy,COL,CGY,,,Scotiabank Saddledome,,N,1
2026020065,20262027,regular,2026-10-08,2026-10-09T02:00:00Z,scheduled,nhl-tor,nhl-vgk,TOR,VGK,,,T-Mobile Arena,,N,1
2026020066,20262027,regular,2026-10-09,2026-10-09T23:00:00Z,scheduled,nhl-sea,nhl-det,SEA,DET,,,Little Caesars Arena,,N,1
2026020067,20262027,regular,2026-10-09,2026-10-09T23:00:00Z,scheduled,nhl-nyr,nhl-wsh,NYR,WSH,,,Capital One Arena,,N,1
2026020068,20262027,regular,2026-10-09,2026-10-09T23:00:00Z,scheduled,nhl-pit,nhl-cbj,PIT,CBJ,,,Nationwide Arena,,N,1
2026020069,20262027,regular,2026-10-09,2026-10-10T00:00:00Z,scheduled,nhl-ana,nhl-wpg,ANA,WPG,,,Canada Life Centre,,N,1
2026020070,20262027,regular,2026-10-10,2026-10-10T17:00:00Z,scheduled,nhl-phi,nhl-bos,PHI,BOS,,,TD Garden,,N,1
2026020071,20262027,regular,2026-10-10,2026-10-10T19:30:00Z,scheduled,nhl-van,nhl-njd,VAN,NJD,,,Prudential Center,,N,1
2026020072,20262027,regular,2026-10-10,2026-10-10T20:00:00Z,scheduled,nhl-edm,nhl-sjs,EDM,SJS,,,SAP Center at San Jose,,N,1
2026020073,20262027,regular,2026-10-10,2026-10-10T22:00:00Z,scheduled,nhl-min,nhl-fla,MIN,FLA,,,Amerant Bank Arena,,N,1
2026020074,20262027,regular,2026-10-10,2026-10-10T23:00:00Z,scheduled,nhl-uta,nhl-buf,UTA,BUF,,,KeyBank Center,,N,1
2026020075,20262027,regular,2026-10-10,2026-10-10T23:00:00Z,scheduled,nhl-det,nhl-mtl,DET,MTL,,,Centre Bell,,N,1
2026020076,20262027,regular,2026-10-10,2026-10-10T23:00:00Z,scheduled,nhl-nsh,nhl-ott,NSH,OTT,,,Canadian Tire Centre,,N,1
2026020077,20262027,regular,2026-10-10,2026-10-10T23:00:00Z,scheduled,nhl-dal,nhl-pit,DAL,PIT,,,PPG Paints Arena,,N,1
2026020078,20262027,regular,2026-10-10,2026-10-10T23:00:00Z,scheduled,nhl-car,nhl-chi,CAR,CHI,,,United Center,,N,1
2026020079,20262027,regular,2026-10-10,2026-10-10T23:00:00Z,scheduled,nhl-cbj,nhl-stl,CBJ,STL,,,Enterprise Center,,N,1
2026020080,20262027,regular,2026-10-10,2026-10-10T23:00:00Z,scheduled,nhl-tor,nhl-col,TOR,COL,,,Ball Arena,,N,1
2026020081,20262027,regular,2026-10-10,2026-10-10T23:30:00Z,scheduled,nhl-tbl,nhl-nyi,TBL,NYI,,,UBS Arena,,N,1
2026020082,20262027,regular,2026-10-10,2026-10-11T02:00:00Z,scheduled,nhl-ana,nhl-cgy,ANA,CGY,,,Scotiabank Saddledome,,N,1
2026020083,20262027,regular,2026-10-10,2026-10-11T02:00:00Z,scheduled,nhl-lak,nhl-vgk,LAK,VGK,,,T-Mobile Arena,,N,1
2026020084,20262027,regular,2026-10-11,2026-10-11T21:00:00Z,scheduled,nhl-sea,nhl-wsh,SEA,WSH,,,Capital One Arena,,N,1
2026020085,20262027,regular,2026-10-11,2026-10-11T22:00:00Z,scheduled,nhl-van,nhl-nyr,VAN,NYR,,,Madison Square Garden,,N,1
2026020086,20262027,regular,2026-10-11,2026-10-11T23:00:00Z,scheduled,nhl-car,nhl-phi,CAR,PHI,,,Xfinity Mobile Arena,,N,1
2026020087,20262027,regular,2026-10-12,2026-10-12T17:00:00Z,scheduled,nhl-fla,nhl-buf,FLA,BUF,,,KeyBank Center,,N,1
2026020088,20262027,regular,2026-10-12,2026-10-12T23:00:00Z,scheduled,nhl-ott,nhl-njd,OTT,NJD,,,Prudential Center,,N,1
2026020089,20262027,regular,2026-10-12,2026-10-13T00:00:00Z,scheduled,nhl-vgk,nhl-min,VGK,MIN,,,Grand Casino Arena,,N,1
2026020090,20262027,regular,2026-10-13,2026-10-13T22:00:00Z,scheduled,nhl-njd,nhl-det,NJD,DET,,,Little Caesars Arena,,N,1
2026020091,20262027,regular,2026-10-13,2026-10-13T22:15:00Z,scheduled,nhl-fla,nhl-cbj,FLA,CBJ,,,Nationwide Arena,,N,1
2026020092,20262027,regular,2026-10-13,2026-10-13T22:30:00Z,scheduled,nhl-buf,nhl-mtl,BUF,MTL,,,Centre Bell,,N,1
2026020093,20262027,regular,2026-10-13,2026-10-13T22:45:00Z,scheduled,nhl-wsh,nhl-car,WSH,CAR,,,Lenovo Center,,N,1
2026020094,20262027,regular,2026-10-13,2026-10-13T23:00:00Z,scheduled,nhl-sea,nhl-phi,SEA,PHI,,,Xfinity Mobile Arena,,N,1
2026020095,20262027,regular,2026-10-13,2026-10-13T23:15:00Z,scheduled,nhl-tbl,nhl-nyr,TBL,NYR,,,Madison Square Garden,,N,1
2026020096,20262027,regular,2026-10-13,2026-10-13T23:30:00Z,scheduled,nhl-stl,nhl-ott,STL,OTT,,,Canadian Tire Centre,,N,1
2026020097,20262027,regular,2026-10-13,2026-10-13T23:45:00Z,scheduled,nhl-van,nhl-nyi,VAN,NYI,,,UBS Arena,,N,1
2026020098,20262027,regular,2026-10-13,2026-10-14T00:00:00Z,scheduled,nhl-pit,nhl-chi,PIT,CHI,,,United Center,,N,1
2026020099,20262027,regular,2026-10-13,2026-10-14T00:15:00Z,scheduled,nhl-min,nhl-wpg,MIN,WPG,,,Canada Life Centre,,N,1
2026020100,20262027,regular,2026-10-13,2026-10-14T00:30:00Z,scheduled,nhl-col,nhl-dal,COL,DAL,,,American Airlines Center,,N,1
2026020101,20262027,regular,2026-10-13,2026-10-14T00:45:00Z,scheduled,nhl-vgk,nhl-nsh,VGK,NSH,,,Bridgestone Arena,,N,1
2026020102,20262027,regular,2026-10-13,2026-10-14T01:00:00Z,scheduled,nhl-tor,nhl-uta,TOR,UTA,,,Delta Center,,N,1
2026020103,20262027,regular,2026-10-13,2026-10-14T01:45:00Z,scheduled,nhl-cgy,nhl-ana,CGY,ANA,,,Honda Center,,N,1
2026020104,20262027,regular,2026-10-13,2026-10-14T02:30:00Z,scheduled,nhl-edm,nhl-lak,EDM,LAK,,,Crypto.com Arena,,N,1
2026020105,20262027,regular,2026-10-13,2026-10-14T03:00:00Z,scheduled,nhl-bos,nhl-sjs,BOS,SJS,,,SAP Center at San Jose,,N,1
2026020106,20262027,regular,2026-10-14,2026-10-14T23:30:00Z,scheduled,nhl-mtl,nhl-wsh,MTL,WSH,,,Capital One Arena,,N,1
2026020107,20262027,regular,2026-10-14,2026-10-15T00:30:00Z,scheduled,nhl-dal,nhl-col,DAL,COL,,,Ball Arena,,N,1
2026020108,20262027,regular,2026-10-15,2026-10-15T23:00:00Z,scheduled,nhl-buf,nhl-tor,BUF,TOR,,,Scotiabank Arena,,N,1
2026020109,20262027,regular,2026-10-15,2026-10-15T23:00:00Z,scheduled,nhl-nyi,nhl-ott,NYI,OTT,,,Canadian Tire Centre,,N,1
2026020110,20262027,regular,2026-10-15,2026-10-15T23:30:00Z,scheduled,nhl-phi,nhl-det,PHI,DET,,,Little Caesars Arena,,N,1
2026020111,20262027,regular,2026-10-15,2026-10-15T23:00:00Z,scheduled,nhl-sea,nhl-tbl,SEA,TBL,,,Benchmark International Arena,,N,1
2026020112,20262027,regular,2026-10-15,2026-10-15T23:00:00Z,scheduled,nhl-van,nhl-fla,VAN,FLA,,,Amerant Bank Arena,,N,1
2026020113,20262027,regular,2026-10-15,2026-10-15T23:00:00Z,scheduled,nhl-nyr,nhl-njd,NYR,NJD,,,Prudential Center,,N,1
2026020114,20262027,regular,2026-10-15,2026-10-16T00:00:00Z,scheduled,nhl-wpg,nhl-chi,WPG,CHI,,,United Center,,N,1
2026020115,20262027,regular,2026-10-15,2026-10-16T00:00:00Z,scheduled,nhl-sjs,nhl-nsh,SJS,NSH,,,Bridgestone Arena,,N,1
2026020116,20262027,regular,2026-10-15,2026-10-16T00:00:00Z,scheduled,nhl-stl,nhl-min,STL,MIN,,,Grand Casino Arena,,N,1
2026020117,20262027,regular,2026-10-15,2026-10-16T01:00:00Z,scheduled,nhl-uta,nhl-edm,UTA,EDM,,,Rogers Place,,N,1
2026020118,20262027,regular,2026-10-15,2026-10-16T02:00:00Z,scheduled,nhl-cgy,nhl-vgk,CGY,VGK,,,T-Mobile Arena,,N,1
2026020119,20262027,regular,2026-10-16,2026-10-17T01:00:00Z,scheduled,nhl-pit,nhl-col,PIT,COL,,,Ball Arena,,N,1
2026020120,20262027,regular,2026-10-16,2026-10-17T02:00:00Z,scheduled,nhl-bos,nhl-ana,BOS,ANA,,,Honda Center,,N,1
2026020121,20262027,regular,2026-10-17,2026-10-17T17:00:00Z,scheduled,nhl-njd,nhl-wsh,NJD,WSH,,,Capital One Arena,,N,1
2026020122,20262027,regular,2026-10-17,2026-10-17T19:30:00Z,scheduled,nhl-car,nhl-wpg,CAR,WPG,,,Canada Life Centre,,N,1
2026020123,20262027,regular,2026-10-17,2026-10-17T20:00:00Z,scheduled,nhl-van,nhl-tbl,VAN,TBL,,,Benchmark International Arena,,N,1
2026020124,20262027,regular,2026-10-17,2026-10-17T22:00:00Z,scheduled,nhl-sea,nhl-fla,SEA,FLA,,,Amerant Bank Arena,,N,1
2026020125,20262027,regular,2026-10-17,2026-10-17T23:00:00Z,scheduled,nhl-nyi,nhl-tor,NYI,TOR,,,Scotiabank Arena,,N,1
2026020126,20262027,regular,2026-10-17,2026-10-17T23:00:00Z,scheduled,nhl-buf,nhl-mtl,BUF,MTL,,,Centre Bell,,N,1
2026020127,20262027,regular,2026-10-17,2026-10-17T23:00:00Z,scheduled,nhl-sjs,nhl-det,SJS,DET,,,Little Caesars Arena,,N,1
2026020128,20262027,regular,2026-10-17,2026-10-17T23:00:00Z,scheduled,nhl-ott,nhl-phi,OTT,PHI,,,Xfinity Mobile Arena,,N,1
2026020129,20262027,regular,2026-10-17,2026-10-17T23:00:00Z,scheduled,nhl-nyr,nhl-cbj,NYR,CBJ,,,Nationwide Arena,,N,1
2026020130,20262027,regular,2026-10-17,2026-10-17T23:00:00Z,scheduled,nhl-dal,nhl-chi,DAL,CHI,,,United Center,,N,1
2026020131,20262027,regular,2026-10-17,2026-10-18T00:00:00Z,scheduled,nhl-stl,nhl-nsh,STL,NSH,,,Bridgestone Arena,,N,1
2026020132,20262027,regular,2026-10-17,2026-10-18T01:00:00Z,scheduled,nhl-bos,nhl-lak,BOS,LAK,,,Crypto.com Arena,,N,1
2026020133,20262027,regular,2026-10-17,2026-10-18T02:00:00Z,scheduled,nhl-edm,nhl-uta,EDM,UTA,,,Delta Center,,N,1
2026020134,20262027,regular,2026-10-17,2026-10-18T02:00:00Z,scheduled,nhl-pit,nhl-vgk,PIT,VGK,,,T-Mobile Arena,,N,1
2026020135,20262027,regular,2026-10-18,2026-10-18T22:00:00Z,scheduled,nhl-cbj,nhl-min,CBJ,MIN,,,Grand Casino Arena,,N,1
2026020136,20262027,regular,2026-10-18,2026-10-19T00:00:00Z,scheduled,nhl-car,nhl-cgy,CAR,CGY,,,Scotiabank Saddledome,,N,1
2026020137,20262027,regular,2026-10-19,2026-10-19T23:00:00Z,scheduled,nhl-ana,nhl-nyr,ANA,NYR,,,Madison Square Garden,,N,1
2026020138,20262027,regular,2026-10-19,2026-10-19T23:00:00Z,scheduled,nhl-col,nhl-phi,COL,PHI,,,Xfinity Mobile Arena,,N,1
2026020139,20262027,regular,2026-10-19,2026-10-19T23:30:00Z,scheduled,nhl-sjs,nhl-tor,SJS,TOR,,,Scotiabank Arena,,N,1
2026020140,20262027,regular,2026-10-19,2026-10-20T01:00:00Z,scheduled,nhl-pit,nhl-uta,PIT,UTA,,,Delta Center,,N,1
2026020141,20262027,regular,2026-10-20,2026-10-20T23:00:00Z,scheduled,nhl-sjs,nhl-mtl,SJS,MTL,,,Centre Bell,,N,1
2026020142,20262027,regular,2026-10-20,2026-10-20T23:00:00Z,scheduled,nhl-col,nhl-njd,COL,NJD,,,Prudential Center,,N,1
2026020143,20262027,regular,2026-10-20,2026-10-20T23:00:00Z,scheduled,nhl-ana,nhl-nyi,ANA,NYI,,,UBS Arena,,N,1
2026020144,20262027,regular,2026-10-20,2026-10-20T23:00:00Z,scheduled,nhl-lak,nhl-wsh,LAK,WSH,,,Capital One Arena,,N,1
2026020145,20262027,regular,2026-10-20,2026-10-20T23:00:00Z,scheduled,nhl-tor,nhl-cbj,TOR,CBJ,,,Nationwide Arena,,N,1
2026020146,20262027,regular,2026-10-20,2026-10-21T00:00:00Z,scheduled,nhl-wpg,nhl-stl,WPG,STL,,,Enterprise Center,,N,1
2026020147,20262027,regular,2026-10-20,2026-10-21T00:00:00Z,scheduled,nhl-bos,nhl-dal,BOS,DAL,,,American Airlines Center,,N,1
2026020148,20262027,regular,2026-10-20,2026-10-21T01:00:00Z,scheduled,nhl-min,nhl-edm,MIN,EDM,,,Rogers Place,,N,1
2026020149,20262027,regular,2026-10-20,2026-10-21T01:40:00Z,scheduled,nhl-det,nhl-sea,DET,SEA,,,Climate Pledge Arena,,N,1
2026020150,20262027,regular,2026-10-20,2026-10-21T02:00:00Z,scheduled,nhl-car,nhl-van,CAR,VAN,,,Rogers Arena,,N,1
2026020151,20262027,regular,2026-10-20,2026-10-21T02:30:00Z,scheduled,nhl-tbl,nhl-vgk,TBL,VGK,,,T-Mobile Arena,,N,1
2026020152,20262027,regular,2026-10-21,2026-10-21T23:30:00Z,scheduled,nhl-phi,nhl-buf,PHI,BUF,,,KeyBank Center,,N,1
2026020153,20262027,regular,2026-10-21,2026-10-21T23:30:00Z,scheduled,nhl-fla,nhl-ott,FLA,OTT,,,Canadian Tire Centre,,N,1
2026020154,20262027,regular,2026-10-22,2026-10-22T23:00:00Z,scheduled,nhl-nsh,nhl-bos,NSH,BOS,,,TD Garden,,N,1
2026020155,20262027,regular,2026-10-22,2026-10-22T23:00:00Z,scheduled,nhl-nyr,nhl-tor,NYR,TOR,,,Scotiabank Arena,,N,1
2026020156,20262027,regular,2026-10-22,2026-10-22T23:00:00Z,scheduled,nhl-sjs,nhl-ott,SJS,OTT,,,Canadian Tire Centre,,N,1
2026020157,20262027,regular,2026-10-22,2026-10-22T23:00:00Z,scheduled,nhl-ana,nhl-njd,ANA,NJD,,,Prudential Center,,N,1
2026020158,20262027,regular,2026-10-22,2026-10-22T23:00:00Z,scheduled,nhl-fla,nhl-pit,FLA,PIT,,,PPG Paints Arena,,N,1
2026020159,20262027,regular,2026-10-22,2026-10-22T23:30:00Z,scheduled,nhl-lak,nhl-nyi,LAK,NYI,,,UBS Arena,,N,1
2026020160,20262027,regular,2026-10-22,2026-10-23T00:00:00Z,scheduled,nhl-vgk,nhl-stl,VGK,STL,,,Enterprise Center,,N,1
2026020161,20262027,regular,2026-10-22,2026-10-23T00:00:00Z,scheduled,nhl-wpg,nhl-dal,WPG,DAL,,,American Airlines Center,,N,1
2026020162,20262027,regular,2026-10-22,2026-10-23T01:00:00Z,scheduled,nhl-min,nhl-cgy,MIN,CGY,,,Scotiabank Saddledome,,N,1
2026020163,20262027,regular,2026-10-22,2026-10-23T01:00:00Z,scheduled,nhl-car,nhl-edm,CAR,EDM,,,Rogers Place,,N,1
2026020164,20262027,regular,2026-10-22,2026-10-23T02:00:00Z,scheduled,nhl-uta,nhl-sea,UTA,SEA,,,Climate Pledge Arena,,N,1
2026020165,20262027,regular,2026-10-22,2026-10-23T02:00:00Z,scheduled,nhl-det,nhl-van,DET,VAN,,,Rogers Arena,,N,1
2026020166,20262027,regular,2026-10-23,2026-10-24T00:00:00Z,scheduled,nhl-mtl,nhl-chi,MTL,CHI,,,United Center,,N,1
2026020167,20262027,regular,2026-10-23,2026-10-24T01:00:00Z,scheduled,nhl-tbl,nhl-col,TBL,COL,,,Ball Arena,,N,1
2026020168,20262027,regular,2026-10-24,2026-10-24T17:00:00Z,scheduled,nhl-ana,nhl-phi,ANA,PHI,,,Xfinity Mobile Arena,,N,1
2026020169,20262027,regular,2026-10-24,2026-10-24T19:30:00Z,scheduled,nhl-lak,nhl-njd,LAK,NJD,,,Prudential Center,,N,1
2026020170,20262027,regular,2026-10-24,2026-10-24T23:00:00Z,scheduled,nhl-sjs,nhl-bos,SJS,BOS,,,TD Garden,,N,1
2026020171,20262027,regular,2026-10-24,2026-10-24T23:00:00Z,scheduled,nhl-nyr,nhl-ott,NYR,OTT,,,Canadian Tire Centre,,N,1
2026020172,20262027,regular,2026-10-24,2026-10-24T23:00:00Z,scheduled,nhl-nsh,nhl-pit,NSH,PIT,,,PPG Paints Arena,,N,1
2026020173,20262027,regular,2026-10-24,2026-10-24T23:00:00Z,scheduled,nhl-buf,nhl-wsh,BUF,WSH,,,Capital One Arena,,N,1
2026020174,20262027,regular,2026-10-24,2026-10-24T23:00:00Z,scheduled,nhl-vgk,nhl-cbj,VGK,CBJ,,,Nationwide Arena,,N,1
2026020175,20262027,regular,2026-10-24,2026-10-24T23:00:00Z,scheduled,nhl-car,nhl-stl,CAR,STL,,,Enterprise Center,,N,1
2026020176,20262027,regular,2026-10-24,2026-10-24T23:00:00Z,scheduled,nhl-tor,nhl-edm,TOR,EDM,,,Rogers Place,,N,1
2026020177,20262027,regular,2026-10-24,2026-10-25T01:00:00Z,scheduled,nhl-tbl,nhl-uta,TBL,UTA,,,Delta Center,,N,1
2026020178,20262027,regular,2026-10-24,2026-10-25T02:00:00Z,scheduled,nhl-det,nhl-cgy,DET,CGY,,,Scotiabank Saddledome,,N,1
2026020179,20262027,regular,2026-10-24,2026-10-25T02:00:00Z,scheduled,nhl-min,nhl-sea,MIN,SEA,,,Climate Pledge Arena,,N,1
2026020180,20262027,regular,2026-10-25,2026-10-25T19:00:00Z,scheduled,nhl-fla,nhl-chi,FLA,CHI,,,United Center,,N,1
2026020181,20262027,regular,2026-10-25,2026-10-25T22:00:00Z,scheduled,nhl-nyi,nhl-dal,NYI,DAL,,,American Airlines Center,,N,1
2026020182,20262027,regular,2026-10-25,2026-10-25T23:00:00Z,scheduled,nhl-mtl,nhl-wpg,MTL,WPG,,,Princess Auto Stadium,,N,1
2026020183,20262027,regular,2026-10-25,2026-10-26T00:00:00Z,scheduled,nhl-col,nhl-nsh,COL,NSH,,,Bridgestone Arena,,N,1
2026020184,20262027,regular,2026-10-25,2026-10-26T02:00:00Z,scheduled,nhl-min,nhl-van,MIN,VAN,,,Rogers Arena,,N,1
2026020185,20262027,regular,2026-10-26,2026-10-26T23:00:00Z,scheduled,nhl-lak,nhl-nyr,LAK,NYR,,,Madison Square Garden,,N,1
2026020186,20262027,regular,2026-10-26,2026-10-27T00:30:00Z,scheduled,nhl-tor,nhl-cgy,TOR,CGY,,,Scotiabank Saddledome,,N,1
2026020187,20262027,regular,2026-10-26,2026-10-27T01:30:00Z,scheduled,nhl-det,nhl-edm,DET,EDM,,,Rogers Place,,N,1
2026020188,20262027,regular,2026-10-27,2026-10-27T23:00:00Z,scheduled,nhl-cbj,nhl-phi,CBJ,PHI,,,Xfinity Mobile Arena,,N,1
2026020189,20262027,regular,2026-10-27,2026-10-28T00:00:00Z,scheduled,nhl-bos,nhl-car,BOS,CAR,,,Lenovo Center,,N,1
2026020190,20262027,regular,2026-10-27,2026-10-28T00:00:00Z,scheduled,nhl-lak,nhl-chi,LAK,CHI,,,United Center,,N,1
2026020191,20262027,regular,2026-10-27,2026-10-28T00:00:00Z,scheduled,nhl-mtl,nhl-stl,MTL,STL,,,Enterprise Center,,N,1
2026020192,20262027,regular,2026-10-27,2026-10-28T00:00:00Z,scheduled,nhl-nyi,nhl-nsh,NYI,NSH,,,Bridgestone Arena,,N,1
2026020193,20262027,regular,2026-10-27,2026-10-28T00:00:00Z,scheduled,nhl-njd,nhl-dal,NJD,DAL,,,American Airlines Center,,N,1
2026020194,20262027,regular,2026-10-27,2026-10-28T00:00:00Z,scheduled,nhl-fla,nhl-wpg,FLA,WPG,,,Canada Life Centre,,N,1
2026020195,20262027,regular,2026-10-27,2026-10-28T01:00:00Z,scheduled,nhl-min,nhl-uta,MIN,UTA,,,Delta Center,,N,1
2026020196,20262027,regular,2026-10-27,2026-10-28T02:00:00Z,scheduled,nhl-ott,nhl-vgk,OTT,VGK,,,T-Mobile Arena,,N,1
2026020197,20262027,regular,2026-10-27,2026-10-28T02:00:00Z,scheduled,nhl-van,nhl-ana,VAN,ANA,,,Honda Center,,N,1
2026020198,20262027,regular,2026-10-27,2026-10-28T02:30:00Z,scheduled,nhl-buf,nhl-sjs,BUF,SJS,,,SAP Center at San Jose,,N,1
2026020199,20262027,regular,2026-10-28,2026-10-28T23:30:00Z,scheduled,nhl-phi,nhl-wsh,PHI,WSH,,,Capital One Arena,,N,1
2026020200,20262027,regular,2026-10-28,2026-10-29T00:30:00Z,scheduled,nhl-cgy,nhl-edm,CGY,EDM,,,Rogers Place,,N,1
2026020201,20262027,regular,2026-10-28,2026-10-29T01:00:00Z,scheduled,nhl-njd,nhl-col,NJD,COL,,,Ball Arena,,N,1
2026020202,20262027,regular,2026-10-28,2026-10-29T02:00:00Z,scheduled,nhl-tor,nhl-sea,TOR,SEA,,,Climate Pledge Arena,,N,1
2026020203,20262027,regular,2026-10-29,2026-10-29T23:30:00Z,scheduled,nhl-chi,nhl-det,CHI,DET,,,Little Caesars Arena,,N,1
2026020204,20262027,regular,2026-10-29,2026-10-29T23:00:00Z,scheduled,nhl-wpg,nhl-tbl,WPG,TBL,,,Benchmark International Arena,,N,1
2026020205,20262027,regular,2026-10-29,2026-10-29T23:00:00Z,scheduled,nhl-uta,nhl-pit,UTA,PIT,,,PPG Paints Arena,,N,1
2026020206,20262027,regular,2026-10-29,2026-10-29T23:00:00Z,scheduled,nhl-cbj,nhl-car,CBJ,CAR,,,Lenovo Center,,N,1
2026020207,20262027,regular,2026-10-29,2026-10-30T00:00:00Z,scheduled,nhl-bos,nhl-stl,BOS,STL,,,Enterprise Center,,N,1
2026020208,20262027,regular,2026-10-29,2026-10-30T00:00:00Z,scheduled,nhl-wsh,nhl-nsh,WSH,NSH,,,Bridgestone Arena,,N,1
2026020209,20262027,regular,2026-10-29,2026-10-30T00:00:00Z,scheduled,nhl-mtl,nhl-dal,MTL,DAL,,,American Airlines Center,,N,1
2026020210,20262027,regular,2026-10-29,2026-10-30T00:00:00Z,scheduled,nhl-nyi,nhl-min,NYI,MIN,,,Grand Casino Arena,,N,1
2026020211,20262027,regular,2026-10-29,2026-10-30T02:00:00Z,scheduled,nhl-buf,nhl-ana,BUF,ANA,,,Honda Center,,N,1
2026020212,20262027,regular,2026-10-29,2026-10-30T02:00:00Z,scheduled,nhl-ott,nhl-lak,OTT,LAK,,,Crypto.com Arena,,N,1
2026020213,20262027,regular,2026-10-29,2026-10-30T02:00:00Z,scheduled,nhl-van,nhl-sjs,VAN,SJS,,,SAP Center at San Jose,,N,1
2026020214,20262027,regular,2026-10-30,2026-10-30T22:00:00Z,scheduled,nhl-njd,nhl-vgk,NJD,VGK,,,T-Mobile Arena,,N,1
2026020215,20262027,regular,2026-10-30,2026-10-30T23:00:00Z,scheduled,nhl-wpg,nhl-fla,WPG,FLA,,,Amerant Bank Arena,,N,1
2026020216,20262027,regular,2026-10-30,2026-10-31T00:00:00Z,scheduled,nhl-sea,nhl-cgy,SEA,CGY,,,Scotiabank Saddledome,,N,1
2026020217,20262027,regular,2026-10-31,2026-10-31T17:00:00Z,scheduled,nhl-chi,nhl-bos,CHI,BOS,,,TD Garden,,N,1
2026020218,20262027,regular,2026-10-31,2026-10-31T17:00:00Z,scheduled,nhl-stl,nhl-det,STL,DET,,,Little Caesars Arena,,N,1
2026020219,20262027,regular,2026-10-31,2026-10-31T18:00:00Z,scheduled,nhl-tbl,nhl-nsh,TBL,NSH,,,Bridgestone Arena,,N,1
2026020220,20262027,regular,2026-10-31,2026-10-31T18:00:00Z,scheduled,nhl-edm,nhl-nyi,EDM,NYI,,,UBS Arena,,N,1
2026020221,20262027,regular,2026-10-31,2026-10-31T20:00:00Z,scheduled,nhl-buf,nhl-lak,BUF,LAK,,,Crypto.com Arena,,N,1
2026020222,20262027,regular,2026-10-31,2026-10-31T20:00:00Z,scheduled,nhl-ott,nhl-sjs,OTT,SJS,,,SAP Center at San Jose,,N,1
2026020223,20262027,regular,2026-10-31,2026-10-31T23:00:00Z,scheduled,nhl-pit,nhl-mtl,PIT,MTL,,,Centre Bell,,N,1
2026020224,20262027,regular,2026-10-31,2026-10-31T23:00:00Z,scheduled,nhl-tor,nhl-van,TOR,VAN,,,Rogers Arena,,N,1
2026020225,20262027,regular,2026-10-31,2026-11-01T00:00:00Z,scheduled,nhl-cbj,nhl-dal,CBJ,DAL,,,American Airlines Center,,N,1
2026020226,20262027,regular,2026-10-31,2026-11-01T02:00:00Z,scheduled,nhl-cgy,nhl-col,CGY,COL,,,Ball Arena,,N,1
2026020227,20262027,regular,2026-11-01,2026-11-01T18:00:00Z,scheduled,nhl-wpg,nhl-car,WPG,CAR,,,Lenovo Center,,N,1
2026020228,20262027,regular,2026-11-01,2026-11-01T20:30:00Z,scheduled,nhl-min,nhl-wsh,MIN,WSH,,,Capital One Arena,,N,1
2026020229,20262027,regular,2026-11-01,2026-11-01T21:00:00Z,scheduled,nhl-uta,nhl-phi,UTA,PHI,,,Xfinity Mobile Arena,,N,1
2026020230,20262027,regular,2026-11-01,2026-11-01T23:00:00Z,scheduled,nhl-edm,nhl-nyr,EDM,NYR,,,Madison Square Garden,,N,1
2026020231,20262027,regular,2026-11-01,2026-11-02T01:00:00Z,scheduled,nhl-ott,nhl-ana,OTT,ANA,,,Honda Center,,N,1
2026020232,20262027,regular,2026-11-02,2026-11-03T00:00:00Z,scheduled,nhl-vgk,nhl-bos,VGK,BOS,,,TD Garden,,N,1
2026020233,20262027,regular,2026-11-02,2026-11-03T00:00:00Z,scheduled,nhl-det,nhl-fla,DET,FLA,,,Amerant Bank Arena,,N,1
2026020234,20262027,regular,2026-11-02,2026-11-03T01:00:00Z,scheduled,nhl-col,nhl-chi,COL,CHI,,,United Center,,N,1
2026020235,20262027,regular,2026-11-02,2026-11-03T02:00:00Z,scheduled,nhl-cgy,nhl-sjs,CGY,SJS,,,SAP Center at San Jose,,N,1
2026020236,20262027,regular,2026-11-03,2026-11-04T00:00:00Z,scheduled,nhl-uta,nhl-tor,UTA,TOR,,,Scotiabank Arena,,N,1
2026020237,20262027,regular,2026-11-03,2026-11-04T00:00:00Z,scheduled,nhl-wpg,nhl-mtl,WPG,MTL,,,Centre Bell,,N,1
2026020238,20262027,regular,2026-11-03,2026-11-04T00:00:00Z,scheduled,nhl-det,nhl-tbl,DET,TBL,,,Benchmark International Arena,,N,1
2026020239,20262027,regular,2026-11-03,2026-11-04T00:30:00Z,scheduled,nhl-edm,nhl-njd,EDM,NJD,,,Prudential Center,,N,1
2026020240,20262027,regular,2026-11-03,2026-11-04T00:00:00Z,scheduled,nhl-stl,nhl-nyr,STL,NYR,,,Madison Square Garden,,N,1
2026020241,20262027,regular,2026-11-03,2026-11-04T00:00:00Z,scheduled,nhl-min,nhl-phi,MIN,PHI,,,Xfinity Mobile Arena,,N,1
2026020242,20262027,regular,2026-11-03,2026-11-04T00:00:00Z,scheduled,nhl-vgk,nhl-pit,VGK,PIT,,,PPG Paints Arena,,N,1
2026020243,20262027,regular,2026-11-03,2026-11-04T00:00:00Z,scheduled,nhl-dal,nhl-wsh,DAL,WSH,,,Capital One Arena,,N,1
2026020244,20262027,regular,2026-11-03,2026-11-04T00:00:00Z,scheduled,nhl-col,nhl-cbj,COL,CBJ,,,Nationwide Arena,,N,1
2026020245,20262027,regular,2026-11-03,2026-11-04T01:00:00Z,scheduled,nhl-car,nhl-nsh,CAR,NSH,,,Bridgestone Arena,,N,1
2026020246,20262027,regular,2026-11-03,2026-11-04T02:00:00Z,scheduled,nhl-ana,nhl-van,ANA,VAN,,,Rogers Arena,,N,1
2026020247,20262027,regular,2026-11-04,2026-11-05T00:30:00Z,scheduled,nhl-ott,nhl-buf,OTT,BUF,,,KeyBank Center,,N,1
2026020248,20262027,regular,2026-11-04,2026-11-05T00:30:00Z,scheduled,nhl-chi,nhl-fla,CHI,FLA,,,Amerant Bank Arena,,N,1
2026020249,20262027,regular,2026-11-04,2026-11-05T03:00:00Z,scheduled,nhl-sjs,nhl-lak,SJS,LAK,,,Crypto.com Arena,,N,1
2026020250,20262027,regular,2026-11-04,2026-11-05T03:00:00Z,scheduled,nhl-cgy,nhl-sea,CGY,SEA,,,Climate Pledge Arena,,N,1
2026020251,20262027,regular,2026-11-05,2026-11-06T00:00:00Z,scheduled,nhl-uta,nhl-mtl,UTA,MTL,,,Centre Bell,,N,1
2026020252,20262027,regular,2026-11-05,2026-11-06T00:00:00Z,scheduled,nhl-vgk,nhl-det,VGK,DET,,,Little Caesars Arena,,N,1
2026020253,20262027,regular,2026-11-05,2026-11-06T00:00:00Z,scheduled,nhl-chi,nhl-tbl,CHI,TBL,,,Benchmark International Arena,,N,1
2026020254,20262027,regular,2026-11-05,2026-11-06T00:00:00Z,scheduled,nhl-stl,nhl-njd,STL,NJD,,,Prudential Center,,N,1
2026020255,20262027,regular,2026-11-05,2026-11-06T00:00:00Z,scheduled,nhl-car,nhl-nyi,CAR,NYI,,,UBS Arena,,N,1
2026020256,20262027,regular,2026-11-05,2026-11-06T00:00:00Z,scheduled,nhl-phi,nhl-nyr,PHI,NYR,,,Madison Square Garden,,N,1
2026020257,20262027,regular,2026-11-05,2026-11-06T00:00:00Z,scheduled,nhl-bos,nhl-pit,BOS,PIT,,,PPG Paints Arena,,N,1
2026020258,20262027,regular,2026-11-05,2026-11-06T00:00:00Z,scheduled,nhl-dal,nhl-cbj,DAL,CBJ,,,Nationwide Arena,,N,1
2026020259,20262027,regular,2026-11-05,2026-11-06T01:00:00Z,scheduled,nhl-van,nhl-wpg,VAN,WPG,,,Canada Life Centre,,N,1
2026020260,20262027,regular,2026-11-05,2026-11-06T01:00:00Z,scheduled,nhl-ana,nhl-edm,ANA,EDM,,,Rogers Place,,N,1
2026020261,20262027,regular,2026-11-05,2026-11-06T02:30:00Z,scheduled,nhl-nsh,nhl-col,NSH,COL,,,Ball Arena,,N,1
2026020262,20262027,regular,2026-11-06,2026-11-07T00:00:00Z,scheduled,nhl-cbj,nhl-buf,CBJ,BUF,,,KeyBank Center,,N,1
2026020263,20262027,regular,2026-11-06,2026-11-07T01:00:00Z,scheduled,nhl-sjs,nhl-min,SJS,MIN,,,Grand Casino Arena,,N,1
2026020264,20262027,regular,2026-11-06,2026-11-07T01:00:00Z,scheduled,nhl-ana,nhl-cgy,ANA,CGY,,,Scotiabank Saddledome,,N,1
2026020265,20262027,regular,2026-11-07,2026-11-07T17:30:00Z,scheduled,nhl-fla,nhl-wsh,FLA,WSH,,,Capital One Arena,,N,1
2026020266,20262027,regular,2026-11-07,2026-11-07T18:00:00Z,scheduled,nhl-stl,nhl-nsh,STL,NSH,,,Bridgestone Arena,,N,1
2026020267,20262027,regular,2026-11-07,2026-11-07T22:00:00Z,scheduled,nhl-nyr,nhl-sea,NYR,SEA,,,Climate Pledge Arena,,N,1
2026020268,20262027,regular,2026-11-07,2026-11-08T00:00:00Z,scheduled,nhl-mtl,nhl-tor,MTL,TOR,,,Scotiabank Arena,,N,1
2026020269,20262027,regular,2026-11-07,2026-11-08T00:00:00Z,scheduled,nhl-uta,nhl-ott,UTA,OTT,,,Canadian Tire Centre,,N,1
2026020270,20262027,regular,2026-11-07,2026-11-08T00:00:00Z,scheduled,nhl-njd,nhl-nyi,NJD,NYI,,,UBS Arena,,N,1
2026020271,20262027,regular,2026-11-07,2026-11-08T01:00:00Z,scheduled,nhl-chi,nhl-car,CHI,CAR,,,Lenovo Center,,N,1
2026020272,20262027,regular,2026-11-07,2026-11-08T01:00:00Z,scheduled,nhl-sjs,nhl-dal,SJS,DAL,,,American Airlines Center,,N,1
2026020273,20262027,regular,2026-11-07,2026-11-08T01:00:00Z,scheduled,nhl-tbl,nhl-min,TBL,MIN,,,Grand Casino Arena,,N,1
2026020274,20262027,regular,2026-11-07,2026-11-08T02:00:00Z,scheduled,nhl-det,nhl-col,DET,COL,,,Ball Arena,,N,1
2026020275,20262027,regular,2026-11-07,2026-11-08T02:00:00Z,scheduled,nhl-pit,nhl-lak,PIT,LAK,,,Crypto.com Arena,,N,1
2026020276,20262027,regular,2026-11-07,2026-11-08T03:00:00Z,scheduled,nhl-van,nhl-edm,VAN,EDM,,,Rogers Place,,N,1
2026020277,20262027,regular,2026-11-08,2026-11-08T18:00:00Z,scheduled,nhl-fla,nhl-bos,FLA,BOS,,,TD Garden,,N,1
2026020278,20262027,regular,2026-11-08,2026-11-08T20:30:00Z,scheduled,nhl-vgk,nhl-buf,VGK,BUF,,,KeyBank Center,,N,1
2026020279,20262027,regular,2026-11-08,2026-11-09T00:00:00Z,scheduled,nhl-njd,nhl-tor,NJD,TOR,,,Scotiabank Arena,,N,1
2026020280,20262027,regular,2026-11-08,2026-11-09T00:00:00Z,scheduled,nhl-tbl,nhl-wpg,TBL,WPG,,,Canada Life Centre,,N,1
2026020281,20262027,regular,2026-11-08,2026-11-09T00:00:00Z,scheduled,nhl-phi,nhl-cgy,PHI,CGY,,,Scotiabank Saddledome,,N,1
2026020282,20262027,regular,2026-11-08,2026-11-09T01:00:00Z,scheduled,nhl-pit,nhl-ana,PIT,ANA,,,Honda Center,,N,1
2026020283,20262027,regular,2026-11-09,2026-11-10T01:00:00Z,scheduled,nhl-nyr,nhl-edm,NYR,EDM,,,Rogers Place,,N,1
2026020284,20262027,regular,2026-11-09,2026-11-10T02:30:00Z,scheduled,nhl-phi,nhl-van,PHI,VAN,,,Rogers Arena,,N,1
2026020285,20262027,regular,2026-11-09,2026-11-10T03:00:00Z,scheduled,nhl-nyi,nhl-sjs,NYI,SJS,,,SAP Center at San Jose,,N,1
2026020286,20262027,regular,2026-11-10,2026-11-11T00:00:00Z,scheduled,nhl-col,nhl-tor,COL,TOR,,,Scotiabank Arena,,N,1
2026020287,20262027,regular,2026-11-10,2026-11-11T00:00:00Z,scheduled,nhl-min,nhl-mtl,MIN,MTL,,,Centre Bell,,N,1
2026020288,20262027,regular,2026-11-10,2026-11-11T00:00:00Z,scheduled,nhl-wsh,nhl-ott,WSH,OTT,,,Canadian Tire Centre,,N,1
2026020289,20262027,regular,2026-11-10,2026-11-11T00:30:00Z,scheduled,nhl-fla,nhl-cbj,FLA,CBJ,,,Nationwide Arena,,N,1
2026020290,20262027,regular,2026-11-10,2026-11-11T01:00:00Z,scheduled,nhl-det,nhl-stl,DET,STL,,,Enterprise Center,,N,1
2026020291,20262027,regular,2026-11-10,2026-11-11T01:00:00Z,scheduled,nhl-njd,nhl-wpg,NJD,WPG,,,Canada Life Centre,,N,1
2026020292,20262027,regular,2026-11-10,2026-11-11T03:00:00Z,scheduled,nhl-nsh,nhl-lak,NSH,LAK,,,Crypto.com Arena,,N,1
2026020293,20262027,regular,2026-11-11,2026-11-12T00:00:00Z,scheduled,nhl-tbl,nhl-buf,TBL,BUF,,,KeyBank Center,,N,1
2026020294,20262027,regular,2026-11-11,2026-11-12T00:30:00Z,scheduled,nhl-nyr,nhl-cgy,NYR,CGY,,,Scotiabank Saddledome,,N,1
2026020295,20262027,regular,2026-11-11,2026-11-12T02:00:00Z,scheduled,nhl-phi,nhl-edm,PHI,EDM,,,Rogers Place,,N,1
2026020296,20262027,regular,2026-11-11,2026-11-12T02:30:00Z,scheduled,nhl-uta,nhl-vgk,UTA,VGK,,,T-Mobile Arena,,N,1
2026020297,20262027,regular,2026-11-11,2026-11-12T03:00:00Z,scheduled,nhl-nsh,nhl-ana,NSH,ANA,,,Honda Center,,N,1
2026020298,20262027,regular,2026-11-11,2026-11-12T03:00:00Z,scheduled,nhl-pit,nhl-sjs,PIT,SJS,,,SAP Center at San Jose,,N,1
2026020299,20262027,regular,2026-11-12,2026-11-13T00:00:00Z,scheduled,nhl-mtl,nhl-bos,MTL,BOS,,,TD Garden,,N,1
2026020300,20262027,regular,2026-11-12,2026-11-13T00:00:00Z,scheduled,nhl-min,nhl-tor,MIN,TOR,,,Scotiabank Arena,,N,1
2026020301,20262027,regular,2026-11-12,2026-11-13T00:00:00Z,scheduled,nhl-col,nhl-ott,COL,OTT,,,Canadian Tire Centre,,N,1
2026020302,20262027,regular,2026-11-12,2026-11-13T00:30:00Z,scheduled,nhl-det,nhl-fla,DET,FLA,,,Amerant Bank Arena,,N,1
2026020303,20262027,regular,2026-11-12,2026-11-13T00:00:00Z,scheduled,nhl-wsh,nhl-njd,WSH,NJD,,,Prudential Center,,N,1
2026020304,20262027,regular,2026-11-12,2026-11-13T00:00:00Z,scheduled,nhl-tbl,nhl-cbj,TBL,CBJ,,,Nationwide Arena,,N,1
2026020305,20262027,regular,2026-11-12,2026-11-13T01:00:00Z,scheduled,nhl-buf,nhl-chi,BUF,CHI,,,United Center,,N,1
2026020306,20262027,regular,2026-11-12,2026-11-13T01:00:00Z,scheduled,nhl-wpg,nhl-dal,WPG,DAL,,,American Airlines Center,,N,1
2026020307,20262027,regular,2026-11-12,2026-11-13T02:00:00Z,scheduled,nhl-stl,nhl-uta,STL,UTA,,,Delta Center,,N,1
2026020308,20262027,regular,2026-11-12,2026-11-13T03:00:00Z,scheduled,nhl-nyi,nhl-lak,NYI,LAK,,,Crypto.com Arena,,N,1
2026020309,20262027,regular,2026-11-12,2026-11-12T17:00:00Z,scheduled,nhl-car,nhl-sea,CAR,SEA,,,Veikkaus Arena,,N,1
2026020310,20262027,regular,2026-11-13,2026-11-14T02:00:00Z,scheduled,nhl-nyr,nhl-van,NYR,VAN,,,Rogers Arena,,N,1
2026020311,20262027,regular,2026-11-13,2026-11-14T03:00:00Z,scheduled,nhl-nsh,nhl-vgk,NSH,VGK,,,T-Mobile Arena,,N,1
2026020312,20262027,regular,2026-11-14,2026-11-14T20:30:00Z,scheduled,nhl-wpg,nhl-chi,WPG,CHI,,,United Center,,N,1
2026020313,20262027,regular,2026-11-14,2026-11-15T00:00:00Z,scheduled,nhl-min,nhl-bos,MIN,BOS,,,TD Garden,,N,1
2026020314,20262027,regular,2026-11-14,2026-11-15T00:00:00Z,scheduled,nhl-edm,nhl-tor,EDM,TOR,,,Scotiabank Arena,,N,1
2026020315,20262027,regular,2026-11-14,2026-11-15T00:00:00Z,scheduled,nhl-col,nhl-mtl,COL,MTL,,,Centre Bell,,N,1
2026020316,20262027,regular,2026-11-14,2026-11-15T00:00:00Z,scheduled,nhl-det,nhl-tbl,DET,TBL,,,Benchmark International Arena,,N,1
2026020317,20262027,regular,2026-11-14,2026-11-15T00:00:00Z,scheduled,nhl-ott,nhl-pit,OTT,PIT,,,PPG Paints Arena,,N,1
2026020318,20262027,regular,2026-11-14,2026-11-15T00:00:00Z,scheduled,nhl-njd,nhl-wsh,NJD,WSH,,,Capital One Arena,,N,1
2026020319,20262027,regular,2026-11-14,2026-11-15T00:00:00Z,scheduled,nhl-phi,nhl-cbj,PHI,CBJ,,,Nationwide Arena,,N,1
2026020320,20262027,regular,2026-11-14,2026-11-15T00:00:00Z,scheduled,nhl-fla,nhl-stl,FLA,STL,,,Enterprise Center,,N,1
2026020321,20262027,regular,2026-11-14,2026-11-14T18:00:00Z,scheduled,nhl-sea,nhl-car,SEA,CAR,,,Veikkaus Arena,,N,1
2026020322,20262027,regular,2026-11-14,2026-11-15T01:00:00Z,scheduled,nhl-buf,nhl-dal,BUF,DAL,,,American Airlines Center,,N,1
2026020323,20262027,regular,2026-11-14,2026-11-15T02:00:00Z,scheduled,nhl-sjs,nhl-uta,SJS,UTA,,,Delta Center,,N,1
2026020324,20262027,regular,2026-11-14,2026-11-15T03:00:00Z,scheduled,nhl-nyi,nhl-ana,NYI,ANA,,,Honda Center,,N,1
2026020325,20262027,regular,2026-11-14,2026-11-15T03:00:00Z,scheduled,nhl-cgy,nhl-lak,CGY,LAK,,,Crypto.com Arena,,N,1
2026020326,20262027,regular,2026-11-15,2026-11-16T00:30:00Z,scheduled,nhl-edm,nhl-phi,EDM,PHI,,,Xfinity Mobile Arena,,N,1
2026020327,20262027,regular,2026-11-15,2026-11-16T01:00:00Z,scheduled,nhl-fla,nhl-dal,FLA,DAL,,,American Airlines Center,,N,1
2026020328,20262027,regular,2026-11-15,2026-11-16T01:00:00Z,scheduled,nhl-cgy,nhl-ana,CGY,ANA,,,Honda Center,,N,1
2026020329,20262027,regular,2026-11-15,2026-11-16T02:00:00Z,scheduled,nhl-van,nhl-vgk,VAN,VGK,,,T-Mobile Arena,,N,1
2026020330,20262027,regular,2026-11-15,2026-11-16T02:00:00Z,scheduled,nhl-nsh,nhl-sjs,NSH,SJS,,,SAP Center at San Jose,,N,1
2026020331,20262027,regular,2026-11-16,2026-11-17T00:30:00Z,scheduled,nhl-mtl,nhl-nyr,MTL,NYR,,,Madison Square Garden,,N,1
2026020332,20262027,regular,2026-11-16,2026-11-17T02:30:00Z,scheduled,nhl-van,nhl-uta,VAN,UTA,,,Delta Center,,N,1
2026020333,20262027,regular,2026-11-17,2026-11-18T00:00:00Z,scheduled,nhl-lak,nhl-bos,LAK,BOS,,,TD Garden,,N,1
2026020334,20262027,regular,2026-11-17,2026-11-18T00:30:00Z,scheduled,nhl-wsh,nhl-tbl,WSH,TBL,,,Benchmark International Arena,,N,1
2026020335,20262027,regular,2026-11-17,2026-11-18T00:00:00Z,scheduled,nhl-edm,nhl-fla,EDM,FLA,,,Amerant Bank Arena,,N,1
2026020336,20262027,regular,2026-11-17,2026-11-18T00:00:00Z,scheduled,nhl-cbj,nhl-nyi,CBJ,NYI,,,UBS Arena,,N,1
2026020337,20262027,regular,2026-11-17,2026-11-18T00:00:00Z,scheduled,nhl-buf,nhl-phi,BUF,PHI,,,Xfinity Mobile Arena,,N,1
2026020338,20262027,regular,2026-11-17,2026-11-18T00:30:00Z,scheduled,nhl-tor,nhl-chi,TOR,CHI,,,United Center,,N,1
2026020339,20262027,regular,2026-11-17,2026-11-18T01:00:00Z,scheduled,nhl-ana,nhl-stl,ANA,STL,,,Enterprise Center,,N,1
2026020340,20262027,regular,2026-11-17,2026-11-18T01:00:00Z,scheduled,nhl-nsh,nhl-min,NSH,MIN,,,Grand Casino Arena,,N,1
2026020341,20262027,regular,2026-11-17,2026-11-18T01:00:00Z,scheduled,nhl-ott,nhl-wpg,OTT,WPG,,,Canada Life Centre,,N,1
2026020342,20262027,regular,2026-11-17,2026-11-18T03:00:00Z,scheduled,nhl-dal,nhl-vgk,DAL,VGK,,,T-Mobile Arena,,N,1
2026020343,20262027,regular,2026-11-17,2026-11-18T03:00:00Z,scheduled,nhl-cgy,nhl-sjs,CGY,SJS,,,SAP Center at San Jose,,N,1
2026020344,20262027,regular,2026-11-18,2026-11-19T00:30:00Z,scheduled,nhl-bos,nhl-det,BOS,DET,,,Little Caesars Arena,,N,1
2026020345,20262027,regular,2026-11-18,2026-11-19T00:30:00Z,scheduled,nhl-mtl,nhl-njd,MTL,NJD,,,Prudential Center,,N,1
2026020346,20262027,regular,2026-11-18,2026-11-19T02:00:00Z,scheduled,nhl-col,nhl-uta,COL,UTA,,,Delta Center,,N,1
2026020347,20262027,regular,2026-11-19,2026-11-20T00:00:00Z,scheduled,nhl-lak,nhl-tor,LAK,TOR,,,Scotiabank Arena,,N,1
2026020348,20262027,regular,2026-11-19,2026-11-20T00:00:00Z,scheduled,nhl-phi,nhl-ott,PHI,OTT,,,Canadian Tire Centre,,N,1
2026020349,20262027,regular,2026-11-19,2026-11-20T00:30:00Z,scheduled,nhl-edm,nhl-tbl,EDM,TBL,,,Benchmark International Arena,,N,1
2026020350,20262027,regular,2026-11-19,2026-11-20T00:00:00Z,scheduled,nhl-stl,nhl-pit,STL,PIT,,,PPG Paints Arena,,N,1
2026020351,20262027,regular,2026-11-19,2026-11-20T00:00:00Z,scheduled,nhl-buf,nhl-wsh,BUF,WSH,,,Capital One Arena,,N,1
2026020352,20262027,regular,2026-11-19,2026-11-20T00:00:00Z,scheduled,nhl-mtl,nhl-car,MTL,CAR,,,Lenovo Center,,N,1
2026020353,20262027,regular,2026-11-19,2026-11-20T01:00:00Z,scheduled,nhl-cbj,nhl-chi,CBJ,CHI,,,United Center,,N,1
2026020354,20262027,regular,2026-11-19,2026-11-20T01:00:00Z,scheduled,nhl-nyi,nhl-wpg,NYI,WPG,,,Canada Life Centre,,N,1
2026020355,20262027,regular,2026-11-19,2026-11-20T01:00:00Z,scheduled,nhl-min,nhl-cgy,MIN,CGY,,,Scotiabank Saddledome,,N,1
2026020356,20262027,regular,2026-11-19,2026-11-20T02:00:00Z,scheduled,nhl-ana,nhl-col,ANA,COL,,,Ball Arena,,N,1
2026020357,20262027,regular,2026-11-19,2026-11-20T02:40:00Z,scheduled,nhl-van,nhl-sea,VAN,SEA,,,Climate Pledge Arena,,N,1
2026020358,20262027,regular,2026-11-19,2026-11-20T03:00:00Z,scheduled,nhl-dal,nhl-vgk,DAL,VGK,,,T-Mobile Arena,,N,1
2026020359,20262027,regular,2026-11-21,2026-11-21T18:00:00Z,scheduled,nhl-edm,nhl-car,EDM,CAR,,,Lenovo Center,,N,1
2026020360,20262027,regular,2026-11-21,2026-11-21T20:30:00Z,scheduled,nhl-chi,nhl-cgy,CHI,CGY,,,Scotiabank Saddledome,,N,1
2026020361,20262027,regular,2026-11-21,2026-11-21T23:00:00Z,scheduled,nhl-buf,nhl-fla,BUF,FLA,,,Amerant Bank Arena,,N,1
2026020362,20262027,regular,2026-11-21,2026-11-21T23:00:00Z,scheduled,nhl-pit,nhl-nsh,PIT,NSH,,,Bridgestone Arena,,N,1
2026020363,20262027,regular,2026-11-21,2026-11-22T00:00:00Z,scheduled,nhl-wsh,nhl-bos,WSH,BOS,,,TD Garden,,N,1
2026020364,20262027,regular,2026-11-21,2026-11-22T00:00:00Z,scheduled,nhl-cbj,nhl-tor,CBJ,TOR,,,Scotiabank Arena,,N,1
2026020365,20262027,regular,2026-11-21,2026-11-22T00:00:00Z,scheduled,nhl-phi,nhl-mtl,PHI,MTL,,,Centre Bell,,N,1
2026020366,20262027,regular,2026-11-21,2026-11-22T00:00:00Z,scheduled,nhl-lak,nhl-ott,LAK,OTT,,,Canadian Tire Centre,,N,1
2026020367,20262027,regular,2026-11-21,2026-11-22T00:00:00Z,scheduled,nhl-nyi,nhl-det,NYI,DET,,,Little Caesars Arena,,N,1
2026020368,20262027,regular,2026-11-21,2026-11-22T00:00:00Z,scheduled,nhl-njd,nhl-stl,NJD,STL,,,Enterprise Center,,N,1
2026020369,20262027,regular,2026-11-21,2026-11-22T00:00:00Z,scheduled,nhl-vgk,nhl-wpg,VGK,WPG,,,Canada Life Centre,,N,1
2026020370,20262027,regular,2026-11-21,2026-11-22T02:00:00Z,scheduled,nhl-ana,nhl-uta,ANA,UTA,,,Delta Center,,N,1
2026020371,20262027,regular,2026-11-21,2026-11-22T03:00:00Z,scheduled,nhl-min,nhl-van,MIN,VAN,,,Rogers Arena,,N,1
2026020372,20262027,regular,2026-11-21,2026-11-22T03:00:00Z,scheduled,nhl-sea,nhl-sjs,SEA,SJS,,,SAP Center at San Jose,,N,1
2026020373,20262027,regular,2026-11-22,2026-11-22T17:30:00Z,scheduled,nhl-car,nhl-nyr,CAR,NYR,,,Madison Square Garden,,N,1
2026020374,20262027,regular,2026-11-22,2026-11-22T22:00:00Z,scheduled,nhl-buf,nhl-tbl,BUF,TBL,,,Benchmark International Arena,,N,1
2026020375,20262027,regular,2026-11-22,2026-11-23T00:00:00Z,scheduled,nhl-edm,nhl-stl,EDM,STL,,,Enterprise Center,,N,1
2026020376,20262027,regular,2026-11-22,2026-11-23T00:00:00Z,scheduled,nhl-pit,nhl-dal,PIT,DAL,,,American Airlines Center,,N,1
2026020377,20262027,regular,2026-11-22,2026-11-23T01:00:00Z,scheduled,nhl-chi,nhl-van,CHI,VAN,,,Rogers Arena,,N,1
2026020378,20262027,regular,2026-11-23,2026-11-24T00:00:00Z,scheduled,nhl-cbj,nhl-njd,CBJ,NJD,,,Prudential Center,,N,1
2026020379,20262027,regular,2026-11-23,2026-11-24T00:30:00Z,scheduled,nhl-lak,nhl-mtl,LAK,MTL,,,Centre Bell,,N,1
2026020380,20262027,regular,2026-11-23,2026-11-24T00:30:00Z,scheduled,nhl-cgy,nhl-ott,CGY,OTT,,,Canadian Tire Centre,,N,1
2026020381,20262027,regular,2026-11-23,2026-11-24T00:30:00Z,scheduled,nhl-tor,nhl-nyi,TOR,NYI,,,UBS Arena,,N,1
2026020382,20262027,regular,2026-11-23,2026-11-24T00:30:00Z,scheduled,nhl-uta,nhl-wpg,UTA,WPG,,,Canada Life Centre,,N,1
2026020383,20262027,regular,2026-11-23,2026-11-24T02:40:00Z,scheduled,nhl-ana,nhl-sea,ANA,SEA,,,Climate Pledge Arena,,N,1
2026020384,20262027,regular,2026-11-23,2026-11-24T03:00:00Z,scheduled,nhl-min,nhl-sjs,MIN,SJS,,,SAP Center at San Jose,,N,1
2026020385,20262027,regular,2026-11-24,2026-11-25T01:00:00Z,scheduled,nhl-vgk,nhl-edm,VGK,EDM,,,Rogers Place,,N,1
2026020386,20262027,regular,2026-11-25,2026-11-26T00:00:00Z,scheduled,nhl-wpg,nhl-bos,WPG,BOS,,,TD Garden,,N,1
2026020387,20262027,regular,2026-11-25,2026-11-26T00:00:00Z,scheduled,nhl-nyr,nhl-buf,NYR,BUF,,,KeyBank Center,,N,1
2026020388,20262027,regular,2026-11-25,2026-11-26T00:00:00Z,scheduled,nhl-car,nhl-tbl,CAR,TBL,,,Benchmark International Arena,,N,1
2026020389,20262027,regular,2026-11-25,2026-11-26T00:00:00Z,scheduled,nhl-ott,nhl-fla,OTT,FLA,,,Amerant Bank Arena,,N,1
2026020390,20262027,regular,2026-11-25,2026-11-26T00:00:00Z,scheduled,nhl-stl,nhl-nyi,STL,NYI,,,UBS Arena,,N,1
2026020391,20262027,regular,2026-11-25,2026-11-26T00:00:00Z,scheduled,nhl-cgy,nhl-pit,CGY,PIT,,,PPG Paints Arena,,N,1
2026020392,20262027,regular,2026-11-25,2026-11-26T00:00:00Z,scheduled,nhl-phi,nhl-wsh,PHI,WSH,,,Capital One Arena,,N,1
2026020393,20262027,regular,2026-11-25,2026-11-26T00:00:00Z,scheduled,nhl-njd,nhl-cbj,NJD,CBJ,,,Nationwide Arena,,N,1
2026020394,20262027,regular,2026-11-25,2026-11-26T00:30:00Z,scheduled,nhl-van,nhl-det,VAN,DET,,,Little Caesars Arena,,N,1
2026020395,20262027,regular,2026-11-25,2026-11-26T01:00:00Z,scheduled,nhl-nsh,nhl-dal,NSH,DAL,,,American Airlines Center,,N,1
2026020396,20262027,regular,2026-11-25,2026-11-26T01:00:00Z,scheduled,nhl-uta,nhl-min,UTA,MIN,,,Grand Casino Arena,,N,1
2026020397,20262027,regular,2026-11-25,2026-11-26T02:30:00Z,scheduled,nhl-mtl,nhl-col,MTL,COL,,,Ball Arena,,N,1
2026020398,20262027,regular,2026-11-25,2026-11-26T03:00:00Z,scheduled,nhl-sjs,nhl-ana,SJS,ANA,,,Honda Center,,N,1
2026020399,20262027,regular,2026-11-25,2026-11-26T02:40:00Z,scheduled,nhl-chi,nhl-sea,CHI,SEA,,,Climate Pledge Arena,,N,1
2026020400,20262027,regular,2026-11-27,2026-11-27T18:00:00Z,scheduled,nhl-tor,nhl-bos,TOR,BOS,,,TD Garden,,N,1
2026020401,20262027,regular,2026-11-27,2026-11-27T18:00:00Z,scheduled,nhl-cgy,nhl-njd,CGY,NJD,,,Prudential Center,,N,1
2026020402,20262027,regular,2026-11-27,2026-11-27T18:00:00Z,scheduled,nhl-uta,nhl-nsh,UTA,NSH,,,Bridgestone Arena,,N,1
2026020403,20262027,regular,2026-11-27,2026-11-27T19:00:00Z,scheduled,nhl-dal,nhl-stl,DAL,STL,,,Enterprise Center,,N,1
2026020404,20262027,regular,2026-11-27,2026-11-27T20:00:00Z,scheduled,nhl-ott,nhl-tbl,OTT,TBL,,,Benchmark International Arena,,N,1
2026020405,20262027,regular,2026-11-27,2026-11-27T20:00:00Z,scheduled,nhl-van,nhl-phi,VAN,PHI,,,Xfinity Mobile Arena,,N,1
2026020406,20262027,regular,2026-11-27,2026-11-27T20:00:00Z,scheduled,nhl-fla,nhl-wsh,FLA,WSH,,,Capital One Arena,,N,1
2026020407,20262027,regular,2026-11-27,2026-11-27T20:00:00Z,scheduled,nhl-det,nhl-cbj,DET,CBJ,,,Nationwide Arena,,N,1
2026020408,20262027,regular,2026-11-27,2026-11-27T21:00:00Z,scheduled,nhl-col,nhl-min,COL,MIN,,,Grand Casino Arena,,N,1
2026020409,20262027,regular,2026-11-27,2026-11-27T21:00:00Z,scheduled,nhl-lak,nhl-ana,LAK,ANA,,,Honda Center,,N,1
2026020410,20262027,regular,2026-11-27,2026-11-27T21:00:00Z,scheduled,nhl-vgk,nhl-sjs,VGK,SJS,,,SAP Center at San Jose,,N,1
2026020411,20262027,regular,2026-11-27,2026-11-27T22:30:00Z,scheduled,nhl-nyr,nhl-chi,NYR,CHI,,,United Center,,N,1
2026020412,20262027,regular,2026-11-27,2026-11-28T00:30:00Z,scheduled,nhl-wpg,nhl-nyi,WPG,NYI,,,UBS Arena,,N,1
2026020413,20262027,regular,2026-11-27,2026-11-28T01:00:00Z,scheduled,nhl-pit,nhl-buf,PIT,BUF,,,KeyBank Center,,N,1
2026020414,20262027,regular,2026-11-27,2026-11-28T01:00:00Z,scheduled,nhl-sea,nhl-edm,SEA,EDM,,,Rogers Place,,N,1
2026020415,20262027,regular,2026-11-28,2026-11-28T21:00:00Z,scheduled,nhl-mtl,nhl-vgk,MTL,VGK,,,T-Mobile Arena,,N,1
2026020416,20262027,regular,2026-11-28,2026-11-28T23:00:00Z,scheduled,nhl-tbl,nhl-fla,TBL,FLA,,,Amerant Bank Arena,,N,1
2026020417,20262027,regular,2026-11-28,2026-11-29T00:00:00Z,scheduled,nhl-nsh,nhl-det,NSH,DET,,,Little Caesars Arena,,N,1
2026020418,20262027,regular,2026-11-28,2026-11-29T00:00:00Z,scheduled,nhl-wpg,nhl-njd,WPG,NJD,,,Prudential Center,,N,1
2026020419,20262027,regular,2026-11-28,2026-11-29T00:00:00Z,scheduled,nhl-cgy,nhl-nyr,CGY,NYR,,,Madison Square Garden,,N,1
2026020420,20262027,regular,2026-11-28,2026-11-29T00:00:00Z,scheduled,nhl-tor,nhl-pit,TOR,PIT,,,PPG Paints Arena,,N,1
2026020421,20262027,regular,2026-11-28,2026-11-29T00:00:00Z,scheduled,nhl-ott,nhl-car,OTT,CAR,,,Lenovo Center,,N,1
2026020422,20262027,regular,2026-11-28,2026-11-29T00:00:00Z,scheduled,nhl-wsh,nhl-stl,WSH,STL,,,Enterprise Center,,N,1
2026020423,20262027,regular,2026-11-28,2026-11-29T00:30:00Z,scheduled,nhl-nyi,nhl-phi,NYI,PHI,,,Xfinity Mobile Arena,,N,1
2026020424,20262027,regular,2026-11-28,2026-11-29T01:00:00Z,scheduled,nhl-uta,nhl-dal,UTA,DAL,,,American Airlines Center,,N,1
2026020425,20262027,regular,2026-11-28,2026-11-29T02:00:00Z,scheduled,nhl-sjs,nhl-col,SJS,COL,,,Ball Arena,,N,1
2026020426,20262027,regular,2026-11-28,2026-11-29T02:00:00Z,scheduled,nhl-ana,nhl-lak,ANA,LAK,,,Crypto.com Arena,,N,1
2026020427,20262027,regular,2026-11-28,2026-11-29T03:00:00Z,scheduled,nhl-edm,nhl-sea,EDM,SEA,,,Climate Pledge Arena,,N,1
2026020428,20262027,regular,2026-11-29,2026-11-29T19:00:00Z,scheduled,nhl-min,nhl-chi,MIN,CHI,,,United Center,,N,1
2026020429,20262027,regular,2026-11-29,2026-11-29T22:00:00Z,scheduled,nhl-van,nhl-bos,VAN,BOS,,,TD Garden,,N,1
2026020430,20262027,regular,2026-11-30,2026-11-30T18:00:00Z,scheduled,nhl-ott,nhl-nsh,OTT,NSH,,,Bridgestone Arena,,N,1
2026020431,20262027,regular,2026-11-30,2026-12-01T00:00:00Z,scheduled,nhl-car,nhl-nyr,CAR,NYR,,,Madison Square Garden,,N,1
2026020432,20262027,regular,2026-11-30,2026-12-01T00:00:00Z,scheduled,nhl-cbj,nhl-pit,CBJ,PIT,,,PPG Paints Arena,,N,1
2026020433,20262027,regular,2026-11-30,2026-12-01T00:30:00Z,scheduled,nhl-phi,nhl-tor,PHI,TOR,,,Scotiabank Arena,,N,1
2026020434,20262027,regular,2026-11-30,2026-12-01T00:30:00Z,scheduled,nhl-chi,nhl-wpg,CHI,WPG,,,Canada Life Centre,,N,1
2026020435,20262027,regular,2026-11-30,2026-12-01T02:30:00Z,scheduled,nhl-mtl,nhl-uta,MTL,UTA,,,Delta Center,,N,1
2026020436,20262027,regular,2026-12-01,2026-12-02T00:00:00Z,scheduled,nhl-cgy,nhl-det,CGY,DET,,,Little Caesars Arena,,N,1
2026020437,20262027,regular,2026-12-01,2026-12-02T00:30:00Z,scheduled,nhl-sjs,nhl-njd,SJS,NJD,,,Prudential Center,,N,1
2026020438,20262027,regular,2026-12-01,2026-12-02T00:00:00Z,scheduled,nhl-fla,nhl-nyi,FLA,NYI,,,UBS Arena,,N,1
2026020439,20262027,regular,2026-12-01,2026-12-02T00:00:00Z,scheduled,nhl-van,nhl-wsh,VAN,WSH,,,Capital One Arena,,N,1
2026020440,20262027,regular,2026-12-01,2026-12-02T00:30:00Z,scheduled,nhl-col,nhl-bos,COL,BOS,,,TD Garden,,N,1
2026020441,20262027,regular,2026-12-01,2026-12-02T01:00:00Z,scheduled,nhl-buf,nhl-edm,BUF,EDM,,,Rogers Place,,N,1
2026020442,20262027,regular,2026-12-01,2026-12-02T02:40:00Z,scheduled,nhl-dal,nhl-sea,DAL,SEA,,,Climate Pledge Arena,,N,1
2026020443,20262027,regular,2026-12-01,2026-12-02T03:00:00Z,scheduled,nhl-min,nhl-ana,MIN,ANA,,,Honda Center,,N,1
2026020444,20262027,regular,2026-12-01,2026-12-02T03:00:00Z,scheduled,nhl-vgk,nhl-lak,VGK,LAK,,,Crypto.com Arena,,N,1
2026020445,20262027,regular,2026-12-02,2026-12-03T00:30:00Z,scheduled,nhl-tbl,nhl-mtl,TBL,MTL,,,Centre Bell,,N,1
2026020446,20262027,regular,2026-12-02,2026-12-03T01:00:00Z,scheduled,nhl-pit,nhl-stl,PIT,STL,,,Enterprise Center,,N,1
2026020447,20262027,regular,2026-12-02,2026-12-03T02:30:00Z,scheduled,nhl-wpg,nhl-uta,WPG,UTA,,,Delta Center,,N,1
2026020448,20262027,regular,2026-12-03,2026-12-04T00:00:00Z,scheduled,nhl-fla,nhl-tor,FLA,TOR,,,Scotiabank Arena,,N,1
2026020449,20262027,regular,2026-12-03,2026-12-04T00:00:00Z,scheduled,nhl-njd,nhl-ott,NJD,OTT,,,Canadian Tire Centre,,N,1
2026020450,20262027,regular,2026-12-03,2026-12-04T00:00:00Z,scheduled,nhl-col,nhl-det,COL,DET,,,Little Caesars Arena,,N,1
2026020451,20262027,regular,2026-12-03,2026-12-04T00:00:00Z,scheduled,nhl-sjs,nhl-nyr,SJS,NYR,,,Madison Square Garden,,N,1
2026020452,20262027,regular,2026-12-03,2026-12-04T00:30:00Z,scheduled,nhl-nyi,nhl-phi,NYI,PHI,,,Xfinity Mobile Arena,,N,1
2026020453,20262027,regular,2026-12-03,2026-12-04T00:00:00Z,scheduled,nhl-cbj,nhl-car,CBJ,CAR,,,Lenovo Center,,N,1
2026020454,20262027,regular,2026-12-03,2026-12-04T01:00:00Z,scheduled,nhl-chi,nhl-nsh,CHI,NSH,,,Bridgestone Arena,,N,1
2026020455,20262027,regular,2026-12-03,2026-12-04T01:00:00Z,scheduled,nhl-buf,nhl-cgy,BUF,CGY,,,Scotiabank Saddledome,,N,1
2026020456,20262027,regular,2026-12-03,2026-12-04T01:00:00Z,scheduled,nhl-wsh,nhl-edm,WSH,EDM,,,Rogers Place,,N,1
2026020457,20262027,regular,2026-12-03,2026-12-04T03:00:00Z,scheduled,nhl-dal,nhl-sea,DAL,SEA,,,Climate Pledge Arena,,N,1
2026020458,20262027,regular,2026-12-03,2026-12-04T03:00:00Z,scheduled,nhl-uta,nhl-vgk,UTA,VGK,,,T-Mobile Arena,,N,1
2026020459,20262027,regular,2026-12-03,2026-12-04T03:00:00Z,scheduled,nhl-min,nhl-lak,MIN,LAK,,,Crypto.com Arena,,N,1
2026020460,20262027,regular,2026-12-04,2026-12-05T00:00:00Z,scheduled,nhl-sjs,nhl-nyi,SJS,NYI,,,UBS Arena,,N,1
2026020461,20262027,regular,2026-12-04,2026-12-05T01:00:00Z,scheduled,nhl-chi,nhl-stl,CHI,STL,,,Enterprise Center,,N,1
2026020462,20262027,regular,2026-12-04,2026-12-05T02:00:00Z,scheduled,nhl-buf,nhl-van,BUF,VAN,,,Rogers Arena,,N,1
2026020463,20262027,regular,2026-12-04,2026-12-05T03:00:00Z,scheduled,nhl-sea,nhl-ana,SEA,ANA,,,Honda Center,,N,1
2026020464,20262027,regular,2026-12-05,2026-12-05T18:00:00Z,scheduled,nhl-det,nhl-bos,DET,BOS,,,TD Garden,,N,1
2026020465,20262027,regular,2026-12-05,2026-12-05T18:00:00Z,scheduled,nhl-fla,nhl-mtl,FLA,MTL,,,Centre Bell,,N,1
2026020466,20262027,regular,2026-12-05,2026-12-05T19:00:00Z,scheduled,nhl-cbj,nhl-nsh,CBJ,NSH,,,Bridgestone Arena,,N,1
2026020467,20262027,regular,2026-12-05,2026-12-05T20:00:00Z,scheduled,nhl-njd,nhl-pit,NJD,PIT,,,PPG Paints Arena,,N,1
2026020468,20262027,regular,2026-12-05,2026-12-05T20:30:00Z,scheduled,nhl-wsh,nhl-cgy,WSH,CGY,,,Scotiabank Saddledome,,N,1
2026020469,20262027,regular,2026-12-05,2026-12-06T00:00:00Z,scheduled,nhl-tbl,nhl-ott,TBL,OTT,,,Canadian Tire Centre,,N,1
2026020470,20262027,regular,2026-12-05,2026-12-06T00:00:00Z,scheduled,nhl-col,nhl-nyr,COL,NYR,,,Madison Square Garden,,N,1
2026020471,20262027,regular,2026-12-05,2026-12-06T00:00:00Z,scheduled,nhl-tor,nhl-car,TOR,CAR,,,Lenovo Center,,N,1
2026020472,20262027,regular,2026-12-05,2026-12-06T00:00:00Z,scheduled,nhl-wpg,nhl-vgk,WPG,VGK,,,T-Mobile Arena,,N,1
2026020473,20262027,regular,2026-12-05,2026-12-06T01:00:00Z,scheduled,nhl-phi,nhl-min,PHI,MIN,,,Grand Casino Arena,,N,1
2026020474,20262027,regular,2026-12-05,2026-12-06T03:00:00Z,scheduled,nhl-uta,nhl-lak,UTA,LAK,,,Crypto.com Arena,,N,1
2026020475,20262027,regular,2026-12-05,2026-12-06T03:00:00Z,scheduled,nhl-dal,nhl-van,DAL,VAN,,,Rogers Arena,,N,1
2026020476,20262027,regular,2026-12-06,2026-12-06T20:00:00Z,scheduled,nhl-sjs,nhl-pit,SJS,PIT,,,PPG Paints Arena,,N,1
2026020477,20262027,regular,2026-12-06,2026-12-06T22:00:00Z,scheduled,nhl-nsh,nhl-stl,NSH,STL,,,Enterprise Center,,N,1
2026020478,20262027,regular,2026-12-06,2026-12-07T00:00:00Z,scheduled,nhl-ott,nhl-mtl,OTT,MTL,,,Centre Bell,,N,1
2026020479,20262027,regular,2026-12-06,2026-12-07T00:00:00Z,scheduled,nhl-edm,nhl-chi,EDM,CHI,,,United Center,,N,1
2026020480,20262027,regular,2026-12-06,2026-12-07T01:00:00Z,scheduled,nhl-wpg,nhl-ana,WPG,ANA,,,Honda Center,,N,1
2026020481,20262027,regular,2026-12-06,2026-12-07T01:00:00Z,scheduled,nhl-buf,nhl-sea,BUF,SEA,,,Climate Pledge Arena,,N,1
2026020482,20262027,regular,2026-12-07,2026-12-07T18:00:00Z,scheduled,nhl-col,nhl-nyi,COL,NYI,,,UBS Arena,,N,1
2026020483,20262027,regular,2026-12-07,2026-12-08T00:00:00Z,scheduled,nhl-cbj,nhl-tbl,CBJ,TBL,,,Benchmark International Arena,,N,1
2026020484,20262027,regular,2026-12-07,2026-12-08T00:00:00Z,scheduled,nhl-njd,nhl-nyr,NJD,NYR,,,Madison Square Garden,,N,1
2026020485,20262027,regular,2026-12-07,2026-12-08T02:00:00Z,scheduled,nhl-wsh,nhl-van,WSH,VAN,,,Rogers Arena,,N,1
2026020486,20262027,regular,2026-12-08,2026-12-09T00:00:00Z,scheduled,nhl-vgk,nhl-mtl,VGK,MTL,,,Centre Bell,,N,1
2026020487,20262027,regular,2026-12-08,2026-12-09T00:00:00Z,scheduled,nhl-ana,nhl-ott,ANA,OTT,,,Canadian Tire Centre,,N,1
2026020488,20262027,regular,2026-12-08,2026-12-09T00:00:00Z,scheduled,nhl-bos,nhl-fla,BOS,FLA,,,Amerant Bank Arena,,N,1
2026020489,20262027,regular,2026-12-08,2026-12-09T00:30:00Z,scheduled,nhl-chi,nhl-pit,CHI,PIT,,,PPG Paints Arena,,N,1
2026020490,20262027,regular,2026-12-08,2026-12-09T00:00:00Z,scheduled,nhl-nyr,nhl-car,NYR,CAR,,,Lenovo Center,,N,1
2026020491,20262027,regular,2026-12-08,2026-12-09T01:00:00Z,scheduled,nhl-col,nhl-stl,COL,STL,,,Enterprise Center,,N,1
2026020492,20262027,regular,2026-12-08,2026-12-09T01:00:00Z,scheduled,nhl-phi,nhl-wpg,PHI,WPG,,,Canada Life Centre,,N,1
2026020493,20262027,regular,2026-12-08,2026-12-09T01:00:00Z,scheduled,nhl-nsh,nhl-cgy,NSH,CGY,,,Scotiabank Saddledome,,N,1
2026020494,20262027,regular,2026-12-08,2026-12-09T01:00:00Z,scheduled,nhl-edm,nhl-min,EDM,MIN,,,Grand Casino Arena,,N,1
2026020495,20262027,regular,2026-12-08,2026-12-09T03:00:00Z,scheduled,nhl-sea,nhl-sjs,SEA,SJS,,,SAP Center at San Jose,,N,1
2026020496,20262027,regular,2026-12-09,2026-12-10T00:00:00Z,scheduled,nhl-det,nhl-njd,DET,NJD,,,Prudential Center,,N,1
2026020497,20262027,regular,2026-12-09,2026-12-10T00:30:00Z,scheduled,nhl-tor,nhl-dal,TOR,DAL,,,American Airlines Center,,N,1
2026020498,20262027,regular,2026-12-09,2026-12-10T02:30:00Z,scheduled,nhl-sjs,nhl-lak,SJS,LAK,,,Crypto.com Arena,,N,1
2026020499,20262027,regular,2026-12-10,2026-12-11T00:00:00Z,scheduled,nhl-edm,nhl-buf,EDM,BUF,,,KeyBank Center,,N,1
2026020500,20262027,regular,2026-12-10,2026-12-11T00:00:00Z,scheduled,nhl-ana,nhl-mtl,ANA,MTL,,,Centre Bell,,N,1
2026020501,20262027,regular,2026-12-10,2026-12-11T00:00:00Z,scheduled,nhl-vgk,nhl-ott,VGK,OTT,,,Canadian Tire Centre,,N,1
2026020502,20262027,regular,2026-12-10,2026-12-11T00:00:00Z,scheduled,nhl-bos,nhl-tbl,BOS,TBL,,,Benchmark International Arena,,N,1
2026020503,20262027,regular,2026-12-10,2026-12-11T00:00:00Z,scheduled,nhl-pit,nhl-fla,PIT,FLA,,,Amerant Bank Arena,,N,1
2026020504,20262027,regular,2026-12-10,2026-12-11T00:00:00Z,scheduled,nhl-cgy,nhl-nyi,CGY,NYI,,,UBS Arena,,N,1
2026020505,20262027,regular,2026-12-10,2026-12-11T00:00:00Z,scheduled,nhl-min,nhl-cbj,MIN,CBJ,,,Nationwide Arena,,N,1
2026020506,20262027,regular,2026-12-10,2026-12-11T01:00:00Z,scheduled,nhl-chi,nhl-wpg,CHI,WPG,,,Canada Life Centre,,N,1
2026020507,20262027,regular,2026-12-10,2026-12-11T02:00:00Z,scheduled,nhl-stl,nhl-uta,STL,UTA,,,Delta Center,,N,1
2026020508,20262027,regular,2026-12-10,2026-12-11T02:00:00Z,scheduled,nhl-nsh,nhl-van,NSH,VAN,,,Rogers Arena,,N,1
2026020509,20262027,regular,2026-12-10,2026-12-11T02:30:00Z,scheduled,nhl-wsh,nhl-sea,WSH,SEA,,,Climate Pledge Arena,,N,1
2026020510,20262027,regular,2026-12-11,2026-12-12T00:00:00Z,scheduled,nhl-nyr,nhl-det,NYR,DET,,,Little Caesars Arena,,N,1
2026020511,20262027,regular,2026-12-11,2026-12-12T00:00:00Z,scheduled,nhl-cgy,nhl-phi,CGY,PHI,,,Xfinity Mobile Arena,,N,1
2026020512,20262027,regular,2026-12-11,2026-12-12T00:00:00Z,scheduled,nhl-nyi,nhl-car,NYI,CAR,,,Lenovo Center,,N,1
2026020513,20262027,regular,2026-12-11,2026-12-12T03:00:00Z,scheduled,nhl-lak,nhl-sjs,LAK,SJS,,,SAP Center at San Jose,,N,1
2026020514,20262027,regular,2026-12-12,2026-12-12T18:00:00Z,scheduled,nhl-njd,nhl-bos,NJD,BOS,,,TD Garden,,N,1
2026020515,20262027,regular,2026-12-12,2026-12-12T18:00:00Z,scheduled,nhl-mtl,nhl-cbj,MTL,CBJ,,,Nationwide Arena,,N,1
2026020516,20262027,regular,2026-12-12,2026-12-12T20:30:00Z,scheduled,nhl-pit,nhl-tbl,PIT,TBL,,,Benchmark International Arena,,N,1
2026020517,20262027,regular,2026-12-12,2026-12-12T20:30:00Z,scheduled,nhl-wpg,nhl-min,WPG,MIN,,,Grand Casino Arena,,N,1
2026020518,20262027,regular,2026-12-12,2026-12-13T00:00:00Z,scheduled,nhl-ana,nhl-buf,ANA,BUF,,,KeyBank Center,,N,1
2026020519,20262027,regular,2026-12-12,2026-12-13T00:00:00Z,scheduled,nhl-vgk,nhl-tor,VGK,TOR,,,Scotiabank Arena,,N,1
2026020520,20262027,regular,2026-12-12,2026-12-13T00:00:00Z,scheduled,nhl-edm,nhl-ott,EDM,OTT,,,Canadian Tire Centre,,N,1
2026020521,20262027,regular,2026-12-12,2026-12-13T00:00:00Z,scheduled,nhl-fla,nhl-det,FLA,DET,,,Little Caesars Arena,,N,1
2026020522,20262027,regular,2026-12-12,2026-12-13T00:00:00Z,scheduled,nhl-uta,nhl-chi,UTA,CHI,,,United Center,,N,1
2026020523,20262027,regular,2026-12-12,2026-12-13T01:00:00Z,scheduled,nhl-stl,nhl-dal,STL,DAL,,,American Airlines Center,,N,1
2026020524,20262027,regular,2026-12-12,2026-12-13T02:00:00Z,scheduled,nhl-wsh,nhl-col,WSH,COL,,,Ball Arena,,N,1
2026020525,20262027,regular,2026-12-12,2026-12-13T03:00:00Z,scheduled,nhl-van,nhl-lak,VAN,LAK,,,Crypto.com Arena,,N,1
2026020526,20262027,regular,2026-12-12,2026-12-13T03:00:00Z,scheduled,nhl-nsh,nhl-sea,NSH,SEA,,,Climate Pledge Arena,,N,1
2026020527,20262027,regular,2026-12-13,2026-12-13T18:00:00Z,scheduled,nhl-bos,nhl-car,BOS,CAR,,,Lenovo Center,,N,1
2026020528,20262027,regular,2026-12-13,2026-12-13T23:00:00Z,scheduled,nhl-cbj,nhl-nyr,CBJ,NYR,,,Madison Square Garden,,N,1
2026020529,20262027,regular,2026-12-13,2026-12-14T00:00:00Z,scheduled,nhl-ana,nhl-tor,ANA,TOR,,,Scotiabank Arena,,N,1
2026020530,20262027,regular,2026-12-13,2026-12-14T01:00:00Z,scheduled,nhl-tbl,nhl-stl,TBL,STL,,,Enterprise Center,,N,1
2026020531,20262027,regular,2026-12-14,2026-12-14T19:00:00Z,scheduled,nhl-buf,nhl-ott,BUF,OTT,,,Canadian Tire Centre,,N,1
2026020532,20262027,regular,2026-12-14,2026-12-15T00:00:00Z,scheduled,nhl-fla,nhl-phi,FLA,PHI,,,Xfinity Mobile Arena,,N,1
2026020533,20262027,regular,2026-12-14,2026-12-15T00:30:00Z,scheduled,nhl-edm,nhl-mtl,EDM,MTL,,,Centre Bell,,N,1
2026020534,20262027,regular,2026-12-14,2026-12-15T02:00:00Z,scheduled,nhl-uta,nhl-col,UTA,COL,,,Ball Arena,,N,1
2026020535,20262027,regular,2026-12-14,2026-12-15T03:00:00Z,scheduled,nhl-van,nhl-sjs,VAN,SJS,,,SAP Center at San Jose,,N,1
2026020536,20262027,regular,2026-12-15,2026-12-16T00:00:00Z,scheduled,nhl-fla,nhl-bos,FLA,BOS,,,TD Garden,,N,1
2026020537,20262027,regular,2026-12-15,2026-12-16T00:00:00Z,scheduled,nhl-cgy,nhl-buf,CGY,BUF,,,KeyBank Center,,N,1
2026020538,20262027,regular,2026-12-15,2026-12-16T00:30:00Z,scheduled,nhl-lak,nhl-det,LAK,DET,,,Little Caesars Arena,,N,1
2026020539,20262027,regular,2026-12-15,2026-12-16T00:00:00Z,scheduled,nhl-nyr,nhl-njd,NYR,NJD,,,Prudential Center,,N,1
2026020540,20262027,regular,2026-12-15,2026-12-16T00:00:00Z,scheduled,nhl-tbl,nhl-pit,TBL,PIT,,,PPG Paints Arena,,N,1
2026020541,20262027,regular,2026-12-15,2026-12-16T00:00:00Z,scheduled,nhl-car,nhl-cbj,CAR,CBJ,,,Nationwide Arena,,N,1
2026020542,20262027,regular,2026-12-15,2026-12-16T01:00:00Z,scheduled,nhl-wpg,nhl-stl,WPG,STL,,,Enterprise Center,,N,1
2026020543,20262027,regular,2026-12-15,2026-12-16T01:00:00Z,scheduled,nhl-sea,nhl-nsh,SEA,NSH,,,Bridgestone Arena,,N,1
2026020544,20262027,regular,2026-12-15,2026-12-16T01:00:00Z,scheduled,nhl-tor,nhl-min,TOR,MIN,,,Grand Casino Arena,,N,1
2026020545,20262027,regular,2026-12-15,2026-12-16T02:00:00Z,scheduled,nhl-nyi,nhl-uta,NYI,UTA,,,Delta Center,,N,1
2026020546,20262027,regular,2026-12-15,2026-12-16T02:30:00Z,scheduled,nhl-wsh,nhl-dal,WSH,DAL,,,American Airlines Center,,N,1
2026020547,20262027,regular,2026-12-16,2026-12-17T00:30:00Z,scheduled,nhl-nyr,nhl-phi,NYR,PHI,,,Xfinity Mobile Arena,,N,1
2026020548,20262027,regular,2026-12-16,2026-12-17T02:00:00Z,scheduled,nhl-nyi,nhl-col,NYI,COL,,,Ball Arena,,N,1
2026020549,20262027,regular,2026-12-16,2026-12-17T02:00:00Z,scheduled,nhl-van,nhl-ana,VAN,ANA,,,Honda Center,,N,1
2026020550,20262027,regular,2026-12-16,2026-12-17T03:00:00Z,scheduled,nhl-sjs,nhl-vgk,SJS,VGK,,,T-Mobile Arena,,N,1
2026020551,20262027,regular,2026-12-17,2026-12-18T00:00:00Z,scheduled,nhl-stl,nhl-bos,STL,BOS,,,TD Garden,,N,1
2026020552,20262027,regular,2026-12-17,2026-12-18T00:00:00Z,scheduled,nhl-cgy,nhl-tbl,CGY,TBL,,,Benchmark International Arena,,N,1
2026020553,20262027,regular,2026-12-17,2026-12-18T00:30:00Z,scheduled,nhl-tor,nhl-njd,TOR,NJD,,,Prudential Center,,N,1
2026020554,20262027,regular,2026-12-17,2026-12-18T00:00:00Z,scheduled,nhl-lak,nhl-pit,LAK,PIT,,,PPG Paints Arena,,N,1
2026020555,20262027,regular,2026-12-17,2026-12-18T00:00:00Z,scheduled,nhl-det,nhl-wsh,DET,WSH,,,Capital One Arena,,N,1
2026020556,20262027,regular,2026-12-17,2026-12-18T00:00:00Z,scheduled,nhl-sea,nhl-cbj,SEA,CBJ,,,Nationwide Arena,,N,1
2026020557,20262027,regular,2026-12-17,2026-12-18T01:00:00Z,scheduled,nhl-dal,nhl-edm,DAL,EDM,,,Rogers Place,,N,1
2026020558,20262027,regular,2026-12-17,2026-12-18T02:00:00Z,scheduled,nhl-car,nhl-uta,CAR,UTA,,,Delta Center,,N,1
2026020559,20262027,regular,2026-12-18,2026-12-19T00:30:00Z,scheduled,nhl-mtl,nhl-buf,MTL,BUF,,,KeyBank Center,,N,1
2026020560,20262027,regular,2026-12-18,2026-12-18T18:00:00Z,scheduled,nhl-chi,nhl-ott,CHI,OTT,,,PSD Bank Dome,,N,1
2026020561,20262027,regular,2026-12-18,2026-12-19T00:00:00Z,scheduled,nhl-nsh,nhl-nyr,NSH,NYR,,,Madison Square Garden,,N,1
2026020562,20262027,regular,2026-12-18,2026-12-19T00:00:00Z,scheduled,nhl-det,nhl-phi,DET,PHI,,,Xfinity Mobile Arena,,N,1
2026020563,20262027,regular,2026-12-18,2026-12-19T00:00:00Z,scheduled,nhl-sea,nhl-pit,SEA,PIT,,,PPG Paints Arena,,N,1
2026020564,20262027,regular,2026-12-18,2026-12-19T01:00:00Z,scheduled,nhl-ana,nhl-min,ANA,MIN,,,Grand Casino Arena,,N,1
2026020565,20262027,regular,2026-12-18,2026-12-19T02:00:00Z,scheduled,nhl-car,nhl-col,CAR,COL,,,Ball Arena,,N,1
2026020566,20262027,regular,2026-12-18,2026-12-19T03:00:00Z,scheduled,nhl-nyi,nhl-vgk,NYI,VGK,,,T-Mobile Arena,,N,1
2026020567,20262027,regular,2026-12-19,2026-12-19T17:00:00Z,scheduled,nhl-bos,nhl-njd,BOS,NJD,,,Prudential Center,,N,1
2026020568,20262027,regular,2026-12-19,2026-12-19T18:00:00Z,scheduled,nhl-cgy,nhl-fla,CGY,FLA,,,Amerant Bank Arena,,N,1
2026020569,20262027,regular,2026-12-19,2026-12-19T20:30:00Z,scheduled,nhl-uta,nhl-edm,UTA,EDM,,,Rogers Place,,N,1
2026020570,20262027,regular,2026-12-19,2026-12-20T00:00:00Z,scheduled,nhl-tbl,nhl-tor,TBL,TOR,,,Scotiabank Arena,,N,1
2026020571,20262027,regular,2026-12-19,2026-12-20T00:00:00Z,scheduled,nhl-stl,nhl-wsh,STL,WSH,,,Capital One Arena,,N,1
2026020572,20262027,regular,2026-12-19,2026-12-20T00:00:00Z,scheduled,nhl-lak,nhl-cbj,LAK,CBJ,,,Nationwide Arena,,N,1
2026020573,20262027,regular,2026-12-19,2026-12-20T00:00:00Z,scheduled,nhl-mtl,nhl-min,MTL,MIN,,,Grand Casino Arena,,N,1
2026020574,20262027,regular,2026-12-19,2026-12-20T00:00:00Z,scheduled,nhl-dal,nhl-wpg,DAL,WPG,,,Canada Life Centre,,N,1
2026020575,20262027,regular,2026-12-19,2026-12-20T03:00:00Z,scheduled,nhl-sjs,nhl-van,SJS,VAN,,,Rogers Arena,,N,1
2026020576,20262027,regular,2026-12-20,2026-12-20T18:00:00Z,scheduled,nhl-phi,nhl-bos,PHI,BOS,,,TD Garden,,N,1
2026020577,20262027,regular,2026-12-20,2026-12-20T13:00:00Z,scheduled,nhl-ott,nhl-chi,OTT,CHI,,,PSD Bank Dome,,N,1
2026020578,20262027,regular,2026-12-20,2026-12-20T22:00:00Z,scheduled,nhl-tbl,nhl-det,TBL,DET,,,Little Caesars Arena,,N,1
2026020579,20262027,regular,2026-12-20,2026-12-20T23:00:00Z,scheduled,nhl-lak,nhl-buf,LAK,BUF,,,KeyBank Center,,N,1
2026020580,20262027,regular,2026-12-20,2026-12-20T23:00:00Z,scheduled,nhl-dal,nhl-wpg,DAL,WPG,,,Canada Life Centre,,N,1
2026020581,20262027,regular,2026-12-20,2026-12-21T00:00:00Z,scheduled,nhl-nsh,nhl-njd,NSH,NJD,,,Prudential Center,,N,1
2026020582,20262027,regular,2026-12-20,2026-12-21T00:00:00Z,scheduled,nhl-nyr,nhl-nyi,NYR,NYI,,,UBS Arena,,N,1
2026020583,20262027,regular,2026-12-20,2026-12-21T00:00:00Z,scheduled,nhl-ana,nhl-edm,ANA,EDM,,,Rogers Place,,N,1
2026020584,20262027,regular,2026-12-20,2026-12-21T01:00:00Z,scheduled,nhl-sea,nhl-col,SEA,COL,,,Ball Arena,,N,1
2026020585,20262027,regular,2026-12-21,2026-12-21T19:00:00Z,scheduled,nhl-wsh,nhl-tor,WSH,TOR,,,Scotiabank Arena,,N,1
2026020586,20262027,regular,2026-12-21,2026-12-22T00:00:00Z,scheduled,nhl-stl,nhl-fla,STL,FLA,,,Amerant Bank Arena,,N,1
2026020587,20262027,regular,2026-12-21,2026-12-22T00:00:00Z,scheduled,nhl-cbj,nhl-phi,CBJ,PHI,,,Xfinity Mobile Arena,,N,1
2026020588,20262027,regular,2026-12-21,2026-12-22T02:00:00Z,scheduled,nhl-uta,nhl-van,UTA,VAN,,,Rogers Arena,,N,1
2026020589,20262027,regular,2026-12-21,2026-12-22T03:00:00Z,scheduled,nhl-car,nhl-vgk,CAR,VGK,,,T-Mobile Arena,,N,1
2026020590,20262027,regular,2026-12-22,2026-12-23T00:00:00Z,scheduled,nhl-stl,nhl-tbl,STL,TBL,,,Benchmark International Arena,,N,1
2026020591,20262027,regular,2026-12-22,2026-12-23T00:00:00Z,scheduled,nhl-bos,nhl-nyi,BOS,NYI,,,UBS Arena,,N,1
2026020592,20262027,regular,2026-12-22,2026-12-23T00:00:00Z,scheduled,nhl-njd,nhl-nyr,NJD,NYR,,,Madison Square Garden,,N,1
2026020593,20262027,regular,2026-12-22,2026-12-23T00:00:00Z,scheduled,nhl-buf,nhl-pit,BUF,PIT,,,PPG Paints Arena,,N,1
2026020594,20262027,regular,2026-12-22,2026-12-23T00:00:00Z,scheduled,nhl-mtl,nhl-cbj,MTL,CBJ,,,Nationwide Arena,,N,1
2026020595,20262027,regular,2026-12-22,2026-12-23T00:00:00Z,scheduled,nhl-tor,nhl-det,TOR,DET,,,Little Caesars Arena,,N,1
2026020596,20262027,regular,2026-12-22,2026-12-23T01:00:00Z,scheduled,nhl-wpg,nhl-nsh,WPG,NSH,,,Bridgestone Arena,,N,1
2026020597,20262027,regular,2026-12-22,2026-12-23T01:00:00Z,scheduled,nhl-cgy,nhl-dal,CGY,DAL,,,American Airlines Center,,N,1
2026020598,20262027,regular,2026-12-22,2026-12-23T01:00:00Z,scheduled,nhl-lak,nhl-min,LAK,MIN,,,Grand Casino Arena,,N,1
2026020599,20262027,regular,2026-12-22,2026-12-23T02:40:00Z,scheduled,nhl-sjs,nhl-sea,SJS,SEA,,,Climate Pledge Arena,,N,1
2026020600,20262027,regular,2026-12-22,2026-12-23T02:30:00Z,scheduled,nhl-vgk,nhl-ana,VGK,ANA,,,Honda Center,,N,1
2026020601,20262027,regular,2026-12-26,2026-12-26T23:00:00Z,scheduled,nhl-tbl,nhl-fla,TBL,FLA,,,Amerant Bank Arena,,N,1
2026020602,20262027,regular,2026-12-26,2026-12-27T00:00:00Z,scheduled,nhl-nyi,nhl-bos,NYI,BOS,,,TD Garden,,N,1
2026020603,20262027,regular,2026-12-26,2026-12-27T00:00:00Z,scheduled,nhl-njd,nhl-buf,NJD,BUF,,,KeyBank Center,,N,1
2026020604,20262027,regular,2026-12-26,2026-12-27T00:00:00Z,scheduled,nhl-tor,nhl-mtl,TOR,MTL,,,Centre Bell,,N,1
2026020605,20262027,regular,2026-12-26,2026-12-27T01:00:00Z,scheduled,nhl-cbj,nhl-wsh,CBJ,WSH,,,Capital One Arena,,N,1
2026020606,20262027,regular,2026-12-26,2026-12-27T00:00:00Z,scheduled,nhl-pit,nhl-car,PIT,CAR,,,Lenovo Center,,N,1
2026020607,20262027,regular,2026-12-26,2026-12-27T00:00:00Z,scheduled,nhl-det,nhl-nsh,DET,NSH,,,Bridgestone Arena,,N,1
2026020608,20262027,regular,2026-12-26,2026-12-27T00:00:00Z,scheduled,nhl-wpg,nhl-min,WPG,MIN,,,Grand Casino Arena,,N,1
2026020609,20262027,regular,2026-12-26,2026-12-27T03:00:00Z,scheduled,nhl-van,nhl-cgy,VAN,CGY,,,Scotiabank Saddledome,,N,1
2026020610,20262027,regular,2026-12-26,2026-12-27T03:00:00Z,scheduled,nhl-uta,nhl-lak,UTA,LAK,,,Crypto.com Arena,,N,1
2026020611,20262027,regular,2026-12-26,2026-12-27T03:00:00Z,scheduled,nhl-vgk,nhl-sjs,VGK,SJS,,,SAP Center at San Jose,,N,1
2026020612,20262027,regular,2026-12-27,2026-12-27T20:00:00Z,scheduled,nhl-phi,nhl-chi,PHI,CHI,,,United Center,,N,1
2026020613,20262027,regular,2026-12-27,2026-12-27T23:00:00Z,scheduled,nhl-edm,nhl-cbj,EDM,CBJ,,,Nationwide Arena,,N,1
2026020614,20262027,regular,2026-12-27,2026-12-27T22:00:00Z,scheduled,nhl-nyr,nhl-stl,NYR,STL,,,Enterprise Center,,N,1
2026020615,20262027,regular,2026-12-27,2026-12-28T00:00:00Z,scheduled,nhl-dal,nhl-mtl,DAL,MTL,,,Centre Bell,,N,1
2026020616,20262027,regular,2026-12-27,2026-12-28T00:00:00Z,scheduled,nhl-bos,nhl-njd,BOS,NJD,,,Prudential Center,,N,1
2026020617,20262027,regular,2026-12-27,2026-12-28T00:00:00Z,scheduled,nhl-ott,nhl-nyi,OTT,NYI,,,UBS Arena,,N,1
2026020618,20262027,regular,2026-12-27,2026-12-28T01:00:00Z,scheduled,nhl-col,nhl-ana,COL,ANA,,,Honda Center,,N,1
2026020619,20262027,regular,2026-12-28,2026-12-28T19:00:00Z,scheduled,nhl-vgk,nhl-min,VGK,MIN,,,Grand Casino Arena,,N,1
2026020620,20262027,regular,2026-12-28,2026-12-29T00:00:00Z,scheduled,nhl-det,nhl-buf,DET,BUF,,,KeyBank Center,,N,1
2026020621,20262027,regular,2026-12-28,2026-12-29T00:00:00Z,scheduled,nhl-nsh,nhl-fla,NSH,FLA,,,Amerant Bank Arena,,N,1
2026020622,20262027,regular,2026-12-28,2026-12-29T00:00:00Z,scheduled,nhl-edm,nhl-wsh,EDM,WSH,,,Capital One Arena,,N,1
2026020623,20262027,regular,2026-12-28,2026-12-29T00:00:00Z,scheduled,nhl-tbl,nhl-car,TBL,CAR,,,Lenovo Center,,N,1
2026020624,20262027,regular,2026-12-28,2026-12-29T00:30:00Z,scheduled,nhl-sjs,nhl-wpg,SJS,WPG,,,Canada Life Centre,,N,1
2026020625,20262027,regular,2026-12-28,2026-12-29T02:30:00Z,scheduled,nhl-lak,nhl-van,LAK,VAN,,,Rogers Arena,,N,1
2026020626,20262027,regular,2026-12-29,2026-12-30T00:00:00Z,scheduled,nhl-cbj,nhl-mtl,CBJ,MTL,,,Centre Bell,,N,1
2026020627,20262027,regular,2026-12-29,2026-12-30T00:00:00Z,scheduled,nhl-dal,nhl-ott,DAL,OTT,,,Canadian Tire Centre,,N,1
2026020628,20262027,regular,2026-12-29,2026-12-30T00:00:00Z,scheduled,nhl-nsh,nhl-tbl,NSH,TBL,,,Benchmark International Arena,,N,1
2026020629,20262027,regular,2026-12-29,2026-12-30T00:00:00Z,scheduled,nhl-det,nhl-nyr,DET,NYR,,,Madison Square Garden,,N,1
2026020630,20262027,regular,2026-12-29,2026-12-30T00:00:00Z,scheduled,nhl-car,nhl-pit,CAR,PIT,,,PPG Paints Arena,,N,1
2026020631,20262027,regular,2026-12-29,2026-12-30T01:00:00Z,scheduled,nhl-vgk,nhl-chi,VGK,CHI,,,United Center,,N,1
2026020632,20262027,regular,2026-12-29,2026-12-30T01:00:00Z,scheduled,nhl-sjs,nhl-cgy,SJS,CGY,,,Scotiabank Saddledome,,N,1
2026020633,20262027,regular,2026-12-29,2026-12-30T02:00:00Z,scheduled,nhl-stl,nhl-col,STL,COL,,,Ball Arena,,N,1
2026020634,20262027,regular,2026-12-29,2026-12-30T02:00:00Z,scheduled,nhl-njd,nhl-uta,NJD,UTA,,,Delta Center,,N,1
2026020635,20262027,regular,2026-12-29,2026-12-30T02:40:00Z,scheduled,nhl-phi,nhl-sea,PHI,SEA,,,Climate Pledge Arena,,N,1
2026020636,20262027,regular,2026-12-29,2026-12-30T03:00:00Z,scheduled,nhl-tor,nhl-ana,TOR,ANA,,,Honda Center,,N,1
2026020637,20262027,regular,2026-12-30,2026-12-30T21:00:00Z,scheduled,nhl-wsh,nhl-nyi,WSH,NYI,,,UBS Arena,,N,1
2026020638,20262027,regular,2026-12-30,2026-12-31T00:00:00Z,scheduled,nhl-buf,nhl-fla,BUF,FLA,,,Amerant Bank Arena,,N,1
2026020639,20262027,regular,2026-12-30,2026-12-31T00:30:00Z,scheduled,nhl-edm,nhl-bos,EDM,BOS,,,TD Garden,,N,1
2026020640,20262027,regular,2026-12-30,2026-12-31T02:30:00Z,scheduled,nhl-sea,nhl-van,SEA,VAN,,,Rogers Arena,,N,1
2026020641,20262027,regular,2026-12-30,2026-12-31T03:00:00Z,scheduled,nhl-tor,nhl-lak,TOR,LAK,,,Crypto.com Arena,,N,1
2026020642,20262027,regular,2026-12-31,2026-12-31T19:00:00Z,scheduled,nhl-pit,nhl-ott,PIT,OTT,,,Canadian Tire Centre,,N,1
2026020643,20262027,regular,2026-12-31,2026-12-31T19:00:00Z,scheduled,nhl-car,nhl-det,CAR,DET,,,Little Caesars Arena,,N,1
2026020644,20262027,regular,2026-12-31,2026-12-31T19:00:00Z,scheduled,nhl-mtl,nhl-tbl,MTL,TBL,,,Benchmark International Arena,,N,1
2026020645,20262027,regular,2026-12-31,2026-12-31T19:00:00Z,scheduled,nhl-wsh,nhl-cbj,WSH,CBJ,,,Nationwide Arena,,N,1
2026020646,20262027,regular,2026-12-31,2026-12-31T20:00:00Z,scheduled,nhl-stl,nhl-vgk,STL,VGK,,,T-Mobile Arena,,N,1
2026020647,20262027,regular,2026-12-31,2026-12-31T23:00:00Z,scheduled,nhl-col,nhl-uta,COL,UTA,,,Rice-Eccles Stadium,,N,1
2026020648,20262027,regular,2026-12-31,2027-01-01T01:00:00Z,scheduled,nhl-wpg,nhl-cgy,WPG,CGY,,,Scotiabank Saddledome,,N,1
2026020649,20262027,regular,2026-12-31,2027-01-01T02:00:00Z,scheduled,nhl-nyr,nhl-dal,NYR,DAL,,,American Airlines Center,,N,1
2026020650,20262027,regular,2027-01-01,2027-01-01T19:00:00Z,scheduled,nhl-fla,nhl-nsh,FLA,NSH,,,Bridgestone Arena,,N,1
2026020651,20262027,regular,2027-01-01,2027-01-01T20:00:00Z,scheduled,nhl-bos,nhl-chi,BOS,CHI,,,United Center,,N,1
2026020652,20262027,regular,2027-01-01,2027-01-01T21:00:00Z,scheduled,nhl-njd,nhl-ana,NJD,ANA,,,Honda Center,,N,1
2026020653,20262027,regular,2027-01-01,2027-01-01T21:00:00Z,scheduled,nhl-phi,nhl-sjs,PHI,SJS,,,SAP Center at San Jose,,N,1
2026020654,20262027,regular,2027-01-01,2027-01-01T23:00:00Z,scheduled,nhl-min,nhl-pit,MIN,PIT,,,PPG Paints Arena,,N,1
2026020655,20262027,regular,2027-01-02,2027-01-02T20:30:00Z,scheduled,nhl-edm,nhl-det,EDM,DET,,,Little Caesars Arena,,N,1
2026020656,20262027,regular,2027-01-02,2027-01-02T18:00:00Z,scheduled,nhl-mtl,nhl-fla,MTL,FLA,,,Amerant Bank Arena,,N,1
2026020657,20262027,regular,2027-01-02,2027-01-03T00:00:00Z,scheduled,nhl-buf,nhl-tbl,BUF,TBL,,,Benchmark International Arena,,N,1
2026020658,20262027,regular,2027-01-02,2027-01-03T00:00:00Z,scheduled,nhl-ott,nhl-wsh,OTT,WSH,,,Capital One Arena,,N,1
2026020659,20262027,regular,2027-01-02,2027-01-03T00:00:00Z,scheduled,nhl-nsh,nhl-car,NSH,CAR,,,Lenovo Center,,N,1
2026020660,20262027,regular,2027-01-02,2027-01-03T00:00:00Z,scheduled,nhl-bos,nhl-cbj,BOS,CBJ,,,Nationwide Arena,,N,1
2026020661,20262027,regular,2027-01-02,2027-01-03T00:00:00Z,scheduled,nhl-stl,nhl-min,STL,MIN,,,Grand Casino Arena,,N,1
2026020662,20262027,regular,2027-01-02,2027-01-03T00:00:00Z,scheduled,nhl-cgy,nhl-wpg,CGY,WPG,,,Canada Life Centre,,N,1
2026020663,20262027,regular,2027-01-02,2027-01-03T00:00:00Z,scheduled,nhl-tor,nhl-sjs,TOR,SJS,,,SAP Center at San Jose,,N,1
2026020664,20262027,regular,2027-01-02,2027-01-03T01:00:00Z,scheduled,nhl-chi,nhl-dal,CHI,DAL,,,American Airlines Center,,N,1
2026020665,20262027,regular,2027-01-02,2027-01-03T02:00:00Z,scheduled,nhl-njd,nhl-lak,NJD,LAK,,,Crypto.com Arena,,N,1
2026020666,20262027,regular,2027-01-02,2027-01-03T03:00:00Z,scheduled,nhl-van,nhl-uta,VAN,UTA,,,Delta Center,,N,1
2026020667,20262027,regular,2027-01-02,2027-01-03T03:00:00Z,scheduled,nhl-col,nhl-vgk,COL,VGK,,,T-Mobile Arena,,N,1
2026020668,20262027,regular,2027-01-02,2027-01-03T03:00:00Z,scheduled,nhl-nyi,nhl-sea,NYI,SEA,,,Climate Pledge Arena,,N,1
2026020669,20262027,regular,2027-01-03,2027-01-03T20:00:00Z,scheduled,nhl-edm,nhl-pit,EDM,PIT,,,PPG Paints Arena,,N,1
2026020670,20262027,regular,2027-01-03,2027-01-03T23:00:00Z,scheduled,nhl-cbj,nhl-nyr,CBJ,NYR,,,Madison Square Garden,,N,1
2026020671,20262027,regular,2027-01-03,2027-01-04T00:00:00Z,scheduled,nhl-cgy,nhl-stl,CGY,STL,,,Enterprise Center,,N,1
2026020672,20262027,regular,2027-01-03,2027-01-04T01:00:00Z,scheduled,nhl-phi,nhl-ana,PHI,ANA,,,Honda Center,,N,1
2026020673,20262027,regular,2027-01-03,2027-01-04T01:00:00Z,scheduled,nhl-van,nhl-sea,VAN,SEA,,,Climate Pledge Arena,,N,1
2026020674,20262027,regular,2027-01-04,2027-01-05T00:30:00Z,scheduled,nhl-wpg,nhl-buf,WPG,BUF,,,KeyBank Center,,N,1
2026020675,20262027,regular,2027-01-04,2027-01-05T00:30:00Z,scheduled,nhl-chi,nhl-mtl,CHI,MTL,,,Centre Bell,,N,1
2026020676,20262027,regular,2027-01-04,2027-01-05T00:30:00Z,scheduled,nhl-tor,nhl-wsh,TOR,WSH,,,Capital One Arena,,N,1
2026020677,20262027,regular,2027-01-04,2027-01-05T01:00:00Z,scheduled,nhl-det,nhl-dal,DET,DAL,,,American Airlines Center,,N,1
2026020678,20262027,regular,2027-01-04,2027-01-05T02:00:00Z,scheduled,nhl-vgk,nhl-col,VGK,COL,,,Ball Arena,,N,1
2026020679,20262027,regular,2027-01-04,2027-01-05T03:00:00Z,scheduled,nhl-phi,nhl-lak,PHI,LAK,,,Crypto.com Arena,,N,1
2026020680,20262027,regular,2027-01-04,2027-01-05T03:00:00Z,scheduled,nhl-njd,nhl-sjs,NJD,SJS,,,SAP Center at San Jose,,N,1
2026020681,20262027,regular,2027-01-05,2027-01-06T00:00:00Z,scheduled,nhl-stl,nhl-car,STL,CAR,,,Lenovo Center,,N,1
2026020682,20262027,regular,2027-01-05,2027-01-06T00:00:00Z,scheduled,nhl-nyr,nhl-cbj,NYR,CBJ,,,Nationwide Arena,,N,1
2026020683,20262027,regular,2027-01-05,2027-01-06T00:30:00Z,scheduled,nhl-buf,nhl-bos,BUF,BOS,,,TD Garden,,N,1
2026020684,20262027,regular,2027-01-05,2027-01-06T00:30:00Z,scheduled,nhl-edm,nhl-nsh,EDM,NSH,,,Bridgestone Arena,,N,1
2026020685,20262027,regular,2027-01-05,2027-01-06T01:00:00Z,scheduled,nhl-fla,nhl-cgy,FLA,CGY,,,Scotiabank Saddledome,,N,1
2026020686,20262027,regular,2027-01-05,2027-01-06T02:00:00Z,scheduled,nhl-ott,nhl-uta,OTT,UTA,,,Delta Center,,N,1
2026020687,20262027,regular,2027-01-05,2027-01-06T02:00:00Z,scheduled,nhl-nyi,nhl-van,NYI,VAN,,,Rogers Arena,,N,1
2026020688,20262027,regular,2027-01-05,2027-01-06T02:40:00Z,scheduled,nhl-tbl,nhl-sea,TBL,SEA,,,Climate Pledge Arena,,N,1
2026020689,20262027,regular,2027-01-05,2027-01-06T03:00:00Z,scheduled,nhl-min,nhl-ana,MIN,ANA,,,Honda Center,,N,1
2026020690,20262027,regular,2027-01-06,2027-01-07T00:30:00Z,scheduled,nhl-bos,nhl-mtl,BOS,MTL,,,Centre Bell,,N,1
2026020691,20262027,regular,2027-01-06,2027-01-07T02:30:00Z,scheduled,nhl-ott,nhl-col,OTT,COL,,,Ball Arena,,N,1
2026020692,20262027,regular,2027-01-06,2027-01-07T03:00:00Z,scheduled,nhl-wsh,nhl-lak,WSH,LAK,,,Crypto.com Arena,,N,1
2026020693,20262027,regular,2027-01-06,2027-01-07T03:00:00Z,scheduled,nhl-dal,nhl-sjs,DAL,SJS,,,SAP Center at San Jose,,N,1
2026020694,20262027,regular,2027-01-07,2027-01-08T00:00:00Z,scheduled,nhl-uta,nhl-det,UTA,DET,,,Little Caesars Arena,,N,1
2026020695,20262027,regular,2027-01-07,2027-01-08T00:00:00Z,scheduled,nhl-cbj,nhl-njd,CBJ,NJD,,,Prudential Center,,N,1
2026020696,20262027,regular,2027-01-07,2027-01-08T00:00:00Z,scheduled,nhl-chi,nhl-nyr,CHI,NYR,,,Madison Square Garden,,N,1
2026020697,20262027,regular,2027-01-07,2027-01-08T00:00:00Z,scheduled,nhl-tor,nhl-phi,TOR,PHI,,,Xfinity Mobile Arena,,N,1
2026020698,20262027,regular,2027-01-07,2027-01-08T00:00:00Z,scheduled,nhl-pit,nhl-car,PIT,CAR,,,Lenovo Center,,N,1
2026020699,20262027,regular,2027-01-07,2027-01-08T01:00:00Z,scheduled,nhl-nsh,nhl-wpg,NSH,WPG,,,Canada Life Centre,,N,1
2026020700,20262027,regular,2027-01-07,2027-01-08T01:00:00Z,scheduled,nhl-nyi,nhl-cgy,NYI,CGY,,,Scotiabank Saddledome,,N,1
2026020701,20262027,regular,2027-01-07,2027-01-08T01:00:00Z,scheduled,nhl-fla,nhl-edm,FLA,EDM,,,Rogers Place,,N,1
2026020702,20262027,regular,2027-01-07,2027-01-08T02:00:00Z,scheduled,nhl-tbl,nhl-van,TBL,VAN,,,Rogers Arena,,N,1
2026020703,20262027,regular,2027-01-07,2027-01-08T02:30:00Z,scheduled,nhl-min,nhl-vgk,MIN,VGK,,,T-Mobile Arena,,N,1
2026020704,20262027,regular,2027-01-08,2027-01-09T00:00:00Z,scheduled,nhl-buf,nhl-cbj,BUF,CBJ,,,Nationwide Arena,,N,1
2026020705,20262027,regular,2027-01-08,2027-01-09T01:00:00Z,scheduled,nhl-ott,nhl-stl,OTT,STL,,,Enterprise Center,,N,1
2026020706,20262027,regular,2027-01-08,2027-01-09T02:00:00Z,scheduled,nhl-sea,nhl-col,SEA,COL,,,Ball Arena,,N,1
2026020707,20262027,regular,2027-01-08,2027-01-09T03:00:00Z,scheduled,nhl-dal,nhl-ana,DAL,ANA,,,Honda Center,,N,1
2026020708,20262027,regular,2027-01-08,2027-01-09T03:00:00Z,scheduled,nhl-wsh,nhl-sjs,WSH,SJS,,,SAP Center at San Jose,,N,1
2026020709,20262027,regular,2027-01-09,2027-01-09T17:00:00Z,scheduled,nhl-chi,nhl-njd,CHI,NJD,,,Prudential Center,,N,1
2026020710,20262027,regular,2027-01-09,2027-01-09T20:30:00Z,scheduled,nhl-tbl,nhl-cgy,TBL,CGY,,,Scotiabank Saddledome,,N,1
2026020711,20262027,regular,2027-01-09,2027-01-09T20:30:00Z,scheduled,nhl-nyi,nhl-edm,NYI,EDM,,,Rogers Place,,N,1
2026020712,20262027,regular,2027-01-09,2027-01-10T00:00:00Z,scheduled,nhl-car,nhl-buf,CAR,BUF,,,KeyBank Center,,N,1
2026020713,20262027,regular,2027-01-09,2027-01-10T00:00:00Z,scheduled,nhl-phi,nhl-tor,PHI,TOR,,,Scotiabank Arena,,N,1
2026020714,20262027,regular,2027-01-09,2027-01-10T00:00:00Z,scheduled,nhl-pit,nhl-mtl,PIT,MTL,,,Centre Bell,,N,1
2026020715,20262027,regular,2027-01-09,2027-01-10T00:00:00Z,scheduled,nhl-bos,nhl-det,BOS,DET,,,Little Caesars Arena,,N,1
2026020716,20262027,regular,2027-01-09,2027-01-10T00:00:00Z,scheduled,nhl-uta,nhl-wpg,UTA,WPG,,,Canada Life Centre,,N,1
2026020717,20262027,regular,2027-01-09,2027-01-10T01:00:00Z,scheduled,nhl-nsh,nhl-min,NSH,MIN,,,Grand Casino Arena,,N,1
2026020718,20262027,regular,2027-01-09,2027-01-10T02:00:00Z,scheduled,nhl-dal,nhl-lak,DAL,LAK,,,Crypto.com Arena,,N,1
2026020719,20262027,regular,2027-01-09,2027-01-10T03:00:00Z,scheduled,nhl-fla,nhl-van,FLA,VAN,,,Rogers Arena,,N,1
2026020720,20262027,regular,2027-01-09,2027-01-10T03:00:00Z,scheduled,nhl-sea,nhl-vgk,SEA,VGK,,,T-Mobile Arena,,N,1
2026020721,20262027,regular,2027-01-09,2027-01-10T03:00:00Z,scheduled,nhl-nyr,nhl-sjs,NYR,SJS,,,SAP Center at San Jose,,N,1
2026020722,20262027,regular,2027-01-10,2027-01-11T00:30:00Z,scheduled,nhl-chi,nhl-phi,CHI,PHI,,,Xfinity Mobile Arena,,N,1
2026020723,20262027,regular,2027-01-10,2027-01-11T01:00:00Z,scheduled,nhl-nsh,nhl-col,NSH,COL,,,Ball Arena,,N,1
2026020724,20262027,regular,2027-01-10,2027-01-10T20:30:00Z,scheduled,nhl-wsh,nhl-ana,WSH,ANA,,,Honda Center,,N,1
2026020725,20262027,regular,2027-01-11,2027-01-12T00:30:00Z,scheduled,nhl-wpg,nhl-tor,WPG,TOR,,,Scotiabank Arena,,N,1
2026020726,20262027,regular,2027-01-11,2027-01-12T01:30:00Z,scheduled,nhl-tbl,nhl-edm,TBL,EDM,,,Rogers Place,,N,1
2026020727,20262027,regular,2027-01-11,2027-01-12T03:00:00Z,scheduled,nhl-nyr,nhl-lak,NYR,LAK,,,Crypto.com Arena,,N,1
2026020728,20262027,regular,2027-01-12,2027-01-13T00:00:00Z,scheduled,nhl-car,nhl-bos,CAR,BOS,,,TD Garden,,N,1
2026020729,20262027,regular,2027-01-12,2027-01-13T00:00:00Z,scheduled,nhl-njd,nhl-buf,NJD,BUF,,,KeyBank Center,,N,1
2026020730,20262027,regular,2027-01-12,2027-01-13T00:00:00Z,scheduled,nhl-col,nhl-pit,COL,PIT,,,PPG Paints Arena,,N,1
2026020731,20262027,regular,2027-01-12,2027-01-13T00:00:00Z,scheduled,nhl-vgk,nhl-wsh,VGK,WSH,,,Capital One Arena,,N,1
2026020732,20262027,regular,2027-01-12,2027-01-13T01:00:00Z,scheduled,nhl-uta,nhl-chi,UTA,CHI,,,United Center,,N,1
2026020733,20262027,regular,2027-01-12,2027-01-13T01:00:00Z,scheduled,nhl-phi,nhl-nsh,PHI,NSH,,,Bridgestone Arena,,N,1
2026020734,20262027,regular,2027-01-12,2027-01-13T01:00:00Z,scheduled,nhl-ott,nhl-dal,OTT,DAL,,,American Airlines Center,,N,1
2026020735,20262027,regular,2027-01-12,2027-01-13T01:00:00Z,scheduled,nhl-cbj,nhl-cgy,CBJ,CGY,,,Scotiabank Saddledome,,N,1
2026020736,20262027,regular,2027-01-12,2027-01-13T02:40:00Z,scheduled,nhl-fla,nhl-sea,FLA,SEA,,,Climate Pledge Arena,,N,1
2026020737,20262027,regular,2027-01-12,2027-01-13T03:00:00Z,scheduled,nhl-nyr,nhl-ana,NYR,ANA,,,Honda Center,,N,1
2026020738,20262027,regular,2027-01-13,2027-01-14T00:00:00Z,scheduled,nhl-njd,nhl-mtl,NJD,MTL,,,Centre Bell,,N,1
2026020739,20262027,regular,2027-01-13,2027-01-14T00:30:00Z,scheduled,nhl-pit,nhl-nyi,PIT,NYI,,,UBS Arena,,N,1
2026020740,20262027,regular,2027-01-13,2027-01-14T02:00:00Z,scheduled,nhl-det,nhl-uta,DET,UTA,,,Delta Center,,N,1
2026020741,20262027,regular,2027-01-13,2027-01-14T02:00:00Z,scheduled,nhl-sjs,nhl-edm,SJS,EDM,,,Rogers Place,,N,1
2026020742,20262027,regular,2027-01-13,2027-01-14T03:00:00Z,scheduled,nhl-stl,nhl-lak,STL,LAK,,,Crypto.com Arena,,N,1
2026020743,20262027,regular,2027-01-14,2027-01-15T00:00:00Z,scheduled,nhl-dal,nhl-bos,DAL,BOS,,,TD Garden,,N,1
2026020744,20262027,regular,2027-01-14,2027-01-15T00:30:00Z,scheduled,nhl-col,nhl-buf,COL,BUF,,,KeyBank Center,,N,1
2026020745,20262027,regular,2027-01-14,2027-01-15T00:00:00Z,scheduled,nhl-chi,nhl-tor,CHI,TOR,,,Scotiabank Arena,,N,1
2026020746,20262027,regular,2027-01-14,2027-01-15T00:00:00Z,scheduled,nhl-wpg,nhl-ott,WPG,OTT,,,Canadian Tire Centre,,N,1
2026020747,20262027,regular,2027-01-14,2027-01-15T00:00:00Z,scheduled,nhl-vgk,nhl-tbl,VGK,TBL,,,Benchmark International Arena,,N,1
2026020748,20262027,regular,2027-01-14,2027-01-15T00:00:00Z,scheduled,nhl-car,nhl-wsh,CAR,WSH,,,Capital One Arena,,N,1
2026020749,20262027,regular,2027-01-14,2027-01-15T01:00:00Z,scheduled,nhl-mtl,nhl-nsh,MTL,NSH,,,Bridgestone Arena,,N,1
2026020750,20262027,regular,2027-01-14,2027-01-15T01:00:00Z,scheduled,nhl-sjs,nhl-cgy,SJS,CGY,,,Scotiabank Saddledome,,N,1
2026020751,20262027,regular,2027-01-14,2027-01-15T02:30:00Z,scheduled,nhl-fla,nhl-min,FLA,MIN,,,Grand Casino Arena,,N,1
2026020752,20262027,regular,2027-01-14,2027-01-15T02:00:00Z,scheduled,nhl-sea,nhl-van,SEA,VAN,,,Rogers Arena,,N,1
2026020753,20262027,regular,2027-01-14,2027-01-15T03:00:00Z,scheduled,nhl-stl,nhl-ana,STL,ANA,,,Honda Center,,N,1
2026020754,20262027,regular,2027-01-15,2027-01-16T00:00:00Z,scheduled,nhl-dal,nhl-nyi,DAL,NYI,,,UBS Arena,,N,1
2026020755,20262027,regular,2027-01-15,2027-01-16T00:00:00Z,scheduled,nhl-phi,nhl-car,PHI,CAR,,,Lenovo Center,,N,1
2026020756,20262027,regular,2027-01-15,2027-01-16T01:00:00Z,scheduled,nhl-cbj,nhl-edm,CBJ,EDM,,,Rogers Place,,N,1
2026020757,20262027,regular,2027-01-15,2027-01-16T02:00:00Z,scheduled,nhl-lak,nhl-uta,LAK,UTA,,,Delta Center,,N,1
2026020758,20262027,regular,2027-01-16,2027-01-16T17:00:00Z,scheduled,nhl-bos,nhl-nyr,BOS,NYR,,,Madison Square Garden,,N,1
2026020759,20262027,regular,2027-01-16,2027-01-16T20:30:00Z,scheduled,nhl-ott,nhl-tbl,OTT,TBL,,,Benchmark International Arena,,N,1
2026020760,20262027,regular,2027-01-16,2027-01-16T23:00:00Z,scheduled,nhl-vgk,nhl-fla,VGK,FLA,,,Amerant Bank Arena,,N,1
2026020761,20262027,regular,2027-01-16,2027-01-17T00:00:00Z,scheduled,nhl-nsh,nhl-buf,NSH,BUF,,,KeyBank Center,,N,1
2026020762,20262027,regular,2027-01-16,2027-01-17T00:00:00Z,scheduled,nhl-pit,nhl-tor,PIT,TOR,,,Scotiabank Arena,,N,1
2026020763,20262027,regular,2027-01-16,2027-01-17T00:00:00Z,scheduled,nhl-nyi,nhl-njd,NYI,NJD,,,Prudential Center,,N,1
2026020764,20262027,regular,2027-01-16,2027-01-17T00:00:00Z,scheduled,nhl-mtl,nhl-phi,MTL,PHI,,,Xfinity Mobile Arena,,N,1
2026020765,20262027,regular,2027-01-16,2027-01-17T00:00:00Z,scheduled,nhl-col,nhl-wsh,COL,WSH,,,Capital One Arena,,N,1
2026020766,20262027,regular,2027-01-16,2027-01-17T00:00:00Z,scheduled,nhl-det,nhl-chi,DET,CHI,,,United Center,,N,1
2026020767,20262027,regular,2027-01-16,2027-01-17T00:00:00Z,scheduled,nhl-min,nhl-stl,MIN,STL,,,Enterprise Center,,N,1
2026020768,20262027,regular,2027-01-16,2027-01-17T00:00:00Z,scheduled,nhl-ana,nhl-wpg,ANA,WPG,,,Canada Life Centre,,N,1
2026020769,20262027,regular,2027-01-16,2027-01-17T03:00:00Z,scheduled,nhl-lak,nhl-cgy,LAK,CGY,,,Scotiabank Saddledome,,N,1
2026020770,20262027,regular,2027-01-16,2027-01-17T03:00:00Z,scheduled,nhl-cbj,nhl-van,CBJ,VAN,,,Rogers Arena,,N,1
2026020771,20262027,regular,2027-01-16,2027-01-17T03:00:00Z,scheduled,nhl-sjs,nhl-sea,SJS,SEA,,,Climate Pledge Arena,,N,1
2026020772,20262027,regular,2027-01-17,2027-01-17T22:00:00Z,scheduled,nhl-min,nhl-det,MIN,DET,,,Little Caesars Arena,,N,1
2026020773,20262027,regular,2027-01-17,2027-01-17T23:00:00Z,scheduled,nhl-dal,nhl-nyr,DAL,NYR,,,Madison Square Garden,,N,1
2026020774,20262027,regular,2027-01-17,2027-01-17T23:00:00Z,scheduled,nhl-vgk,nhl-car,VGK,CAR,,,Lenovo Center,,N,1
2026020775,20262027,regular,2027-01-17,2027-01-18T00:00:00Z,scheduled,nhl-wpg,nhl-edm,WPG,EDM,,,Rogers Place,,N,1
2026020776,20262027,regular,2027-01-18,2027-01-18T19:00:00Z,scheduled,nhl-mtl,nhl-buf,MTL,BUF,,,KeyBank Center,,N,1
2026020777,20262027,regular,2027-01-18,2027-01-18T18:30:00Z,scheduled,nhl-tbl,nhl-bos,TBL,BOS,,,TD Garden,,N,1
2026020778,20262027,regular,2027-01-18,2027-01-18T20:00:00Z,scheduled,nhl-nsh,nhl-nyi,NSH,NYI,,,UBS Arena,,N,1
2026020779,20262027,regular,2027-01-18,2027-01-18T20:00:00Z,scheduled,nhl-van,nhl-col,VAN,COL,,,Ball Arena,,N,1
2026020780,20262027,regular,2027-01-18,2027-01-18T21:00:00Z,scheduled,nhl-wsh,nhl-pit,WSH,PIT,,,PPG Paints Arena,,N,1
2026020781,20262027,regular,2027-01-18,2027-01-18T21:00:00Z,scheduled,nhl-uta,nhl-sjs,UTA,SJS,,,SAP Center at San Jose,,N,1
2026020782,20262027,regular,2027-01-18,2027-01-18T21:00:00Z,scheduled,nhl-cbj,nhl-sea,CBJ,SEA,,,Climate Pledge Arena,,N,1
2026020783,20262027,regular,2027-01-18,2027-01-19T00:30:00Z,scheduled,nhl-stl,nhl-tor,STL,TOR,,,Scotiabank Arena,,N,1
2026020784,20262027,regular,2027-01-18,2027-01-19T00:30:00Z,scheduled,nhl-ott,nhl-fla,OTT,FLA,,,Amerant Bank Arena,,N,1
2026020785,20262027,regular,2027-01-18,2027-01-19T01:30:00Z,scheduled,nhl-cgy,nhl-chi,CGY,CHI,,,United Center,,N,1
2026020786,20262027,regular,2027-01-19,2027-01-20T00:00:00Z,scheduled,nhl-ana,nhl-det,ANA,DET,,,Little Caesars Arena,,N,1
2026020787,20262027,regular,2027-01-19,2027-01-20T00:00:00Z,scheduled,nhl-dal,nhl-njd,DAL,NJD,,,Prudential Center,,N,1
2026020788,20262027,regular,2027-01-19,2027-01-20T00:00:00Z,scheduled,nhl-phi,nhl-nyr,PHI,NYR,,,Madison Square Garden,,N,1
2026020789,20262027,regular,2027-01-19,2027-01-20T00:00:00Z,scheduled,nhl-mtl,nhl-wsh,MTL,WSH,,,Capital One Arena,,N,1
2026020790,20262027,regular,2027-01-19,2027-01-20T01:00:00Z,scheduled,nhl-min,nhl-wpg,MIN,WPG,,,Canada Life Centre,,N,1
2026020791,20262027,regular,2027-01-19,2027-01-20T03:00:00Z,scheduled,nhl-sea,nhl-lak,SEA,LAK,,,Crypto.com Arena,,N,1
2026020792,20262027,regular,2027-01-20,2027-01-20T19:00:00Z,scheduled,nhl-van,nhl-nsh,VAN,NSH,,,Bridgestone Arena,,N,1
2026020793,20262027,regular,2027-01-20,2027-01-21T00:00:00Z,scheduled,nhl-buf,nhl-nyi,BUF,NYI,,,UBS Arena,,N,1
2026020794,20262027,regular,2027-01-20,2027-01-21T00:30:00Z,scheduled,nhl-tor,nhl-ott,TOR,OTT,,,Canadian Tire Centre,,N,1
2026020795,20262027,regular,2027-01-20,2027-01-21T02:00:00Z,scheduled,nhl-bos,nhl-col,BOS,COL,,,Ball Arena,,N,1
2026020796,20262027,regular,2027-01-20,2027-01-21T00:30:00Z,scheduled,nhl-dal,nhl-chi,DAL,CHI,,,United Center,,N,1
2026020797,20262027,regular,2027-01-20,2027-01-21T03:00:00Z,scheduled,nhl-edm,nhl-vgk,EDM,VGK,,,T-Mobile Arena,,N,1
2026020798,20262027,regular,2027-01-21,2027-01-22T00:00:00Z,scheduled,nhl-sea,nhl-buf,SEA,BUF,,,KeyBank Center,,N,1
2026020799,20262027,regular,2027-01-21,2027-01-22T00:00:00Z,scheduled,nhl-stl,nhl-mtl,STL,MTL,,,Centre Bell,,N,1
2026020800,20262027,regular,2027-01-21,2027-01-22T00:00:00Z,scheduled,nhl-car,nhl-fla,CAR,FLA,,,Amerant Bank Arena,,N,1
2026020801,20262027,regular,2027-01-21,2027-01-22T00:00:00Z,scheduled,nhl-tbl,nhl-njd,TBL,NJD,,,Prudential Center,,N,1
2026020802,20262027,regular,2027-01-21,2027-01-22T00:00:00Z,scheduled,nhl-nsh,nhl-phi,NSH,PHI,,,Xfinity Mobile Arena,,N,1
2026020803,20262027,regular,2027-01-21,2027-01-22T00:00:00Z,scheduled,nhl-ana,nhl-pit,ANA,PIT,,,PPG Paints Arena,,N,1
2026020804,20262027,regular,2027-01-21,2027-01-22T00:00:00Z,scheduled,nhl-cgy,nhl-cbj,CGY,CBJ,,,Nationwide Arena,,N,1
2026020805,20262027,regular,2027-01-21,2027-01-22T01:00:00Z,scheduled,nhl-nyr,nhl-wpg,NYR,WPG,,,Canada Life Centre,,N,1
2026020806,20262027,regular,2027-01-21,2027-01-22T02:00:00Z,scheduled,nhl-det,nhl-min,DET,MIN,,,Grand Casino Arena,,N,1
2026020807,20262027,regular,2027-01-21,2027-01-22T03:00:00Z,scheduled,nhl-edm,nhl-lak,EDM,LAK,,,Crypto.com Arena,,N,1
2026020808,20262027,regular,2027-01-22,2027-01-23T00:00:00Z,scheduled,nhl-nyi,nhl-wsh,NYI,WSH,,,Capital One Arena,,N,1
2026020809,20262027,regular,2027-01-22,2027-01-23T01:00:00Z,scheduled,nhl-van,nhl-chi,VAN,CHI,,,United Center,,N,1
2026020810,20262027,regular,2027-01-22,2027-01-23T01:00:00Z,scheduled,nhl-col,nhl-dal,COL,DAL,,,American Airlines Center,,N,1
2026020811,20262027,regular,2027-01-22,2027-01-23T03:00:00Z,scheduled,nhl-bos,nhl-vgk,BOS,VGK,,,T-Mobile Arena,,N,1
2026020812,20262027,regular,2027-01-23,2027-01-23T17:30:00Z,scheduled,nhl-tbl,nhl-det,TBL,DET,,,Little Caesars Arena,,N,1
2026020813,20262027,regular,2027-01-23,2027-01-23T20:30:00Z,scheduled,nhl-cbj,nhl-ott,CBJ,OTT,,,Canadian Tire Centre,,N,1
2026020814,20262027,regular,2027-01-23,2027-01-23T22:00:00Z,scheduled,nhl-lak,nhl-nsh,LAK,NSH,,,Bridgestone Arena,,N,1
2026020815,20262027,regular,2027-01-23,2027-01-24T00:00:00Z,scheduled,nhl-cgy,nhl-mtl,CGY,MTL,,,Centre Bell,,N,1
2026020816,20262027,regular,2027-01-23,2027-01-24T00:00:00Z,scheduled,nhl-van,nhl-pit,VAN,PIT,,,PPG Paints Arena,,N,1
2026020817,20262027,regular,2027-01-23,2027-01-24T00:00:00Z,scheduled,nhl-ana,nhl-car,ANA,CAR,,,Lenovo Center,,N,1
2026020818,20262027,regular,2027-01-23,2027-01-24T00:00:00Z,scheduled,nhl-tor,nhl-stl,TOR,STL,,,Enterprise Center,,N,1
2026020819,20262027,regular,2027-01-23,2027-01-24T00:30:00Z,scheduled,nhl-sea,nhl-nyi,SEA,NYI,,,UBS Arena,,N,1
2026020820,20262027,regular,2027-01-23,2027-01-24T00:30:00Z,scheduled,nhl-njd,nhl-phi,NJD,PHI,,,Xfinity Mobile Arena,,N,1
2026020821,20262027,regular,2027-01-23,2027-01-24T01:00:00Z,scheduled,nhl-nyr,nhl-min,NYR,MIN,,,Grand Casino Arena,,N,1
2026020822,20262027,regular,2027-01-23,2027-01-24T02:00:00Z,scheduled,nhl-bos,nhl-uta,BOS,UTA,,,Delta Center,,N,1
2026020823,20262027,regular,2027-01-23,2027-01-24T03:00:00Z,scheduled,nhl-edm,nhl-sjs,EDM,SJS,,,SAP Center at San Jose,,N,1
2026020824,20262027,regular,2027-01-24,2027-01-24T20:00:00Z,scheduled,nhl-buf,nhl-wpg,BUF,WPG,,,Canada Life Centre,,N,1
2026020825,20262027,regular,2027-01-24,2027-01-24T22:00:00Z,scheduled,nhl-ana,nhl-cbj,ANA,CBJ,,,Nationwide Arena,,N,1
2026020826,20262027,regular,2027-01-24,2027-01-24T22:00:00Z,scheduled,nhl-dal,nhl-col,DAL,COL,,,Ball Arena,,N,1
2026020827,20262027,regular,2027-01-24,2027-01-24T23:00:00Z,scheduled,nhl-lak,nhl-fla,LAK,FLA,,,Amerant Bank Arena,,N,1
2026020828,20262027,regular,2027-01-24,2027-01-25T00:00:00Z,scheduled,nhl-wsh,nhl-njd,WSH,NJD,,,Prudential Center,,N,1
2026020829,20262027,regular,2027-01-24,2027-01-25T00:00:00Z,scheduled,nhl-vgk,nhl-chi,VGK,CHI,,,United Center,,N,1
2026020830,20262027,regular,2027-01-25,2027-01-26T00:00:00Z,scheduled,nhl-pit,nhl-det,PIT,DET,,,Little Caesars Arena,,N,1
2026020831,20262027,regular,2027-01-25,2027-01-26T00:00:00Z,scheduled,nhl-sea,nhl-nyr,SEA,NYR,,,Madison Square Garden,,N,1
2026020832,20262027,regular,2027-01-25,2027-01-26T00:30:00Z,scheduled,nhl-car,nhl-ott,CAR,OTT,,,Canadian Tire Centre,,N,1
2026020833,20262027,regular,2027-01-25,2027-01-26T02:00:00Z,scheduled,nhl-min,nhl-uta,MIN,UTA,,,Delta Center,,N,1
2026020834,20262027,regular,2027-01-26,2027-01-27T00:00:00Z,scheduled,nhl-cbj,nhl-bos,CBJ,BOS,,,TD Garden,,N,1
2026020835,20262027,regular,2027-01-26,2027-01-27T00:00:00Z,scheduled,nhl-cgy,nhl-tor,CGY,TOR,,,Scotiabank Arena,,N,1
2026020836,20262027,regular,2027-01-26,2027-01-27T00:00:00Z,scheduled,nhl-car,nhl-mtl,CAR,MTL,,,Centre Bell,,N,1
2026020837,20262027,regular,2027-01-26,2027-01-27T00:00:00Z,scheduled,nhl-lak,nhl-tbl,LAK,TBL,,,Benchmark International Arena,,N,1
2026020838,20262027,regular,2027-01-26,2027-01-27T00:00:00Z,scheduled,nhl-sea,nhl-njd,SEA,NJD,,,Prudential Center,,N,1
2026020839,20262027,regular,2027-01-26,2027-01-27T00:00:00Z,scheduled,nhl-fla,nhl-phi,FLA,PHI,,,Xfinity Mobile Arena,,N,1
2026020840,20262027,regular,2027-01-26,2027-01-27T00:00:00Z,scheduled,nhl-nyi,nhl-pit,NYI,PIT,,,PPG Paints Arena,,N,1
2026020841,20262027,regular,2027-01-26,2027-01-27T01:00:00Z,scheduled,nhl-chi,nhl-stl,CHI,STL,,,Enterprise Center,,N,1
2026020842,20262027,regular,2027-01-26,2027-01-27T01:00:00Z,scheduled,nhl-vgk,nhl-nsh,VGK,NSH,,,Bridgestone Arena,,N,1
2026020843,20262027,regular,2027-01-26,2027-01-27T01:00:00Z,scheduled,nhl-ana,nhl-dal,ANA,DAL,,,American Airlines Center,,N,1
2026020844,20262027,regular,2027-01-26,2027-01-27T01:00:00Z,scheduled,nhl-van,nhl-min,VAN,MIN,,,Grand Casino Arena,,N,1
2026020845,20262027,regular,2027-01-26,2027-01-27T02:00:00Z,scheduled,nhl-edm,nhl-col,EDM,COL,,,Ball Arena,,N,1
2026020846,20262027,regular,2027-01-27,2027-01-28T00:30:00Z,scheduled,nhl-tor,nhl-det,TOR,DET,,,Little Caesars Arena,,N,1
2026020847,20262027,regular,2027-01-27,2027-01-28T00:30:00Z,scheduled,nhl-fla,nhl-nyr,FLA,NYR,,,Madison Square Garden,,N,1
2026020848,20262027,regular,2027-01-27,2027-01-28T02:00:00Z,scheduled,nhl-buf,nhl-uta,BUF,UTA,,,Delta Center,,N,1
2026020849,20262027,regular,2027-01-28,2027-01-29T00:00:00Z,scheduled,nhl-bos,nhl-ott,BOS,OTT,,,Canadian Tire Centre,,N,1
2026020850,20262027,regular,2027-01-28,2027-01-29T00:30:00Z,scheduled,nhl-lak,nhl-phi,LAK,PHI,,,Xfinity Mobile Arena,,N,1
2026020851,20262027,regular,2027-01-28,2027-01-28T23:30:00Z,scheduled,nhl-nyi,nhl-car,NYI,CAR,,,Lenovo Center,,N,1
2026020852,20262027,regular,2027-01-28,2027-01-29T00:00:00Z,scheduled,nhl-wpg,nhl-cbj,WPG,CBJ,,,Nationwide Arena,,N,1
2026020853,20262027,regular,2027-01-28,2027-01-29T01:00:00Z,scheduled,nhl-col,nhl-stl,COL,STL,,,Enterprise Center,,N,1
2026020854,20262027,regular,2027-01-28,2027-01-29T01:00:00Z,scheduled,nhl-van,nhl-dal,VAN,DAL,,,American Airlines Center,,N,1
2026020855,20262027,regular,2027-01-28,2027-01-29T01:00:00Z,scheduled,nhl-mtl,nhl-cgy,MTL,CGY,,,Scotiabank Saddledome,,N,1
2026020856,20262027,regular,2027-01-28,2027-01-29T01:00:00Z,scheduled,nhl-njd,nhl-edm,NJD,EDM,,,Rogers Place,,N,1
2026020857,20262027,regular,2027-01-28,2027-01-29T02:00:00Z,scheduled,nhl-sea,nhl-min,SEA,MIN,,,Grand Casino Arena,,N,1
2026020858,20262027,regular,2027-01-28,2027-01-29T03:00:00Z,scheduled,nhl-buf,nhl-vgk,BUF,VGK,,,T-Mobile Arena,,N,1
2026020859,20262027,regular,2027-01-28,2027-01-29T03:00:00Z,scheduled,nhl-chi,nhl-ana,CHI,ANA,,,Honda Center,,N,1
2026020860,20262027,regular,2027-01-28,2027-01-29T03:00:00Z,scheduled,nhl-nsh,nhl-sjs,NSH,SJS,,,SAP Center at San Jose,,N,1
2026020861,20262027,regular,2027-01-29,2027-01-30T00:00:00Z,scheduled,nhl-fla,nhl-det,FLA,DET,,,Little Caesars Arena,,N,1
2026020862,20262027,regular,2027-01-29,2027-01-30T00:00:00Z,scheduled,nhl-nyr,nhl-pit,NYR,PIT,,,PPG Paints Arena,,N,1
2026020863,20262027,regular,2027-01-29,2027-01-30T02:00:00Z,scheduled,nhl-wsh,nhl-uta,WSH,UTA,,,Delta Center,,N,1
2026020864,20262027,regular,2027-01-30,2027-01-30T18:00:00Z,scheduled,nhl-wpg,nhl-phi,WPG,PHI,,,Xfinity Mobile Arena,,N,1
2026020865,20262027,regular,2027-01-30,2027-01-30T20:30:00Z,scheduled,nhl-van,nhl-stl,VAN,STL,,,Enterprise Center,,N,1
2026020866,20262027,regular,2027-01-30,2027-01-30T20:30:00Z,scheduled,nhl-njd,nhl-cgy,NJD,CGY,,,Scotiabank Saddledome,,N,1
2026020867,20262027,regular,2027-01-30,2027-01-30T21:00:00Z,scheduled,nhl-chi,nhl-sjs,CHI,SJS,,,SAP Center at San Jose,,N,1
2026020868,20262027,regular,2027-01-30,2027-01-30T22:00:00Z,scheduled,nhl-buf,nhl-col,BUF,COL,,,Ball Arena,,N,1
2026020869,20262027,regular,2027-01-30,2027-01-31T00:00:00Z,scheduled,nhl-tor,nhl-bos,TOR,BOS,,,TD Garden,,N,1
2026020870,20262027,regular,2027-01-30,2027-01-31T00:00:00Z,scheduled,nhl-nyr,nhl-ott,NYR,OTT,,,Canadian Tire Centre,,N,1
2026020871,20262027,regular,2027-01-30,2027-01-31T00:00:00Z,scheduled,nhl-nyi,nhl-tbl,NYI,TBL,,,Benchmark International Arena,,N,1
2026020872,20262027,regular,2027-01-30,2027-01-31T00:00:00Z,scheduled,nhl-lak,nhl-car,LAK,CAR,,,Lenovo Center,,N,1
2026020873,20262027,regular,2027-01-30,2027-01-31T00:00:00Z,scheduled,nhl-det,nhl-cbj,DET,CBJ,,,Nationwide Arena,,N,1
2026020874,20262027,regular,2027-01-30,2027-01-31T00:00:00Z,scheduled,nhl-mtl,nhl-edm,MTL,EDM,,,Rogers Place,,N,1
2026020875,20262027,regular,2027-01-30,2027-01-31T02:00:00Z,scheduled,nhl-dal,nhl-min,DAL,MIN,,,Grand Casino Arena,,N,1
2026020876,20262027,regular,2027-01-30,2027-01-31T03:00:00Z,scheduled,nhl-wsh,nhl-vgk,WSH,VGK,,,T-Mobile Arena,,N,1
2026020877,20262027,regular,2027-01-30,2027-01-31T03:00:00Z,scheduled,nhl-nsh,nhl-ana,NSH,ANA,,,Honda Center,,N,1
2026020878,20262027,regular,2027-01-31,2027-01-31T17:00:00Z,scheduled,nhl-phi,nhl-pit,PHI,PIT,,,PPG Paints Arena,,N,1
2026020879,20262027,regular,2027-01-31,2027-01-31T21:00:00Z,scheduled,nhl-njd,nhl-sea,NJD,SEA,,,Climate Pledge Arena,,N,1
2026020880,20262027,regular,2027-01-31,2027-02-01T01:00:00Z,scheduled,nhl-nsh,nhl-uta,NSH,UTA,,,Delta Center,,N,1
2026020881,20262027,regular,2027-02-01,2027-02-01T19:00:00Z,scheduled,nhl-nyi,nhl-fla,NYI,FLA,,,Amerant Bank Arena,,N,1
2026020882,20262027,regular,2027-02-01,2027-02-02T00:30:00Z,scheduled,nhl-vgk,nhl-cgy,VGK,CGY,,,Scotiabank Saddledome,,N,1
2026020883,20262027,regular,2027-02-01,2027-02-02T01:30:00Z,scheduled,nhl-mtl,nhl-van,MTL,VAN,,,Rogers Arena,,N,1
2026020884,20262027,regular,2027-02-02,2027-02-02T23:00:00Z,scheduled,nhl-wpg,nhl-wsh,WPG,WSH,,,Capital One Arena,,N,1
2026020885,20262027,regular,2027-02-02,2027-02-03T00:00:00Z,scheduled,nhl-tbl,nhl-pit,TBL,PIT,,,PPG Paints Arena,,N,1
2026020886,20262027,regular,2027-02-02,2027-02-03T02:00:00Z,scheduled,nhl-nsh,nhl-uta,NSH,UTA,,,Delta Center,,N,1
2026020887,20262027,regular,2027-02-03,2027-02-04T00:00:00Z,scheduled,nhl-nyi,nhl-buf,NYI,BUF,,,KeyBank Center,,N,1
2026020888,20262027,regular,2027-02-03,2027-02-04T00:00:00Z,scheduled,nhl-wsh,nhl-fla,WSH,FLA,,,Amerant Bank Arena,,N,1
2026020889,20262027,regular,2027-02-03,2027-02-04T00:30:00Z,scheduled,nhl-wpg,nhl-nyr,WPG,NYR,,,Madison Square Garden,,N,1
2026020890,20262027,regular,2027-02-03,2027-02-04T00:30:00Z,scheduled,nhl-tbl,nhl-phi,TBL,PHI,,,Xfinity Mobile Arena,,N,1
2026020891,20262027,regular,2027-02-03,2027-02-04T02:00:00Z,scheduled,nhl-uta,nhl-cgy,UTA,CGY,,,Scotiabank Saddledome,,N,1
2026020892,20262027,regular,2027-02-03,2027-02-04T02:00:00Z,scheduled,nhl-vgk,nhl-edm,VGK,EDM,,,Rogers Place,,N,1
2026020893,20262027,regular,2027-02-03,2027-02-04T02:00:00Z,scheduled,nhl-njd,nhl-van,NJD,VAN,,,Rogers Arena,,N,1
2026020894,20262027,regular,2027-02-03,2027-02-04T02:40:00Z,scheduled,nhl-mtl,nhl-sea,MTL,SEA,,,Climate Pledge Arena,,N,1
2026020895,20262027,regular,2027-02-08,2027-02-09T00:30:00Z,scheduled,nhl-cbj,nhl-tor,CBJ,TOR,,,Scotiabank Arena,,N,1
2026020896,20262027,regular,2027-02-08,2027-02-09T01:00:00Z,scheduled,nhl-lak,nhl-dal,LAK,DAL,,,American Airlines Center,,N,1
2026020897,20262027,regular,2027-02-09,2027-02-10T00:00:00Z,scheduled,nhl-cbj,nhl-ott,CBJ,OTT,,,Canadian Tire Centre,,N,1
2026020898,20262027,regular,2027-02-09,2027-02-10T00:30:00Z,scheduled,nhl-col,nhl-car,COL,CAR,,,Lenovo Center,,N,1
2026020899,20262027,regular,2027-02-09,2027-02-10T01:00:00Z,scheduled,nhl-lak,nhl-stl,LAK,STL,,,Enterprise Center,,N,1
2026020900,20262027,regular,2027-02-09,2027-02-10T03:00:00Z,scheduled,nhl-det,nhl-ana,DET,ANA,,,Honda Center,,N,1
2026020901,20262027,regular,2027-02-10,2027-02-11T00:30:00Z,scheduled,nhl-bos,nhl-tor,BOS,TOR,,,Scotiabank Arena,,N,1
2026020902,20262027,regular,2027-02-10,2027-02-11T03:00:00Z,scheduled,nhl-chi,nhl-sjs,CHI,SJS,,,SAP Center at San Jose,,N,1
2026020903,20262027,regular,2027-02-11,2027-02-12T00:00:00Z,scheduled,nhl-ott,nhl-cbj,OTT,CBJ,,,Nationwide Arena,,N,1
2026020904,20262027,regular,2027-02-11,2027-02-12T00:30:00Z,scheduled,nhl-min,nhl-car,MIN,CAR,,,Lenovo Center,,N,1
2026020905,20262027,regular,2027-02-11,2027-02-12T03:00:00Z,scheduled,nhl-chi,nhl-ana,CHI,ANA,,,Honda Center,,N,1
2026020906,20262027,regular,2027-02-11,2027-02-12T03:00:00Z,scheduled,nhl-det,nhl-lak,DET,LAK,,,Crypto.com Arena,,N,1
2026020907,20262027,regular,2027-02-12,2027-02-13T00:00:00Z,scheduled,nhl-dal,nhl-tbl,DAL,TBL,,,Benchmark International Arena,,N,1
2026020908,20262027,regular,2027-02-12,2027-02-13T00:00:00Z,scheduled,nhl-col,nhl-fla,COL,FLA,,,Amerant Bank Arena,,N,1
2026020909,20262027,regular,2027-02-12,2027-02-13T00:00:00Z,scheduled,nhl-nyi,nhl-nyr,NYI,NYR,,,Madison Square Garden,,N,1
2026020910,20262027,regular,2027-02-12,2027-02-13T01:00:00Z,scheduled,nhl-stl,nhl-edm,STL,EDM,,,Rogers Place,,N,1
2026020911,20262027,regular,2027-02-12,2027-02-13T02:00:00Z,scheduled,nhl-cgy,nhl-uta,CGY,UTA,,,Delta Center,,N,1
2026020912,20262027,regular,2027-02-13,2027-02-13T18:00:00Z,scheduled,nhl-wsh,nhl-mtl,WSH,MTL,,,Centre Bell,,N,1
2026020913,20262027,regular,2027-02-13,2027-02-13T18:00:00Z,scheduled,nhl-ana,nhl-nsh,ANA,NSH,,,Bridgestone Arena,,N,1
2026020914,20262027,regular,2027-02-13,2027-02-13T21:00:00Z,scheduled,nhl-det,nhl-sjs,DET,SJS,,,SAP Center at San Jose,,N,1
2026020915,20262027,regular,2027-02-13,2027-02-13T23:00:00Z,scheduled,nhl-dal,nhl-fla,DAL,FLA,,,Amerant Bank Arena,,N,1
2026020916,20262027,regular,2027-02-13,2027-02-13T23:00:00Z,scheduled,nhl-chi,nhl-lak,CHI,LAK,,,Crypto.com Arena,,N,1
2026020917,20262027,regular,2027-02-13,2027-02-14T00:00:00Z,scheduled,nhl-cbj,nhl-bos,CBJ,BOS,,,TD Garden,,N,1
2026020918,20262027,regular,2027-02-13,2027-02-14T00:00:00Z,scheduled,nhl-tor,nhl-ott,TOR,OTT,,,Canadian Tire Centre,,N,1
2026020919,20262027,regular,2027-02-13,2027-02-14T00:00:00Z,scheduled,nhl-col,nhl-tbl,COL,TBL,,,Benchmark International Arena,,N,1
2026020920,20262027,regular,2027-02-13,2027-02-14T00:00:00Z,scheduled,nhl-min,nhl-nyi,MIN,NYI,,,UBS Arena,,N,1
2026020921,20262027,regular,2027-02-13,2027-02-14T00:00:00Z,scheduled,nhl-buf,nhl-car,BUF,CAR,,,Lenovo Center,,N,1
2026020922,20262027,regular,2027-02-13,2027-02-14T00:00:00Z,scheduled,nhl-pit,nhl-edm,PIT,EDM,,,Rogers Place,,N,1
2026020923,20262027,regular,2027-02-13,2027-02-14T00:30:00Z,scheduled,nhl-njd,nhl-phi,NJD,PHI,,,Xfinity Mobile Arena,,N,1
2026020924,20262027,regular,2027-02-13,2027-02-14T03:00:00Z,scheduled,nhl-wpg,nhl-van,WPG,VAN,,,Rogers Arena,,N,1
2026020925,20262027,regular,2027-02-13,2027-02-14T03:00:00Z,scheduled,nhl-cgy,nhl-vgk,CGY,VGK,,,T-Mobile Arena,,N,1
2026020926,20262027,regular,2027-02-13,2027-02-14T03:00:00Z,scheduled,nhl-stl,nhl-sea,STL,SEA,,,Climate Pledge Arena,,N,1
2026020927,20262027,regular,2027-02-14,2027-02-14T18:00:00Z,scheduled,nhl-nyr,nhl-mtl,NYR,MTL,,,Centre Bell,,N,1
2026020928,20262027,regular,2027-02-14,2027-02-14T18:00:00Z,scheduled,nhl-uta,nhl-wsh,UTA,WSH,,,Capital One Arena,,N,1
2026020929,20262027,regular,2027-02-15,2027-02-15T19:00:00Z,scheduled,nhl-ana,nhl-bos,ANA,BOS,,,TD Garden,,N,1
2026020930,20262027,regular,2027-02-15,2027-02-15T20:00:00Z,scheduled,nhl-uta,nhl-nyi,UTA,NYI,,,UBS Arena,,N,1
2026020931,20262027,regular,2027-02-15,2027-02-15T23:00:00Z,scheduled,nhl-buf,nhl-nyr,BUF,NYR,,,Madison Square Garden,,N,1
2026020932,20262027,regular,2027-02-15,2027-02-15T20:00:00Z,scheduled,nhl-cbj,nhl-col,CBJ,COL,,,Ball Arena,,N,1
2026020933,20262027,regular,2027-02-15,2027-02-15T21:00:00Z,scheduled,nhl-pit,nhl-sea,PIT,SEA,,,Climate Pledge Arena,,N,1
2026020934,20262027,regular,2027-02-15,2027-02-16T00:30:00Z,scheduled,nhl-ott,nhl-min,OTT,MIN,,,Grand Casino Arena,,N,1
2026020935,20262027,regular,2027-02-15,2027-02-16T00:30:00Z,scheduled,nhl-wpg,nhl-sjs,WPG,SJS,,,SAP Center at San Jose,,N,1
2026020936,20262027,regular,2027-02-15,2027-02-16T01:00:00Z,scheduled,nhl-phi,nhl-stl,PHI,STL,,,Enterprise Center,,N,1
2026020937,20262027,regular,2027-02-15,2027-02-16T03:00:00Z,scheduled,nhl-det,nhl-vgk,DET,VGK,,,T-Mobile Arena,,N,1
2026020938,20262027,regular,2027-02-15,2027-02-16T03:00:00Z,scheduled,nhl-cgy,nhl-lak,CGY,LAK,,,Crypto.com Arena,,N,1
2026020939,20262027,regular,2027-02-16,2027-02-17T00:00:00Z,scheduled,nhl-car,nhl-tor,CAR,TOR,,,Scotiabank Arena,,N,1
2026020940,20262027,regular,2027-02-16,2027-02-17T00:30:00Z,scheduled,nhl-fla,nhl-tbl,FLA,TBL,,,Benchmark International Arena,,N,1
2026020941,20262027,regular,2027-02-16,2027-02-17T00:00:00Z,scheduled,nhl-ana,nhl-wsh,ANA,WSH,,,Capital One Arena,,N,1
2026020942,20262027,regular,2027-02-16,2027-02-17T01:00:00Z,scheduled,nhl-njd,nhl-nsh,NJD,NSH,,,Bridgestone Arena,,N,1
2026020943,20262027,regular,2027-02-16,2027-02-17T01:00:00Z,scheduled,nhl-min,nhl-dal,MIN,DAL,,,American Airlines Center,,N,1
2026020944,20262027,regular,2027-02-16,2027-02-17T02:00:00Z,scheduled,nhl-pit,nhl-van,PIT,VAN,,,Rogers Arena,,N,1
2026020945,20262027,regular,2027-02-17,2027-02-18T00:30:00Z,scheduled,nhl-stl,nhl-chi,STL,CHI,,,United Center,,N,1
2026020946,20262027,regular,2027-02-17,2027-02-18T00:30:00Z,scheduled,nhl-lak,nhl-wpg,LAK,WPG,,,Canada Life Centre,,N,1
2026020947,20262027,regular,2027-02-17,2027-02-18T02:00:00Z,scheduled,nhl-cbj,nhl-uta,CBJ,UTA,,,Delta Center,,N,1
2026020948,20262027,regular,2027-02-17,2027-02-18T02:00:00Z,scheduled,nhl-bos,nhl-cgy,BOS,CGY,,,Scotiabank Saddledome,,N,1
2026020949,20262027,regular,2027-02-17,2027-02-18T01:30:00Z,scheduled,nhl-col,nhl-edm,COL,EDM,,,Rogers Place,,N,1
2026020950,20262027,regular,2027-02-17,2027-02-18T02:40:00Z,scheduled,nhl-ott,nhl-sea,OTT,SEA,,,Climate Pledge Arena,,N,1
2026020951,20262027,regular,2027-02-18,2027-02-19T00:00:00Z,scheduled,nhl-car,nhl-buf,CAR,BUF,,,KeyBank Center,,N,1
2026020952,20262027,regular,2027-02-18,2027-02-19T00:00:00Z,scheduled,nhl-mtl,nhl-det,MTL,DET,,,Little Caesars Arena,,N,1
2026020953,20262027,regular,2027-02-18,2027-02-19T00:00:00Z,scheduled,nhl-ana,nhl-tbl,ANA,TBL,,,Benchmark International Arena,,N,1
2026020954,20262027,regular,2027-02-18,2027-02-19T00:00:00Z,scheduled,nhl-njd,nhl-fla,NJD,FLA,,,Amerant Bank Arena,,N,1
2026020955,20262027,regular,2027-02-18,2027-02-19T00:00:00Z,scheduled,nhl-nyr,nhl-nyi,NYR,NYI,,,UBS Arena,,N,1
2026020956,20262027,regular,2027-02-18,2027-02-19T01:00:00Z,scheduled,nhl-tor,nhl-nsh,TOR,NSH,,,Bridgestone Arena,,N,1
2026020957,20262027,regular,2027-02-18,2027-02-19T02:00:00Z,scheduled,nhl-phi,nhl-dal,PHI,DAL,,,American Airlines Center,,N,1
2026020958,20262027,regular,2027-02-18,2027-02-19T01:00:00Z,scheduled,nhl-lak,nhl-min,LAK,MIN,,,Grand Casino Arena,,N,1
2026020959,20262027,regular,2027-02-18,2027-02-19T02:00:00Z,scheduled,nhl-ott,nhl-van,OTT,VAN,,,Rogers Arena,,N,1
2026020960,20262027,regular,2027-02-18,2027-02-19T03:00:00Z,scheduled,nhl-cbj,nhl-vgk,CBJ,VGK,,,T-Mobile Arena,,N,1
2026020961,20262027,regular,2027-02-19,2027-02-20T00:00:00Z,scheduled,nhl-sjs,nhl-wsh,SJS,WSH,,,Capital One Arena,,N,1
2026020962,20262027,regular,2027-02-19,2027-02-20T00:00:00Z,scheduled,nhl-det,nhl-car,DET,CAR,,,Lenovo Center,,N,1
2026020963,20262027,regular,2027-02-19,2027-02-20T01:00:00Z,scheduled,nhl-stl,nhl-wpg,STL,WPG,,,Canada Life Centre,,N,1
2026020964,20262027,regular,2027-02-19,2027-02-20T01:00:00Z,scheduled,nhl-pit,nhl-cgy,PIT,CGY,,,Scotiabank Saddledome,,N,1
2026020965,20262027,regular,2027-02-19,2027-02-20T01:00:00Z,scheduled,nhl-bos,nhl-edm,BOS,EDM,,,Rogers Place,,N,1
2026020966,20262027,regular,2027-02-19,2027-02-20T02:00:00Z,scheduled,nhl-sea,nhl-uta,SEA,UTA,,,Delta Center,,N,1
2026020967,20262027,regular,2027-02-20,2027-02-20T17:30:00Z,scheduled,nhl-nyr,nhl-phi,NYR,PHI,,,Xfinity Mobile Arena,,N,1
2026020968,20262027,regular,2027-02-20,2027-02-20T18:30:00Z,scheduled,nhl-buf,nhl-njd,BUF,NJD,,,Prudential Center,,N,1
2026020969,20262027,regular,2027-02-20,2027-02-20T20:00:00Z,scheduled,nhl-min,nhl-chi,MIN,CHI,,,United Center,,N,1
2026020970,20262027,regular,2027-02-20,2027-02-20T22:00:00Z,scheduled,nhl-ana,nhl-fla,ANA,FLA,,,Amerant Bank Arena,,N,1
2026020971,20262027,regular,2027-02-20,2027-02-20T22:00:00Z,scheduled,nhl-nsh,nhl-cbj,NSH,CBJ,,,Nationwide Arena,,N,1
2026020972,20262027,regular,2027-02-20,2027-02-21T00:00:00Z,scheduled,nhl-nyi,nhl-mtl,NYI,MTL,,,Centre Bell,,N,1
2026020973,20262027,regular,2027-02-20,2027-02-21T00:00:00Z,scheduled,nhl-tor,nhl-tbl,TOR,TBL,,,Benchmark International Arena,,N,1
2026020974,20262027,regular,2027-02-20,2027-02-21T01:00:00Z,scheduled,nhl-vgk,nhl-dal,VGK,DAL,,,AT&T Stadium,,N,1
2026020975,20262027,regular,2027-02-20,2027-02-21T03:00:00Z,scheduled,nhl-col,nhl-van,COL,VAN,,,Rogers Arena,,N,1
2026020976,20262027,regular,2027-02-20,2027-02-21T03:30:00Z,scheduled,nhl-sea,nhl-lak,SEA,LAK,,,Crypto.com Arena,,N,1
2026020977,20262027,regular,2027-02-21,2027-02-21T18:00:00Z,scheduled,nhl-nyr,nhl-car,NYR,CAR,,,Lenovo Center,,N,1
2026020978,20262027,regular,2027-02-21,2027-02-21T20:30:00Z,scheduled,nhl-buf,nhl-det,BUF,DET,,,Little Caesars Arena,,N,1
2026020979,20262027,regular,2027-02-21,2027-02-21T23:00:00Z,scheduled,nhl-njd,nhl-chi,NJD,CHI,,,United Center,,N,1
2026020980,20262027,regular,2027-02-21,2027-02-21T23:00:00Z,scheduled,nhl-sjs,nhl-fla,SJS,FLA,,,Amerant Bank Arena,,N,1
2026020981,20262027,regular,2027-02-21,2027-02-21T23:00:00Z,scheduled,nhl-nsh,nhl-wsh,NSH,WSH,,,Capital One Arena,,N,1
2026020982,20262027,regular,2027-02-21,2027-02-21T23:00:00Z,scheduled,nhl-uta,nhl-stl,UTA,STL,,,Enterprise Center,,N,1
2026020983,20262027,regular,2027-02-21,2027-02-21T23:00:00Z,scheduled,nhl-pit,nhl-wpg,PIT,WPG,,,Canada Life Centre,,N,1
2026020984,20262027,regular,2027-02-21,2027-02-22T00:00:00Z,scheduled,nhl-ott,nhl-cgy,OTT,CGY,,,Scotiabank Saddledome,,N,1
2026020985,20262027,regular,2027-02-21,2027-02-22T01:00:00Z,scheduled,nhl-bos,nhl-van,BOS,VAN,,,Rogers Arena,,N,1
2026020986,20262027,regular,2027-02-22,2027-02-22T19:00:00Z,scheduled,nhl-mtl,nhl-phi,MTL,PHI,,,Xfinity Mobile Arena,,N,1
2026020987,20262027,regular,2027-02-22,2027-02-23T00:00:00Z,scheduled,nhl-nyi,nhl-cbj,NYI,CBJ,,,Nationwide Arena,,N,1
2026020988,20262027,regular,2027-02-22,2027-02-23T00:30:00Z,scheduled,nhl-ott,nhl-edm,OTT,EDM,,,Rogers Place,,N,1
2026020989,20262027,regular,2027-02-22,2027-02-23T02:00:00Z,scheduled,nhl-vgk,nhl-col,VGK,COL,,,Ball Arena,,N,1
2026020990,20262027,regular,2027-02-22,2027-02-23T02:40:00Z,scheduled,nhl-bos,nhl-sea,BOS,SEA,,,Climate Pledge Arena,,N,1
2026020991,20262027,regular,2027-02-23,2027-02-24T00:00:00Z,scheduled,nhl-det,nhl-tor,DET,TOR,,,Scotiabank Arena,,N,1
2026020992,20262027,regular,2027-02-23,2027-02-24T00:00:00Z,scheduled,nhl-sjs,nhl-tbl,SJS,TBL,,,Benchmark International Arena,,N,1
2026020993,20262027,regular,2027-02-23,2027-02-24T00:30:00Z,scheduled,nhl-car,nhl-njd,CAR,NJD,,,Prudential Center,,N,1
2026020994,20262027,regular,2027-02-23,2027-02-24T00:00:00Z,scheduled,nhl-nyr,nhl-wsh,NYR,WSH,,,Capital One Arena,,N,1
2026020995,20262027,regular,2027-02-23,2027-02-24T01:00:00Z,scheduled,nhl-nyi,nhl-chi,NYI,CHI,,,United Center,,N,1
2026020996,20262027,regular,2027-02-23,2027-02-24T01:00:00Z,scheduled,nhl-wpg,nhl-nsh,WPG,NSH,,,Bridgestone Arena,,N,1
2026020997,20262027,regular,2027-02-23,2027-02-24T01:00:00Z,scheduled,nhl-van,nhl-dal,VAN,DAL,,,American Airlines Center,,N,1
2026020998,20262027,regular,2027-02-23,2027-02-24T01:00:00Z,scheduled,nhl-pit,nhl-min,PIT,MIN,,,Grand Casino Arena,,N,1
2026020999,20262027,regular,2027-02-24,2027-02-25T00:00:00Z,scheduled,nhl-buf,nhl-phi,BUF,PHI,,,Xfinity Mobile Arena,,N,1
2026021000,20262027,regular,2027-02-24,2027-02-25T01:00:00Z,scheduled,nhl-cgy,nhl-uta,CGY,UTA,,,Delta Center,,N,1
2026021001,20262027,regular,2027-02-24,2027-02-25T02:30:00Z,scheduled,nhl-fla,nhl-vgk,FLA,VGK,,,T-Mobile Arena,,N,1
2026021002,20262027,regular,2027-02-24,2027-02-25T03:00:00Z,scheduled,nhl-sea,nhl-ana,SEA,ANA,,,Honda Center,,N,1
2026021003,20262027,regular,2027-02-24,2027-02-25T03:00:00Z,scheduled,nhl-mtl,nhl-lak,MTL,LAK,,,Crypto.com Arena,,N,1
2026021004,20262027,regular,2027-02-25,2027-02-26T00:00:00Z,scheduled,nhl-det,nhl-ott,DET,OTT,,,Canadian Tire Centre,,N,1
2026021005,20262027,regular,2027-02-25,2027-02-26T00:00:00Z,scheduled,nhl-tor,nhl-pit,TOR,PIT,,,PPG Paints Arena,,N,1
2026021006,20262027,regular,2027-02-25,2027-02-26T00:00:00Z,scheduled,nhl-sjs,nhl-car,SJS,CAR,,,Lenovo Center,,N,1
2026021007,20262027,regular,2027-02-25,2027-02-26T01:00:00Z,scheduled,nhl-wsh,nhl-bos,WSH,BOS,,,TD Garden,,N,1
2026021008,20262027,regular,2027-02-25,2027-02-26T01:00:00Z,scheduled,nhl-van,nhl-stl,VAN,STL,,,Enterprise Center,,N,1
2026021009,20262027,regular,2027-02-25,2027-02-26T01:00:00Z,scheduled,nhl-edm,nhl-nsh,EDM,NSH,,,Bridgestone Arena,,N,1
2026021010,20262027,regular,2027-02-25,2027-02-26T01:00:00Z,scheduled,nhl-tbl,nhl-dal,TBL,DAL,,,American Airlines Center,,N,1
2026021011,20262027,regular,2027-02-25,2027-02-26T02:00:00Z,scheduled,nhl-wpg,nhl-col,WPG,COL,,,Ball Arena,,N,1
2026021012,20262027,regular,2027-02-26,2027-02-27T00:30:00Z,scheduled,nhl-ott,nhl-buf,OTT,BUF,,,KeyBank Center,,N,1
2026021013,20262027,regular,2027-02-26,2027-02-27T00:00:00Z,scheduled,nhl-phi,nhl-nyi,PHI,NYI,,,UBS Arena,,N,1
2026021014,20262027,regular,2027-02-26,2027-02-27T00:00:00Z,scheduled,nhl-wsh,nhl-nyr,WSH,NYR,,,Madison Square Garden,,N,1
2026021015,20262027,regular,2027-02-26,2027-02-27T00:00:00Z,scheduled,nhl-njd,nhl-cbj,NJD,CBJ,,,Nationwide Arena,,N,1
2026021016,20262027,regular,2027-02-26,2027-02-27T01:00:00Z,scheduled,nhl-lak,nhl-chi,LAK,CHI,,,United Center,,N,1
2026021017,20262027,regular,2027-02-26,2027-02-27T02:00:00Z,scheduled,nhl-fla,nhl-uta,FLA,UTA,,,Delta Center,,N,1
2026021018,20262027,regular,2027-02-26,2027-02-27T02:00:00Z,scheduled,nhl-ana,nhl-vgk,ANA,VGK,,,T-Mobile Arena,,N,1
2026021019,20262027,regular,2027-02-27,2027-02-27T17:30:00Z,scheduled,nhl-det,nhl-bos,DET,BOS,,,TD Garden,,N,1
2026021020,20262027,regular,2027-02-27,2027-02-27T20:00:00Z,scheduled,nhl-edm,nhl-dal,EDM,DAL,,,American Airlines Center,,N,1
2026021021,20262027,regular,2027-02-27,2027-02-27T21:00:00Z,scheduled,nhl-min,nhl-stl,MIN,STL,,,Enterprise Center,,N,1
2026021022,20262027,regular,2027-02-27,2027-02-28T00:00:00Z,scheduled,nhl-tor,nhl-buf,TOR,BUF,,,KeyBank Center,,N,1
2026021023,20262027,regular,2027-02-27,2027-02-28T00:00:00Z,scheduled,nhl-sjs,nhl-phi,SJS,PHI,,,Xfinity Mobile Arena,,N,1
2026021024,20262027,regular,2027-02-27,2027-02-28T00:00:00Z,scheduled,nhl-tbl,nhl-car,TBL,CAR,,,Lenovo Center,,N,1
2026021025,20262027,regular,2027-02-27,2027-02-28T00:00:00Z,scheduled,nhl-nyi,nhl-cbj,NYI,CBJ,,,Nationwide Arena,,N,1
2026021026,20262027,regular,2027-02-27,2027-02-28T00:00:00Z,scheduled,nhl-fla,nhl-col,FLA,COL,,,Ball Arena,,N,1
2026021027,20262027,regular,2027-02-27,2027-02-28T00:00:00Z,scheduled,nhl-mtl,nhl-ana,MTL,ANA,,,Honda Center,,N,1
2026021028,20262027,regular,2027-02-27,2027-02-28T00:00:00Z,scheduled,nhl-wpg,nhl-sea,WPG,SEA,,,Climate Pledge Arena,,N,1
2026021029,20262027,regular,2027-02-27,2027-02-28T01:00:00Z,scheduled,nhl-lak,nhl-nsh,LAK,NSH,,,Bridgestone Arena,,N,1
2026021030,20262027,regular,2027-02-27,2027-02-28T03:00:00Z,scheduled,nhl-cgy,nhl-van,CGY,VAN,,,Rogers Arena,,N,1
2026021031,20262027,regular,2027-02-28,2027-02-28T18:00:00Z,scheduled,nhl-nyr,nhl-pit,NYR,PIT,,,PPG Paints Arena,,N,1
2026021032,20262027,regular,2027-02-28,2027-02-28T20:30:00Z,scheduled,nhl-njd,nhl-min,NJD,MIN,,,Grand Casino Arena,,N,1
2026021033,20262027,regular,2027-02-28,2027-02-28T23:30:00Z,scheduled,nhl-col,nhl-chi,COL,CHI,,,United Center,,N,1
2026021034,20262027,regular,2027-02-28,2027-03-01T00:00:00Z,scheduled,nhl-uta,nhl-tbl,UTA,TBL,,,Benchmark International Arena,,N,1
2026021035,20262027,regular,2027-02-28,2027-03-01T02:00:00Z,scheduled,nhl-dal,nhl-stl,DAL,STL,,,Enterprise Center,,N,1
2026021036,20262027,regular,2027-03-01,2027-03-02T00:00:00Z,scheduled,nhl-det,nhl-tor,DET,TOR,,,Scotiabank Arena,,N,1
2026021037,20262027,regular,2027-03-01,2027-03-02T00:00:00Z,scheduled,nhl-wsh,nhl-nyi,WSH,NYI,,,UBS Arena,,N,1
2026021038,20262027,regular,2027-03-01,2027-03-02T00:00:00Z,scheduled,nhl-car,nhl-cbj,CAR,CBJ,,,Nationwide Arena,,N,1
2026021039,20262027,regular,2027-03-01,2027-03-02T00:00:00Z,scheduled,nhl-sea,nhl-wpg,SEA,WPG,,,Canada Life Centre,,N,1
2026021040,20262027,regular,2027-03-01,2027-03-02T01:30:00Z,scheduled,nhl-edm,nhl-chi,EDM,CHI,,,United Center,,N,1
2026021041,20262027,regular,2027-03-01,2027-03-02T03:00:00Z,scheduled,nhl-ana,nhl-lak,ANA,LAK,,,Crypto.com Arena,,N,1
2026021042,20262027,regular,2027-03-01,2027-03-02T03:00:00Z,scheduled,nhl-mtl,nhl-sjs,MTL,SJS,,,SAP Center at San Jose,,N,1
2026021043,20262027,regular,2027-03-02,2027-03-03T00:00:00Z,scheduled,nhl-pit,nhl-buf,PIT,BUF,,,KeyBank Center,,N,1
2026021044,20262027,regular,2027-03-02,2027-03-03T00:00:00Z,scheduled,nhl-uta,nhl-fla,UTA,FLA,,,Amerant Bank Arena,,N,1
2026021045,20262027,regular,2027-03-02,2027-03-03T00:00:00Z,scheduled,nhl-ott,nhl-njd,OTT,NJD,,,Prudential Center,,N,1
2026021046,20262027,regular,2027-03-02,2027-03-03T00:00:00Z,scheduled,nhl-vgk,nhl-phi,VGK,PHI,,,Xfinity Mobile Arena,,N,1
2026021047,20262027,regular,2027-03-02,2027-03-03T01:00:00Z,scheduled,nhl-col,nhl-nsh,COL,NSH,,,Bridgestone Arena,,N,1
2026021048,20262027,regular,2027-03-03,2027-03-03T23:30:00Z,scheduled,nhl-sea,nhl-tor,SEA,TOR,,,Scotiabank Arena,,N,1
2026021049,20262027,regular,2027-03-03,2027-03-04T00:00:00Z,scheduled,nhl-bos,nhl-nyr,BOS,NYR,,,Madison Square Garden,,N,1
2026021050,20262027,regular,2027-03-03,2027-03-04T00:00:00Z,scheduled,nhl-car,nhl-wsh,CAR,WSH,,,Capital One Arena,,N,1
2026021051,20262027,regular,2027-03-03,2027-03-04T01:00:00Z,scheduled,nhl-min,nhl-dal,MIN,DAL,,,American Airlines Center,,N,1
2026021052,20262027,regular,2027-03-03,2027-03-04T01:30:00Z,scheduled,nhl-edm,nhl-cgy,EDM,CGY,,,Scotiabank Saddledome,,N,1
2026021053,20262027,regular,2027-03-03,2027-03-04T03:00:00Z,scheduled,nhl-chi,nhl-van,CHI,VAN,,,Rogers Arena,,N,1
2026021054,20262027,regular,2027-03-03,2027-03-04T03:00:00Z,scheduled,nhl-tbl,nhl-lak,TBL,LAK,,,Crypto.com Arena,,N,1
2026021055,20262027,regular,2027-03-03,2027-03-04T03:00:00Z,scheduled,nhl-cbj,nhl-sjs,CBJ,SJS,,,SAP Center at San Jose,,N,1
2026021056,20262027,regular,2027-03-04,2027-03-05T00:00:00Z,scheduled,nhl-stl,nhl-buf,STL,BUF,,,KeyBank Center,,N,1
2026021057,20262027,regular,2027-03-04,2027-03-05T00:00:00Z,scheduled,nhl-sea,nhl-mtl,SEA,MTL,,,Centre Bell,,N,1
2026021058,20262027,regular,2027-03-04,2027-03-05T00:00:00Z,scheduled,nhl-bos,nhl-ott,BOS,OTT,,,Canadian Tire Centre,,N,1
2026021059,20262027,regular,2027-03-04,2027-03-04T23:00:00Z,scheduled,nhl-njd,nhl-det,NJD,DET,,,Little Caesars Arena,,N,1
2026021060,20262027,regular,2027-03-04,2027-03-05T01:30:00Z,scheduled,nhl-pit,nhl-fla,PIT,FLA,,,Amerant Bank Arena,,N,1
2026021061,20262027,regular,2027-03-04,2027-03-05T00:00:00Z,scheduled,nhl-vgk,nhl-nyi,VGK,NYI,,,UBS Arena,,N,1
2026021062,20262027,regular,2027-03-04,2027-03-05T01:00:00Z,scheduled,nhl-uta,nhl-nsh,UTA,NSH,,,Bridgestone Arena,,N,1
2026021063,20262027,regular,2027-03-05,2027-03-06T00:00:00Z,scheduled,nhl-vgk,nhl-njd,VGK,NJD,,,Prudential Center,,N,1
2026021064,20262027,regular,2027-03-05,2027-03-06T00:00:00Z,scheduled,nhl-dal,nhl-phi,DAL,PHI,,,Xfinity Mobile Arena,,N,1
2026021065,20262027,regular,2027-03-05,2027-03-06T00:00:00Z,scheduled,nhl-tor,nhl-car,TOR,CAR,,,Lenovo Center,,N,1
2026021066,20262027,regular,2027-03-05,2027-03-06T01:00:00Z,scheduled,nhl-wsh,nhl-wpg,WSH,WPG,,,Canada Life Centre,,N,1
2026021067,20262027,regular,2027-03-05,2027-03-06T01:00:00Z,scheduled,nhl-chi,nhl-cgy,CHI,CGY,,,Scotiabank Saddledome,,N,1
2026021068,20262027,regular,2027-03-05,2027-03-06T03:00:00Z,scheduled,nhl-tbl,nhl-ana,TBL,ANA,,,Honda Center,,N,1
2026021069,20262027,regular,2027-03-05,2027-03-06T03:00:00Z,scheduled,nhl-cbj,nhl-lak,CBJ,LAK,,,Crypto.com Arena,,N,1
2026021070,20262027,regular,2027-03-05,2027-03-06T03:00:00Z,scheduled,nhl-col,nhl-sjs,COL,SJS,,,SAP Center at San Jose,,N,1
2026021071,20262027,regular,2027-03-06,2027-03-06T17:30:00Z,scheduled,nhl-pit,nhl-bos,PIT,BOS,,,TD Garden,,N,1
2026021072,20262027,regular,2027-03-06,2027-03-06T20:00:00Z,scheduled,nhl-nyr,nhl-buf,NYR,BUF,,,KeyBank Center,,N,1
2026021073,20262027,regular,2027-03-06,2027-03-06T20:00:00Z,scheduled,nhl-sea,nhl-ott,SEA,OTT,,,Canadian Tire Centre,,N,1
2026021074,20262027,regular,2027-03-06,2027-03-07T00:00:00Z,scheduled,nhl-van,nhl-mtl,VAN,MTL,,,Centre Bell,,N,1
2026021075,20262027,regular,2027-03-06,2027-03-07T00:00:00Z,scheduled,nhl-dal,nhl-det,DAL,DET,,,Little Caesars Arena,,N,1
2026021076,20262027,regular,2027-03-06,2027-03-07T00:00:00Z,scheduled,nhl-tor,nhl-fla,TOR,FLA,,,Amerant Bank Arena,,N,1
2026021077,20262027,regular,2027-03-06,2027-03-07T01:00:00Z,scheduled,nhl-min,nhl-nsh,MIN,NSH,,,Bridgestone Arena,,N,1
2026021078,20262027,regular,2027-03-06,2027-03-07T03:00:00Z,scheduled,nhl-chi,nhl-edm,CHI,EDM,,,Rogers Place,,N,1
2026021079,20262027,regular,2027-03-06,2027-03-07T03:00:00Z,scheduled,nhl-tbl,nhl-sjs,TBL,SJS,,,SAP Center at San Jose,,N,1
2026021080,20262027,regular,2027-03-07,2027-03-07T18:00:00Z,scheduled,nhl-pit,nhl-nyi,PIT,NYI,,,UBS Arena,,N,1
2026021081,20262027,regular,2027-03-07,2027-03-07T20:30:00Z,scheduled,nhl-stl,nhl-phi,STL,PHI,,,Xfinity Mobile Arena,,N,1
2026021082,20262027,regular,2027-03-07,2027-03-07T18:00:00Z,scheduled,nhl-uta,nhl-car,UTA,CAR,,,Lenovo Center,,N,1
2026021083,20262027,regular,2027-03-07,2027-03-07T20:00:00Z,scheduled,nhl-cgy,nhl-wpg,CGY,WPG,,,Canada Life Centre,,N,1
2026021084,20262027,regular,2027-03-07,2027-03-07T21:00:00Z,scheduled,nhl-col,nhl-lak,COL,LAK,,,Crypto.com Arena,,N,1
2026021085,20262027,regular,2027-03-07,2027-03-07T20:00:00Z,scheduled,nhl-buf,nhl-ott,BUF,OTT,,,Canadian Tire Centre,,N,1
2026021086,20262027,regular,2027-03-07,2027-03-08T00:00:00Z,scheduled,nhl-vgk,nhl-nyr,VGK,NYR,,,Madison Square Garden,,N,1
2026021087,20262027,regular,2027-03-07,2027-03-08T01:00:00Z,scheduled,nhl-cbj,nhl-ana,CBJ,ANA,,,Honda Center,,N,1
2026021088,20262027,regular,2027-03-07,2027-03-08T02:30:00Z,scheduled,nhl-wsh,nhl-min,WSH,MIN,,,Grand Casino Arena,,N,1
2026021089,20262027,regular,2027-03-08,2027-03-09T00:00:00Z,scheduled,nhl-sea,nhl-bos,SEA,BOS,,,TD Garden,,N,1
2026021090,20262027,regular,2027-03-08,2027-03-09T00:30:00Z,scheduled,nhl-dal,nhl-tor,DAL,TOR,,,Scotiabank Arena,,N,1
2026021091,20262027,regular,2027-03-08,2027-03-09T01:00:00Z,scheduled,nhl-tbl,nhl-chi,TBL,CHI,,,United Center,,N,1
2026021092,20262027,regular,2027-03-09,2027-03-10T00:00:00Z,scheduled,nhl-van,nhl-buf,VAN,BUF,,,KeyBank Center,,N,1
2026021093,20262027,regular,2027-03-09,2027-03-10T00:00:00Z,scheduled,nhl-njd,nhl-fla,NJD,FLA,,,Amerant Bank Arena,,N,1
2026021094,20262027,regular,2027-03-09,2027-03-10T00:00:00Z,scheduled,nhl-mtl,nhl-nyi,MTL,NYI,,,UBS Arena,,N,1
2026021095,20262027,regular,2027-03-09,2027-03-10T00:00:00Z,scheduled,nhl-ott,nhl-pit,OTT,PIT,,,PPG Paints Arena,,N,1
2026021096,20262027,regular,2027-03-09,2027-03-10T00:00:00Z,scheduled,nhl-cgy,nhl-wsh,CGY,WSH,,,Capital One Arena,,N,1
2026021097,20262027,regular,2027-03-09,2027-03-10T01:00:00Z,scheduled,nhl-nsh,nhl-stl,NSH,STL,,,Enterprise Center,,N,1
2026021098,20262027,regular,2027-03-09,2027-03-10T01:00:00Z,scheduled,nhl-car,nhl-min,CAR,MIN,,,Grand Casino Arena,,N,1
2026021099,20262027,regular,2027-03-09,2027-03-10T01:00:00Z,scheduled,nhl-det,nhl-wpg,DET,WPG,,,Canada Life Centre,,N,1
2026021100,20262027,regular,2027-03-09,2027-03-10T01:00:00Z,scheduled,nhl-lak,nhl-edm,LAK,EDM,,,Rogers Place,,N,1
2026021101,20262027,regular,2027-03-09,2027-03-10T02:00:00Z,scheduled,nhl-phi,nhl-col,PHI,COL,,,Ball Arena,,N,1
2026021102,20262027,regular,2027-03-09,2027-03-10T02:00:00Z,scheduled,nhl-nyr,nhl-uta,NYR,UTA,,,Delta Center,,N,1
2026021103,20262027,regular,2027-03-09,2027-03-10T03:30:00Z,scheduled,nhl-sjs,nhl-vgk,SJS,VGK,,,T-Mobile Arena,,N,1
2026021104,20262027,regular,2027-03-10,2027-03-11T00:30:00Z,scheduled,nhl-bos,nhl-mtl,BOS,MTL,,,Centre Bell,,N,1
2026021105,20262027,regular,2027-03-10,2027-03-11T01:00:00Z,scheduled,nhl-wsh,nhl-chi,WSH,CHI,,,United Center,,N,1
2026021106,20262027,regular,2027-03-10,2027-03-11T01:00:00Z,scheduled,nhl-ana,nhl-dal,ANA,DAL,,,American Airlines Center,,N,1
2026021107,20262027,regular,2027-03-11,2027-03-12T00:00:00Z,scheduled,nhl-min,nhl-ott,MIN,OTT,,,Canadian Tire Centre,,N,1
2026021108,20262027,regular,2027-03-11,2027-03-12T00:00:00Z,scheduled,nhl-njd,nhl-tbl,NJD,TBL,,,Benchmark International Arena,,N,1
2026021109,20262027,regular,2027-03-11,2027-03-12T00:30:00Z,scheduled,nhl-bos,nhl-pit,BOS,PIT,,,PPG Paints Arena,,N,1
2026021110,20262027,regular,2027-03-11,2027-03-12T00:00:00Z,scheduled,nhl-van,nhl-cbj,VAN,CBJ,,,Nationwide Arena,,N,1
2026021111,20262027,regular,2027-03-11,2027-03-12T01:00:00Z,scheduled,nhl-sjs,nhl-stl,SJS,STL,,,Enterprise Center,,N,1
2026021112,20262027,regular,2027-03-11,2027-03-12T01:00:00Z,scheduled,nhl-tor,nhl-wpg,TOR,WPG,,,Canada Life Centre,,N,1
2026021113,20262027,regular,2027-03-11,2027-03-12T01:00:00Z,scheduled,nhl-nsh,nhl-edm,NSH,EDM,,,Rogers Place,,N,1
2026021114,20262027,regular,2027-03-11,2027-03-12T02:00:00Z,scheduled,nhl-nyr,nhl-col,NYR,COL,,,Ball Arena,,N,1
2026021115,20262027,regular,2027-03-11,2027-03-12T02:30:00Z,scheduled,nhl-lak,nhl-sea,LAK,SEA,,,Climate Pledge Arena,,N,1
2026021116,20262027,regular,2027-03-11,2027-03-12T03:00:00Z,scheduled,nhl-phi,nhl-vgk,PHI,VGK,,,T-Mobile Arena,,N,1
2026021117,20262027,regular,2027-03-12,2027-03-13T00:00:00Z,scheduled,nhl-buf,nhl-det,BUF,DET,,,Little Caesars Arena,,N,1
2026021118,20262027,regular,2027-03-12,2027-03-13T00:00:00Z,scheduled,nhl-nyi,nhl-fla,NYI,FLA,,,Amerant Bank Arena,,N,1
2026021119,20262027,regular,2027-03-12,2027-03-13T00:00:00Z,scheduled,nhl-cgy,nhl-car,CGY,CAR,,,Lenovo Center,,N,1
2026021120,20262027,regular,2027-03-13,2027-03-13T20:00:00Z,scheduled,nhl-wsh,nhl-pit,WSH,PIT,,,PPG Paints Arena,,N,1
2026021121,20262027,regular,2027-03-13,2027-03-13T20:30:00Z,scheduled,nhl-nsh,nhl-wpg,NSH,WPG,,,Canada Life Centre,,N,1
2026021122,20262027,regular,2027-03-13,2027-03-13T23:00:00Z,scheduled,nhl-chi,nhl-col,CHI,COL,,,Ball Arena,,N,1
2026021123,20262027,regular,2027-03-13,2027-03-13T23:30:00Z,scheduled,nhl-ana,nhl-stl,ANA,STL,,,Enterprise Center,,N,1
2026021124,20262027,regular,2027-03-13,2027-03-14T00:00:00Z,scheduled,nhl-cgy,nhl-bos,CGY,BOS,,,TD Garden,,N,1
2026021125,20262027,regular,2027-03-13,2027-03-14T00:00:00Z,scheduled,nhl-van,nhl-tor,VAN,TOR,,,Scotiabank Arena,,N,1
2026021126,20262027,regular,2027-03-13,2027-03-14T00:00:00Z,scheduled,nhl-mtl,nhl-ott,MTL,OTT,,,Canadian Tire Centre,,N,1
2026021127,20262027,regular,2027-03-13,2027-03-14T00:00:00Z,scheduled,nhl-nyi,nhl-tbl,NYI,TBL,,,Benchmark International Arena,,N,1
2026021128,20262027,regular,2027-03-13,2027-03-14T00:00:00Z,scheduled,nhl-njd,nhl-car,NJD,CAR,,,Lenovo Center,,N,1
2026021129,20262027,regular,2027-03-13,2027-03-14T00:00:00Z,scheduled,nhl-sjs,nhl-cbj,SJS,CBJ,,,Nationwide Arena,,N,1
2026021130,20262027,regular,2027-03-13,2027-03-13T22:00:00Z,scheduled,nhl-phi,nhl-uta,PHI,UTA,,,Delta Center,,N,1
2026021131,20262027,regular,2027-03-13,2027-03-14T02:00:00Z,scheduled,nhl-dal,nhl-lak,DAL,LAK,,,Crypto.com Arena,,N,1
2026021132,20262027,regular,2027-03-13,2027-03-14T03:00:00Z,scheduled,nhl-nyr,nhl-vgk,NYR,VGK,,,T-Mobile Arena,,N,1
2026021133,20262027,regular,2027-03-13,2027-03-14T03:00:00Z,scheduled,nhl-edm,nhl-sea,EDM,SEA,,,Climate Pledge Arena,,N,1
2026021134,20262027,regular,2027-03-14,2027-03-14T18:00:00Z,scheduled,nhl-det,nhl-pit,DET,PIT,,,PPG Paints Arena,,N,1
2026021135,20262027,regular,2027-03-14,2027-03-14T20:30:00Z,scheduled,nhl-ana,nhl-chi,ANA,CHI,,,United Center,,N,1
2026021136,20262027,regular,2027-03-14,2027-03-14T21:00:00Z,scheduled,nhl-van,nhl-ott,VAN,OTT,,,Canadian Tire Centre,,N,1
2026021137,20262027,regular,2027-03-14,2027-03-14T23:00:00Z,scheduled,nhl-buf,nhl-min,BUF,MIN,,,Grand Casino Arena,,N,1
2026021138,20262027,regular,2027-03-15,2027-03-15T19:00:00Z,scheduled,nhl-tbl,nhl-wsh,TBL,WSH,,,Capital One Arena,,N,1
2026021139,20262027,regular,2027-03-15,2027-03-15T23:00:00Z,scheduled,nhl-nyi,nhl-bos,NYI,BOS,,,TD Garden,,N,1
2026021140,20262027,regular,2027-03-15,2027-03-15T23:00:00Z,scheduled,nhl-sjs,nhl-buf,SJS,BUF,,,KeyBank Center,,N,1
2026021141,20262027,regular,2027-03-15,2027-03-15T23:30:00Z,scheduled,nhl-fla,nhl-tor,FLA,TOR,,,Scotiabank Arena,,N,1
2026021142,20262027,regular,2027-03-15,2027-03-16T01:00:00Z,scheduled,nhl-dal,nhl-uta,DAL,UTA,,,Delta Center,,N,1
2026021143,20262027,regular,2027-03-15,2027-03-16T01:30:00Z,scheduled,nhl-edm,nhl-col,EDM,COL,,,Ball Arena,,N,1
2026021144,20262027,regular,2027-03-15,2027-03-16T01:30:00Z,scheduled,nhl-nsh,nhl-cgy,NSH,CGY,,,Scotiabank Saddledome,,N,1
2026021145,20262027,regular,2027-03-15,2027-03-16T01:40:00Z,scheduled,nhl-stl,nhl-sea,STL,SEA,,,Climate Pledge Arena,,N,1
2026021146,20262027,regular,2027-03-15,2027-03-16T02:00:00Z,scheduled,nhl-wpg,nhl-vgk,WPG,VGK,,,T-Mobile Arena,,N,1
2026021147,20262027,regular,2027-03-16,2027-03-16T23:00:00Z,scheduled,nhl-fla,nhl-mtl,FLA,MTL,,,Centre Bell,,N,1
2026021148,20262027,regular,2027-03-16,2027-03-16T23:00:00Z,scheduled,nhl-ott,nhl-nyr,OTT,NYR,,,Madison Square Garden,,N,1
2026021149,20262027,regular,2027-03-16,2027-03-16T23:00:00Z,scheduled,nhl-det,nhl-phi,DET,PHI,,,Xfinity Mobile Arena,,N,1
2026021150,20262027,regular,2027-03-16,2027-03-16T23:00:00Z,scheduled,nhl-pit,nhl-cbj,PIT,CBJ,,,Nationwide Arena,,N,1
2026021151,20262027,regular,2027-03-16,2027-03-17T00:00:00Z,scheduled,nhl-sjs,nhl-chi,SJS,CHI,,,United Center,,N,1
2026021152,20262027,regular,2027-03-16,2027-03-17T02:30:00Z,scheduled,nhl-car,nhl-ana,CAR,ANA,,,Honda Center,,N,1
2026021153,20262027,regular,2027-03-16,2027-03-17T02:00:00Z,scheduled,nhl-wpg,nhl-lak,WPG,LAK,,,Crypto.com Arena,,N,1
2026021154,20262027,regular,2027-03-17,2027-03-17T23:00:00Z,scheduled,nhl-nyi,nhl-wsh,NYI,WSH,,,Capital One Arena,,N,1
2026021155,20262027,regular,2027-03-17,2027-03-17T23:30:00Z,scheduled,nhl-tbl,nhl-tor,TBL,TOR,,,Scotiabank Arena,,N,1
2026021156,20262027,regular,2027-03-17,2027-03-18T00:30:00Z,scheduled,nhl-min,nhl-col,MIN,COL,,,Ball Arena,,N,1
2026021157,20262027,regular,2027-03-17,2027-03-18T01:30:00Z,scheduled,nhl-dal,nhl-cgy,DAL,CGY,,,Scotiabank Saddledome,,N,1
2026021158,20262027,regular,2027-03-17,2027-03-18T02:00:00Z,scheduled,nhl-nsh,nhl-van,NSH,VAN,,,Rogers Arena,,N,1
2026021159,20262027,regular,2027-03-17,2027-03-18T02:00:00Z,scheduled,nhl-sea,nhl-vgk,SEA,VGK,,,T-Mobile Arena,,N,1
2026021160,20262027,regular,2027-03-18,2027-03-18T23:30:00Z,scheduled,nhl-wsh,nhl-buf,WSH,BUF,,,KeyBank Center,,N,1
2026021161,20262027,regular,2027-03-18,2027-03-18T23:00:00Z,scheduled,nhl-tbl,nhl-mtl,TBL,MTL,,,Centre Bell,,N,1
2026021162,20262027,regular,2027-03-18,2027-03-18T23:00:00Z,scheduled,nhl-fla,nhl-ott,FLA,OTT,,,Canadian Tire Centre,,N,1
2026021163,20262027,regular,2027-03-18,2027-03-18T23:00:00Z,scheduled,nhl-cbj,nhl-det,CBJ,DET,,,Little Caesars Arena,,N,1
2026021164,20262027,regular,2027-03-18,2027-03-18T23:00:00Z,scheduled,nhl-pit,nhl-njd,PIT,NJD,,,Prudential Center,,N,1
2026021165,20262027,regular,2027-03-18,2027-03-18T23:00:00Z,scheduled,nhl-tor,nhl-nyr,TOR,NYR,,,Madison Square Garden,,N,1
2026021166,20262027,regular,2027-03-18,2027-03-18T23:00:00Z,scheduled,nhl-bos,nhl-phi,BOS,PHI,,,Xfinity Mobile Arena,,N,1
2026021167,20262027,regular,2027-03-18,2027-03-19T00:00:00Z,scheduled,nhl-sjs,nhl-wpg,SJS,WPG,,,Canada Life Centre,,N,1
2026021168,20262027,regular,2027-03-18,2027-03-19T01:00:00Z,scheduled,nhl-stl,nhl-edm,STL,EDM,,,Rogers Place,,N,1
2026021169,20262027,regular,2027-03-18,2027-03-19T02:00:00Z,scheduled,nhl-uta,nhl-ana,UTA,ANA,,,Honda Center,,N,1
2026021170,20262027,regular,2027-03-18,2027-03-19T02:00:00Z,scheduled,nhl-car,nhl-lak,CAR,LAK,,,Crypto.com Arena,,N,1
2026021171,20262027,regular,2027-03-19,2027-03-20T00:00:00Z,scheduled,nhl-cgy,nhl-min,CGY,MIN,,,Grand Casino Arena,,N,1
2026021172,20262027,regular,2027-03-19,2027-03-20T02:00:00Z,scheduled,nhl-chi,nhl-uta,CHI,UTA,,,Delta Center,,N,1
2026021173,20262027,regular,2027-03-19,2027-03-20T02:00:00Z,scheduled,nhl-col,nhl-sea,COL,SEA,,,Climate Pledge Arena,,N,1
2026021174,20262027,regular,2027-03-20,2027-03-20T17:00:00Z,scheduled,nhl-fla,nhl-buf,FLA,BUF,,,KeyBank Center,,N,1
2026021175,20262027,regular,2027-03-20,2027-03-20T16:30:00Z,scheduled,nhl-mtl,nhl-det,MTL,DET,,,Little Caesars Arena,,N,1
2026021176,20262027,regular,2027-03-20,2027-03-20T19:00:00Z,scheduled,nhl-phi,nhl-nyi,PHI,NYI,,,UBS Arena,,N,1
2026021177,20262027,regular,2027-03-20,2027-03-20T19:30:00Z,scheduled,nhl-dal,nhl-edm,DAL,EDM,,,Rogers Place,,N,1
2026021178,20262027,regular,2027-03-20,2027-03-20T21:00:00Z,scheduled,nhl-bos,nhl-nsh,BOS,NSH,,,Bridgestone Arena,,N,1
2026021179,20262027,regular,2027-03-20,2027-03-20T23:00:00Z,scheduled,nhl-tbl,nhl-ott,TBL,OTT,,,Canadian Tire Centre,,N,1
2026021180,20262027,regular,2027-03-20,2027-03-20T23:00:00Z,scheduled,nhl-tor,nhl-njd,TOR,NJD,,,Prudential Center,,N,1
2026021181,20262027,regular,2027-03-20,2027-03-20T23:00:00Z,scheduled,nhl-cbj,nhl-wpg,CBJ,WPG,,,Canada Life Centre,,N,1
2026021182,20262027,regular,2027-03-20,2027-03-21T00:00:00Z,scheduled,nhl-pit,nhl-nyr,PIT,NYR,,,Madison Square Garden,,N,1
2026021183,20262027,regular,2027-03-20,2027-03-21T02:00:00Z,scheduled,nhl-stl,nhl-van,STL,VAN,,,Rogers Arena,,N,1
2026021184,20262027,regular,2027-03-20,2027-03-21T02:30:00Z,scheduled,nhl-vgk,nhl-ana,VGK,ANA,,,Honda Center,,N,1
2026021185,20262027,regular,2027-03-20,2027-03-21T02:30:00Z,scheduled,nhl-car,nhl-sjs,CAR,SJS,,,SAP Center at San Jose,,N,1
2026021186,20262027,regular,2027-03-21,2027-03-21T18:00:00Z,scheduled,nhl-uta,nhl-min,UTA,MIN,,,Grand Casino Arena,,N,1
2026021187,20262027,regular,2027-03-21,2027-03-21T19:00:00Z,scheduled,nhl-buf,nhl-nyi,BUF,NYI,,,UBS Arena,,N,1
2026021188,20262027,regular,2027-03-21,2027-03-21T21:00:00Z,scheduled,nhl-chi,nhl-col,CHI,COL,,,Ball Arena,,N,1
2026021189,20262027,regular,2027-03-21,2027-03-22T00:00:00Z,scheduled,nhl-wsh,nhl-nyr,WSH,NYR,,,Madison Square Garden,,N,1
2026021190,20262027,regular,2027-03-21,2027-03-22T00:00:00Z,scheduled,nhl-stl,nhl-cgy,STL,CGY,,,Scotiabank Saddledome,,N,1
2026021191,20262027,regular,2027-03-21,2027-03-22T00:00:00Z,scheduled,nhl-lak,nhl-sea,LAK,SEA,,,Climate Pledge Arena,,N,1
2026021192,20262027,regular,2027-03-21,2027-03-22T01:00:00Z,scheduled,nhl-edm,nhl-van,EDM,VAN,,,Rogers Arena,,N,1
2026021193,20262027,regular,2027-03-22,2027-03-22T23:00:00Z,scheduled,nhl-cbj,nhl-pit,CBJ,PIT,,,PPG Paints Arena,,N,1
2026021194,20262027,regular,2027-03-22,2027-03-22T23:30:00Z,scheduled,nhl-tor,nhl-mtl,TOR,MTL,,,Centre Bell,,N,1
2026021195,20262027,regular,2027-03-22,2027-03-23T02:00:00Z,scheduled,nhl-sjs,nhl-ana,SJS,ANA,,,Honda Center,,N,1
2026021196,20262027,regular,2027-03-23,2027-03-23T23:00:00Z,scheduled,nhl-buf,nhl-bos,BUF,BOS,,,TD Garden,,N,1
2026021197,20262027,regular,2027-03-23,2027-03-23T23:00:00Z,scheduled,nhl-fla,nhl-tbl,FLA,TBL,,,Benchmark International Arena,,N,1
2026021198,20262027,regular,2027-03-23,2027-03-23T23:00:00Z,scheduled,nhl-phi,nhl-njd,PHI,NJD,,,Prudential Center,,N,1
2026021199,20262027,regular,2027-03-23,2027-03-23T23:00:00Z,scheduled,nhl-det,nhl-wsh,DET,WSH,,,Capital One Arena,,N,1
2026021200,20262027,regular,2027-03-23,2027-03-24T00:00:00Z,scheduled,nhl-nyr,nhl-nsh,NYR,NSH,,,Bridgestone Arena,,N,1
2026021201,20262027,regular,2027-03-23,2027-03-24T00:00:00Z,scheduled,nhl-car,nhl-dal,CAR,DAL,,,American Airlines Center,,N,1
2026021202,20262027,regular,2027-03-23,2027-03-24T00:00:00Z,scheduled,nhl-chi,nhl-min,CHI,MIN,,,Grand Casino Arena,,N,1
2026021203,20262027,regular,2027-03-23,2027-03-24T00:00:00Z,scheduled,nhl-stl,nhl-wpg,STL,WPG,,,Canada Life Centre,,N,1
2026021204,20262027,regular,2027-03-23,2027-03-24T01:30:00Z,scheduled,nhl-uta,nhl-col,UTA,COL,,,Ball Arena,,N,1
2026021205,20262027,regular,2027-03-23,2027-03-24T01:00:00Z,scheduled,nhl-edm,nhl-cgy,EDM,CGY,,,Scotiabank Saddledome,,N,1
2026021206,20262027,regular,2027-03-23,2027-03-24T01:40:00Z,scheduled,nhl-vgk,nhl-sea,VGK,SEA,,,Climate Pledge Arena,,N,1
2026021207,20262027,regular,2027-03-23,2027-03-24T02:00:00Z,scheduled,nhl-lak,nhl-van,LAK,VAN,,,Rogers Arena,,N,1
2026021208,20262027,regular,2027-03-24,2027-03-24T23:30:00Z,scheduled,nhl-ott,nhl-mtl,OTT,MTL,,,Centre Bell,,N,1
2026021209,20262027,regular,2027-03-24,2027-03-24T23:30:00Z,scheduled,nhl-wsh,nhl-det,WSH,DET,,,Little Caesars Arena,,N,1
2026021210,20262027,regular,2027-03-24,2027-03-25T02:00:00Z,scheduled,nhl-ana,nhl-sjs,ANA,SJS,,,SAP Center at San Jose,,N,1
2026021211,20262027,regular,2027-03-25,2027-03-25T23:00:00Z,scheduled,nhl-ott,nhl-bos,OTT,BOS,,,TD Garden,,N,1
2026021212,20262027,regular,2027-03-25,2027-03-25T23:00:00Z,scheduled,nhl-tor,nhl-buf,TOR,BUF,,,KeyBank Center,,N,1
2026021213,20262027,regular,2027-03-25,2027-03-25T22:30:00Z,scheduled,nhl-phi,nhl-tbl,PHI,TBL,,,Benchmark International Arena,,N,1
2026021214,20262027,regular,2027-03-25,2027-03-25T23:00:00Z,scheduled,nhl-nyr,nhl-fla,NYR,FLA,,,Amerant Bank Arena,,N,1
2026021215,20262027,regular,2027-03-25,2027-03-25T23:00:00Z,scheduled,nhl-njd,nhl-pit,NJD,PIT,,,PPG Paints Arena,,N,1
2026021216,20262027,regular,2027-03-25,2027-03-25T23:00:00Z,scheduled,nhl-dal,nhl-car,DAL,CAR,,,Lenovo Center,,N,1
2026021217,20262027,regular,2027-03-25,2027-03-25T23:00:00Z,scheduled,nhl-chi,nhl-cbj,CHI,CBJ,,,Nationwide Arena,,N,1
2026021218,20262027,regular,2027-03-25,2027-03-26T00:00:00Z,scheduled,nhl-nyi,nhl-stl,NYI,STL,,,Enterprise Center,,N,1
2026021219,20262027,regular,2027-03-25,2027-03-26T00:00:00Z,scheduled,nhl-col,nhl-wpg,COL,WPG,,,Canada Life Centre,,N,1
2026021220,20262027,regular,2027-03-25,2027-03-26T01:00:00Z,scheduled,nhl-edm,nhl-min,EDM,MIN,,,Grand Casino Arena,,N,1
2026021221,20262027,regular,2027-03-25,2027-03-26T01:00:00Z,scheduled,nhl-lak,nhl-cgy,LAK,CGY,,,Scotiabank Saddledome,,N,1
2026021222,20262027,regular,2027-03-25,2027-03-26T01:40:00Z,scheduled,nhl-ana,nhl-sea,ANA,SEA,,,Climate Pledge Arena,,N,1
2026021223,20262027,regular,2027-03-25,2027-03-26T02:00:00Z,scheduled,nhl-vgk,nhl-van,VGK,VAN,,,Rogers Arena,,N,1
2026021224,20262027,regular,2027-03-26,2027-03-26T23:00:00Z,scheduled,nhl-bos,nhl-wsh,BOS,WSH,,,Capital One Arena,,N,1
2026021225,20262027,regular,2027-03-26,2027-03-27T00:00:00Z,scheduled,nhl-nsh,nhl-chi,NSH,CHI,,,United Center,,N,1
2026021226,20262027,regular,2027-03-26,2027-03-27T01:00:00Z,scheduled,nhl-sjs,nhl-uta,SJS,UTA,,,Delta Center,,N,1
2026021227,20262027,regular,2027-03-27,2027-03-27T19:30:00Z,scheduled,nhl-lak,nhl-edm,LAK,EDM,,,Rogers Place,,N,1
2026021228,20262027,regular,2027-03-27,2027-03-27T18:00:00Z,scheduled,nhl-sea,nhl-min,SEA,MIN,,,Grand Casino Arena,,N,1
2026021229,20262027,regular,2027-03-27,2027-03-27T20:00:00Z,scheduled,nhl-ana,nhl-van,ANA,VAN,,,Rogers Arena,,N,1
2026021230,20262027,regular,2027-03-27,2027-03-27T22:00:00Z,scheduled,nhl-phi,nhl-fla,PHI,FLA,,,Amerant Bank Arena,,N,1
2026021231,20262027,regular,2027-03-27,2027-03-27T23:00:00Z,scheduled,nhl-ott,nhl-tor,OTT,TOR,,,Scotiabank Arena,,N,1
2026021232,20262027,regular,2027-03-27,2027-03-27T23:00:00Z,scheduled,nhl-njd,nhl-mtl,NJD,MTL,,,Centre Bell,,N,1
2026021233,20262027,regular,2027-03-27,2027-03-27T23:00:00Z,scheduled,nhl-nyr,nhl-tbl,NYR,TBL,,,Benchmark International Arena,,N,1
2026021234,20262027,regular,2027-03-27,2027-03-27T23:00:00Z,scheduled,nhl-car,nhl-pit,CAR,PIT,,,PPG Paints Arena,,N,1
2026021235,20262027,regular,2027-03-27,2027-03-27T23:00:00Z,scheduled,nhl-stl,nhl-cbj,STL,CBJ,,,Nationwide Arena,,N,1
2026021236,20262027,regular,2027-03-27,2027-03-27T23:00:00Z,scheduled,nhl-wpg,nhl-col,WPG,COL,,,Ball Arena,,N,1
2026021237,20262027,regular,2027-03-27,2027-03-27T23:30:00Z,scheduled,nhl-det,nhl-nyi,DET,NYI,,,UBS Arena,,N,1
2026021238,20262027,regular,2027-03-27,2027-03-28T00:00:00Z,scheduled,nhl-nsh,nhl-dal,NSH,DAL,,,American Airlines Center,,N,1
2026021239,20262027,regular,2027-03-27,2027-03-28T02:00:00Z,scheduled,nhl-vgk,nhl-cgy,VGK,CGY,,,Scotiabank Saddledome,,N,1
2026021240,20262027,regular,2027-03-28,2027-03-28T18:00:00Z,scheduled,nhl-sea,nhl-chi,SEA,CHI,,,United Center,,N,1
2026021241,20262027,regular,2027-03-28,2027-03-28T23:00:00Z,scheduled,nhl-wsh,nhl-tor,WSH,TOR,,,Scotiabank Arena,,N,1
2026021242,20262027,regular,2027-03-28,2027-03-28T22:00:00Z,scheduled,nhl-det,nhl-mtl,DET,MTL,,,Centre Bell,,N,1
2026021243,20262027,regular,2027-03-28,2027-03-29T00:30:00Z,scheduled,nhl-buf,nhl-stl,BUF,STL,,,Enterprise Center,,N,1
2026021244,20262027,regular,2027-03-29,2027-03-29T23:00:00Z,scheduled,nhl-car,nhl-njd,CAR,NJD,,,Prudential Center,,N,1
2026021245,20262027,regular,2027-03-29,2027-03-29T23:00:00Z,scheduled,nhl-min,nhl-nyr,MIN,NYR,,,Madison Square Garden,,N,1
2026021246,20262027,regular,2027-03-29,2027-03-30T01:30:00Z,scheduled,nhl-van,nhl-lak,VAN,LAK,,,Crypto.com Arena,,N,1
2026021247,20262027,regular,2027-03-29,2027-03-30T02:00:00Z,scheduled,nhl-col,nhl-sjs,COL,SJS,,,SAP Center at San Jose,,N,1
2026021248,20262027,regular,2027-03-30,2027-03-30T23:00:00Z,scheduled,nhl-mtl,nhl-bos,MTL,BOS,,,TD Garden,,N,1
2026021249,20262027,regular,2027-03-30,2027-03-30T23:00:00Z,scheduled,nhl-ott,nhl-det,OTT,DET,,,Little Caesars Arena,,N,1
2026021250,20262027,regular,2027-03-30,2027-03-30T23:00:00Z,scheduled,nhl-tor,nhl-tbl,TOR,TBL,,,Benchmark International Arena,,N,1
2026021251,20262027,regular,2027-03-30,2027-03-30T23:00:00Z,scheduled,nhl-cbj,nhl-fla,CBJ,FLA,,,Amerant Bank Arena,,N,1
2026021252,20262027,regular,2027-03-30,2027-03-30T23:30:00Z,scheduled,nhl-car,nhl-nyi,CAR,NYI,,,UBS Arena,,N,1
2026021253,20262027,regular,2027-03-30,2027-03-30T23:00:00Z,scheduled,nhl-pit,nhl-phi,PIT,PHI,,,Xfinity Mobile Arena,,N,1
2026021254,20262027,regular,2027-03-30,2027-03-30T23:00:00Z,scheduled,nhl-chi,nhl-wsh,CHI,WSH,,,Capital One Arena,,N,1
2026021255,20262027,regular,2027-03-30,2027-03-31T00:00:00Z,scheduled,nhl-buf,nhl-nsh,BUF,NSH,,,Bridgestone Arena,,N,1
2026021256,20262027,regular,2027-03-30,2027-03-31T00:00:00Z,scheduled,nhl-cgy,nhl-dal,CGY,DAL,,,American Airlines Center,,N,1
2026021257,20262027,regular,2027-03-30,2027-03-31T01:40:00Z,scheduled,nhl-uta,nhl-sea,UTA,SEA,,,Climate Pledge Arena,,N,1
2026021258,20262027,regular,2027-03-30,2027-03-31T02:00:00Z,scheduled,nhl-col,nhl-ana,COL,ANA,,,Honda Center,,N,1
2026021259,20262027,regular,2027-03-31,2027-03-31T23:30:00Z,scheduled,nhl-min,nhl-njd,MIN,NJD,,,Prudential Center,,N,1
2026021260,20262027,regular,2027-03-31,2027-04-01T00:30:00Z,scheduled,nhl-sjs,nhl-edm,SJS,EDM,,,Rogers Place,,N,1
2026021261,20262027,regular,2027-03-31,2027-04-01T02:00:00Z,scheduled,nhl-wpg,nhl-lak,WPG,LAK,,,Crypto.com Arena,,N,1
2026021262,20262027,regular,2027-03-31,2027-04-01T02:30:00Z,scheduled,nhl-van,nhl-vgk,VAN,VGK,,,T-Mobile Arena,,N,1
2026021263,20262027,regular,2027-04-01,2027-04-01T23:00:00Z,scheduled,nhl-nyr,nhl-mtl,NYR,MTL,,,Centre Bell,,N,1
2026021264,20262027,regular,2027-04-01,2027-04-01T23:00:00Z,scheduled,nhl-cbj,nhl-tbl,CBJ,TBL,,,Benchmark International Arena,,N,1
2026021265,20262027,regular,2027-04-01,2027-04-01T23:00:00Z,scheduled,nhl-tor,nhl-fla,TOR,FLA,,,Amerant Bank Arena,,N,1
2026021266,20262027,regular,2027-04-01,2027-04-01T23:30:00Z,scheduled,nhl-wsh,nhl-phi,WSH,PHI,,,Xfinity Mobile Arena,,N,1
2026021267,20262027,regular,2027-04-01,2027-04-01T23:00:00Z,scheduled,nhl-nyi,nhl-pit,NYI,PIT,,,PPG Paints Arena,,N,1
2026021268,20262027,regular,2027-04-01,2027-04-01T23:00:00Z,scheduled,nhl-bos,nhl-buf,BOS,BUF,,,KeyBank Center,,N,1
2026021269,20262027,regular,2027-04-01,2027-04-02T00:00:00Z,scheduled,nhl-cgy,nhl-stl,CGY,STL,,,Enterprise Center,,N,1
2026021270,20262027,regular,2027-04-01,2027-04-02T00:00:00Z,scheduled,nhl-chi,nhl-nsh,CHI,NSH,,,Bridgestone Arena,,N,1
2026021271,20262027,regular,2027-04-01,2027-04-02T01:00:00Z,scheduled,nhl-ana,nhl-uta,ANA,UTA,,,Delta Center,,N,1
2026021272,20262027,regular,2027-04-02,2027-04-02T23:00:00Z,scheduled,nhl-car,nhl-det,CAR,DET,,,Little Caesars Arena,,N,1
2026021273,20262027,regular,2027-04-02,2027-04-02T23:00:00Z,scheduled,nhl-ott,nhl-nyi,OTT,NYI,,,UBS Arena,,N,1
2026021274,20262027,regular,2027-04-02,2027-04-03T00:00:00Z,scheduled,nhl-dal,nhl-min,DAL,MIN,,,Grand Casino Arena,,N,1
2026021275,20262027,regular,2027-04-02,2027-04-03T01:00:00Z,scheduled,nhl-lak,nhl-col,LAK,COL,,,Ball Arena,,N,1
2026021276,20262027,regular,2027-04-02,2027-04-03T02:00:00Z,scheduled,nhl-edm,nhl-vgk,EDM,VGK,,,T-Mobile Arena,,N,1
2026021277,20262027,regular,2027-04-03,2027-04-03T16:30:00Z,scheduled,nhl-fla,nhl-nyr,FLA,NYR,,,Madison Square Garden,,N,1
2026021278,20262027,regular,2027-04-03,2027-04-03T19:00:00Z,scheduled,nhl-tbl,nhl-bos,TBL,BOS,,,TD Garden,,N,1
2026021279,20262027,regular,2027-04-03,2027-04-03T19:30:00Z,scheduled,nhl-cgy,nhl-nsh,CGY,NSH,,,Bridgestone Arena,,N,1
2026021280,20262027,regular,2027-04-03,2027-04-03T21:00:00Z,scheduled,nhl-cbj,nhl-wsh,CBJ,WSH,,,Capital One Arena,,N,1
2026021281,20262027,regular,2027-04-03,2027-04-03T21:00:00Z,scheduled,nhl-njd,nhl-car,NJD,CAR,,,Lenovo Center,,N,1
2026021282,20262027,regular,2027-04-03,2027-04-03T22:00:00Z,scheduled,nhl-chi,nhl-dal,CHI,DAL,,,American Airlines Center,,N,1
2026021283,20262027,regular,2027-04-03,2027-04-03T23:00:00Z,scheduled,nhl-buf,nhl-tor,BUF,TOR,,,Scotiabank Arena,,N,1
2026021284,20262027,regular,2027-04-03,2027-04-03T23:00:00Z,scheduled,nhl-wpg,nhl-sea,WPG,SEA,,,Climate Pledge Arena,,N,1
2026021285,20262027,regular,2027-04-03,2027-04-04T00:00:00Z,scheduled,nhl-phi,nhl-pit,PHI,PIT,,,PPG Paints Arena,,N,1
2026021286,20262027,regular,2027-04-03,2027-04-04T02:00:00Z,scheduled,nhl-vgk,nhl-uta,VGK,UTA,,,Delta Center,,N,1
2026021287,20262027,regular,2027-04-03,2027-04-04T02:00:00Z,scheduled,nhl-sjs,nhl-van,SJS,VAN,,,Rogers Arena,,N,1
2026021288,20262027,regular,2027-04-03,2027-04-04T02:00:00Z,scheduled,nhl-edm,nhl-ana,EDM,ANA,,,Honda Center,,N,1
2026021289,20262027,regular,2027-04-03,2027-04-04T02:30:00Z,scheduled,nhl-stl,nhl-lak,STL,LAK,,,Crypto.com Arena,,N,1
2026021290,20262027,regular,2027-04-04,2027-04-04T18:00:00Z,scheduled,nhl-col,nhl-min,COL,MIN,,,Grand Casino Arena,,N,1
2026021291,20262027,regular,2027-04-04,2027-04-04T20:30:00Z,scheduled,nhl-fla,nhl-njd,FLA,NJD,,,Prudential Center,,N,1
2026021292,20262027,regular,2027-04-04,2027-04-04T19:00:00Z,scheduled,nhl-det,nhl-ott,DET,OTT,,,Canadian Tire Centre,,N,1
2026021293,20262027,regular,2027-04-04,2027-04-04T23:00:00Z,scheduled,nhl-pit,nhl-wsh,PIT,WSH,,,Capital One Arena,,N,1
2026021294,20262027,regular,2027-04-04,2027-04-04T23:30:00Z,scheduled,nhl-mtl,nhl-nyi,MTL,NYI,,,UBS Arena,,N,1
2026021295,20262027,regular,2027-04-04,2027-04-05T01:30:00Z,scheduled,nhl-stl,nhl-sjs,STL,SJS,,,SAP Center at San Jose,,N,1
2026021296,20262027,regular,2027-04-05,2027-04-05T18:00:00Z,scheduled,nhl-phi,nhl-car,PHI,CAR,,,Lenovo Center,,N,1
2026021297,20262027,regular,2027-04-05,2027-04-05T23:00:00Z,scheduled,nhl-tbl,nhl-buf,TBL,BUF,,,KeyBank Center,,N,1
2026021298,20262027,regular,2027-04-05,2027-04-05T23:00:00Z,scheduled,nhl-bos,nhl-tor,BOS,TOR,,,Scotiabank Arena,,N,1
2026021299,20262027,regular,2027-04-05,2027-04-06T00:00:00Z,scheduled,nhl-sea,nhl-dal,SEA,DAL,,,American Airlines Center,,N,1
2026021300,20262027,regular,2027-04-05,2027-04-06T01:30:00Z,scheduled,nhl-wpg,nhl-uta,WPG,UTA,,,Delta Center,,N,1
2026021301,20262027,regular,2027-04-05,2027-04-06T01:30:00Z,scheduled,nhl-cgy,nhl-edm,CGY,EDM,,,Rogers Place,,N,1
2026021302,20262027,regular,2027-04-06,2027-04-06T23:15:00Z,scheduled,nhl-mtl,nhl-fla,MTL,FLA,,,Amerant Bank Arena,,N,1
2026021303,20262027,regular,2027-04-06,2027-04-06T23:30:00Z,scheduled,nhl-tbl,nhl-njd,TBL,NJD,,,Prudential Center,,N,1
2026021304,20262027,regular,2027-04-06,2027-04-06T23:45:00Z,scheduled,nhl-wsh,nhl-cbj,WSH,CBJ,,,Nationwide Arena,,N,1
2026021305,20262027,regular,2027-04-06,2027-04-06T23:30:00Z,scheduled,nhl-det,nhl-nyi,DET,NYI,,,UBS Arena,,N,1
2026021306,20262027,regular,2027-04-06,2027-04-06T23:00:00Z,scheduled,nhl-pit,nhl-nyr,PIT,NYR,,,Madison Square Garden,,N,1
2026021307,20262027,regular,2027-04-06,2027-04-07T00:00:00Z,scheduled,nhl-sea,nhl-nsh,SEA,NSH,,,Bridgestone Arena,,N,1
2026021308,20262027,regular,2027-04-06,2027-04-07T00:00:00Z,scheduled,nhl-chi,nhl-min,CHI,MIN,,,Grand Casino Arena,,N,1
2026021309,20262027,regular,2027-04-06,2027-04-07T02:00:00Z,scheduled,nhl-col,nhl-van,COL,VAN,,,Rogers Arena,,N,1
2026021310,20262027,regular,2027-04-06,2027-04-07T02:30:00Z,scheduled,nhl-stl,nhl-vgk,STL,VGK,,,T-Mobile Arena,,N,1
2026021311,20262027,regular,2027-04-06,2027-04-07T02:15:00Z,scheduled,nhl-lak,nhl-ana,LAK,ANA,,,Honda Center,,N,1
2026021312,20262027,regular,2027-04-07,2027-04-07T23:30:00Z,scheduled,nhl-bos,nhl-buf,BOS,BUF,,,KeyBank Center,,N,1
2026021313,20262027,regular,2027-04-07,2027-04-07T23:00:00Z,scheduled,nhl-ott,nhl-car,OTT,CAR,,,Lenovo Center,,N,1
2026021314,20262027,regular,2027-04-07,2027-04-08T00:00:00Z,scheduled,nhl-edm,nhl-wpg,EDM,WPG,,,Canada Life Centre,,N,1
2026021315,20262027,regular,2027-04-07,2027-04-08T01:00:00Z,scheduled,nhl-dal,nhl-uta,DAL,UTA,,,Delta Center,,N,1
2026021316,20262027,regular,2027-04-08,2027-04-08T23:00:00Z,scheduled,nhl-wsh,nhl-ott,WSH,OTT,,,Canadian Tire Centre,,N,1
2026021317,20262027,regular,2027-04-08,2027-04-08T23:00:00Z,scheduled,nhl-mtl,nhl-tbl,MTL,TBL,,,Benchmark International Arena,,N,1
2026021318,20262027,regular,2027-04-08,2027-04-08T23:00:00Z,scheduled,nhl-nyi,nhl-njd,NYI,NJD,,,Prudential Center,,N,1
2026021319,20262027,regular,2027-04-08,2027-04-08T23:30:00Z,scheduled,nhl-phi,nhl-cbj,PHI,CBJ,,,Nationwide Arena,,N,1
2026021320,20262027,regular,2027-04-08,2027-04-09T00:00:00Z,scheduled,nhl-nsh,nhl-chi,NSH,CHI,,,United Center,,N,1
2026021321,20262027,regular,2027-04-08,2027-04-09T00:00:00Z,scheduled,nhl-sea,nhl-stl,SEA,STL,,,Enterprise Center,,N,1
2026021322,20262027,regular,2027-04-08,2027-04-09T01:00:00Z,scheduled,nhl-col,nhl-cgy,COL,CGY,,,Scotiabank Saddledome,,N,1
2026021323,20262027,regular,2027-04-08,2027-04-09T02:00:00Z,scheduled,nhl-min,nhl-sjs,MIN,SJS,,,SAP Center at San Jose,,N,1
2026021324,20262027,regular,2027-04-08,2027-04-09T02:00:00Z,scheduled,nhl-vgk,nhl-lak,VGK,LAK,,,Crypto.com Arena,,N,1
2026021325,20262027,regular,2027-04-09,2027-04-09T23:00:00Z,scheduled,nhl-pit,nhl-det,PIT,DET,,,Little Caesars Arena,,N,1
2026021326,20262027,regular,2027-04-09,2027-04-09T23:00:00Z,scheduled,nhl-bos,nhl-fla,BOS,FLA,,,Amerant Bank Arena,,N,1
2026021327,20262027,regular,2027-04-09,2027-04-09T23:00:00Z,scheduled,nhl-van,nhl-wpg,VAN,WPG,,,Canada Life Centre,,N,1
2026021328,20262027,regular,2027-04-09,2027-04-10T00:00:00Z,scheduled,nhl-uta,nhl-dal,UTA,DAL,,,American Airlines Center,,N,1
2026021329,20262027,regular,2027-04-10,2027-04-10T16:30:00Z,scheduled,nhl-wsh,nhl-phi,WSH,PHI,,,Xfinity Mobile Arena,,N,1
2026021330,20262027,regular,2027-04-10,2027-04-10T19:00:00Z,scheduled,nhl-min,nhl-col,MIN,COL,,,Ball Arena,,N,1
2026021331,20262027,regular,2027-04-10,2027-04-10T20:00:00Z,scheduled,nhl-ana,nhl-sjs,ANA,SJS,,,SAP Center at San Jose,,N,1
2026021332,20262027,regular,2027-04-10,2027-04-10T21:00:00Z,scheduled,nhl-cbj,nhl-nyi,CBJ,NYI,,,UBS Arena,,N,1
2026021333,20262027,regular,2027-04-10,2027-04-10T22:00:00Z,scheduled,nhl-det,nhl-buf,DET,BUF,,,KeyBank Center,,N,1
2026021334,20262027,regular,2027-04-10,2027-04-10T22:00:00Z,scheduled,nhl-car,nhl-fla,CAR,FLA,,,Amerant Bank Arena,,N,1
2026021335,20262027,regular,2027-04-10,2027-04-10T22:00:00Z,scheduled,nhl-pit,nhl-njd,PIT,NJD,,,Prudential Center,,N,1
2026021336,20262027,regular,2027-04-10,2027-04-10T22:00:00Z,scheduled,nhl-sea,nhl-chi,SEA,CHI,,,United Center,,N,1
2026021337,20262027,regular,2027-04-10,2027-04-10T23:00:00Z,scheduled,nhl-dal,nhl-nsh,DAL,NSH,,,Bridgestone Arena,,N,1
2026021338,20262027,regular,2027-04-10,2027-04-10T23:00:00Z,scheduled,nhl-mtl,nhl-ott,MTL,OTT,,,Canadian Tire Centre,,N,1
2026021339,20262027,regular,2027-04-10,2027-04-10T23:00:00Z,scheduled,nhl-tor,nhl-nyr,TOR,NYR,,,Madison Square Garden,,N,1
2026021340,20262027,regular,2027-04-10,2027-04-10T23:00:00Z,scheduled,nhl-uta,nhl-stl,UTA,STL,,,Enterprise Center,,N,1
2026021341,20262027,regular,2027-04-10,2027-04-11T00:00:00Z,scheduled,nhl-bos,nhl-tbl,BOS,TBL,,,Benchmark International Arena,,N,1
2026021342,20262027,regular,2027-04-10,2027-04-11T02:00:00Z,scheduled,nhl-van,nhl-cgy,VAN,CGY,,,Scotiabank Saddledome,,N,1
2026021343,20262027,regular,2027-04-10,2027-04-11T02:00:00Z,scheduled,nhl-wpg,nhl-edm,WPG,EDM,,,Rogers Place,,N,1
2026021344,20262027,regular,2027-04-10,2027-04-11T02:30:00Z,scheduled,nhl-lak,nhl-vgk,LAK,VGK,,,T-Mobile Arena,,N,1
