game_id,season,season_type,date,start_time_utc,status,away_team_id,home_team_id,away_abbrev,home_abbrev,away_score,home_score,venue,ot,doubleheader,game_number
823244,2026,regular,2026-03-25,2026-03-26T00:05:00Z,final,mlb-nyy,mlb-sf,NYY,SF,7,0,Oracle Park,,N,1
823649,2026,regular,2026-03-26,2026-03-26T17:15:00Z,final,mlb-pit,mlb-nym,PIT,NYM,7,11,Citi Field,,N,1
823812,2026,regular,2026-03-26,2026-03-26T18:10:00Z,final,mlb-cws,mlb-mil,CWS,MIL,2,14,American Family Field,,N,1
824704,2026,regular,2026-03-26,2026-03-26T18:20:00Z,final,mlb-wsh,mlb-chc,WSH,CHC,10,4,Wrigley Field,,N,1
824865,2026,regular,2026-03-26,2026-03-26T19:05:00Z,final,mlb-min,mlb-bal,MIN,BAL,1,2,Oriole Park at Camden Yards,,N,1
823325,2026,regular,2026-03-26,2026-03-26T20:10:00Z,final,mlb-det,mlb-sd,DET,SD,8,2,Petco Park,,N,1
824218,2026,regular,2026-03-26,2026-03-26T20:10:00Z,final,mlb-laa,mlb-hou,LAA,HOU,3,0,Daikin Park,,N,1
824541,2026,regular,2026-03-26,2026-03-26T20:10:00Z,final,mlb-bos,mlb-cin,BOS,CIN,3,0,Great American Ball Park,,N,1
823081,2026,regular,2026-03-26,2026-03-26T20:15:00Z,final,mlb-tb,mlb-stl,TB,STL,7,9,Busch Stadium,,N,1
823486,2026,regular,2026-03-26,2026-03-26T20:15:00Z,final,mlb-tex,mlb-phi,TEX,PHI,3,5,Citizens Bank Park,,N,1
823974,2026,regular,2026-03-26,2026-03-27T00:30:00Z,final,mlb-ari,mlb-lad,ARI,LAD,2,8,UNIQLO Field at Dodger Stadium,,N,1
823163,2026,regular,2026-03-26,2026-03-27T02:10:00Z,final,mlb-cle,mlb-sea,CLE,SEA,6,4,T-Mobile Park,,N,1
823243,2026,regular,2026-03-27,2026-03-27T20:35:00Z,final,mlb-nyy,mlb-sf,NYY,SF,3,0,Oracle Park,,N,1
822839,2026,regular,2026-03-27,2026-03-27T23:07:00Z,final,mlb-ath,mlb-tor,ATH,TOR,2,3,Rogers Centre,,N,1
823893,2026,regular,2026-03-27,2026-03-27T23:10:00Z,final,mlb-col,mlb-mia,COL,MIA,1,2,loanDepot park,,N,1
824946,2026,regular,2026-03-27,2026-03-27T23:15:00Z,final,mlb-kc,mlb-atl,KC,ATL,0,6,Truist Park,,N,1
824216,2026,regular,2026-03-27,2026-03-28T00:15:00Z,final,mlb-laa,mlb-hou,LAA,HOU,6,2,Daikin Park,,N,1
823324,2026,regular,2026-03-27,2026-03-28T01:40:00Z,final,mlb-det,mlb-sd,DET,SD,5,2,Petco Park,,N,1
823162,2026,regular,2026-03-27,2026-03-28T01:45:00Z,final,mlb-cle,mlb-sea,CLE,SEA,1,5,T-Mobile Park,,N,1
823971,2026,regular,2026-03-27,2026-03-28T02:10:00Z,final,mlb-ari,mlb-lad,ARI,LAD,4,5,UNIQLO Field at Dodger Stadium,,N,1
823082,2026,regular,2026-03-28,2026-03-28T18:15:00Z,final,mlb-tb,mlb-stl,TB,STL,5,6,Busch Stadium,,N,1
824701,2026,regular,2026-03-28,2026-03-28T18:20:00Z,final,mlb-wsh,mlb-chc,WSH,CHC,2,10,Wrigley Field,,N,1
822838,2026,regular,2026-03-28,2026-03-28T19:07:00Z,final,mlb-ath,mlb-tor,ATH,TOR,7,8,Rogers Centre,,N,1
823488,2026,regular,2026-03-28,2026-03-28T20:05:00Z,final,mlb-tex,mlb-phi,TEX,PHI,5,4,Citizens Bank Park,,N,1
824862,2026,regular,2026-03-28,2026-03-28T20:05:00Z,final,mlb-min,mlb-bal,MIN,BAL,4,1,Oriole Park at Camden Yards,,N,1
823651,2026,regular,2026-03-28,2026-03-28T20:10:00Z,final,mlb-pit,mlb-nym,PIT,NYM,2,4,Citi Field,,N,1
823892,2026,regular,2026-03-28,2026-03-28T20:10:00Z,final,mlb-col,mlb-mia,COL,MIA,3,4,loanDepot park,,N,1
824540,2026,regular,2026-03-28,2026-03-28T20:10:00Z,final,mlb-bos,mlb-cin,BOS,CIN,5,6,Great American Ball Park,,N,1
823811,2026,regular,2026-03-28,2026-03-28T23:10:00Z,final,mlb-cws,mlb-mil,CWS,MIL,1,6,American Family Field,,N,1
824213,2026,regular,2026-03-28,2026-03-28T23:10:00Z,final,mlb-laa,mlb-hou,LAA,HOU,9,11,Daikin Park,,N,1
823241,2026,regular,2026-03-28,2026-03-28T23:15:00Z,final,mlb-nyy,mlb-sf,NYY,SF,3,1,Oracle Park,,N,1
824945,2026,regular,2026-03-28,2026-03-28T23:15:00Z,final,mlb-kc,mlb-atl,KC,ATL,2,6,Truist Park,,N,1
823323,2026,regular,2026-03-28,2026-03-29T00:40:00Z,final,mlb-det,mlb-sd,DET,SD,0,3,Petco Park,,N,1
823973,2026,regular,2026-03-28,2026-03-29T01:10:00Z,final,mlb-ari,mlb-lad,ARI,LAD,2,3,UNIQLO Field at Dodger Stadium,,N,1
823161,2026,regular,2026-03-28,2026-03-29T01:40:00Z,final,mlb-cle,mlb-sea,CLE,SEA,6,5,T-Mobile Park,,N,1
823487,2026,regular,2026-03-29,2026-03-29T17:35:00Z,final,mlb-tex,mlb-phi,TEX,PHI,8,3,Citizens Bank Park,,N,1
824864,2026,regular,2026-03-29,2026-03-29T17:35:00Z,final,mlb-min,mlb-bal,MIN,BAL,6,8,Oriole Park at Camden Yards,,N,1
824944,2026,regular,2026-03-29,2026-03-29T17:35:00Z,final,mlb-kc,mlb-atl,KC,ATL,4,1,Truist Park,,N,1
822837,2026,regular,2026-03-29,2026-03-29T17:37:00Z,final,mlb-ath,mlb-tor,ATH,TOR,2,5,Rogers Centre,,N,1
823647,2026,regular,2026-03-29,2026-03-29T17:40:00Z,final,mlb-pit,mlb-nym,PIT,NYM,4,3,Citi Field,,N,1
823891,2026,regular,2026-03-29,2026-03-29T17:40:00Z,final,mlb-col,mlb-mia,COL,MIA,3,4,loanDepot park,,N,1
824538,2026,regular,2026-03-29,2026-03-29T17:40:00Z,final,mlb-bos,mlb-cin,BOS,CIN,2,3,Great American Ball Park,,N,1
823810,2026,regular,2026-03-29,2026-03-29T18:10:00Z,final,mlb-cws,mlb-mil,CWS,MIL,7,9,American Family Field,,N,1
824215,2026,regular,2026-03-29,2026-03-29T18:10:00Z,final,mlb-laa,mlb-hou,LAA,HOU,7,9,Daikin Park,,N,1
823079,2026,regular,2026-03-29,2026-03-29T18:15:00Z,final,mlb-tb,mlb-stl,TB,STL,11,7,Busch Stadium,,N,1
824700,2026,regular,2026-03-29,2026-03-29T18:20:00Z,final,mlb-wsh,mlb-chc,WSH,CHC,6,3,Wrigley Field,,N,1
823160,2026,regular,2026-03-29,2026-03-29T23:20:00Z,final,mlb-cle,mlb-sea,CLE,SEA,0,8,T-Mobile Park,,N,1
824135,2026,regular,2026-03-30,2026-03-30T20:10:00Z,final,mlb-min,mlb-kc,MIN,KC,1,3,Kauffman Stadium,,N,1
824863,2026,regular,2026-03-30,2026-03-30T22:35:00Z,final,mlb-tex,mlb-bal,TEX,BAL,5,2,Oriole Park at Camden Yards,,N,1
823484,2026,regular,2026-03-30,2026-03-30T22:40:00Z,final,mlb-wsh,mlb-phi,WSH,PHI,13,2,Citizens Bank Park,,N,1
823890,2026,regular,2026-03-30,2026-03-30T22:40:00Z,final,mlb-cws,mlb-mia,CWS,MIA,9,4,loanDepot park,,N,1
824539,2026,regular,2026-03-30,2026-03-30T22:40:00Z,final,mlb-pit,mlb-cin,PIT,CIN,0,2,Great American Ball Park,,N,1
822834,2026,regular,2026-03-30,2026-03-30T23:07:00Z,final,mlb-col,mlb-tor,COL,TOR,14,5,Rogers Centre,,N,1
824943,2026,regular,2026-03-30,2026-03-30T23:15:00Z,final,mlb-ath,mlb-atl,ATH,ATL,0,4,Truist Park,,N,1
823809,2026,regular,2026-03-30,2026-03-30T23:40:00Z,final,mlb-tb,mlb-mil,TB,MIL,3,2,American Family Field,,N,1
824702,2026,regular,2026-03-30,2026-03-30T23:40:00Z,final,mlb-laa,mlb-chc,LAA,CHC,2,7,Wrigley Field,,N,1
823080,2026,regular,2026-03-30,2026-03-30T23:45:00Z,final,mlb-nym,mlb-stl,NYM,STL,4,2,Busch Stadium,,N,1
824214,2026,regular,2026-03-30,2026-03-31T00:10:00Z,final,mlb-bos,mlb-hou,BOS,HOU,1,8,Daikin Park,,N,1
823159,2026,regular,2026-03-30,2026-03-31T01:40:00Z,final,mlb-nyy,mlb-sea,NYY,SEA,1,2,T-Mobile Park,,N,1
823320,2026,regular,2026-03-30,2026-03-31T01:40:00Z,final,mlb-sf,mlb-sd,SF,SD,3,2,Petco Park,,N,1
823972,2026,regular,2026-03-30,2026-03-31T02:10:00Z,final,mlb-cle,mlb-lad,CLE,LAD,4,2,UNIQLO Field at Dodger Stadium,,N,1
825108,2026,regular,2026-03-30,2026-03-31T02:10:00Z,final,mlb-det,mlb-ari,DET,ARI,6,9,Chase Field,,N,1
824861,2026,regular,2026-03-31,2026-03-31T22:35:00Z,final,mlb-tex,mlb-bal,TEX,BAL,8,5,Oriole Park at Camden Yards,,N,1
823485,2026,regular,2026-03-31,2026-03-31T22:40:00Z,final,mlb-wsh,mlb-phi,WSH,PHI,2,3,Citizens Bank Park,,N,1
823888,2026,regular,2026-03-31,2026-03-31T22:40:00Z,final,mlb-cws,mlb-mia,CWS,MIA,2,9,loanDepot park,,N,1
824537,2026,regular,2026-03-31,2026-03-31T22:40:00Z,final,mlb-pit,mlb-cin,PIT,CIN,8,3,Great American Ball Park,,N,1
822836,2026,regular,2026-03-31,2026-03-31T23:07:00Z,final,mlb-col,mlb-tor,COL,TOR,1,5,Rogers Centre,,N,1
824942,2026,regular,2026-03-31,2026-03-31T23:15:00Z,final,mlb-ath,mlb-atl,ATH,ATL,5,2,Truist Park,,N,1
823807,2026,regular,2026-03-31,2026-03-31T23:40:00Z,final,mlb-tb,mlb-mil,TB,MIL,2,6,American Family Field,,N,1
824699,2026,regular,2026-03-31,2026-03-31T23:40:00Z,final,mlb-laa,mlb-chc,LAA,CHC,2,0,Wrigley Field,,N,1
823077,2026,regular,2026-03-31,2026-03-31T23:45:00Z,final,mlb-nym,mlb-stl,NYM,STL,0,3,Busch Stadium,,N,1
824212,2026,regular,2026-03-31,2026-04-01T00:10:00Z,final,mlb-bos,mlb-hou,BOS,HOU,2,9,Daikin Park,,N,1
823158,2026,regular,2026-03-31,2026-04-01T01:40:00Z,final,mlb-nyy,mlb-sea,NYY,SEA,5,0,T-Mobile Park,,N,1
823322,2026,regular,2026-03-31,2026-04-01T01:40:00Z,final,mlb-sf,mlb-sd,SF,SD,9,3,Petco Park,,N,1
825107,2026,regular,2026-03-31,2026-04-01T01:40:00Z,final,mlb-det,mlb-ari,DET,ARI,5,7,Chase Field,,N,1
823969,2026,regular,2026-03-31,2026-04-01T02:10:00Z,final,mlb-cle,mlb-lad,CLE,LAD,1,4,UNIQLO Field at Dodger Stadium,,N,1
824940,2026,regular,2026-04-01,2026-04-01T16:15:00Z,final,mlb-ath,mlb-atl,ATH,ATL,1,5,Truist Park,,N,1
824860,2026,regular,2026-04-01,2026-04-01T16:35:00Z,final,mlb-tex,mlb-bal,TEX,BAL,3,8,Oriole Park at Camden Yards,,N,1
824536,2026,regular,2026-04-01,2026-04-01T16:40:00Z,final,mlb-pit,mlb-cin,PIT,CIN,8,3,Great American Ball Park,,N,1
823483,2026,regular,2026-04-01,2026-04-01T17:05:00Z,final,mlb-wsh,mlb-phi,WSH,PHI,5,6,Citizens Bank Park,,N,1
822835,2026,regular,2026-04-01,2026-04-01T17:07:00Z,final,mlb-col,mlb-tor,COL,TOR,2,1,Rogers Centre,,N,1
823889,2026,regular,2026-04-01,2026-04-01T17:10:00Z,final,mlb-cws,mlb-mia,CWS,MIA,0,10,loanDepot park,,N,1
823078,2026,regular,2026-04-01,2026-04-01T17:15:00Z,final,mlb-nym,mlb-stl,NYM,STL,1,2,Busch Stadium,,N,1
823806,2026,regular,2026-04-01,2026-04-01T17:40:00Z,final,mlb-tb,mlb-mil,TB,MIL,2,8,American Family Field,,N,1
824211,2026,regular,2026-04-01,2026-04-01T18:10:00Z,final,mlb-bos,mlb-hou,BOS,HOU,4,6,Daikin Park,,N,1
824698,2026,regular,2026-04-01,2026-04-01T18:20:00Z,final,mlb-laa,mlb-chc,LAA,CHC,2,6,Wrigley Field,,N,1
825106,2026,regular,2026-04-01,2026-04-01T19:40:00Z,final,mlb-det,mlb-ari,DET,ARI,0,1,Chase Field,,N,1
823157,2026,regular,2026-04-01,2026-04-01T20:10:00Z,final,mlb-nyy,mlb-sea,NYY,SEA,5,3,T-Mobile Park,,N,1
823321,2026,regular,2026-04-01,2026-04-01T20:10:00Z,final,mlb-sf,mlb-sd,SF,SD,1,7,Petco Park,,N,1
824136,2026,regular,2026-04-01,2026-04-01T23:40:00Z,final,mlb-min,mlb-kc,MIN,KC,9,13,Kauffman Stadium,,N,1
823970,2026,regular,2026-04-01,2026-04-02T00:20:00Z,final,mlb-cle,mlb-lad,CLE,LAD,4,1,UNIQLO Field at Dodger Stadium,,N,1
824133,2026,regular,2026-04-02,2026-04-02T18:10:00Z,final,mlb-min,mlb-kc,MIN,KC,5,1,Kauffman Stadium,,N,1
825105,2026,regular,2026-04-02,2026-04-03T01:40:00Z,final,mlb-atl,mlb-ari,ATL,ARI,17,2,Chase Field,,N,1
823242,2026,regular,2026-04-02,2026-04-03T01:45:00Z,final,mlb-nym,mlb-sf,NYM,SF,2,7,Oracle Park,,N,1
824621,2026,regular,2026-04-03,2026-04-02T20:10:00Z,postponed,mlb-tor,mlb-cws,TOR,CWS,,,Rate Field,,N,1
822758,2026,regular,2026-04-03,2026-04-03T17:05:00Z,final,mlb-lad,mlb-wsh,LAD,WSH,13,6,Nationals Park,,N,1
824299,2026,regular,2026-04-03,2026-04-03T17:10:00Z,final,mlb-stl,mlb-det,STL,DET,0,4,Comerica Park,,N,1
823568,2026,regular,2026-04-03,2026-04-03T17:35:00Z,final,mlb-mia,mlb-nyy,MIA,NYY,2,8,Yankee Stadium,,N,1
824621,2026,regular,2026-04-03,2026-04-03T18:10:00Z,final,mlb-tor,mlb-cws,TOR,CWS,4,5,Rate Field,,N,1
824786,2026,regular,2026-04-03,2026-04-03T18:10:00Z,final,mlb-sd,mlb-bos,SD,BOS,2,5,Fenway Park,,N,1
822919,2026,regular,2026-04-03,2026-04-03T20:05:00Z,final,mlb-cin,mlb-tex,CIN,TEX,5,3,Globe Life Field,,N,1
823732,2026,regular,2026-04-03,2026-04-03T20:10:00Z,final,mlb-tb,mlb-min,TB,MIN,4,10,Target Field,,N,1
824377,2026,regular,2026-04-03,2026-04-03T20:10:00Z,final,mlb-phi,mlb-col,PHI,COL,10,1,Coors Field,,N,1
824458,2026,regular,2026-04-03,2026-04-03T20:10:00Z,final,mlb-chc,mlb-cle,CHC,CLE,1,4,Progressive Field,,N,1
823406,2026,regular,2026-04-03,2026-04-03T20:12:00Z,final,mlb-bal,mlb-pit,BAL,PIT,4,5,PNC Park,,N,1
824056,2026,regular,2026-04-03,2026-04-04T01:38:00Z,final,mlb-sea,mlb-laa,SEA,LAA,3,1,Angel Stadium,,N,1
825026,2026,regular,2026-04-03,2026-04-04T01:40:00Z,final,mlb-hou,mlb-ath,HOU,ATH,4,11,Sutter Health Park,,N,1
825103,2026,regular,2026-04-03,2026-04-04T01:45:00Z,final,mlb-atl,mlb-ari,ATL,ARI,2,0,Chase Field,,N,1
823240,2026,regular,2026-04-03,2026-04-04T02:15:00Z,final,mlb-nym,mlb-sf,NYM,SF,10,3,Oracle Park,,N,1
824134,2026,regular,2026-04-04,2026-04-03T23:45:00Z,postponed,mlb-mil,mlb-kc,MIL,KC,,,Kauffman Stadium,,N,1
824295,2026,regular,2026-04-04,2026-04-04T17:10:00Z,final,mlb-stl,mlb-det,STL,DET,6,11,Comerica Park,,N,1
824132,2026,regular,2026-04-04,2026-04-04T18:10:00Z,final,mlb-mil,mlb-kc,MIL,KC,5,2,Kauffman Stadium,,S,1
824622,2026,regular,2026-04-04,2026-04-04T18:10:00Z,final,mlb-tor,mlb-cws,TOR,CWS,3,6,Rate Field,,N,1
822757,2026,regular,2026-04-04,2026-04-04T20:05:00Z,final,mlb-lad,mlb-wsh,LAD,WSH,10,5,Nationals Park,,N,1
823404,2026,regular,2026-04-04,2026-04-04T20:05:00Z,final,mlb-bal,mlb-pit,BAL,PIT,2,3,PNC Park,,N,1
825027,2026,regular,2026-04-04,2026-04-04T20:05:00Z,final,mlb-hou,mlb-ath,HOU,ATH,11,0,Sutter Health Park,,N,1
824782,2026,regular,2026-04-04,2026-04-04T20:10:00Z,final,mlb-sd,mlb-bos,SD,BOS,3,2,Fenway Park,,N,1
822920,2026,regular,2026-04-04,2026-04-04T23:05:00Z,final,mlb-cin,mlb-tex,CIN,TEX,2,0,Globe Life Field,,N,1
823569,2026,regular,2026-04-04,2026-04-04T23:05:00Z,final,mlb-mia,mlb-nyy,MIA,NYY,7,9,Yankee Stadium,,N,1
823730,2026,regular,2026-04-04,2026-04-04T23:10:00Z,final,mlb-tb,mlb-min,TB,MIN,7,1,Target Field,,N,1
824134,2026,regular,2026-04-04,2026-04-04T23:10:00Z,final,mlb-mil,mlb-kc,MIL,KC,2,8,Kauffman Stadium,,S,2
825104,2026,regular,2026-04-04,2026-04-04T23:15:00Z,final,mlb-atl,mlb-ari,ATL,ARI,1,2,Chase Field,,N,1
824378,2026,regular,2026-04-04,2026-04-05T00:10:00Z,final,mlb-phi,mlb-col,PHI,COL,2,1,Coors Field,,N,1
823239,2026,regular,2026-04-04,2026-04-05T01:05:00Z,final,mlb-nym,mlb-sf,NYM,SF,9,0,Oracle Park,,N,1
824054,2026,regular,2026-04-04,2026-04-05T01:38:00Z,final,mlb-sea,mlb-laa,SEA,LAA,0,1,Angel Stadium,,N,1
824460,2026,regular,2026-04-05,2026-04-04T23:15:00Z,postponed,mlb-chc,mlb-cle,CHC,CLE,,,Progressive Field,,N,1
824459,2026,regular,2026-04-05,2026-04-05T17:10:00Z,final,mlb-chc,mlb-cle,CHC,CLE,1,0,Progressive Field,,Y,1
824460,2026,regular,2026-04-05,2026-04-05T17:15:00Z,final,mlb-chc,mlb-cle,CHC,CLE,5,6,Progressive Field,,Y,2
822756,2026,regular,2026-04-05,2026-04-05T17:35:00Z,final,mlb-lad,mlb-wsh,LAD,WSH,8,6,Nationals Park,,N,1
823405,2026,regular,2026-04-05,2026-04-05T17:35:00Z,final,mlb-bal,mlb-pit,BAL,PIT,2,8,PNC Park,,N,1
823566,2026,regular,2026-04-05,2026-04-05T17:35:00Z,final,mlb-mia,mlb-nyy,MIA,NYY,7,6,Yankee Stadium,,N,1
824781,2026,regular,2026-04-05,2026-04-05T17:35:00Z,final,mlb-sd,mlb-bos,SD,BOS,8,6,Fenway Park,,N,1
823729,2026,regular,2026-04-05,2026-04-05T18:10:00Z,final,mlb-tb,mlb-min,TB,MIN,4,1,Target Field,,N,1
824131,2026,regular,2026-04-05,2026-04-05T18:10:00Z,final,mlb-mil,mlb-kc,MIL,KC,8,5,Kauffman Stadium,,N,1
824620,2026,regular,2026-04-05,2026-04-05T18:10:00Z,final,mlb-tor,mlb-cws,TOR,CWS,0,3,Rate Field,,N,1
822917,2026,regular,2026-04-05,2026-04-05T18:35:00Z,final,mlb-cin,mlb-tex,CIN,TEX,2,1,Globe Life Field,,N,1
824379,2026,regular,2026-04-05,2026-04-05T19:10:00Z,final,mlb-phi,mlb-col,PHI,COL,1,4,Coors Field,,N,1
823238,2026,regular,2026-04-05,2026-04-05T20:05:00Z,final,mlb-nym,mlb-sf,NYM,SF,5,2,Oracle Park,,N,1
825025,2026,regular,2026-04-05,2026-04-05T20:05:00Z,final,mlb-hou,mlb-ath,HOU,ATH,10,12,Sutter Health Park,,N,1
824053,2026,regular,2026-04-05,2026-04-05T20:07:00Z,final,mlb-sea,mlb-laa,SEA,LAA,7,8,Angel Stadium,,N,1
825102,2026,regular,2026-04-05,2026-04-05T20:10:00Z,final,mlb-atl,mlb-ari,ATL,ARI,5,6,Chase Field,,N,1
824296,2026,regular,2026-04-05,2026-04-05T23:20:00Z,final,mlb-stl,mlb-det,STL,DET,5,3,Comerica Park,,N,1
823002,2026,regular,2026-04-06,2026-04-06T20:10:00Z,final,mlb-chc,mlb-tb,CHC,TB,4,6,Tropicana Field,,N,1
824456,2026,regular,2026-04-06,2026-04-06T22:10:00Z,final,mlb-kc,mlb-cle,KC,CLE,4,2,Progressive Field,,N,1
823401,2026,regular,2026-04-06,2026-04-06T22:40:00Z,final,mlb-sd,mlb-pit,SD,PIT,5,0,PNC Park,,N,1
823886,2026,regular,2026-04-06,2026-04-06T22:40:00Z,final,mlb-cin,mlb-mia,CIN,MIA,2,0,loanDepot park,,N,1
822755,2026,regular,2026-04-06,2026-04-06T22:45:00Z,final,mlb-stl,mlb-wsh,STL,WSH,6,9,Nationals Park,,N,1
824783,2026,regular,2026-04-06,2026-04-06T22:45:00Z,final,mlb-mil,mlb-bos,MIL,BOS,8,6,Fenway Park,,N,1
822832,2026,regular,2026-04-06,2026-04-06T23:07:00Z,final,mlb-lad,mlb-tor,LAD,TOR,14,2,Rogers Centre,,N,1
823728,2026,regular,2026-04-06,2026-04-06T23:40:00Z,final,mlb-det,mlb-min,DET,MIN,3,7,Target Field,,N,1
824619,2026,regular,2026-04-06,2026-04-06T23:40:00Z,final,mlb-bal,mlb-cws,BAL,CWS,2,1,Rate Field,,N,1
822918,2026,regular,2026-04-06,2026-04-07T00:05:00Z,final,mlb-sea,mlb-tex,SEA,TEX,1,2,Globe Life Field,,N,1
824376,2026,regular,2026-04-06,2026-04-07T00:40:00Z,final,mlb-hou,mlb-col,HOU,COL,7,9,Coors Field,,N,1
824052,2026,regular,2026-04-06,2026-04-07T01:38:00Z,final,mlb-atl,mlb-laa,ATL,LAA,2,6,Angel Stadium,,N,1
823237,2026,regular,2026-04-06,2026-04-07T01:45:00Z,final,mlb-phi,mlb-sf,PHI,SF,6,4,Oracle Park,,N,1
824457,2026,regular,2026-04-07,2026-04-07T17:10:00Z,final,mlb-kc,mlb-cle,KC,CLE,1,2,Progressive Field,,N,1
824618,2026,regular,2026-04-07,2026-04-07T19:10:00Z,final,mlb-bal,mlb-cws,BAL,CWS,4,2,Rate Field,,N,1
823648,2026,regular,2026-04-07,2026-04-07T20:10:00Z,final,mlb-ari,mlb-nym,ARI,NYM,3,4,Citi Field,,N,1
822999,2026,regular,2026-04-07,2026-04-07T22:40:00Z,final,mlb-chc,mlb-tb,CHC,TB,9,2,Tropicana Field,,N,1
823402,2026,regular,2026-04-07,2026-04-07T22:40:00Z,final,mlb-sd,mlb-pit,SD,PIT,1,7,PNC Park,,N,1
823887,2026,regular,2026-04-07,2026-04-07T22:40:00Z,final,mlb-cin,mlb-mia,CIN,MIA,6,3,loanDepot park,,N,1
822754,2026,regular,2026-04-07,2026-04-07T22:45:00Z,final,mlb-stl,mlb-wsh,STL,WSH,7,6,Nationals Park,,N,1
824780,2026,regular,2026-04-07,2026-04-07T22:45:00Z,final,mlb-mil,mlb-bos,MIL,BOS,2,3,Fenway Park,,N,1
823567,2026,regular,2026-04-07,2026-04-07T23:05:00Z,final,mlb-ath,mlb-nyy,ATH,NYY,3,5,Yankee Stadium,,N,1
822831,2026,regular,2026-04-07,2026-04-07T23:07:00Z,final,mlb-lad,mlb-tor,LAD,TOR,4,1,Rogers Centre,,N,1
823727,2026,regular,2026-04-07,2026-04-07T23:40:00Z,final,mlb-det,mlb-min,DET,MIN,2,4,Target Field,,N,1
822916,2026,regular,2026-04-07,2026-04-08T00:05:00Z,final,mlb-sea,mlb-tex,SEA,TEX,2,3,Globe Life Field,,N,1
824375,2026,regular,2026-04-07,2026-04-08T00:40:00Z,final,mlb-hou,mlb-col,HOU,COL,1,5,Coors Field,,N,1
824051,2026,regular,2026-04-07,2026-04-08T01:38:00Z,final,mlb-atl,mlb-laa,ATL,LAA,7,2,Angel Stadium,,N,1
823235,2026,regular,2026-04-07,2026-04-08T01:45:00Z,final,mlb-phi,mlb-sf,PHI,SF,0,6,Oracle Park,,N,1
823403,2026,regular,2026-04-08,2026-04-08T16:35:00Z,final,mlb-sd,mlb-pit,SD,PIT,8,2,PNC Park,,N,1
824455,2026,regular,2026-04-08,2026-04-08T17:10:00Z,final,mlb-kc,mlb-cle,KC,CLE,2,10,Progressive Field,,N,1
824779,2026,regular,2026-04-08,2026-04-08T17:35:00Z,final,mlb-mil,mlb-bos,MIL,BOS,0,5,Fenway Park,,N,1
824617,2026,regular,2026-04-08,2026-04-08T18:10:00Z,final,mlb-bal,mlb-cws,BAL,CWS,5,3,Rate Field,,N,1
822915,2026,regular,2026-04-08,2026-04-08T18:35:00Z,final,mlb-sea,mlb-tex,SEA,TEX,0,3,Globe Life Field,,N,1
822833,2026,regular,2026-04-08,2026-04-08T19:07:00Z,final,mlb-lad,mlb-tor,LAD,TOR,3,4,Rogers Centre,,N,1
824374,2026,regular,2026-04-08,2026-04-08T19:10:00Z,final,mlb-hou,mlb-col,HOU,COL,1,9,Coors Field,,N,1
823234,2026,regular,2026-04-08,2026-04-08T19:45:00Z,final,mlb-phi,mlb-sf,PHI,SF,0,5,Oracle Park,,N,1
822753,2026,regular,2026-04-08,2026-04-08T20:05:00Z,final,mlb-stl,mlb-wsh,STL,WSH,6,1,Nationals Park,,N,1
824050,2026,regular,2026-04-08,2026-04-08T20:07:00Z,final,mlb-atl,mlb-laa,ATL,LAA,8,2,Angel Stadium,,N,1
823646,2026,regular,2026-04-08,2026-04-08T20:10:00Z,final,mlb-ari,mlb-nym,ARI,NYM,7,2,Citi Field,,N,1
823000,2026,regular,2026-04-08,2026-04-08T22:40:00Z,final,mlb-chc,mlb-tb,CHC,TB,6,2,Tropicana Field,,N,1
823885,2026,regular,2026-04-08,2026-04-08T22:40:00Z,final,mlb-cin,mlb-mia,CIN,MIA,4,7,loanDepot park,,N,1
823564,2026,regular,2026-04-08,2026-04-08T23:05:00Z,final,mlb-ath,mlb-nyy,ATH,NYY,3,2,Yankee Stadium,,N,1
823726,2026,regular,2026-04-08,2026-04-08T23:40:00Z,final,mlb-det,mlb-min,DET,MIN,6,8,Target Field,,N,1
823884,2026,regular,2026-04-09,2026-04-09T16:10:00Z,final,mlb-cin,mlb-mia,CIN,MIA,1,8,loanDepot park,,N,1
823565,2026,regular,2026-04-09,2026-04-09T17:35:00Z,final,mlb-ath,mlb-nyy,ATH,NYY,1,0,Yankee Stadium,,N,1
823724,2026,regular,2026-04-09,2026-04-09T17:40:00Z,final,mlb-det,mlb-min,DET,MIN,1,3,Target Field,,N,1
823645,2026,regular,2026-04-09,2026-04-09T23:10:00Z,final,mlb-ari,mlb-nym,ARI,NYM,7,1,Citi Field,,N,1
824130,2026,regular,2026-04-09,2026-04-09T23:40:00Z,final,mlb-cws,mlb-kc,CWS,KC,2,0,Kauffman Stadium,,N,1
823319,2026,regular,2026-04-09,2026-04-10T01:40:00Z,final,mlb-col,mlb-sd,COL,SD,3,7,Petco Park,,N,1
824695,2026,regular,2026-04-10,2026-04-10T18:20:00Z,final,mlb-pit,mlb-chc,PIT,CHC,2,0,Wrigley Field,,N,1
823482,2026,regular,2026-04-10,2026-04-10T22:40:00Z,final,mlb-ari,mlb-phi,ARI,PHI,5,4,Citizens Bank Park,,N,1
824297,2026,regular,2026-04-10,2026-04-10T22:40:00Z,final,mlb-mia,mlb-det,MIA,DET,0,2,Comerica Park,,N,1
824534,2026,regular,2026-04-10,2026-04-10T22:45:00Z,final,mlb-laa,mlb-cin,LAA,CIN,10,2,Great American Ball Park,,N,1
822829,2026,regular,2026-04-10,2026-04-10T23:07:00Z,final,mlb-min,mlb-tor,MIN,TOR,4,10,Rogers Centre,,N,1
822997,2026,regular,2026-04-10,2026-04-10T23:10:00Z,final,mlb-nyy,mlb-tb,NYY,TB,3,5,Tropicana Field,,N,1
823643,2026,regular,2026-04-10,2026-04-10T23:10:00Z,final,mlb-ath,mlb-nym,ATH,NYM,4,0,Citi Field,,N,1
824858,2026,regular,2026-04-10,2026-04-10T23:15:00Z,final,mlb-sf,mlb-bal,SF,BAL,6,3,Oriole Park at Camden Yards,,N,1
824941,2026,regular,2026-04-10,2026-04-10T23:15:00Z,final,mlb-cle,mlb-atl,CLE,ATL,5,11,Truist Park,,N,1
823808,2026,regular,2026-04-10,2026-04-10T23:40:00Z,final,mlb-wsh,mlb-mil,WSH,MIL,7,3,American Family Field,,N,1
824128,2026,regular,2026-04-10,2026-04-10T23:40:00Z,final,mlb-cws,mlb-kc,CWS,KC,0,2,Kauffman Stadium,,N,1
823076,2026,regular,2026-04-10,2026-04-11T00:15:00Z,final,mlb-bos,mlb-stl,BOS,STL,2,3,Busch Stadium,,N,1
823156,2026,regular,2026-04-10,2026-04-11T01:40:00Z,final,mlb-hou,mlb-sea,HOU,SEA,6,9,T-Mobile Park,,N,1
823318,2026,regular,2026-04-10,2026-04-11T01:40:00Z,final,mlb-col,mlb-sd,COL,SD,2,5,Petco Park,,N,1
823968,2026,regular,2026-04-10,2026-04-11T02:10:00Z,final,mlb-tex,mlb-lad,TEX,LAD,7,8,UNIQLO Field at Dodger Stadium,,N,1
823480,2026,regular,2026-04-11,2026-04-11T17:05:00Z,final,mlb-ari,mlb-phi,ARI,PHI,3,4,Citizens Bank Park,,N,1
824294,2026,regular,2026-04-11,2026-04-11T17:10:00Z,final,mlb-mia,mlb-det,MIA,DET,1,6,Comerica Park,,N,1
824697,2026,regular,2026-04-11,2026-04-11T18:20:00Z,final,mlb-pit,mlb-chc,PIT,CHC,4,3,Wrigley Field,,N,1
822830,2026,regular,2026-04-11,2026-04-11T19:07:00Z,final,mlb-min,mlb-tor,MIN,TOR,7,4,Rogers Centre,,N,1
823644,2026,regular,2026-04-11,2026-04-11T20:10:00Z,final,mlb-ath,mlb-nym,ATH,NYM,11,6,Citi Field,,N,1
824129,2026,regular,2026-04-11,2026-04-11T20:10:00Z,final,mlb-cws,mlb-kc,CWS,KC,0,2,Kauffman Stadium,,N,1
824535,2026,regular,2026-04-11,2026-04-11T20:10:00Z,final,mlb-laa,mlb-cin,LAA,CIN,3,7,Great American Ball Park,,N,1
822996,2026,regular,2026-04-11,2026-04-11T22:10:00Z,final,mlb-nyy,mlb-tb,NYY,TB,4,5,Tropicana Field,,N,1
823805,2026,regular,2026-04-11,2026-04-11T23:10:00Z,final,mlb-wsh,mlb-mil,WSH,MIL,3,1,American Family Field,,N,1
823074,2026,regular,2026-04-11,2026-04-11T23:15:00Z,final,mlb-bos,mlb-stl,BOS,STL,7,1,Busch Stadium,,N,1
824857,2026,regular,2026-04-11,2026-04-11T23:15:00Z,final,mlb-sf,mlb-bal,SF,BAL,2,6,Oriole Park at Camden Yards,,N,1
824939,2026,regular,2026-04-11,2026-04-11T23:15:00Z,final,mlb-cle,mlb-atl,CLE,ATL,6,0,Truist Park,,N,1
823316,2026,regular,2026-04-11,2026-04-12T00:40:00Z,final,mlb-col,mlb-sd,COL,SD,5,9,Petco Park,,N,1
823967,2026,regular,2026-04-11,2026-04-12T01:10:00Z,final,mlb-tex,mlb-lad,TEX,LAD,3,6,UNIQLO Field at Dodger Stadium,,N,1
823155,2026,regular,2026-04-11,2026-04-12T01:40:00Z,final,mlb-hou,mlb-sea,HOU,SEA,7,8,T-Mobile Park,,N,1
823479,2026,regular,2026-04-12,2026-04-12T17:35:00Z,final,mlb-ari,mlb-phi,ARI,PHI,4,3,Citizens Bank Park,,N,1
824859,2026,regular,2026-04-12,2026-04-12T17:35:00Z,final,mlb-sf,mlb-bal,SF,BAL,2,6,Oriole Park at Camden Yards,,N,1
822828,2026,regular,2026-04-12,2026-04-12T17:37:00Z,final,mlb-min,mlb-tor,MIN,TOR,8,2,Rogers Centre,,N,1
822998,2026,regular,2026-04-12,2026-04-12T17:40:00Z,final,mlb-nyy,mlb-tb,NYY,TB,4,5,Tropicana Field,,N,1
823642,2026,regular,2026-04-12,2026-04-12T17:40:00Z,final,mlb-ath,mlb-nym,ATH,NYM,1,0,Citi Field,,N,1
824293,2026,regular,2026-04-12,2026-04-12T17:40:00Z,final,mlb-mia,mlb-det,MIA,DET,2,8,Comerica Park,,N,1
824533,2026,regular,2026-04-12,2026-04-12T17:40:00Z,final,mlb-laa,mlb-cin,LAA,CIN,9,6,Great American Ball Park,,N,1
823804,2026,regular,2026-04-12,2026-04-12T18:10:00Z,final,mlb-wsh,mlb-mil,WSH,MIL,8,6,American Family Field,,N,1
824126,2026,regular,2026-04-12,2026-04-12T18:10:00Z,final,mlb-cws,mlb-kc,CWS,KC,6,5,Kauffman Stadium,,N,1
823075,2026,regular,2026-04-12,2026-04-12T18:15:00Z,final,mlb-bos,mlb-stl,BOS,STL,9,3,Busch Stadium,,N,1
824696,2026,regular,2026-04-12,2026-04-12T18:20:00Z,final,mlb-pit,mlb-chc,PIT,CHC,6,7,Wrigley Field,,N,1
823154,2026,regular,2026-04-12,2026-04-12T20:10:00Z,final,mlb-hou,mlb-sea,HOU,SEA,1,6,T-Mobile Park,,N,1
823317,2026,regular,2026-04-12,2026-04-12T20:10:00Z,final,mlb-col,mlb-sd,COL,SD,2,7,Petco Park,,N,1
823966,2026,regular,2026-04-12,2026-04-12T20:10:00Z,final,mlb-tex,mlb-lad,TEX,LAD,5,2,UNIQLO Field at Dodger Stadium,,N,1
824938,2026,regular,2026-04-12,2026-04-12T23:20:00Z,final,mlb-cle,mlb-atl,CLE,ATL,1,13,Truist Park,,N,1
823153,2026,regular,2026-04-13,2026-04-13T20:10:00Z,final,mlb-hou,mlb-sea,HOU,SEA,2,6,T-Mobile Park,,N,1
824856,2026,regular,2026-04-13,2026-04-13T22:35:00Z,final,mlb-ari,mlb-bal,ARI,BAL,7,9,Oriole Park at Camden Yards,,N,1
823400,2026,regular,2026-04-13,2026-04-13T22:40:00Z,final,mlb-wsh,mlb-pit,WSH,PIT,5,16,PNC Park,,N,1
823481,2026,regular,2026-04-13,2026-04-13T22:40:00Z,final,mlb-chc,mlb-phi,CHC,PHI,7,13,Citizens Bank Park,,N,1
823563,2026,regular,2026-04-13,2026-04-13T23:05:00Z,final,mlb-laa,mlb-nyy,LAA,NYY,10,11,Yankee Stadium,,N,1
824937,2026,regular,2026-04-13,2026-04-13T23:15:00Z,final,mlb-mia,mlb-atl,MIA,ATL,10,4,Truist Park,,N,1
823725,2026,regular,2026-04-13,2026-04-13T23:40:00Z,final,mlb-bos,mlb-min,BOS,MIN,6,13,Target Field,,N,1
823073,2026,regular,2026-04-13,2026-04-13T23:45:00Z,final,mlb-cle,mlb-stl,CLE,STL,9,3,Busch Stadium,,N,1
825024,2026,regular,2026-04-13,2026-04-14T01:40:00Z,final,mlb-tex,mlb-ath,TEX,ATH,8,1,Sutter Health Park,,N,1
823964,2026,regular,2026-04-13,2026-04-14T02:10:00Z,final,mlb-nym,mlb-lad,NYM,LAD,0,4,UNIQLO Field at Dodger Stadium,,N,1
824853,2026,regular,2026-04-14,2026-04-14T22:35:00Z,final,mlb-ari,mlb-bal,ARI,BAL,4,3,Oriole Park at Camden Yards,,N,1
823398,2026,regular,2026-04-14,2026-04-14T22:40:00Z,final,mlb-wsh,mlb-pit,WSH,PIT,5,4,PNC Park,,N,1
823478,2026,regular,2026-04-14,2026-04-14T22:40:00Z,final,mlb-chc,mlb-phi,CHC,PHI,10,4,Citizens Bank Park,,N,1
824292,2026,regular,2026-04-14,2026-04-14T22:40:00Z,final,mlb-kc,mlb-det,KC,DET,1,2,Comerica Park,,N,1
824531,2026,regular,2026-04-14,2026-04-14T22:40:00Z,final,mlb-sf,mlb-cin,SF,CIN,1,2,Great American Ball Park,,N,1
823562,2026,regular,2026-04-14,2026-04-14T23:05:00Z,final,mlb-laa,mlb-nyy,LAA,NYY,7,1,Yankee Stadium,,N,1
824935,2026,regular,2026-04-14,2026-04-14T23:15:00Z,final,mlb-mia,mlb-atl,MIA,ATL,5,6,Truist Park,,N,1
823723,2026,regular,2026-04-14,2026-04-14T23:40:00Z,final,mlb-bos,mlb-min,BOS,MIN,0,6,Target Field,,N,1
823802,2026,regular,2026-04-14,2026-04-14T23:40:00Z,final,mlb-tor,mlb-mil,TOR,MIL,9,7,American Family Field,,N,1
824616,2026,regular,2026-04-14,2026-04-14T23:40:00Z,final,mlb-tb,mlb-cws,TB,CWS,8,5,Rate Field,,N,1
823072,2026,regular,2026-04-14,2026-04-14T23:45:00Z,final,mlb-cle,mlb-stl,CLE,STL,5,6,Busch Stadium,,N,1
824210,2026,regular,2026-04-14,2026-04-15T00:10:00Z,final,mlb-col,mlb-hou,COL,HOU,6,7,Daikin Park,,N,1
823315,2026,regular,2026-04-14,2026-04-15T01:40:00Z,final,mlb-sea,mlb-sd,SEA,SD,1,4,Petco Park,,N,1
825022,2026,regular,2026-04-14,2026-04-15T01:40:00Z,final,mlb-tex,mlb-ath,TEX,ATH,1,2,Sutter Health Park,,N,1
823965,2026,regular,2026-04-14,2026-04-15T02:10:00Z,final,mlb-nym,mlb-lad,NYM,LAD,1,2,UNIQLO Field at Dodger Stadium,,N,1
824855,2026,regular,2026-04-15,2026-04-15T16:35:00Z,final,mlb-ari,mlb-bal,ARI,BAL,8,5,Oriole Park at Camden Yards,,N,1
823071,2026,regular,2026-04-15,2026-04-15T17:15:00Z,final,mlb-cle,mlb-stl,CLE,STL,3,5,Busch Stadium,,N,1
823722,2026,regular,2026-04-15,2026-04-15T17:40:00Z,final,mlb-bos,mlb-min,BOS,MIN,9,5,Target Field,,N,1
823399,2026,regular,2026-04-15,2026-04-15T22:40:00Z,final,mlb-wsh,mlb-pit,WSH,PIT,0,2,PNC Park,,N,1
823477,2026,regular,2026-04-15,2026-04-15T22:40:00Z,final,mlb-chc,mlb-phi,CHC,PHI,11,2,Citizens Bank Park,,N,1
824291,2026,regular,2026-04-15,2026-04-15T22:40:00Z,final,mlb-kc,mlb-det,KC,DET,1,2,Comerica Park,,N,1
824532,2026,regular,2026-04-15,2026-04-15T22:40:00Z,final,mlb-sf,mlb-cin,SF,CIN,3,8,Great American Ball Park,,N,1
823561,2026,regular,2026-04-15,2026-04-15T23:05:00Z,final,mlb-laa,mlb-nyy,LAA,NYY,4,5,Yankee Stadium,,N,1
824936,2026,regular,2026-04-15,2026-04-15T23:15:00Z,final,mlb-mia,mlb-atl,MIA,ATL,3,6,Truist Park,,N,1
823803,2026,regular,2026-04-15,2026-04-15T23:40:00Z,final,mlb-tor,mlb-mil,TOR,MIL,1,2,American Family Field,,N,1
824615,2026,regular,2026-04-15,2026-04-15T23:40:00Z,final,mlb-tb,mlb-cws,TB,CWS,8,3,Rate Field,,N,1
824209,2026,regular,2026-04-15,2026-04-16T00:10:00Z,final,mlb-col,mlb-hou,COL,HOU,1,3,Daikin Park,,N,1
823314,2026,regular,2026-04-15,2026-04-16T01:40:00Z,final,mlb-sea,mlb-sd,SEA,SD,6,7,Petco Park,,N,1
825021,2026,regular,2026-04-15,2026-04-16T01:40:00Z,final,mlb-tex,mlb-ath,TEX,ATH,5,6,Sutter Health Park,,N,1
823963,2026,regular,2026-04-15,2026-04-16T02:10:00Z,final,mlb-nym,mlb-lad,NYM,LAD,2,8,UNIQLO Field at Dodger Stadium,,N,1
823396,2026,regular,2026-04-16,2026-04-16T16:35:00Z,final,mlb-wsh,mlb-pit,WSH,PIT,8,7,PNC Park,,N,1
824530,2026,regular,2026-04-16,2026-04-16T16:40:00Z,final,mlb-sf,mlb-cin,SF,CIN,3,0,Great American Ball Park,,N,1
824289,2026,regular,2026-04-16,2026-04-16T17:10:00Z,final,mlb-kc,mlb-det,KC,DET,9,10,Comerica Park,,N,1
823560,2026,regular,2026-04-16,2026-04-16T17:35:00Z,final,mlb-laa,mlb-nyy,LAA,NYY,11,4,Yankee Stadium,,N,1
823801,2026,regular,2026-04-16,2026-04-16T17:40:00Z,final,mlb-tor,mlb-mil,TOR,MIL,1,2,American Family Field,,N,1
824614,2026,regular,2026-04-16,2026-04-16T18:10:00Z,final,mlb-tb,mlb-cws,TB,CWS,5,3,Rate Field,,N,1
825023,2026,regular,2026-04-16,2026-04-16T19:05:00Z,final,mlb-tex,mlb-ath,TEX,ATH,9,6,Sutter Health Park,,N,1
824453,2026,regular,2026-04-16,2026-04-16T22:10:00Z,final,mlb-bal,mlb-cle,BAL,CLE,2,4,Progressive Field,,N,1
824208,2026,regular,2026-04-16,2026-04-17T00:10:00Z,final,mlb-col,mlb-hou,COL,HOU,3,2,Daikin Park,,N,1
823313,2026,regular,2026-04-16,2026-04-17T00:40:00Z,final,mlb-sea,mlb-sd,SEA,SD,2,5,Petco Park,,N,1
824693,2026,regular,2026-04-17,2026-04-17T18:20:00Z,final,mlb-nym,mlb-chc,NYM,CHC,4,12,Wrigley Field,,N,1
824454,2026,regular,2026-04-17,2026-04-17T22:10:00Z,final,mlb-bal,mlb-cle,BAL,CLE,6,4,Progressive Field,,N,1
823476,2026,regular,2026-04-17,2026-04-17T22:40:00Z,final,mlb-atl,mlb-phi,ATL,PHI,9,0,Citizens Bank Park,,N,1
822752,2026,regular,2026-04-17,2026-04-17T22:45:00Z,final,mlb-sf,mlb-wsh,SF,WSH,10,5,Nationals Park,,N,1
823397,2026,regular,2026-04-17,2026-04-17T22:45:00Z,final,mlb-tb,mlb-pit,TB,PIT,1,5,PNC Park,,N,1
823559,2026,regular,2026-04-17,2026-04-17T23:05:00Z,final,mlb-kc,mlb-nyy,KC,NYY,2,4,Yankee Stadium,,N,1
823883,2026,regular,2026-04-17,2026-04-17T23:10:00Z,final,mlb-mil,mlb-mia,MIL,MIA,7,5,loanDepot park,,N,1
824778,2026,regular,2026-04-17,2026-04-17T23:15:00Z,final,mlb-det,mlb-bos,DET,BOS,0,1,Fenway Park,,N,1
823720,2026,regular,2026-04-17,2026-04-18T00:10:00Z,final,mlb-cin,mlb-min,CIN,MIN,2,1,Target Field,,N,1
824207,2026,regular,2026-04-17,2026-04-18T00:10:00Z,final,mlb-stl,mlb-hou,STL,HOU,9,4,Daikin Park,,N,1
824373,2026,regular,2026-04-17,2026-04-18T00:40:00Z,final,mlb-lad,mlb-col,LAD,COL,7,1,Coors Field,,N,1
824048,2026,regular,2026-04-17,2026-04-18T01:38:00Z,final,mlb-sd,mlb-laa,SD,LAA,0,8,Angel Stadium,,N,1
823152,2026,regular,2026-04-17,2026-04-18T01:40:00Z,final,mlb-tex,mlb-sea,TEX,SEA,5,0,T-Mobile Park,,N,1
825019,2026,regular,2026-04-17,2026-04-18T01:40:00Z,final,mlb-cws,mlb-ath,CWS,ATH,9,2,Sutter Health Park,,N,1
825101,2026,regular,2026-04-17,2026-04-18T01:40:00Z,final,mlb-tor,mlb-ari,TOR,ARI,3,6,Chase Field,,N,1
823558,2026,regular,2026-04-18,2026-04-18T17:35:00Z,final,mlb-kc,mlb-nyy,KC,NYY,4,13,Yankee Stadium,,N,1
823721,2026,regular,2026-04-18,2026-04-18T18:10:00Z,final,mlb-cin,mlb-min,CIN,MIN,5,4,Target Field,,N,1
824694,2026,regular,2026-04-18,2026-04-18T18:20:00Z,final,mlb-nym,mlb-chc,NYM,CHC,2,4,Wrigley Field,,N,1
823394,2026,regular,2026-04-18,2026-04-18T19:30:00Z,final,mlb-tb,mlb-pit,TB,PIT,8,7,PNC Park,,N,1
822751,2026,regular,2026-04-18,2026-04-18T20:05:00Z,final,mlb-sf,mlb-wsh,SF,WSH,7,6,Nationals Park,,N,1
825020,2026,regular,2026-04-18,2026-04-18T20:05:00Z,final,mlb-cws,mlb-ath,CWS,ATH,6,7,Sutter Health Park,,N,1
823882,2026,regular,2026-04-18,2026-04-18T20:10:00Z,final,mlb-mil,mlb-mia,MIL,MIA,5,2,loanDepot park,,N,1
824775,2026,regular,2026-04-18,2026-04-18T20:10:00Z,final,mlb-det,mlb-bos,DET,BOS,4,1,Fenway Park,,N,1
824451,2026,regular,2026-04-18,2026-04-18T22:10:00Z,final,mlb-bal,mlb-cle,BAL,CLE,2,4,Progressive Field,,N,1
824206,2026,regular,2026-04-18,2026-04-18T23:10:00Z,final,mlb-stl,mlb-hou,STL,HOU,7,5,Daikin Park,,N,1
823151,2026,regular,2026-04-18,2026-04-18T23:15:00Z,final,mlb-tex,mlb-sea,TEX,SEA,3,7,T-Mobile Park,,N,1
823474,2026,regular,2026-04-18,2026-04-18T23:15:00Z,final,mlb-atl,mlb-phi,ATL,PHI,3,1,Citizens Bank Park,,N,1
824372,2026,regular,2026-04-18,2026-04-19T00:10:00Z,final,mlb-lad,mlb-col,LAD,COL,3,4,Coors Field,,N,1
825098,2026,regular,2026-04-18,2026-04-19T00:10:00Z,final,mlb-tor,mlb-ari,TOR,ARI,2,6,Chase Field,,N,1
824049,2026,regular,2026-04-18,2026-04-19T01:38:00Z,final,mlb-sd,mlb-laa,SD,LAA,4,1,Angel Stadium,,N,1
822750,2026,regular,2026-04-19,2026-04-19T17:35:00Z,final,mlb-sf,mlb-wsh,SF,WSH,0,3,Nationals Park,,N,1
823393,2026,regular,2026-04-19,2026-04-19T17:35:00Z,final,mlb-tb,mlb-pit,TB,PIT,3,6,PNC Park,,N,1
823556,2026,regular,2026-04-19,2026-04-19T17:35:00Z,final,mlb-kc,mlb-nyy,KC,NYY,0,7,Yankee Stadium,,N,1
823881,2026,regular,2026-04-19,2026-04-19T17:40:00Z,final,mlb-mil,mlb-mia,MIL,MIA,3,5,loanDepot park,,N,1
824452,2026,regular,2026-04-19,2026-04-19T17:40:00Z,final,mlb-bal,mlb-cle,BAL,CLE,4,8,Progressive Field,,N,1
823718,2026,regular,2026-04-19,2026-04-19T18:10:00Z,final,mlb-cin,mlb-min,CIN,MIN,7,4,Target Field,,N,1
824205,2026,regular,2026-04-19,2026-04-19T18:10:00Z,final,mlb-stl,mlb-hou,STL,HOU,7,5,Daikin Park,,N,1
824691,2026,regular,2026-04-19,2026-04-19T18:20:00Z,final,mlb-nym,mlb-chc,NYM,CHC,1,2,Wrigley Field,,N,1
824371,2026,regular,2026-04-19,2026-04-19T19:10:00Z,final,mlb-lad,mlb-col,LAD,COL,6,9,Coors Field,,N,1
825018,2026,regular,2026-04-19,2026-04-19T20:05:00Z,final,mlb-cws,mlb-ath,CWS,ATH,7,4,Sutter Health Park,,N,1
824047,2026,regular,2026-04-19,2026-04-19T20:07:00Z,final,mlb-sd,mlb-laa,SD,LAA,2,1,Angel Stadium,,N,1
823150,2026,regular,2026-04-19,2026-04-19T20:10:00Z,final,mlb-tex,mlb-sea,TEX,SEA,2,5,T-Mobile Park,,N,1
825100,2026,regular,2026-04-19,2026-04-19T20:10:00Z,final,mlb-tor,mlb-ari,TOR,ARI,10,4,Chase Field,,N,1
824777,2026,regular,2026-04-19,2026-04-19T20:35:00Z,final,mlb-det,mlb-bos,DET,BOS,6,2,Fenway Park,,N,1
823475,2026,regular,2026-04-19,2026-04-19T23:20:00Z,final,mlb-atl,mlb-phi,ATL,PHI,4,2,Citizens Bank Park,,N,1
824776,2026,regular,2026-04-20,2026-04-20T15:10:00Z,final,mlb-det,mlb-bos,DET,BOS,6,8,Fenway Park,,N,1
824450,2026,regular,2026-04-20,2026-04-20T22:10:00Z,final,mlb-hou,mlb-cle,HOU,CLE,9,2,Progressive Field,,N,1
822994,2026,regular,2026-04-20,2026-04-20T22:40:00Z,final,mlb-cin,mlb-tb,CIN,TB,6,1,Tropicana Field,,N,1
823879,2026,regular,2026-04-20,2026-04-20T22:40:00Z,final,mlb-stl,mlb-mia,STL,MIA,3,5,loanDepot park,,N,1
822749,2026,regular,2026-04-20,2026-04-20T22:45:00Z,final,mlb-atl,mlb-wsh,ATL,WSH,9,4,Nationals Park,,N,1
824125,2026,regular,2026-04-20,2026-04-20T23:40:00Z,final,mlb-bal,mlb-kc,BAL,KC,7,5,Kauffman Stadium,,N,1
824692,2026,regular,2026-04-20,2026-04-20T23:40:00Z,final,mlb-phi,mlb-chc,PHI,CHC,1,5,Wrigley Field,,N,1
824370,2026,regular,2026-04-20,2026-04-21T00:40:00Z,final,mlb-lad,mlb-col,LAD,COL,12,3,Coors Field,,N,1
824046,2026,regular,2026-04-20,2026-04-21T01:38:00Z,final,mlb-tor,mlb-laa,TOR,LAA,5,2,Angel Stadium,,N,1
823149,2026,regular,2026-04-20,2026-04-21T01:40:00Z,final,mlb-ath,mlb-sea,ATH,SEA,6,4,T-Mobile Park,,N,1
824448,2026,regular,2026-04-21,2026-04-21T22:10:00Z,final,mlb-hou,mlb-cle,HOU,CLE,5,8,Progressive Field,,N,1
822995,2026,regular,2026-04-21,2026-04-21T22:40:00Z,final,mlb-cin,mlb-tb,CIN,TB,12,6,Tropicana Field,,N,1
823880,2026,regular,2026-04-21,2026-04-21T22:40:00Z,final,mlb-stl,mlb-mia,STL,MIA,5,3,loanDepot park,,N,1
824290,2026,regular,2026-04-21,2026-04-21T22:40:00Z,final,mlb-mil,mlb-det,MIL,DET,12,4,Comerica Park,,N,1
822747,2026,regular,2026-04-21,2026-04-21T22:45:00Z,final,mlb-atl,mlb-wsh,ATL,WSH,4,11,Nationals Park,,N,1
824773,2026,regular,2026-04-21,2026-04-21T22:45:00Z,final,mlb-nyy,mlb-bos,NYY,BOS,4,0,Fenway Park,,N,1
823640,2026,regular,2026-04-21,2026-04-21T23:10:00Z,final,mlb-min,mlb-nym,MIN,NYM,5,3,Citi Field,,N,1
824127,2026,regular,2026-04-21,2026-04-21T23:40:00Z,final,mlb-bal,mlb-kc,BAL,KC,5,6,Kauffman Stadium,,N,1
824690,2026,regular,2026-04-21,2026-04-21T23:40:00Z,final,mlb-phi,mlb-chc,PHI,CHC,4,7,Wrigley Field,,N,1
822914,2026,regular,2026-04-21,2026-04-22T00:05:00Z,final,mlb-pit,mlb-tex,PIT,TEX,1,5,Globe Life Field,,N,1
824369,2026,regular,2026-04-21,2026-04-22T00:40:00Z,final,mlb-sd,mlb-col,SD,COL,1,0,Coors Field,,N,1
824045,2026,regular,2026-04-21,2026-04-22T01:38:00Z,final,mlb-tor,mlb-laa,TOR,LAA,4,2,Angel Stadium,,N,1
823148,2026,regular,2026-04-21,2026-04-22T01:40:00Z,final,mlb-ath,mlb-sea,ATH,SEA,5,2,T-Mobile Park,,N,1
825099,2026,regular,2026-04-21,2026-04-22T01:40:00Z,final,mlb-cws,mlb-ari,CWS,ARI,11,5,Chase Field,,N,1
823236,2026,regular,2026-04-21,2026-04-22T01:45:00Z,final,mlb-lad,mlb-sf,LAD,SF,1,3,Oracle Park,,N,1
823878,2026,regular,2026-04-22,2026-04-22T16:10:00Z,final,mlb-stl,mlb-mia,STL,MIA,1,4,loanDepot park,,N,1
822993,2026,regular,2026-04-22,2026-04-22T17:10:00Z,final,mlb-cin,mlb-tb,CIN,TB,1,6,Tropicana Field,,N,1
824449,2026,regular,2026-04-22,2026-04-22T17:10:00Z,final,mlb-hou,mlb-cle,HOU,CLE,2,0,Progressive Field,,N,1
824123,2026,regular,2026-04-22,2026-04-22T18:10:00Z,final,mlb-bal,mlb-kc,BAL,KC,8,6,Kauffman Stadium,,N,1
824044,2026,regular,2026-04-22,2026-04-22T19:07:00Z,final,mlb-tor,mlb-laa,TOR,LAA,3,7,Angel Stadium,,N,1
823147,2026,regular,2026-04-22,2026-04-22T20:10:00Z,final,mlb-ath,mlb-sea,ATH,SEA,4,5,T-Mobile Park,,N,1
824286,2026,regular,2026-04-22,2026-04-22T22:40:00Z,final,mlb-mil,mlb-det,MIL,DET,2,5,Comerica Park,,N,1
822748,2026,regular,2026-04-22,2026-04-22T22:45:00Z,final,mlb-atl,mlb-wsh,ATL,WSH,8,6,Nationals Park,,N,1
824774,2026,regular,2026-04-22,2026-04-22T22:45:00Z,final,mlb-nyy,mlb-bos,NYY,BOS,4,1,Fenway Park,,N,1
823641,2026,regular,2026-04-22,2026-04-22T23:10:00Z,final,mlb-min,mlb-nym,MIN,NYM,2,3,Citi Field,,N,1
824688,2026,regular,2026-04-22,2026-04-22T23:40:00Z,final,mlb-phi,mlb-chc,PHI,CHC,2,7,Wrigley Field,,N,1
822913,2026,regular,2026-04-22,2026-04-23T00:05:00Z,final,mlb-pit,mlb-tex,PIT,TEX,8,4,Globe Life Field,,N,1
824367,2026,regular,2026-04-22,2026-04-23T00:40:00Z,final,mlb-sd,mlb-col,SD,COL,3,8,Coors Field,,N,1
825097,2026,regular,2026-04-22,2026-04-23T01:40:00Z,final,mlb-cws,mlb-ari,CWS,ARI,7,11,Chase Field,,N,1
823231,2026,regular,2026-04-22,2026-04-23T01:45:00Z,final,mlb-lad,mlb-sf,LAD,SF,0,3,Oracle Park,,N,1
822745,2026,regular,2026-04-23,2026-04-23T17:05:00Z,final,mlb-atl,mlb-wsh,ATL,WSH,7,2,Nationals Park,,N,1
824288,2026,regular,2026-04-23,2026-04-23T17:10:00Z,final,mlb-mil,mlb-det,MIL,DET,4,5,Comerica Park,,N,1
824689,2026,regular,2026-04-23,2026-04-23T18:20:00Z,final,mlb-phi,mlb-chc,PHI,CHC,7,8,Wrigley Field,,N,1
824368,2026,regular,2026-04-23,2026-04-23T19:10:00Z,final,mlb-sd,mlb-col,SD,COL,10,8,Coors Field,,N,1
825096,2026,regular,2026-04-23,2026-04-23T19:40:00Z,final,mlb-cws,mlb-ari,CWS,ARI,4,1,Chase Field,,N,1
823233,2026,regular,2026-04-23,2026-04-23T19:45:00Z,final,mlb-lad,mlb-sf,LAD,SF,3,0,Oracle Park,,N,1
824770,2026,regular,2026-04-23,2026-04-23T22:10:00Z,final,mlb-nyy,mlb-bos,NYY,BOS,4,2,Fenway Park,,N,1
823639,2026,regular,2026-04-23,2026-04-23T23:10:00Z,final,mlb-min,mlb-nym,MIN,NYM,8,10,Citi Field,,N,1
822912,2026,regular,2026-04-23,2026-04-24T00:05:00Z,final,mlb-pit,mlb-tex,PIT,TEX,1,6,Globe Life Field,,N,1
824529,2026,regular,2026-04-24,2026-04-24T22:40:00Z,final,mlb-det,mlb-cin,DET,CIN,8,9,Great American Ball Park,,N,1
824854,2026,regular,2026-04-24,2026-04-24T23:05:00Z,final,mlb-bos,mlb-bal,BOS,BAL,3,10,Oriole Park at Camden Yards,,N,1
822827,2026,regular,2026-04-24,2026-04-24T23:07:00Z,final,mlb-cle,mlb-tor,CLE,TOR,8,6,Rogers Centre,,N,1
822992,2026,regular,2026-04-24,2026-04-24T23:10:00Z,final,mlb-min,mlb-tb,MIN,TB,2,6,Tropicana Field,,N,1
823638,2026,regular,2026-04-24,2026-04-24T23:10:00Z,final,mlb-col,mlb-nym,COL,NYM,4,3,Citi Field,,N,1
824932,2026,regular,2026-04-24,2026-04-24T23:15:00Z,final,mlb-phi,mlb-atl,PHI,ATL,3,5,Truist Park,,N,1
823800,2026,regular,2026-04-24,2026-04-24T23:40:00Z,final,mlb-pit,mlb-mil,PIT,MIL,6,0,American Family Field,,N,1
824124,2026,regular,2026-04-24,2026-04-24T23:40:00Z,final,mlb-laa,mlb-kc,LAA,KC,3,6,Kauffman Stadium,,N,1
824611,2026,regular,2026-04-24,2026-04-24T23:40:00Z,final,mlb-wsh,mlb-cws,WSH,CWS,4,5,Rate Field,,N,1
822909,2026,regular,2026-04-24,2026-04-25T00:05:00Z,final,mlb-ath,mlb-tex,ATH,TEX,8,1,Globe Life Field,,N,1
824204,2026,regular,2026-04-24,2026-04-25T00:10:00Z,final,mlb-nyy,mlb-hou,NYY,HOU,12,4,Daikin Park,,N,1
823069,2026,regular,2026-04-24,2026-04-25T00:15:00Z,final,mlb-sea,mlb-stl,SEA,STL,3,2,Busch Stadium,,N,1
823232,2026,regular,2026-04-24,2026-04-25T02:15:00Z,final,mlb-mia,mlb-sf,MIA,SF,9,4,Oracle Park,,N,1
823962,2026,regular,2026-04-24,2026-04-25T02:15:00Z,final,mlb-chc,mlb-lad,CHC,LAD,6,4,UNIQLO Field at Dodger Stadium,,N,1
824851,2026,regular,2026-04-25,2026-04-25T16:05:00Z,final,mlb-bos,mlb-bal,BOS,BAL,17,1,Oriole Park at Camden Yards,,N,1
823070,2026,regular,2026-04-25,2026-04-25T18:15:00Z,final,mlb-sea,mlb-stl,SEA,STL,11,9,Busch Stadium,,N,1
822826,2026,regular,2026-04-25,2026-04-25T19:07:00Z,final,mlb-cle,mlb-tor,CLE,TOR,3,5,Rogers Centre,,N,1
823229,2026,regular,2026-04-25,2026-04-25T20:05:00Z,final,mlb-mia,mlb-sf,MIA,SF,2,6,Oracle Park,,N,1
822989,2026,regular,2026-04-25,2026-04-25T20:10:00Z,final,mlb-min,mlb-tb,MIN,TB,1,6,Tropicana Field,,N,1
824613,2026,regular,2026-04-25,2026-04-25T20:10:00Z,final,mlb-wsh,mlb-cws,WSH,CWS,6,3,Rate Field,,N,1
825093,2026,regular,2026-04-25,2026-04-25T22:05:00Z,final,mlb-sd,mlb-ari,SD,ARI,6,4,Estadio Alfredo Harp Helu,,N,1
822910,2026,regular,2026-04-25,2026-04-25T23:05:00Z,final,mlb-ath,mlb-tex,ATH,TEX,3,4,Globe Life Field,,N,1
823799,2026,regular,2026-04-25,2026-04-25T23:10:00Z,final,mlb-pit,mlb-mil,PIT,MIL,6,3,American Family Field,,N,1
824121,2026,regular,2026-04-25,2026-04-25T23:10:00Z,final,mlb-laa,mlb-kc,LAA,KC,1,12,Kauffman Stadium,,N,1
824203,2026,regular,2026-04-25,2026-04-25T23:10:00Z,final,mlb-nyy,mlb-hou,NYY,HOU,8,3,Daikin Park,,N,1
823960,2026,regular,2026-04-25,2026-04-25T23:15:00Z,final,mlb-chc,mlb-lad,CHC,LAD,4,12,UNIQLO Field at Dodger Stadium,,N,1
824527,2026,regular,2026-04-25,2026-04-25T23:15:00Z,final,mlb-det,mlb-cin,DET,CIN,2,9,Great American Ball Park,,N,1
824933,2026,regular,2026-04-25,2026-04-25T23:15:00Z,final,mlb-phi,mlb-atl,PHI,ATL,8,5,Truist Park,,N,1
823637,2026,regular,2026-04-26,2026-04-25T20:10:00Z,postponed,mlb-col,mlb-nym,COL,NYM,,,Citi Field,,N,1
824852,2026,regular,2026-04-26,2026-04-26T17:35:00Z,final,mlb-bos,mlb-bal,BOS,BAL,5,3,Oriole Park at Camden Yards,,N,1
824934,2026,regular,2026-04-26,2026-04-26T17:35:00Z,final,mlb-phi,mlb-atl,PHI,ATL,2,6,Truist Park,,N,1
822824,2026,regular,2026-04-26,2026-04-26T17:37:00Z,final,mlb-cle,mlb-tor,CLE,TOR,2,4,Rogers Centre,,N,1
822991,2026,regular,2026-04-26,2026-04-26T17:40:00Z,final,mlb-min,mlb-tb,MIN,TB,2,4,Tropicana Field,,N,1
823635,2026,regular,2026-04-26,2026-04-26T17:40:00Z,final,mlb-col,mlb-nym,COL,NYM,3,1,Citi Field,,Y,1
824528,2026,regular,2026-04-26,2026-04-26T17:40:00Z,final,mlb-det,mlb-cin,DET,CIN,8,3,Great American Ball Park,,N,1
823637,2026,regular,2026-04-26,2026-04-26T17:45:00Z,final,mlb-col,mlb-nym,COL,NYM,3,0,Citi Field,,Y,2
823797,2026,regular,2026-04-26,2026-04-26T18:10:00Z,final,mlb-pit,mlb-mil,PIT,MIL,0,5,American Family Field,,N,1
824202,2026,regular,2026-04-26,2026-04-26T18:10:00Z,final,mlb-nyy,mlb-hou,NYY,HOU,4,7,Daikin Park,,N,1
824612,2026,regular,2026-04-26,2026-04-26T18:10:00Z,final,mlb-wsh,mlb-cws,WSH,CWS,2,1,Rate Field,,N,1
823068,2026,regular,2026-04-26,2026-04-26T18:15:00Z,final,mlb-sea,mlb-stl,SEA,STL,3,2,Busch Stadium,,N,1
822911,2026,regular,2026-04-26,2026-04-26T18:35:00Z,final,mlb-ath,mlb-tex,ATH,TEX,2,1,Globe Life Field,,N,1
823230,2026,regular,2026-04-26,2026-04-26T20:05:00Z,final,mlb-mia,mlb-sf,MIA,SF,3,6,Oracle Park,,N,1
825094,2026,regular,2026-04-26,2026-04-26T20:05:00Z,final,mlb-sd,mlb-ari,SD,ARI,7,12,Estadio Alfredo Harp Helu,,N,1
823959,2026,regular,2026-04-26,2026-04-26T20:10:00Z,final,mlb-chc,mlb-lad,CHC,LAD,0,6,UNIQLO Field at Dodger Stadium,,N,1
824122,2026,regular,2026-04-26,2026-04-26T20:10:00Z,final,mlb-laa,mlb-kc,LAA,KC,9,11,Kauffman Stadium,,N,1
824446,2026,regular,2026-04-27,2026-04-27T22:10:00Z,final,mlb-tb,mlb-cle,TB,CLE,3,2,Progressive Field,,N,1
823395,2026,regular,2026-04-27,2026-04-27T22:40:00Z,final,mlb-stl,mlb-pit,STL,PIT,4,2,PNC Park,,N,1
822825,2026,regular,2026-04-27,2026-04-27T23:07:00Z,final,mlb-bos,mlb-tor,BOS,TOR,5,0,Rogers Centre,,N,1
823719,2026,regular,2026-04-27,2026-04-27T23:40:00Z,final,mlb-sea,mlb-min,SEA,MIN,4,11,Target Field,,N,1
824609,2026,regular,2026-04-27,2026-04-27T23:40:00Z,final,mlb-laa,mlb-cws,LAA,CWS,7,8,Rate Field,,N,1
822906,2026,regular,2026-04-27,2026-04-28T00:05:00Z,final,mlb-nyy,mlb-tex,NYY,TEX,4,2,Globe Life Field,,N,1
823311,2026,regular,2026-04-27,2026-04-28T01:40:00Z,final,mlb-chc,mlb-sd,CHC,SD,7,9,Petco Park,,N,1
823961,2026,regular,2026-04-27,2026-04-28T02:10:00Z,final,mlb-mia,mlb-lad,MIA,LAD,4,5,UNIQLO Field at Dodger Stadium,,N,1
824447,2026,regular,2026-04-28,2026-04-28T22:10:00Z,final,mlb-tb,mlb-cle,TB,CLE,1,0,Progressive Field,,N,1
824849,2026,regular,2026-04-28,2026-04-28T22:35:00Z,final,mlb-hou,mlb-bal,HOU,BAL,3,5,Oriole Park at Camden Yards,,N,1
823390,2026,regular,2026-04-28,2026-04-28T22:40:00Z,final,mlb-stl,mlb-pit,STL,PIT,11,7,PNC Park,,N,1
823473,2026,regular,2026-04-28,2026-04-28T22:40:00Z,final,mlb-sf,mlb-phi,SF,PHI,0,7,Citizens Bank Park,,N,1
824526,2026,regular,2026-04-28,2026-04-28T22:40:00Z,final,mlb-col,mlb-cin,COL,CIN,2,7,Great American Ball Park,,N,1
822823,2026,regular,2026-04-28,2026-04-28T23:07:00Z,final,mlb-bos,mlb-tor,BOS,TOR,0,3,Rogers Centre,,N,1
823636,2026,regular,2026-04-28,2026-04-28T23:10:00Z,final,mlb-wsh,mlb-nym,WSH,NYM,0,8,Citi Field,,N,1
824931,2026,regular,2026-04-28,2026-04-28T23:15:00Z,final,mlb-det,mlb-atl,DET,ATL,2,5,Truist Park,,N,1
823716,2026,regular,2026-04-28,2026-04-28T23:40:00Z,final,mlb-sea,mlb-min,SEA,MIN,7,1,Target Field,,N,1
823798,2026,regular,2026-04-28,2026-04-28T23:40:00Z,final,mlb-ari,mlb-mil,ARI,MIL,2,13,American Family Field,,N,1
824610,2026,regular,2026-04-28,2026-04-28T23:40:00Z,final,mlb-laa,mlb-cws,LAA,CWS,2,5,Rate Field,,N,1
822908,2026,regular,2026-04-28,2026-04-29T00:05:00Z,final,mlb-nyy,mlb-tex,NYY,TEX,3,2,Globe Life Field,,N,1
823310,2026,regular,2026-04-28,2026-04-29T01:40:00Z,final,mlb-chc,mlb-sd,CHC,SD,8,3,Petco Park,,N,1
825017,2026,regular,2026-04-28,2026-04-29T01:40:00Z,final,mlb-kc,mlb-ath,KC,ATH,4,1,Sutter Health Park,,N,1
823956,2026,regular,2026-04-28,2026-04-29T02:10:00Z,final,mlb-mia,mlb-lad,MIA,LAD,2,1,UNIQLO Field at Dodger Stadium,,N,1
824445,2026,regular,2026-04-29,2026-04-29T17:10:00Z,final,mlb-tb,mlb-cle,TB,CLE,1,3,Progressive Field,,N,1
824608,2026,regular,2026-04-29,2026-04-29T17:10:00Z,final,mlb-laa,mlb-cws,LAA,CWS,2,3,Rate Field,,N,1
823717,2026,regular,2026-04-29,2026-04-29T17:40:00Z,final,mlb-sea,mlb-min,SEA,MIN,5,3,Target Field,,N,1
822907,2026,regular,2026-04-29,2026-04-29T18:35:00Z,final,mlb-nyy,mlb-tex,NYY,TEX,0,3,Globe Life Field,,N,1
822821,2026,regular,2026-04-29,2026-04-29T19:07:00Z,final,mlb-bos,mlb-tor,BOS,TOR,1,8,Rogers Centre,,N,1
823958,2026,regular,2026-04-29,2026-04-29T19:10:00Z,final,mlb-mia,mlb-lad,MIA,LAD,3,2,UNIQLO Field at Dodger Stadium,,N,1
823312,2026,regular,2026-04-29,2026-04-29T20:10:00Z,final,mlb-chc,mlb-sd,CHC,SD,5,4,Petco Park,,N,1
823392,2026,regular,2026-04-29,2026-04-29T22:40:00Z,final,mlb-stl,mlb-pit,STL,PIT,5,4,PNC Park,,N,1
824525,2026,regular,2026-04-29,2026-04-29T22:40:00Z,final,mlb-col,mlb-cin,COL,CIN,13,2,Great American Ball Park,,N,1
823633,2026,regular,2026-04-29,2026-04-29T23:10:00Z,final,mlb-wsh,mlb-nym,WSH,NYM,14,2,Citi Field,,N,1
824930,2026,regular,2026-04-29,2026-04-29T23:15:00Z,final,mlb-det,mlb-atl,DET,ATL,3,4,Truist Park,,N,1
823796,2026,regular,2026-04-29,2026-04-29T23:40:00Z,final,mlb-ari,mlb-mil,ARI,MIL,6,2,American Family Field,,N,1
825015,2026,regular,2026-04-29,2026-04-30T01:40:00Z,final,mlb-kc,mlb-ath,KC,ATH,2,5,Sutter Health Park,,N,1
823471,2026,regular,2026-04-30,2026-04-29T22:10:00Z,postponed,mlb-sf,mlb-phi,SF,PHI,,,Citizens Bank Park,,N,1
824850,2026,regular,2026-04-30,2026-04-29T22:35:00Z,postponed,mlb-hou,mlb-bal,HOU,BAL,,,Oriole Park at Camden Yards,,N,1
824929,2026,regular,2026-04-30,2026-04-30T16:15:00Z,final,mlb-det,mlb-atl,DET,ATL,5,2,Truist Park,,N,1
823391,2026,regular,2026-04-30,2026-04-30T16:35:00Z,final,mlb-stl,mlb-pit,STL,PIT,10,5,PNC Park,,N,1
823472,2026,regular,2026-04-30,2026-04-30T16:35:00Z,final,mlb-sf,mlb-phi,SF,PHI,2,3,Citizens Bank Park,,S,1
824848,2026,regular,2026-04-30,2026-04-30T16:35:00Z,final,mlb-hou,mlb-bal,HOU,BAL,3,10,Oriole Park at Camden Yards,,Y,1
824524,2026,regular,2026-04-30,2026-04-30T16:40:00Z,final,mlb-col,mlb-cin,COL,CIN,4,6,Great American Ball Park,,N,1
824850,2026,regular,2026-04-30,2026-04-30T16:40:00Z,final,mlb-hou,mlb-bal,HOU,BAL,11,5,Oriole Park at Camden Yards,,Y,2
823634,2026,regular,2026-04-30,2026-04-30T17:10:00Z,final,mlb-wsh,mlb-nym,WSH,NYM,5,4,Citi Field,,N,1
823795,2026,regular,2026-04-30,2026-04-30T17:40:00Z,final,mlb-ari,mlb-mil,ARI,MIL,1,13,American Family Field,,N,1
825016,2026,regular,2026-04-30,2026-04-30T19:05:00Z,final,mlb-kc,mlb-ath,KC,ATH,3,6,Sutter Health Park,,N,1
823471,2026,regular,2026-04-30,2026-04-30T21:35:00Z,final,mlb-sf,mlb-phi,SF,PHI,5,6,Citizens Bank Park,,S,2
823714,2026,regular,2026-04-30,2026-04-30T23:40:00Z,final,mlb-tor,mlb-min,TOR,MIN,1,7,Target Field,,N,1
824686,2026,regular,2026-05-01,2026-05-01T18:20:00Z,final,mlb-ari,mlb-chc,ARI,CHC,5,6,Wrigley Field,,N,1
824287,2026,regular,2026-05-01,2026-05-01T22:40:00Z,final,mlb-tex,mlb-det,TEX,DET,5,4,Comerica Park,,N,1
822744,2026,regular,2026-05-01,2026-05-01T22:45:00Z,final,mlb-mil,mlb-wsh,MIL,WSH,6,1,Nationals Park,,N,1
823389,2026,regular,2026-05-01,2026-05-01T22:45:00Z,final,mlb-cin,mlb-pit,CIN,PIT,1,9,PNC Park,,N,1
823557,2026,regular,2026-05-01,2026-05-01T23:05:00Z,final,mlb-bal,mlb-nyy,BAL,NYY,2,7,Yankee Stadium,,N,1
822990,2026,regular,2026-05-01,2026-05-01T23:10:00Z,final,mlb-sf,mlb-tb,SF,TB,0,3,Tropicana Field,,N,1
823877,2026,regular,2026-05-01,2026-05-01T23:10:00Z,final,mlb-phi,mlb-mia,PHI,MIA,6,5,loanDepot park,,N,1
824772,2026,regular,2026-05-01,2026-05-01T23:10:00Z,final,mlb-hou,mlb-bos,HOU,BOS,1,3,Fenway Park,,N,1
823713,2026,regular,2026-05-01,2026-05-02T00:10:00Z,final,mlb-tor,mlb-min,TOR,MIN,7,3,Target Field,,N,1
823066,2026,regular,2026-05-01,2026-05-02T00:15:00Z,final,mlb-lad,mlb-stl,LAD,STL,2,7,Busch Stadium,,N,1
824366,2026,regular,2026-05-01,2026-05-02T00:40:00Z,final,mlb-atl,mlb-col,ATL,COL,8,6,Coors Field,,N,1
824041,2026,regular,2026-05-01,2026-05-02T01:38:00Z,final,mlb-nym,mlb-laa,NYM,LAA,4,3,Angel Stadium,,N,1
823309,2026,regular,2026-05-01,2026-05-02T01:40:00Z,final,mlb-cws,mlb-sd,CWS,SD,8,2,Petco Park,,N,1
825012,2026,regular,2026-05-01,2026-05-02T01:40:00Z,final,mlb-cle,mlb-ath,CLE,ATH,8,5,Sutter Health Park,,N,1
823146,2026,regular,2026-05-01,2026-05-02T01:45:00Z,final,mlb-kc,mlb-sea,KC,SEA,7,6,T-Mobile Park,,N,1
823554,2026,regular,2026-05-02,2026-05-02T17:35:00Z,final,mlb-bal,mlb-nyy,BAL,NYY,4,9,Yankee Stadium,,N,1
823715,2026,regular,2026-05-02,2026-05-02T18:10:00Z,final,mlb-tor,mlb-min,TOR,MIN,11,4,Target Field,,N,1
824685,2026,regular,2026-05-02,2026-05-02T18:20:00Z,final,mlb-ari,mlb-chc,ARI,CHC,0,2,Wrigley Field,,N,1
822746,2026,regular,2026-05-02,2026-05-02T20:05:00Z,final,mlb-mil,mlb-wsh,MIL,WSH,4,1,Nationals Park,,N,1
823388,2026,regular,2026-05-02,2026-05-02T20:05:00Z,final,mlb-cin,mlb-pit,CIN,PIT,7,17,PNC Park,,N,1
825014,2026,regular,2026-05-02,2026-05-02T20:05:00Z,final,mlb-cle,mlb-ath,CLE,ATH,14,6,Sutter Health Park,,N,1
823876,2026,regular,2026-05-02,2026-05-02T20:10:00Z,final,mlb-phi,mlb-mia,PHI,MIA,0,4,loanDepot park,,N,1
824771,2026,regular,2026-05-02,2026-05-02T20:10:00Z,final,mlb-hou,mlb-bos,HOU,BOS,6,3,Fenway Park,,N,1
822988,2026,regular,2026-05-02,2026-05-02T22:10:00Z,final,mlb-sf,mlb-tb,SF,TB,1,5,Tropicana Field,,N,1
823067,2026,regular,2026-05-02,2026-05-02T23:15:00Z,final,mlb-lad,mlb-stl,LAD,STL,2,3,Busch Stadium,,N,1
824284,2026,regular,2026-05-02,2026-05-02T23:15:00Z,final,mlb-tex,mlb-det,TEX,DET,1,5,Comerica Park,,N,1
824365,2026,regular,2026-05-02,2026-05-03T00:10:00Z,final,mlb-atl,mlb-col,ATL,COL,9,1,Coors Field,,N,1
823308,2026,regular,2026-05-02,2026-05-03T00:40:00Z,final,mlb-cws,mlb-sd,CWS,SD,4,0,Petco Park,,N,1
824042,2026,regular,2026-05-02,2026-05-03T01:38:00Z,final,mlb-nym,mlb-laa,NYM,LAA,3,4,Angel Stadium,,N,1
823144,2026,regular,2026-05-02,2026-05-03T01:40:00Z,final,mlb-kc,mlb-sea,KC,SEA,3,2,T-Mobile Park,,N,1
823711,2026,regular,2026-05-03,2026-05-03T16:45:00Z,final,mlb-tor,mlb-min,TOR,MIN,3,4,Target Field,,N,1
822742,2026,regular,2026-05-03,2026-05-03T17:35:00Z,final,mlb-mil,mlb-wsh,MIL,WSH,2,3,Nationals Park,,N,1
823387,2026,regular,2026-05-03,2026-05-03T17:35:00Z,final,mlb-cin,mlb-pit,CIN,PIT,0,1,PNC Park,,N,1
823555,2026,regular,2026-05-03,2026-05-03T17:35:00Z,final,mlb-bal,mlb-nyy,BAL,NYY,3,11,Yankee Stadium,,N,1
824769,2026,regular,2026-05-03,2026-05-03T17:35:00Z,final,mlb-hou,mlb-bos,HOU,BOS,3,1,Fenway Park,,N,1
822987,2026,regular,2026-05-03,2026-05-03T17:40:00Z,final,mlb-sf,mlb-tb,SF,TB,1,2,Tropicana Field,,N,1
823875,2026,regular,2026-05-03,2026-05-03T17:40:00Z,final,mlb-phi,mlb-mia,PHI,MIA,7,2,loanDepot park,,N,1
823065,2026,regular,2026-05-03,2026-05-03T18:15:00Z,final,mlb-lad,mlb-stl,LAD,STL,4,1,Busch Stadium,,N,1
824687,2026,regular,2026-05-03,2026-05-03T18:20:00Z,final,mlb-ari,mlb-chc,ARI,CHC,4,8,Wrigley Field,,N,1
824364,2026,regular,2026-05-03,2026-05-03T19:10:00Z,final,mlb-atl,mlb-col,ATL,COL,11,6,Coors Field,,N,1
825013,2026,regular,2026-05-03,2026-05-03T20:05:00Z,final,mlb-cle,mlb-ath,CLE,ATH,1,7,Sutter Health Park,,N,1
824043,2026,regular,2026-05-03,2026-05-03T20:07:00Z,final,mlb-nym,mlb-laa,NYM,LAA,5,1,Angel Stadium,,N,1
823145,2026,regular,2026-05-03,2026-05-03T20:10:00Z,final,mlb-kc,mlb-sea,KC,SEA,4,1,T-Mobile Park,,N,1
823307,2026,regular,2026-05-03,2026-05-03T20:10:00Z,final,mlb-cws,mlb-sd,CWS,SD,3,4,Petco Park,,N,1
824285,2026,regular,2026-05-03,2026-05-03T23:20:00Z,final,mlb-tex,mlb-det,TEX,DET,1,7,Comerica Park,,N,1
824363,2026,regular,2026-05-04,2026-05-04T21:40:00Z,final,mlb-nym,mlb-col,NYM,COL,4,2,Coors Field,,N,1
824283,2026,regular,2026-05-04,2026-05-04T22:10:00Z,final,mlb-bos,mlb-det,BOS,DET,5,4,Comerica Park,,N,1
822984,2026,regular,2026-05-04,2026-05-04T22:40:00Z,final,mlb-tor,mlb-tb,TOR,TB,1,5,Tropicana Field,,N,1
823874,2026,regular,2026-05-04,2026-05-04T22:40:00Z,final,mlb-phi,mlb-mia,PHI,MIA,1,0,loanDepot park,,N,1
823552,2026,regular,2026-05-04,2026-05-04T23:05:00Z,final,mlb-bal,mlb-nyy,BAL,NYY,1,12,Yankee Stadium,,N,1
824684,2026,regular,2026-05-04,2026-05-04T23:10:00Z,final,mlb-cin,mlb-chc,CIN,CHC,4,5,Wrigley Field,,N,1
824120,2026,regular,2026-05-04,2026-05-04T23:40:00Z,final,mlb-cle,mlb-kc,CLE,KC,2,6,Kauffman Stadium,,N,1
823064,2026,regular,2026-05-04,2026-05-04T23:45:00Z,final,mlb-mil,mlb-stl,MIL,STL,3,6,Busch Stadium,,N,1
824201,2026,regular,2026-05-04,2026-05-05T00:10:00Z,final,mlb-lad,mlb-hou,LAD,HOU,8,3,Daikin Park,,N,1
824039,2026,regular,2026-05-04,2026-05-05T01:38:00Z,final,mlb-cws,mlb-laa,CWS,LAA,6,0,Angel Stadium,,N,1
823143,2026,regular,2026-05-04,2026-05-05T01:40:00Z,final,mlb-atl,mlb-sea,ATL,SEA,4,5,T-Mobile Park,,N,1
823228,2026,regular,2026-05-04,2026-05-05T01:45:00Z,final,mlb-sd,mlb-sf,SD,SF,2,3,Oracle Park,,N,1
822986,2026,regular,2026-05-05,2026-05-05T22:40:00Z,final,mlb-tor,mlb-tb,TOR,TB,3,4,Tropicana Field,,N,1
823469,2026,regular,2026-05-05,2026-05-05T22:40:00Z,final,mlb-ath,mlb-phi,ATH,PHI,1,9,Citizens Bank Park,,N,1
823873,2026,regular,2026-05-05,2026-05-05T22:40:00Z,final,mlb-bal,mlb-mia,BAL,MIA,9,7,loanDepot park,,N,1
824281,2026,regular,2026-05-05,2026-05-05T22:40:00Z,final,mlb-bos,mlb-det,BOS,DET,10,3,Comerica Park,,N,1
822743,2026,regular,2026-05-05,2026-05-05T22:45:00Z,final,mlb-min,mlb-wsh,MIN,WSH,11,3,Nationals Park,,N,1
823553,2026,regular,2026-05-05,2026-05-05T23:05:00Z,final,mlb-tex,mlb-nyy,TEX,NYY,4,7,Yankee Stadium,,N,1
824119,2026,regular,2026-05-05,2026-05-05T23:40:00Z,final,mlb-cle,mlb-kc,CLE,KC,3,5,Kauffman Stadium,,N,1
824682,2026,regular,2026-05-05,2026-05-05T23:40:00Z,final,mlb-cin,mlb-chc,CIN,CHC,2,3,Wrigley Field,,N,1
824200,2026,regular,2026-05-05,2026-05-06T00:10:00Z,final,mlb-lad,mlb-hou,LAD,HOU,1,2,Daikin Park,,N,1
824040,2026,regular,2026-05-05,2026-05-06T01:38:00Z,final,mlb-cws,mlb-laa,CWS,LAA,3,4,Angel Stadium,,N,1
823142,2026,regular,2026-05-05,2026-05-06T01:40:00Z,final,mlb-atl,mlb-sea,ATL,SEA,3,2,T-Mobile Park,,N,1
825092,2026,regular,2026-05-05,2026-05-06T01:40:00Z,final,mlb-pit,mlb-ari,PIT,ARI,0,9,Chase Field,,N,1
823227,2026,regular,2026-05-05,2026-05-06T01:45:00Z,final,mlb-sd,mlb-sf,SD,SF,10,5,Oracle Park,,N,1
822985,2026,regular,2026-05-06,2026-05-06T17:10:00Z,final,mlb-tor,mlb-tb,TOR,TB,0,3,Tropicana Field,,N,1
823063,2026,regular,2026-05-06,2026-05-06T17:15:00Z,final,mlb-mil,mlb-stl,MIL,STL,6,2,Busch Stadium,,N,1
824198,2026,regular,2026-05-06,2026-05-06T18:10:00Z,final,mlb-lad,mlb-hou,LAD,HOU,12,2,Daikin Park,,N,1
823226,2026,regular,2026-05-06,2026-05-06T19:45:00Z,final,mlb-sd,mlb-sf,SD,SF,5,1,Oracle Park,,N,1
824036,2026,regular,2026-05-06,2026-05-06T20:07:00Z,final,mlb-cws,mlb-laa,CWS,LAA,2,8,Angel Stadium,,N,1
823141,2026,regular,2026-05-06,2026-05-06T20:10:00Z,final,mlb-atl,mlb-sea,ATL,SEA,1,3,T-Mobile Park,,N,1
823470,2026,regular,2026-05-06,2026-05-06T22:40:00Z,final,mlb-ath,mlb-phi,ATH,PHI,3,6,Citizens Bank Park,,N,1
823872,2026,regular,2026-05-06,2026-05-06T22:40:00Z,final,mlb-bal,mlb-mia,BAL,MIA,7,4,loanDepot park,,N,1
824282,2026,regular,2026-05-06,2026-05-06T22:40:00Z,final,mlb-bos,mlb-det,BOS,DET,4,0,Comerica Park,,N,1
822740,2026,regular,2026-05-06,2026-05-06T22:45:00Z,final,mlb-min,mlb-wsh,MIN,WSH,2,15,Nationals Park,,N,1
823550,2026,regular,2026-05-06,2026-05-06T23:05:00Z,final,mlb-tex,mlb-nyy,TEX,NYY,6,1,Yankee Stadium,,N,1
824118,2026,regular,2026-05-06,2026-05-06T23:40:00Z,final,mlb-cle,mlb-kc,CLE,KC,3,1,Kauffman Stadium,,N,1
824683,2026,regular,2026-05-06,2026-05-06T23:40:00Z,final,mlb-cin,mlb-chc,CIN,CHC,6,7,Wrigley Field,,N,1
824361,2026,regular,2026-05-06,2026-05-07T01:20:00Z,final,mlb-nym,mlb-col,NYM,COL,10,5,Coors Field,,N,1
825091,2026,regular,2026-05-06,2026-05-07T01:40:00Z,final,mlb-pit,mlb-ari,PIT,ARI,1,0,Chase Field,,N,1
824362,2026,regular,2026-05-07,2026-05-06T00:40:00Z,postponed,mlb-nym,mlb-col,NYM,COL,,,Coors Field,,N,1
823551,2026,regular,2026-05-07,2026-05-07T16:35:00Z,final,mlb-tex,mlb-nyy,TEX,NYY,2,9,Yankee Stadium,,N,1
822741,2026,regular,2026-05-07,2026-05-07T17:05:00Z,final,mlb-min,mlb-wsh,MIN,WSH,5,7,Nationals Park,,N,1
824117,2026,regular,2026-05-07,2026-05-07T18:10:00Z,final,mlb-cle,mlb-kc,CLE,KC,8,5,Kauffman Stadium,,N,1
824681,2026,regular,2026-05-07,2026-05-07T18:20:00Z,final,mlb-cin,mlb-chc,CIN,CHC,3,8,Wrigley Field,,N,1
824362,2026,regular,2026-05-07,2026-05-07T19:10:00Z,final,mlb-nym,mlb-col,NYM,COL,2,6,Coors Field,,N,1
825090,2026,regular,2026-05-07,2026-05-07T19:40:00Z,final,mlb-pit,mlb-ari,PIT,ARI,4,2,Chase Field,,N,1
823467,2026,regular,2026-05-07,2026-05-07T22:40:00Z,final,mlb-ath,mlb-phi,ATH,PHI,12,1,Citizens Bank Park,,N,1
823870,2026,regular,2026-05-07,2026-05-07T22:40:00Z,final,mlb-bal,mlb-mia,BAL,MIA,3,4,loanDepot park,,N,1
824767,2026,regular,2026-05-07,2026-05-07T23:10:00Z,final,mlb-tb,mlb-bos,TB,BOS,8,4,Fenway Park,,N,1
823306,2026,regular,2026-05-07,2026-05-08T02:10:00Z,final,mlb-stl,mlb-sd,STL,SD,2,1,Petco Park,,N,1
824522,2026,regular,2026-05-08,2026-05-08T22:10:00Z,final,mlb-hou,mlb-cin,HOU,CIN,10,0,Great American Ball Park,,N,1
823466,2026,regular,2026-05-08,2026-05-08T22:40:00Z,final,mlb-col,mlb-phi,COL,PHI,9,7,Citizens Bank Park,,N,1
824846,2026,regular,2026-05-08,2026-05-08T23:05:00Z,final,mlb-ath,mlb-bal,ATH,BAL,4,3,Oriole Park at Camden Yards,,N,1
822822,2026,regular,2026-05-08,2026-05-08T23:07:00Z,final,mlb-laa,mlb-tor,LAA,TOR,0,2,Rogers Centre,,N,1
823871,2026,regular,2026-05-08,2026-05-08T23:10:00Z,final,mlb-wsh,mlb-mia,WSH,MIA,3,2,loanDepot park,,N,1
824768,2026,regular,2026-05-08,2026-05-08T23:10:00Z,final,mlb-tb,mlb-bos,TB,BOS,0,2,Fenway Park,,N,1
824443,2026,regular,2026-05-08,2026-05-08T23:15:00Z,final,mlb-min,mlb-cle,MIN,CLE,4,6,Progressive Field,,N,1
823794,2026,regular,2026-05-08,2026-05-08T23:40:00Z,final,mlb-nyy,mlb-mil,NYY,MIL,0,6,American Family Field,,N,1
824116,2026,regular,2026-05-08,2026-05-08T23:40:00Z,final,mlb-det,mlb-kc,DET,KC,3,4,Kauffman Stadium,,N,1
824607,2026,regular,2026-05-08,2026-05-08T23:40:00Z,final,mlb-sea,mlb-cws,SEA,CWS,12,8,Rate Field,,N,1
822904,2026,regular,2026-05-08,2026-05-09T00:05:00Z,final,mlb-chc,mlb-tex,CHC,TEX,7,1,Globe Life Field,,N,1
825088,2026,regular,2026-05-08,2026-05-09T01:40:00Z,final,mlb-nym,mlb-ari,NYM,ARI,3,1,Chase Field,,N,1
823303,2026,regular,2026-05-08,2026-05-09T01:45:00Z,final,mlb-stl,mlb-sd,STL,SD,6,0,Petco Park,,N,1
823957,2026,regular,2026-05-08,2026-05-09T02:10:00Z,final,mlb-atl,mlb-lad,ATL,LAD,1,3,UNIQLO Field at Dodger Stadium,,N,1
823225,2026,regular,2026-05-08,2026-05-09T02:15:00Z,final,mlb-pit,mlb-sf,PIT,SF,2,5,Oracle Park,,N,1
822820,2026,regular,2026-05-09,2026-05-09T19:07:00Z,final,mlb-laa,mlb-tor,LAA,TOR,1,14,Rogers Centre,,N,1
824847,2026,regular,2026-05-09,2026-05-09T20:05:00Z,final,mlb-ath,mlb-bal,ATH,BAL,6,2,Oriole Park at Camden Yards,,N,1
823869,2026,regular,2026-05-09,2026-05-09T20:10:00Z,final,mlb-wsh,mlb-mia,WSH,MIA,7,8,loanDepot park,,N,1
824523,2026,regular,2026-05-09,2026-05-09T20:10:00Z,final,mlb-hou,mlb-cin,HOU,CIN,1,3,Great American Ball Park,,N,1
823468,2026,regular,2026-05-09,2026-05-09T22:05:00Z,final,mlb-col,mlb-phi,COL,PHI,3,9,Citizens Bank Park,,N,1
824444,2026,regular,2026-05-09,2026-05-09T22:10:00Z,final,mlb-min,mlb-cle,MIN,CLE,2,1,Progressive Field,,N,1
822905,2026,regular,2026-05-09,2026-05-09T23:05:00Z,final,mlb-chc,mlb-tex,CHC,TEX,0,6,Globe Life Field,,N,1
823792,2026,regular,2026-05-09,2026-05-09T23:10:00Z,final,mlb-nyy,mlb-mil,NYY,MIL,3,4,American Family Field,,N,1
824115,2026,regular,2026-05-09,2026-05-09T23:10:00Z,final,mlb-det,mlb-kc,DET,KC,1,5,Kauffman Stadium,,N,1
824606,2026,regular,2026-05-09,2026-05-09T23:10:00Z,final,mlb-sea,mlb-cws,SEA,CWS,1,6,Rate Field,,N,1
823304,2026,regular,2026-05-09,2026-05-09T23:15:00Z,final,mlb-stl,mlb-sd,STL,SD,2,4,Petco Park,,N,1
825089,2026,regular,2026-05-09,2026-05-09T23:15:00Z,final,mlb-nym,mlb-ari,NYM,ARI,1,2,Chase Field,,N,1
823224,2026,regular,2026-05-09,2026-05-10T01:05:00Z,final,mlb-pit,mlb-sf,PIT,SF,13,3,Oracle Park,,N,1
823955,2026,regular,2026-05-09,2026-05-10T01:10:00Z,final,mlb-atl,mlb-lad,ATL,LAD,7,2,UNIQLO Field at Dodger Stadium,,N,1
823868,2026,regular,2026-05-10,2026-05-10T16:15:00Z,final,mlb-wsh,mlb-mia,WSH,MIA,2,5,loanDepot park,,N,1
823463,2026,regular,2026-05-10,2026-05-10T17:35:00Z,final,mlb-col,mlb-phi,COL,PHI,0,6,Citizens Bank Park,,N,1
824765,2026,regular,2026-05-10,2026-05-10T17:35:00Z,final,mlb-tb,mlb-bos,TB,BOS,4,1,Fenway Park,,N,1
824845,2026,regular,2026-05-10,2026-05-10T17:35:00Z,final,mlb-ath,mlb-bal,ATH,BAL,1,2,Oriole Park at Camden Yards,,N,1
822819,2026,regular,2026-05-10,2026-05-10T17:37:00Z,final,mlb-laa,mlb-tor,LAA,TOR,6,1,Rogers Centre,,N,1
824440,2026,regular,2026-05-10,2026-05-10T17:40:00Z,final,mlb-min,mlb-cle,MIN,CLE,5,4,Progressive Field,,N,1
824520,2026,regular,2026-05-10,2026-05-10T17:40:00Z,final,mlb-hou,mlb-cin,HOU,CIN,0,5,Great American Ball Park,,N,1
823793,2026,regular,2026-05-10,2026-05-10T18:10:00Z,final,mlb-nyy,mlb-mil,NYY,MIL,3,4,American Family Field,,N,1
824605,2026,regular,2026-05-10,2026-05-10T18:10:00Z,final,mlb-sea,mlb-cws,SEA,CWS,1,2,Rate Field,,N,1
822902,2026,regular,2026-05-10,2026-05-10T18:35:00Z,final,mlb-chc,mlb-tex,CHC,TEX,0,3,Globe Life Field,,N,1
823221,2026,regular,2026-05-10,2026-05-10T20:05:00Z,final,mlb-pit,mlb-sf,PIT,SF,6,7,Oracle Park,,N,1
823305,2026,regular,2026-05-10,2026-05-10T20:10:00Z,final,mlb-stl,mlb-sd,STL,SD,2,3,Petco Park,,N,1
823954,2026,regular,2026-05-10,2026-05-10T20:10:00Z,final,mlb-atl,mlb-lad,ATL,LAD,7,2,UNIQLO Field at Dodger Stadium,,N,1
825085,2026,regular,2026-05-10,2026-05-10T20:10:00Z,final,mlb-nym,mlb-ari,NYM,ARI,1,5,Chase Field,,N,1
824113,2026,regular,2026-05-10,2026-05-10T23:20:00Z,final,mlb-det,mlb-kc,DET,KC,6,3,Kauffman Stadium,,N,1
824441,2026,regular,2026-05-11,2026-05-11T22:10:00Z,final,mlb-laa,mlb-cle,LAA,CLE,2,7,Progressive Field,,N,1
824844,2026,regular,2026-05-11,2026-05-11T22:35:00Z,final,mlb-nyy,mlb-bal,NYY,BAL,2,3,Oriole Park at Camden Yards,,N,1
822818,2026,regular,2026-05-11,2026-05-11T23:07:00Z,final,mlb-tb,mlb-tor,TB,TOR,8,5,Rogers Centre,,N,1
822901,2026,regular,2026-05-11,2026-05-12T00:05:00Z,final,mlb-ari,mlb-tex,ARI,TEX,1,0,Globe Life Field,,N,1
824199,2026,regular,2026-05-11,2026-05-12T00:10:00Z,final,mlb-sea,mlb-hou,SEA,HOU,3,1,Daikin Park,,N,1
823953,2026,regular,2026-05-11,2026-05-12T02:10:00Z,final,mlb-sf,mlb-lad,SF,LAD,9,3,UNIQLO Field at Dodger Stadium,,N,1
824442,2026,regular,2026-05-12,2026-05-12T22:10:00Z,final,mlb-laa,mlb-cle,LAA,CLE,2,3,Progressive Field,,N,1
824843,2026,regular,2026-05-12,2026-05-12T22:35:00Z,final,mlb-nyy,mlb-bal,NYY,BAL,6,2,Oriole Park at Camden Yards,,N,1
823385,2026,regular,2026-05-12,2026-05-12T22:40:00Z,final,mlb-col,mlb-pit,COL,PIT,1,3,PNC Park,,N,1
824521,2026,regular,2026-05-12,2026-05-12T22:40:00Z,final,mlb-wsh,mlb-cin,WSH,CIN,10,4,Great American Ball Park,,N,1
824764,2026,regular,2026-05-12,2026-05-12T22:45:00Z,final,mlb-phi,mlb-bos,PHI,BOS,2,1,Fenway Park,,N,1
822817,2026,regular,2026-05-12,2026-05-12T23:07:00Z,final,mlb-tb,mlb-tor,TB,TOR,7,6,Rogers Centre,,N,1
823632,2026,regular,2026-05-12,2026-05-12T23:10:00Z,final,mlb-det,mlb-nym,DET,NYM,2,10,Citi Field,,N,1
824927,2026,regular,2026-05-12,2026-05-12T23:15:00Z,final,mlb-chc,mlb-atl,CHC,ATL,2,5,Truist Park,,N,1
823712,2026,regular,2026-05-12,2026-05-12T23:40:00Z,final,mlb-mia,mlb-min,MIA,MIN,0,3,Target Field,,N,1
823790,2026,regular,2026-05-12,2026-05-12T23:40:00Z,final,mlb-sd,mlb-mil,SD,MIL,4,6,American Family Field,,N,1
824604,2026,regular,2026-05-12,2026-05-12T23:40:00Z,final,mlb-kc,mlb-cws,KC,CWS,5,6,Rate Field,,N,1
822903,2026,regular,2026-05-12,2026-05-13T00:05:00Z,final,mlb-ari,mlb-tex,ARI,TEX,4,7,Globe Life Field,,N,1
824197,2026,regular,2026-05-12,2026-05-13T00:10:00Z,final,mlb-sea,mlb-hou,SEA,HOU,10,2,Daikin Park,,N,1
825011,2026,regular,2026-05-12,2026-05-13T01:40:00Z,final,mlb-stl,mlb-ath,STL,ATH,6,4,Sutter Health Park,,N,1
823951,2026,regular,2026-05-12,2026-05-13T02:10:00Z,final,mlb-sf,mlb-lad,SF,LAD,6,2,UNIQLO Field at Dodger Stadium,,N,1
824841,2026,regular,2026-05-13,2026-05-13T17:05:00Z,final,mlb-nyy,mlb-bal,NYY,BAL,0,7,Oriole Park at Camden Yards,,N,1
824438,2026,regular,2026-05-13,2026-05-13T17:10:00Z,final,mlb-laa,mlb-cle,LAA,CLE,2,4,Progressive Field,,N,1
823386,2026,regular,2026-05-13,2026-05-13T22:40:00Z,final,mlb-col,mlb-pit,COL,PIT,10,4,PNC Park,,N,1
824519,2026,regular,2026-05-13,2026-05-13T22:40:00Z,final,mlb-wsh,mlb-cin,WSH,CIN,8,7,Great American Ball Park,,N,1
824763,2026,regular,2026-05-13,2026-05-13T22:45:00Z,final,mlb-phi,mlb-bos,PHI,BOS,1,3,Fenway Park,,N,1
822815,2026,regular,2026-05-13,2026-05-13T23:07:00Z,final,mlb-tb,mlb-tor,TB,TOR,3,5,Rogers Centre,,N,1
823631,2026,regular,2026-05-13,2026-05-13T23:10:00Z,final,mlb-det,mlb-nym,DET,NYM,2,3,Citi Field,,N,1
824928,2026,regular,2026-05-13,2026-05-13T23:15:00Z,final,mlb-chc,mlb-atl,CHC,ATL,1,4,Truist Park,,N,1
823710,2026,regular,2026-05-13,2026-05-13T23:40:00Z,final,mlb-mia,mlb-min,MIA,MIN,9,5,Target Field,,N,1
823791,2026,regular,2026-05-13,2026-05-13T23:40:00Z,final,mlb-sd,mlb-mil,SD,MIL,3,1,American Family Field,,N,1
824603,2026,regular,2026-05-13,2026-05-13T23:40:00Z,final,mlb-kc,mlb-cws,KC,CWS,5,6,Rate Field,,N,1
822900,2026,regular,2026-05-13,2026-05-14T00:05:00Z,final,mlb-ari,mlb-tex,ARI,TEX,5,6,Globe Life Field,,N,1
824195,2026,regular,2026-05-13,2026-05-14T00:10:00Z,final,mlb-sea,mlb-hou,SEA,HOU,3,4,Daikin Park,,N,1
825010,2026,regular,2026-05-13,2026-05-14T01:40:00Z,final,mlb-stl,mlb-ath,STL,ATH,2,6,Sutter Health Park,,N,1
823952,2026,regular,2026-05-13,2026-05-14T02:10:00Z,final,mlb-sf,mlb-lad,SF,LAD,0,4,UNIQLO Field at Dodger Stadium,,N,1
823383,2026,regular,2026-05-14,2026-05-14T16:35:00Z,final,mlb-col,mlb-pit,COL,PIT,2,7,PNC Park,,N,1
824517,2026,regular,2026-05-14,2026-05-14T16:40:00Z,final,mlb-wsh,mlb-cin,WSH,CIN,1,15,Great American Ball Park,,N,1
823630,2026,regular,2026-05-14,2026-05-14T17:10:00Z,final,mlb-det,mlb-nym,DET,NYM,4,9,Citi Field,,N,1
823709,2026,regular,2026-05-14,2026-05-14T17:40:00Z,final,mlb-mia,mlb-min,MIA,MIN,1,9,Target Field,,N,1
823789,2026,regular,2026-05-14,2026-05-14T17:40:00Z,final,mlb-sd,mlb-mil,SD,MIL,1,7,American Family Field,,N,1
824196,2026,regular,2026-05-14,2026-05-14T18:10:00Z,final,mlb-sea,mlb-hou,SEA,HOU,8,3,Daikin Park,,N,1
825008,2026,regular,2026-05-14,2026-05-14T19:05:00Z,final,mlb-stl,mlb-ath,STL,ATH,5,4,Sutter Health Park,,N,1
824762,2026,regular,2026-05-14,2026-05-14T22:45:00Z,final,mlb-phi,mlb-bos,PHI,BOS,3,1,Fenway Park,,N,1
824926,2026,regular,2026-05-14,2026-05-14T23:15:00Z,final,mlb-chc,mlb-atl,CHC,ATL,2,0,Truist Park,,N,1
824602,2026,regular,2026-05-14,2026-05-14T23:40:00Z,final,mlb-kc,mlb-cws,KC,CWS,2,6,Rate Field,,N,1
823950,2026,regular,2026-05-14,2026-05-15T02:10:00Z,final,mlb-sf,mlb-lad,SF,LAD,2,5,UNIQLO Field at Dodger Stadium,,N,1
823384,2026,regular,2026-05-15,2026-05-15T22:40:00Z,final,mlb-phi,mlb-pit,PHI,PIT,11,9,PNC Park,,N,1
822739,2026,regular,2026-05-15,2026-05-15T22:45:00Z,final,mlb-bal,mlb-wsh,BAL,WSH,2,3,Nationals Park,,N,1
824280,2026,regular,2026-05-15,2026-05-15T22:45:00Z,final,mlb-tor,mlb-det,TOR,DET,2,3,Comerica Park,,N,1
822983,2026,regular,2026-05-15,2026-05-15T23:10:00Z,final,mlb-mia,mlb-tb,MIA,TB,2,7,Tropicana Field,,N,1
823707,2026,regular,2026-05-15,2026-05-15T23:10:00Z,final,mlb-mil,mlb-min,MIL,MIN,3,2,Target Field,,N,1
824439,2026,regular,2026-05-15,2026-05-15T23:10:00Z,final,mlb-cin,mlb-cle,CIN,CLE,7,6,Progressive Field,,N,1
823629,2026,regular,2026-05-15,2026-05-15T23:15:00Z,final,mlb-nyy,mlb-nym,NYY,NYM,5,2,Citi Field,,N,1
824925,2026,regular,2026-05-15,2026-05-15T23:15:00Z,final,mlb-bos,mlb-atl,BOS,ATL,2,3,Truist Park,,N,1
824601,2026,regular,2026-05-15,2026-05-15T23:40:00Z,final,mlb-chc,mlb-cws,CHC,CWS,10,5,Rate Field,,N,1
824194,2026,regular,2026-05-15,2026-05-16T00:10:00Z,final,mlb-tex,mlb-hou,TEX,HOU,0,2,Daikin Park,,N,1
823061,2026,regular,2026-05-15,2026-05-16T00:15:00Z,final,mlb-kc,mlb-stl,KC,STL,4,5,Busch Stadium,,N,1
824360,2026,regular,2026-05-15,2026-05-16T00:40:00Z,final,mlb-ari,mlb-col,ARI,COL,9,1,Coors Field,,N,1
824037,2026,regular,2026-05-15,2026-05-16T01:38:00Z,final,mlb-lad,mlb-laa,LAD,LAA,6,0,Angel Stadium,,N,1
823140,2026,regular,2026-05-15,2026-05-16T01:40:00Z,final,mlb-sd,mlb-sea,SD,SEA,2,0,T-Mobile Park,,N,1
825009,2026,regular,2026-05-15,2026-05-16T01:40:00Z,final,mlb-sf,mlb-ath,SF,ATH,2,5,Sutter Health Park,,N,1
824278,2026,regular,2026-05-16,2026-05-16T17:10:00Z,final,mlb-tor,mlb-det,TOR,DET,2,1,Comerica Park,,N,1
823060,2026,regular,2026-05-16,2026-05-16T18:15:00Z,final,mlb-kc,mlb-stl,KC,STL,2,4,Busch Stadium,,N,1
824359,2026,regular,2026-05-16,2026-05-16T19:10:00Z,final,mlb-ari,mlb-col,ARI,COL,2,4,Coors Field,,N,1
822737,2026,regular,2026-05-16,2026-05-16T20:05:00Z,final,mlb-bal,mlb-wsh,BAL,WSH,3,13,Nationals Park,,N,1
823382,2026,regular,2026-05-16,2026-05-16T20:05:00Z,final,mlb-phi,mlb-pit,PHI,PIT,6,0,PNC Park,,N,1
822981,2026,regular,2026-05-16,2026-05-16T20:10:00Z,final,mlb-mia,mlb-tb,MIA,TB,10,5,Tropicana Field,,N,1
824435,2026,regular,2026-05-16,2026-05-16T22:10:00Z,final,mlb-cin,mlb-cle,CIN,CLE,4,7,Progressive Field,,N,1
823706,2026,regular,2026-05-16,2026-05-16T23:10:00Z,final,mlb-mil,mlb-min,MIL,MIN,2,1,Target Field,,N,1
824193,2026,regular,2026-05-16,2026-05-16T23:10:00Z,final,mlb-tex,mlb-hou,TEX,HOU,1,4,Daikin Park,,N,1
824600,2026,regular,2026-05-16,2026-05-16T23:10:00Z,final,mlb-chc,mlb-cws,CHC,CWS,3,8,Rate Field,,N,1
823139,2026,regular,2026-05-16,2026-05-16T23:15:00Z,final,mlb-sd,mlb-sea,SD,SEA,7,4,T-Mobile Park,,N,1
823627,2026,regular,2026-05-16,2026-05-16T23:15:00Z,final,mlb-nyy,mlb-nym,NYY,NYM,3,6,Citi Field,,N,1
824924,2026,regular,2026-05-16,2026-05-16T23:15:00Z,final,mlb-bos,mlb-atl,BOS,ATL,3,2,Truist Park,,N,1
824038,2026,regular,2026-05-16,2026-05-17T01:38:00Z,final,mlb-lad,mlb-laa,LAD,LAA,15,2,Angel Stadium,,N,1
825007,2026,regular,2026-05-16,2026-05-17T01:40:00Z,final,mlb-sf,mlb-ath,SF,ATH,6,4,Sutter Health Park,,N,1
822982,2026,regular,2026-05-17,2026-05-17T16:15:00Z,final,mlb-mia,mlb-tb,MIA,TB,3,6,Tropicana Field,,N,1
822738,2026,regular,2026-05-17,2026-05-17T17:35:00Z,final,mlb-bal,mlb-wsh,BAL,WSH,7,3,Nationals Park,,N,1
823381,2026,regular,2026-05-17,2026-05-17T17:35:00Z,final,mlb-phi,mlb-pit,PHI,PIT,6,0,PNC Park,,N,1
824923,2026,regular,2026-05-17,2026-05-17T17:35:00Z,final,mlb-bos,mlb-atl,BOS,ATL,1,8,Truist Park,,N,1
823628,2026,regular,2026-05-17,2026-05-17T17:40:00Z,final,mlb-nyy,mlb-nym,NYY,NYM,6,7,Citi Field,,N,1
824279,2026,regular,2026-05-17,2026-05-17T17:40:00Z,final,mlb-tor,mlb-det,TOR,DET,4,1,Comerica Park,,N,1
824436,2026,regular,2026-05-17,2026-05-17T17:40:00Z,final,mlb-cin,mlb-cle,CIN,CLE,3,10,Progressive Field,,N,1
823708,2026,regular,2026-05-17,2026-05-17T18:10:00Z,final,mlb-mil,mlb-min,MIL,MIN,4,5,Target Field,,N,1
824192,2026,regular,2026-05-17,2026-05-17T18:10:00Z,final,mlb-tex,mlb-hou,TEX,HOU,8,0,Daikin Park,,N,1
824599,2026,regular,2026-05-17,2026-05-17T18:10:00Z,final,mlb-chc,mlb-cws,CHC,CWS,8,9,Rate Field,,N,1
823058,2026,regular,2026-05-17,2026-05-17T18:15:00Z,final,mlb-kc,mlb-stl,KC,STL,2,0,Busch Stadium,,N,1
824358,2026,regular,2026-05-17,2026-05-17T19:10:00Z,final,mlb-ari,mlb-col,ARI,COL,8,6,Coors Field,,N,1
825006,2026,regular,2026-05-17,2026-05-17T20:05:00Z,final,mlb-sf,mlb-ath,SF,ATH,10,1,Sutter Health Park,,N,1
824034,2026,regular,2026-05-17,2026-05-17T20:07:00Z,final,mlb-lad,mlb-laa,LAD,LAA,10,1,Angel Stadium,,N,1
823138,2026,regular,2026-05-17,2026-05-17T23:20:00Z,final,mlb-sd,mlb-sea,SD,SEA,8,3,T-Mobile Park,,N,1
822980,2026,regular,2026-05-18,2026-05-18T22:40:00Z,final,mlb-bal,mlb-tb,BAL,TB,6,16,Tropicana Field,,N,1
823465,2026,regular,2026-05-18,2026-05-18T22:40:00Z,final,mlb-cin,mlb-phi,CIN,PHI,4,5,Citizens Bank Park,,N,1
823867,2026,regular,2026-05-18,2026-05-18T22:40:00Z,final,mlb-atl,mlb-mia,ATL,MIA,0,12,loanDepot park,,N,1
824277,2026,regular,2026-05-18,2026-05-18T22:40:00Z,final,mlb-cle,mlb-det,CLE,DET,8,2,Comerica Park,,N,1
822734,2026,regular,2026-05-18,2026-05-18T22:45:00Z,final,mlb-nym,mlb-wsh,NYM,WSH,16,7,Nationals Park,,N,1
823549,2026,regular,2026-05-18,2026-05-18T23:05:00Z,final,mlb-tor,mlb-nyy,TOR,NYY,6,7,Yankee Stadium,,N,1
824114,2026,regular,2026-05-18,2026-05-18T23:10:00Z,final,mlb-bos,mlb-kc,BOS,KC,3,1,Kauffman Stadium,,N,1
823705,2026,regular,2026-05-18,2026-05-18T23:40:00Z,final,mlb-hou,mlb-min,HOU,MIN,3,6,Target Field,,N,1
824680,2026,regular,2026-05-18,2026-05-18T23:40:00Z,final,mlb-mil,mlb-chc,MIL,CHC,9,3,Wrigley Field,,N,1
824357,2026,regular,2026-05-18,2026-05-19T00:40:00Z,final,mlb-tex,mlb-col,TEX,COL,6,7,Coors Field,,N,1
824035,2026,regular,2026-05-18,2026-05-19T01:38:00Z,final,mlb-ath,mlb-laa,ATH,LAA,1,2,Angel Stadium,,N,1
823137,2026,regular,2026-05-18,2026-05-19T01:40:00Z,final,mlb-cws,mlb-sea,CWS,SEA,1,6,T-Mobile Park,,N,1
823301,2026,regular,2026-05-18,2026-05-19T01:40:00Z,final,mlb-lad,mlb-sd,LAD,SD,0,1,Petco Park,,N,1
825087,2026,regular,2026-05-18,2026-05-19T01:40:00Z,final,mlb-sf,mlb-ari,SF,ARI,2,12,Chase Field,,N,1
823865,2026,regular,2026-05-19,2026-05-19T20:10:00Z,final,mlb-atl,mlb-mia,ATL,MIA,8,4,loanDepot park,,N,1
822979,2026,regular,2026-05-19,2026-05-19T22:40:00Z,final,mlb-bal,mlb-tb,BAL,TB,1,4,Tropicana Field,,N,1
823464,2026,regular,2026-05-19,2026-05-19T22:40:00Z,final,mlb-cin,mlb-phi,CIN,PHI,4,1,Citizens Bank Park,,N,1
824276,2026,regular,2026-05-19,2026-05-19T22:40:00Z,final,mlb-cle,mlb-det,CLE,DET,4,3,Comerica Park,,N,1
822736,2026,regular,2026-05-19,2026-05-19T22:45:00Z,final,mlb-nym,mlb-wsh,NYM,WSH,6,9,Nationals Park,,N,1
823548,2026,regular,2026-05-19,2026-05-19T23:05:00Z,final,mlb-tor,mlb-nyy,TOR,NYY,4,5,Yankee Stadium,,N,1
823704,2026,regular,2026-05-19,2026-05-19T23:40:00Z,final,mlb-hou,mlb-min,HOU,MIN,2,1,Target Field,,N,1
824112,2026,regular,2026-05-19,2026-05-19T23:40:00Z,final,mlb-bos,mlb-kc,BOS,KC,7,1,Kauffman Stadium,,N,1
824677,2026,regular,2026-05-19,2026-05-19T23:40:00Z,final,mlb-mil,mlb-chc,MIL,CHC,5,2,Wrigley Field,,N,1
823059,2026,regular,2026-05-19,2026-05-19T23:45:00Z,final,mlb-pit,mlb-stl,PIT,STL,6,9,Busch Stadium,,N,1
824356,2026,regular,2026-05-19,2026-05-20T00:40:00Z,final,mlb-tex,mlb-col,TEX,COL,10,0,Coors Field,,N,1
824033,2026,regular,2026-05-19,2026-05-20T01:38:00Z,final,mlb-ath,mlb-laa,ATH,LAA,14,6,Angel Stadium,,N,1
823136,2026,regular,2026-05-19,2026-05-20T01:40:00Z,final,mlb-cws,mlb-sea,CWS,SEA,2,1,T-Mobile Park,,N,1
823302,2026,regular,2026-05-19,2026-05-20T01:40:00Z,final,mlb-lad,mlb-sd,LAD,SD,5,4,Petco Park,,N,1
825086,2026,regular,2026-05-19,2026-05-20T01:40:00Z,final,mlb-sf,mlb-ari,SF,ARI,3,5,Chase Field,,N,1
823462,2026,regular,2026-05-20,2026-05-20T17:05:00Z,final,mlb-cin,mlb-phi,CIN,PHI,9,4,Citizens Bank Park,,N,1
822977,2026,regular,2026-05-20,2026-05-20T17:10:00Z,final,mlb-bal,mlb-tb,BAL,TB,3,5,Tropicana Field,,N,1
823703,2026,regular,2026-05-20,2026-05-20T17:40:00Z,final,mlb-hou,mlb-min,HOU,MIN,1,4,Target Field,,N,1
824355,2026,regular,2026-05-20,2026-05-20T19:10:00Z,final,mlb-tex,mlb-col,TEX,COL,5,4,Coors Field,,N,1
825084,2026,regular,2026-05-20,2026-05-20T19:40:00Z,final,mlb-sf,mlb-ari,SF,ARI,3,6,Chase Field,,N,1
823134,2026,regular,2026-05-20,2026-05-20T20:10:00Z,final,mlb-cws,mlb-sea,CWS,SEA,4,5,T-Mobile Park,,N,1
823866,2026,regular,2026-05-20,2026-05-20T22:40:00Z,final,mlb-atl,mlb-mia,ATL,MIA,9,1,loanDepot park,,N,1
824273,2026,regular,2026-05-20,2026-05-20T22:40:00Z,final,mlb-cle,mlb-det,CLE,DET,3,2,Comerica Park,,N,1
822735,2026,regular,2026-05-20,2026-05-20T22:45:00Z,final,mlb-nym,mlb-wsh,NYM,WSH,4,8,Nationals Park,,N,1
823547,2026,regular,2026-05-20,2026-05-20T23:05:00Z,final,mlb-tor,mlb-nyy,TOR,NYY,2,1,Yankee Stadium,,N,1
824111,2026,regular,2026-05-20,2026-05-20T23:40:00Z,final,mlb-bos,mlb-kc,BOS,KC,4,3,Kauffman Stadium,,N,1
824678,2026,regular,2026-05-20,2026-05-20T23:40:00Z,final,mlb-mil,mlb-chc,MIL,CHC,5,0,Wrigley Field,,N,1
823057,2026,regular,2026-05-20,2026-05-20T23:45:00Z,final,mlb-pit,mlb-stl,PIT,STL,7,0,Busch Stadium,,N,1
823299,2026,regular,2026-05-20,2026-05-21T00:40:00Z,final,mlb-lad,mlb-sd,LAD,SD,4,0,Petco Park,,N,1
824032,2026,regular,2026-05-20,2026-05-21T01:38:00Z,final,mlb-ath,mlb-laa,ATH,LAA,6,5,Angel Stadium,,N,1
824274,2026,regular,2026-05-21,2026-05-21T17:10:00Z,final,mlb-cle,mlb-det,CLE,DET,3,1,Comerica Park,,N,1
823056,2026,regular,2026-05-21,2026-05-21T17:15:00Z,final,mlb-pit,mlb-stl,PIT,STL,6,2,Busch Stadium,,N,1
822733,2026,regular,2026-05-21,2026-05-21T20:05:00Z,final,mlb-nym,mlb-wsh,NYM,WSH,2,1,Nationals Park,,N,1
823864,2026,regular,2026-05-21,2026-05-21T22:40:00Z,final,mlb-atl,mlb-mia,ATL,MIA,9,3,loanDepot park,,N,1
823545,2026,regular,2026-05-21,2026-05-21T23:05:00Z,final,mlb-tor,mlb-nyy,TOR,NYY,2,0,Yankee Stadium,,N,1
824031,2026,regular,2026-05-21,2026-05-22T01:38:00Z,final,mlb-ath,mlb-laa,ATH,LAA,3,2,Angel Stadium,,N,1
825083,2026,regular,2026-05-21,2026-05-22T01:40:00Z,final,mlb-col,mlb-ari,COL,ARI,1,2,Chase Field,,N,1
824679,2026,regular,2026-05-22,2026-05-22T18:20:00Z,final,mlb-hou,mlb-chc,HOU,CHC,4,2,Wrigley Field,,N,1
823461,2026,regular,2026-05-22,2026-05-22T22:40:00Z,final,mlb-cle,mlb-phi,CLE,PHI,1,0,Citizens Bank Park,,N,1
823546,2026,regular,2026-05-22,2026-05-22T23:05:00Z,final,mlb-tb,mlb-nyy,TB,NYY,4,2,Yankee Stadium,,N,1
822816,2026,regular,2026-05-22,2026-05-22T23:07:00Z,final,mlb-pit,mlb-tor,PIT,TOR,2,6,Rogers Centre,,N,1
823863,2026,regular,2026-05-22,2026-05-22T23:10:00Z,final,mlb-nym,mlb-mia,NYM,MIA,1,2,loanDepot park,,N,1
824761,2026,regular,2026-05-22,2026-05-22T23:10:00Z,final,mlb-min,mlb-bos,MIN,BOS,8,6,Fenway Park,,N,1
824842,2026,regular,2026-05-22,2026-05-22T23:15:00Z,final,mlb-det,mlb-bal,DET,BAL,4,7,Oriole Park at Camden Yards,,N,1
824922,2026,regular,2026-05-22,2026-05-22T23:15:00Z,final,mlb-wsh,mlb-atl,WSH,ATL,4,5,Truist Park,,N,1
823788,2026,regular,2026-05-22,2026-05-22T23:40:00Z,final,mlb-lad,mlb-mil,LAD,MIL,1,5,American Family Field,,N,1
824110,2026,regular,2026-05-22,2026-05-22T23:40:00Z,final,mlb-sea,mlb-kc,SEA,KC,2,0,Kauffman Stadium,,N,1
824029,2026,regular,2026-05-22,2026-05-23T01:38:00Z,final,mlb-tex,mlb-laa,TEX,LAA,6,9,Angel Stadium,,N,1
823298,2026,regular,2026-05-22,2026-05-23T01:40:00Z,final,mlb-ath,mlb-sd,ATH,SD,3,7,Petco Park,,N,1
825082,2026,regular,2026-05-22,2026-05-23T01:40:00Z,final,mlb-col,mlb-ari,COL,ARI,3,2,Chase Field,,N,1
823223,2026,regular,2026-05-22,2026-05-23T02:15:00Z,final,mlb-cws,mlb-sf,CWS,SF,9,4,Oracle Park,,N,1
824518,2026,regular,2026-05-23,2026-05-22T22:40:00Z,postponed,mlb-stl,mlb-cin,STL,CIN,,,Great American Ball Park,,N,1
824518,2026,regular,2026-05-23,2026-05-23T17:10:00Z,final,mlb-stl,mlb-cin,STL,CIN,8,1,Great American Ball Park,,S,1
824674,2026,regular,2026-05-23,2026-05-23T18:20:00Z,final,mlb-hou,mlb-chc,HOU,CHC,3,0,Wrigley Field,,N,1
822814,2026,regular,2026-05-23,2026-05-23T19:07:00Z,final,mlb-pit,mlb-tor,PIT,TOR,2,5,Rogers Centre,,N,1
823222,2026,regular,2026-05-23,2026-05-23T20:05:00Z,final,mlb-cws,mlb-sf,CWS,SF,3,10,Oracle Park,,N,1
823458,2026,regular,2026-05-23,2026-05-23T20:05:00Z,final,mlb-cle,mlb-phi,CLE,PHI,0,3,Citizens Bank Park,,N,1
823862,2026,regular,2026-05-23,2026-05-23T20:10:00Z,final,mlb-nym,mlb-mia,NYM,MIA,1,4,loanDepot park,,N,1
824109,2026,regular,2026-05-23,2026-05-23T20:10:00Z,final,mlb-sea,mlb-kc,SEA,KC,0,5,Kauffman Stadium,,N,1
824760,2026,regular,2026-05-23,2026-05-23T20:10:00Z,final,mlb-min,mlb-bos,MIN,BOS,4,2,Fenway Park,,N,1
824920,2026,regular,2026-05-23,2026-05-23T20:10:00Z,final,mlb-wsh,mlb-atl,WSH,ATL,2,0,Truist Park,,N,1
823787,2026,regular,2026-05-23,2026-05-23T23:15:00Z,final,mlb-lad,mlb-mil,LAD,MIL,11,3,American Family Field,,N,1
824516,2026,regular,2026-05-23,2026-05-23T23:15:00Z,final,mlb-stl,mlb-cin,STL,CIN,6,7,Great American Ball Park,,S,2
823300,2026,regular,2026-05-23,2026-05-24T01:40:00Z,final,mlb-ath,mlb-sd,ATH,SD,0,2,Petco Park,,N,1
824030,2026,regular,2026-05-23,2026-05-24T02:05:00Z,final,mlb-tex,mlb-laa,TEX,LAA,2,5,Angel Stadium,,N,1
825080,2026,regular,2026-05-23,2026-05-24T02:10:00Z,final,mlb-col,mlb-ari,COL,ARI,4,5,Chase Field,,N,1
824840,2026,regular,2026-05-24,2026-05-23T20:05:00Z,postponed,mlb-det,mlb-bal,DET,BAL,,,Oriole Park at Camden Yards,,N,1
822813,2026,regular,2026-05-24,2026-05-24T16:15:00Z,final,mlb-pit,mlb-tor,PIT,TOR,4,1,Rogers Centre,,N,1
824839,2026,regular,2026-05-24,2026-05-24T16:35:00Z,final,mlb-det,mlb-bal,DET,BAL,3,5,Oriole Park at Camden Yards,,S,1
823459,2026,regular,2026-05-24,2026-05-24T17:35:00Z,final,mlb-cle,mlb-phi,CLE,PHI,3,1,Citizens Bank Park,,N,1
823544,2026,regular,2026-05-24,2026-05-24T17:35:00Z,final,mlb-tb,mlb-nyy,TB,NYY,0,2,Yankee Stadium,,N,1
824759,2026,regular,2026-05-24,2026-05-24T17:35:00Z,final,mlb-min,mlb-bos,MIN,BOS,6,5,Fenway Park,,N,1
823861,2026,regular,2026-05-24,2026-05-24T17:40:00Z,final,mlb-nym,mlb-mia,NYM,MIA,0,4,loanDepot park,,N,1
823786,2026,regular,2026-05-24,2026-05-24T18:10:00Z,final,mlb-lad,mlb-mil,LAD,MIL,5,1,American Family Field,,N,1
824108,2026,regular,2026-05-24,2026-05-24T18:10:00Z,final,mlb-sea,mlb-kc,SEA,KC,6,8,Kauffman Stadium,,N,1
824676,2026,regular,2026-05-24,2026-05-24T18:20:00Z,final,mlb-hou,mlb-chc,HOU,CHC,8,5,Wrigley Field,,N,1
823220,2026,regular,2026-05-24,2026-05-24T20:05:00Z,final,mlb-cws,mlb-sf,CWS,SF,5,8,Oracle Park,,N,1
823297,2026,regular,2026-05-24,2026-05-24T20:10:00Z,final,mlb-ath,mlb-sd,ATH,SD,5,2,Petco Park,,N,1
824921,2026,regular,2026-05-24,2026-05-24T20:10:00Z,final,mlb-wsh,mlb-atl,WSH,ATL,2,1,Truist Park,,N,1
825081,2026,regular,2026-05-24,2026-05-24T20:10:00Z,final,mlb-col,mlb-ari,COL,ARI,1,9,Chase Field,,N,1
824840,2026,regular,2026-05-24,2026-05-24T22:05:00Z,final,mlb-det,mlb-bal,DET,BAL,4,1,Oriole Park at Camden Yards,,S,2
824028,2026,regular,2026-05-24,2026-05-24T23:20:00Z,final,mlb-tex,mlb-laa,TEX,LAA,1,2,Angel Stadium,,N,1
823380,2026,regular,2026-05-25,2026-05-25T17:35:00Z,final,mlb-chc,mlb-pit,CHC,PIT,1,2,PNC Park,,N,1
824838,2026,regular,2026-05-25,2026-05-25T17:35:00Z,final,mlb-tb,mlb-bal,TB,BAL,7,9,Oriole Park at Camden Yards,,N,1
823784,2026,regular,2026-05-25,2026-05-25T18:10:00Z,final,mlb-stl,mlb-mil,STL,MIL,1,5,American Family Field,,N,1
824598,2026,regular,2026-05-25,2026-05-25T18:10:00Z,final,mlb-min,mlb-cws,MIN,CWS,1,3,Rate Field,,N,1
824107,2026,regular,2026-05-25,2026-05-25T19:40:00Z,final,mlb-nyy,mlb-kc,NYY,KC,4,3,Kauffman Stadium,,N,1
823625,2026,regular,2026-05-25,2026-05-25T20:10:00Z,final,mlb-cin,mlb-nym,CIN,NYM,7,2,Citi Field,,N,1
823219,2026,regular,2026-05-25,2026-05-25T21:05:00Z,final,mlb-ari,mlb-sf,ARI,SF,6,2,Oracle Park,,N,1
824437,2026,regular,2026-05-25,2026-05-25T22:10:00Z,final,mlb-wsh,mlb-cle,WSH,CLE,10,2,Progressive Field,,N,1
823296,2026,regular,2026-05-25,2026-05-25T22:40:00Z,final,mlb-phi,mlb-sd,PHI,SD,3,0,Petco Park,,N,1
822899,2026,regular,2026-05-25,2026-05-25T23:05:00Z,final,mlb-hou,mlb-tex,HOU,TEX,9,0,Globe Life Field,,N,1
822812,2026,regular,2026-05-25,2026-05-25T23:07:00Z,final,mlb-mia,mlb-tor,MIA,TOR,8,2,Rogers Centre,,N,1
823948,2026,regular,2026-05-25,2026-05-26T01:10:00Z,final,mlb-col,mlb-lad,COL,LAD,3,5,UNIQLO Field at Dodger Stadium,,N,1
825005,2026,regular,2026-05-25,2026-05-26T01:40:00Z,final,mlb-sea,mlb-ath,SEA,ATH,9,2,Sutter Health Park,,N,1
824434,2026,regular,2026-05-26,2026-05-26T22:10:00Z,final,mlb-wsh,mlb-cle,WSH,CLE,6,3,Progressive Field,,N,1
824837,2026,regular,2026-05-26,2026-05-26T22:35:00Z,final,mlb-tb,mlb-bal,TB,BAL,1,6,Oriole Park at Camden Yards,,N,1
823379,2026,regular,2026-05-26,2026-05-26T22:40:00Z,final,mlb-chc,mlb-pit,CHC,PIT,1,12,PNC Park,,N,1
824275,2026,regular,2026-05-26,2026-05-26T22:40:00Z,final,mlb-laa,mlb-det,LAA,DET,10,6,Comerica Park,,N,1
824758,2026,regular,2026-05-26,2026-05-26T22:45:00Z,final,mlb-atl,mlb-bos,ATL,BOS,7,6,Fenway Park,,N,1
822811,2026,regular,2026-05-26,2026-05-26T23:07:00Z,final,mlb-mia,mlb-tor,MIA,TOR,1,8,Rogers Centre,,N,1
823624,2026,regular,2026-05-26,2026-05-26T23:10:00Z,final,mlb-cin,mlb-nym,CIN,NYM,7,2,Citi Field,,N,1
823785,2026,regular,2026-05-26,2026-05-26T23:40:00Z,final,mlb-stl,mlb-mil,STL,MIL,0,6,American Family Field,,N,1
824106,2026,regular,2026-05-26,2026-05-26T23:40:00Z,final,mlb-nyy,mlb-kc,NYY,KC,15,1,Kauffman Stadium,,N,1
824597,2026,regular,2026-05-26,2026-05-26T23:40:00Z,final,mlb-min,mlb-cws,MIN,CWS,5,3,Rate Field,,N,1
822898,2026,regular,2026-05-26,2026-05-27T00:05:00Z,final,mlb-hou,mlb-tex,HOU,TEX,7,10,Globe Life Field,,N,1
823294,2026,regular,2026-05-26,2026-05-27T01:40:00Z,final,mlb-phi,mlb-sd,PHI,SD,4,3,Petco Park,,N,1
825004,2026,regular,2026-05-26,2026-05-27T01:40:00Z,final,mlb-sea,mlb-ath,SEA,ATH,4,1,Sutter Health Park,,N,1
823216,2026,regular,2026-05-26,2026-05-27T01:45:00Z,final,mlb-ari,mlb-sf,ARI,SF,7,5,Oracle Park,,N,1
823949,2026,regular,2026-05-26,2026-05-27T02:10:00Z,final,mlb-col,mlb-lad,COL,LAD,6,15,UNIQLO Field at Dodger Stadium,,N,1
822809,2026,regular,2026-05-27,2026-05-27T17:07:00Z,final,mlb-mia,mlb-tor,MIA,TOR,1,2,Rogers Centre,,N,1
824432,2026,regular,2026-05-27,2026-05-27T17:10:00Z,final,mlb-wsh,mlb-cle,WSH,CLE,2,3,Progressive Field,,N,1
823783,2026,regular,2026-05-27,2026-05-27T17:40:00Z,final,mlb-stl,mlb-mil,STL,MIL,1,2,American Family Field,,N,1
825003,2026,regular,2026-05-27,2026-05-27T19:05:00Z,final,mlb-sea,mlb-ath,SEA,ATH,9,1,Sutter Health Park,,N,1
823217,2026,regular,2026-05-27,2026-05-27T19:45:00Z,final,mlb-ari,mlb-sf,ARI,SF,3,2,Oracle Park,,N,1
823295,2026,regular,2026-05-27,2026-05-27T20:10:00Z,final,mlb-phi,mlb-sd,PHI,SD,3,0,Petco Park,,N,1
824836,2026,regular,2026-05-27,2026-05-27T22:35:00Z,final,mlb-tb,mlb-bal,TB,BAL,2,11,Oriole Park at Camden Yards,,N,1
823376,2026,regular,2026-05-27,2026-05-27T22:40:00Z,final,mlb-chc,mlb-pit,CHC,PIT,10,4,PNC Park,,N,1
824270,2026,regular,2026-05-27,2026-05-27T22:40:00Z,final,mlb-laa,mlb-det,LAA,DET,0,4,Comerica Park,,N,1
824756,2026,regular,2026-05-27,2026-05-27T22:45:00Z,final,mlb-atl,mlb-bos,ATL,BOS,0,8,Fenway Park,,N,1
823626,2026,regular,2026-05-27,2026-05-27T23:10:00Z,final,mlb-cin,mlb-nym,CIN,NYM,2,4,Citi Field,,N,1
824104,2026,regular,2026-05-27,2026-05-27T23:40:00Z,final,mlb-nyy,mlb-kc,NYY,KC,7,0,Kauffman Stadium,,N,1
824596,2026,regular,2026-05-27,2026-05-27T23:40:00Z,final,mlb-min,mlb-cws,MIN,CWS,2,15,Rate Field,,N,1
822897,2026,regular,2026-05-27,2026-05-28T00:05:00Z,final,mlb-hou,mlb-tex,HOU,TEX,4,3,Globe Life Field,,N,1
823947,2026,regular,2026-05-27,2026-05-28T02:10:00Z,final,mlb-col,mlb-lad,COL,LAD,1,4,UNIQLO Field at Dodger Stadium,,N,1
824272,2026,regular,2026-05-28,2026-05-28T17:10:00Z,final,mlb-laa,mlb-det,LAA,DET,7,1,Comerica Park,,N,1
824595,2026,regular,2026-05-28,2026-05-28T18:10:00Z,final,mlb-min,mlb-cws,MIN,CWS,2,6,Rate Field,,N,1
824757,2026,regular,2026-05-28,2026-05-28T20:10:00Z,final,mlb-atl,mlb-bos,ATL,BOS,10,2,Fenway Park,,N,1
824834,2026,regular,2026-05-28,2026-05-28T22:35:00Z,final,mlb-tor,mlb-bal,TOR,BAL,2,1,Oriole Park at Camden Yards,,N,1
823378,2026,regular,2026-05-28,2026-05-28T22:40:00Z,final,mlb-chc,mlb-pit,CHC,PIT,7,2,PNC Park,,N,1
822896,2026,regular,2026-05-28,2026-05-29T00:05:00Z,final,mlb-hou,mlb-tex,HOU,TEX,5,1,Globe Life Field,,N,1
824515,2026,regular,2026-05-29,2026-05-29T22:40:00Z,final,mlb-atl,mlb-cin,ATL,CIN,8,3,Great American Ball Park,,N,1
822732,2026,regular,2026-05-29,2026-05-29T22:45:00Z,final,mlb-sd,mlb-wsh,SD,WSH,7,5,Nationals Park,,N,1
823377,2026,regular,2026-05-29,2026-05-29T22:45:00Z,final,mlb-min,mlb-pit,MIN,PIT,5,6,PNC Park,,N,1
824835,2026,regular,2026-05-29,2026-05-29T23:05:00Z,final,mlb-tor,mlb-bal,TOR,BAL,6,5,Oriole Park at Camden Yards,,N,1
822978,2026,regular,2026-05-29,2026-05-29T23:10:00Z,final,mlb-laa,mlb-tb,LAA,TB,5,8,Tropicana Field,,N,1
823623,2026,regular,2026-05-29,2026-05-29T23:10:00Z,final,mlb-mia,mlb-nym,MIA,NYM,7,9,Citi Field,,N,1
824433,2026,regular,2026-05-29,2026-05-29T23:10:00Z,final,mlb-bos,mlb-cle,BOS,CLE,3,4,Progressive Field,,N,1
823055,2026,regular,2026-05-29,2026-05-29T23:15:00Z,final,mlb-chc,mlb-stl,CHC,STL,5,6,Busch Stadium,,N,1
824594,2026,regular,2026-05-29,2026-05-29T23:40:00Z,final,mlb-det,mlb-cws,DET,CWS,3,4,Rate Field,,N,1
822894,2026,regular,2026-05-29,2026-05-30T00:05:00Z,final,mlb-kc,mlb-tex,KC,TEX,1,9,Globe Life Field,,N,1
824191,2026,regular,2026-05-29,2026-05-30T00:10:00Z,final,mlb-mil,mlb-hou,MIL,HOU,5,4,Daikin Park,,N,1
824353,2026,regular,2026-05-29,2026-05-30T00:40:00Z,final,mlb-sf,mlb-col,SF,COL,6,8,Coors Field,,N,1
825002,2026,regular,2026-05-29,2026-05-30T01:40:00Z,final,mlb-nyy,mlb-ath,NYY,ATH,8,2,Sutter Health Park,,N,1
823135,2026,regular,2026-05-29,2026-05-30T02:10:00Z,final,mlb-ari,mlb-sea,ARI,SEA,6,7,T-Mobile Park,,N,1
823946,2026,regular,2026-05-29,2026-05-30T02:15:00Z,final,mlb-phi,mlb-lad,PHI,LAD,2,4,UNIQLO Field at Dodger Stadium,,N,1
824593,2026,regular,2026-05-30,2026-05-30T18:10:00Z,final,mlb-det,mlb-cws,DET,CWS,1,7,Rate Field,,N,1
822731,2026,regular,2026-05-30,2026-05-30T20:05:00Z,final,mlb-sd,mlb-wsh,SD,WSH,4,9,Nationals Park,,N,1
822893,2026,regular,2026-05-30,2026-05-30T20:05:00Z,final,mlb-kc,mlb-tex,KC,TEX,6,7,Globe Life Field,,N,1
823375,2026,regular,2026-05-30,2026-05-30T20:05:00Z,final,mlb-min,mlb-pit,MIN,PIT,9,10,PNC Park,,N,1
824833,2026,regular,2026-05-30,2026-05-30T20:05:00Z,final,mlb-tor,mlb-bal,TOR,BAL,5,6,Oriole Park at Camden Yards,,N,1
822975,2026,regular,2026-05-30,2026-05-30T20:10:00Z,final,mlb-laa,mlb-tb,LAA,TB,14,3,Tropicana Field,,N,1
823622,2026,regular,2026-05-30,2026-05-30T20:10:00Z,final,mlb-mia,mlb-nym,MIA,NYM,1,6,Citi Field,,N,1
824190,2026,regular,2026-05-30,2026-05-30T20:10:00Z,final,mlb-mil,mlb-hou,MIL,HOU,2,9,Daikin Park,,N,1
824431,2026,regular,2026-05-30,2026-05-30T20:10:00Z,final,mlb-bos,mlb-cle,BOS,CLE,9,1,Progressive Field,,N,1
823054,2026,regular,2026-05-30,2026-05-30T23:15:00Z,final,mlb-chc,mlb-stl,CHC,STL,6,1,Busch Stadium,,N,1
824513,2026,regular,2026-05-30,2026-05-30T23:15:00Z,final,mlb-atl,mlb-cin,ATL,CIN,5,2,Great American Ball Park,,N,1
824352,2026,regular,2026-05-30,2026-05-31T01:10:00Z,final,mlb-sf,mlb-col,SF,COL,3,8,Coors Field,,N,1
825000,2026,regular,2026-05-30,2026-05-31T02:05:00Z,final,mlb-nyy,mlb-ath,NYY,ATH,4,6,Sutter Health Park,,N,1
823132,2026,regular,2026-05-30,2026-05-31T02:10:00Z,final,mlb-ari,mlb-sea,ARI,SEA,1,5,T-Mobile Park,,N,1
823945,2026,regular,2026-05-30,2026-05-31T02:10:00Z,final,mlb-phi,mlb-lad,PHI,LAD,4,3,UNIQLO Field at Dodger Stadium,,N,1
824832,2026,regular,2026-05-31,2026-05-31T16:15:00Z,final,mlb-tor,mlb-bal,TOR,BAL,5,9,Oriole Park at Camden Yards,,N,1
822729,2026,regular,2026-05-31,2026-05-31T17:35:00Z,final,mlb-sd,mlb-wsh,SD,WSH,2,4,Nationals Park,,N,1
823373,2026,regular,2026-05-31,2026-05-31T17:35:00Z,final,mlb-min,mlb-pit,MIN,PIT,3,9,PNC Park,,N,1
822976,2026,regular,2026-05-31,2026-05-31T17:40:00Z,final,mlb-laa,mlb-tb,LAA,TB,2,5,Tropicana Field,,N,1
823621,2026,regular,2026-05-31,2026-05-31T17:40:00Z,final,mlb-mia,mlb-nym,MIA,NYM,1,10,Citi Field,,N,1
824430,2026,regular,2026-05-31,2026-05-31T17:40:00Z,final,mlb-bos,mlb-cle,BOS,CLE,9,4,Progressive Field,,N,1
824512,2026,regular,2026-05-31,2026-05-31T17:40:00Z,final,mlb-atl,mlb-cin,ATL,CIN,4,6,Great American Ball Park,,N,1
824187,2026,regular,2026-05-31,2026-05-31T18:10:00Z,final,mlb-mil,mlb-hou,MIL,HOU,2,0,Daikin Park,,N,1
824592,2026,regular,2026-05-31,2026-05-31T18:10:00Z,final,mlb-det,mlb-cws,DET,CWS,1,2,Rate Field,,N,1
822895,2026,regular,2026-05-31,2026-05-31T18:35:00Z,final,mlb-kc,mlb-tex,KC,TEX,3,6,Globe Life Field,,N,1
824354,2026,regular,2026-05-31,2026-05-31T19:10:00Z,final,mlb-sf,mlb-col,SF,COL,19,6,Coors Field,,N,1
825001,2026,regular,2026-05-31,2026-05-31T20:05:00Z,final,mlb-nyy,mlb-ath,NYY,ATH,13,8,Sutter Health Park,,N,1
823133,2026,regular,2026-05-31,2026-05-31T20:10:00Z,final,mlb-ari,mlb-sea,ARI,SEA,2,3,T-Mobile Park,,N,1
823944,2026,regular,2026-05-31,2026-05-31T20:10:00Z,final,mlb-phi,mlb-lad,PHI,LAD,1,9,UNIQLO Field at Dodger Stadium,,N,1
823053,2026,regular,2026-05-31,2026-05-31T23:20:00Z,final,mlb-chc,mlb-stl,CHC,STL,1,5,Busch Stadium,,N,1
822974,2026,regular,2026-06-01,2026-06-01T22:40:00Z,final,mlb-det,mlb-tb,DET,TB,10,9,Tropicana Field,,N,1
822730,2026,regular,2026-06-01,2026-06-01T22:45:00Z,final,mlb-mia,mlb-wsh,MIA,WSH,7,3,Nationals Park,,N,1
824510,2026,regular,2026-06-01,2026-06-01T23:10:00Z,final,mlb-kc,mlb-cin,KC,CIN,9,2,Great American Ball Park,,N,1
823702,2026,regular,2026-06-01,2026-06-01T23:40:00Z,final,mlb-cws,mlb-min,CWS,MIN,6,9,Target Field,,N,1
823781,2026,regular,2026-06-01,2026-06-01T23:40:00Z,final,mlb-sf,mlb-mil,SF,MIL,2,16,American Family Field,,N,1
823050,2026,regular,2026-06-01,2026-06-01T23:45:00Z,final,mlb-tex,mlb-stl,TEX,STL,2,1,Busch Stadium,,N,1
824027,2026,regular,2026-06-01,2026-06-02T01:38:00Z,final,mlb-col,mlb-laa,COL,LAA,9,8,Angel Stadium,,N,1
823131,2026,regular,2026-06-01,2026-06-02T01:40:00Z,final,mlb-nym,mlb-sea,NYM,SEA,2,3,T-Mobile Park,,N,1
825078,2026,regular,2026-06-01,2026-06-02T01:40:00Z,final,mlb-lad,mlb-ari,LAD,ARI,1,4,Chase Field,,N,1
822971,2026,regular,2026-06-02,2026-06-02T22:40:00Z,final,mlb-det,mlb-tb,DET,TB,8,0,Tropicana Field,,N,1
823460,2026,regular,2026-06-02,2026-06-02T22:40:00Z,final,mlb-sd,mlb-phi,SD,PHI,2,3,Citizens Bank Park,,N,1
822728,2026,regular,2026-06-02,2026-06-02T22:45:00Z,final,mlb-mia,mlb-wsh,MIA,WSH,7,3,Nationals Park,,N,1
824754,2026,regular,2026-06-02,2026-06-02T22:45:00Z,final,mlb-bal,mlb-bos,BAL,BOS,4,2,Fenway Park,,N,1
823541,2026,regular,2026-06-02,2026-06-02T23:05:00Z,final,mlb-cle,mlb-nyy,CLE,NYY,9,4,Yankee Stadium,,N,1
824511,2026,regular,2026-06-02,2026-06-02T23:10:00Z,final,mlb-kc,mlb-cin,KC,CIN,3,4,Great American Ball Park,,N,1
824918,2026,regular,2026-06-02,2026-06-02T23:15:00Z,final,mlb-tor,mlb-atl,TOR,ATL,3,4,Truist Park,,N,1
823700,2026,regular,2026-06-02,2026-06-02T23:40:00Z,final,mlb-cws,mlb-min,CWS,MIN,4,6,Target Field,,N,1
823782,2026,regular,2026-06-02,2026-06-02T23:40:00Z,final,mlb-sf,mlb-mil,SF,MIL,3,8,American Family Field,,N,1
823052,2026,regular,2026-06-02,2026-06-02T23:45:00Z,final,mlb-tex,mlb-stl,TEX,STL,7,4,Busch Stadium,,N,1
824675,2026,regular,2026-06-02,2026-06-03T00:05:00Z,final,mlb-ath,mlb-chc,ATH,CHC,2,1,Wrigley Field,,N,1
824189,2026,regular,2026-06-02,2026-06-03T00:10:00Z,final,mlb-pit,mlb-hou,PIT,HOU,10,6,Daikin Park,,N,1
824026,2026,regular,2026-06-02,2026-06-03T01:38:00Z,final,mlb-col,mlb-laa,COL,LAA,8,2,Angel Stadium,,N,1
823129,2026,regular,2026-06-02,2026-06-03T01:40:00Z,final,mlb-nym,mlb-sea,NYM,SEA,3,8,T-Mobile Park,,N,1
825079,2026,regular,2026-06-02,2026-06-03T01:40:00Z,final,mlb-lad,mlb-ari,LAD,ARI,6,5,Chase Field,,N,1
822727,2026,regular,2026-06-03,2026-06-03T17:05:00Z,final,mlb-mia,mlb-wsh,MIA,WSH,4,1,Nationals Park,,N,1
822973,2026,regular,2026-06-03,2026-06-03T17:10:00Z,final,mlb-det,mlb-tb,DET,TB,7,2,Tropicana Field,,N,1
823701,2026,regular,2026-06-03,2026-06-03T17:40:00Z,final,mlb-cws,mlb-min,CWS,MIN,8,0,Target Field,,N,1
823130,2026,regular,2026-06-03,2026-06-03T19:40:00Z,final,mlb-nym,mlb-sea,NYM,SEA,7,1,T-Mobile Park,,N,1
823456,2026,regular,2026-06-03,2026-06-03T22:40:00Z,final,mlb-sd,mlb-phi,SD,PHI,2,3,Citizens Bank Park,,N,1
824755,2026,regular,2026-06-03,2026-06-03T22:45:00Z,final,mlb-bal,mlb-bos,BAL,BOS,1,8,Fenway Park,,N,1
823540,2026,regular,2026-06-03,2026-06-03T23:05:00Z,final,mlb-cle,mlb-nyy,CLE,NYY,5,4,Yankee Stadium,,N,1
824509,2026,regular,2026-06-03,2026-06-03T23:10:00Z,final,mlb-kc,mlb-cin,KC,CIN,5,2,Great American Ball Park,,N,1
824917,2026,regular,2026-06-03,2026-06-03T23:15:00Z,final,mlb-tor,mlb-atl,TOR,ATL,3,7,Truist Park,,N,1
823780,2026,regular,2026-06-03,2026-06-03T23:40:00Z,final,mlb-sf,mlb-mil,SF,MIL,1,0,American Family Field,,N,1
823051,2026,regular,2026-06-03,2026-06-03T23:45:00Z,final,mlb-tex,mlb-stl,TEX,STL,3,5,Busch Stadium,,N,1
824671,2026,regular,2026-06-03,2026-06-04T00:05:00Z,final,mlb-ath,mlb-chc,ATH,CHC,5,4,Wrigley Field,,N,1
824188,2026,regular,2026-06-03,2026-06-04T00:10:00Z,final,mlb-pit,mlb-hou,PIT,HOU,9,11,Daikin Park,,N,1
824024,2026,regular,2026-06-03,2026-06-04T01:38:00Z,final,mlb-col,mlb-laa,COL,LAA,4,11,Angel Stadium,,N,1
825077,2026,regular,2026-06-03,2026-06-04T01:40:00Z,final,mlb-lad,mlb-ari,LAD,ARI,7,0,Chase Field,,N,1
823457,2026,regular,2026-06-04,2026-06-04T17:05:00Z,final,mlb-sd,mlb-phi,SD,PHI,4,6,Citizens Bank Park,,N,1
823542,2026,regular,2026-06-04,2026-06-04T17:35:00Z,final,mlb-cle,mlb-nyy,CLE,NYY,1,2,Yankee Stadium,,N,1
824753,2026,regular,2026-06-04,2026-06-04T17:35:00Z,final,mlb-bal,mlb-bos,BAL,BOS,8,2,Fenway Park,,N,1
823779,2026,regular,2026-06-04,2026-06-04T18:10:00Z,final,mlb-sf,mlb-mil,SF,MIL,12,9,American Family Field,,N,1
824919,2026,regular,2026-06-04,2026-06-04T23:15:00Z,final,mlb-tor,mlb-atl,TOR,ATL,7,2,Truist Park,,N,1
823698,2026,regular,2026-06-04,2026-06-04T23:40:00Z,final,mlb-kc,mlb-min,KC,MIN,8,6,Target Field,,N,1
824672,2026,regular,2026-06-04,2026-06-05T00:05:00Z,final,mlb-ath,mlb-chc,ATH,CHC,6,7,Wrigley Field,,N,1
824185,2026,regular,2026-06-04,2026-06-05T00:10:00Z,final,mlb-pit,mlb-hou,PIT,HOU,5,1,Daikin Park,,N,1
825076,2026,regular,2026-06-04,2026-06-05T01:40:00Z,final,mlb-lad,mlb-ari,LAD,ARI,2,3,Chase Field,,N,1
824673,2026,regular,2026-06-05,2026-06-05T18:20:00Z,final,mlb-sf,mlb-chc,SF,CHC,18,3,Wrigley Field,,N,1
823455,2026,regular,2026-06-05,2026-06-05T22:40:00Z,final,mlb-cws,mlb-phi,CWS,PHI,6,8,Citizens Bank Park,,N,1
824271,2026,regular,2026-06-05,2026-06-05T22:40:00Z,final,mlb-sea,mlb-det,SEA,DET,3,7,Comerica Park,,N,1
823538,2026,regular,2026-06-05,2026-06-05T23:05:00Z,final,mlb-bos,mlb-nyy,BOS,NYY,5,3,Yankee Stadium,,N,1
822810,2026,regular,2026-06-05,2026-06-05T23:07:00Z,final,mlb-bal,mlb-tor,BAL,TOR,13,3,Rogers Centre,,N,1
823860,2026,regular,2026-06-05,2026-06-05T23:10:00Z,final,mlb-tb,mlb-mia,TB,MIA,6,0,loanDepot park,,N,1
824914,2026,regular,2026-06-05,2026-06-05T23:15:00Z,final,mlb-pit,mlb-atl,PIT,ATL,3,6,Truist Park,,N,1
824186,2026,regular,2026-06-05,2026-06-06T00:10:00Z,final,mlb-ath,mlb-hou,ATH,HOU,1,5,Daikin Park,,N,1
822892,2026,regular,2026-06-05,2026-06-06T00:15:00Z,final,mlb-cle,mlb-tex,CLE,TEX,2,3,Globe Life Field,,N,1
823049,2026,regular,2026-06-05,2026-06-06T00:15:00Z,final,mlb-cin,mlb-stl,CIN,STL,3,10,Busch Stadium,,N,1
823699,2026,regular,2026-06-05,2026-06-06T00:15:00Z,final,mlb-kc,mlb-min,KC,MIN,3,5,Target Field,,N,1
824350,2026,regular,2026-06-05,2026-06-06T00:40:00Z,final,mlb-mil,mlb-col,MIL,COL,9,7,Coors Field,,N,1
823293,2026,regular,2026-06-05,2026-06-06T01:40:00Z,final,mlb-nym,mlb-sd,NYM,SD,5,0,Petco Park,,N,1
825073,2026,regular,2026-06-05,2026-06-06T01:40:00Z,final,mlb-wsh,mlb-ari,WSH,ARI,14,1,Chase Field,,N,1
823943,2026,regular,2026-06-05,2026-06-06T02:10:00Z,final,mlb-laa,mlb-lad,LAA,LAD,0,1,UNIQLO Field at Dodger Stadium,,N,1
824269,2026,regular,2026-06-06,2026-06-06T17:10:00Z,final,mlb-sea,mlb-det,SEA,DET,4,0,Comerica Park,,N,1
823697,2026,regular,2026-06-06,2026-06-06T18:10:00Z,final,mlb-kc,mlb-min,KC,MIN,3,2,Target Field,,N,1
823048,2026,regular,2026-06-06,2026-06-06T18:15:00Z,final,mlb-cin,mlb-stl,CIN,STL,5,6,Busch Stadium,,N,1
824669,2026,regular,2026-06-06,2026-06-06T18:20:00Z,final,mlb-sf,mlb-chc,SF,CHC,2,3,Wrigley Field,,N,1
822808,2026,regular,2026-06-06,2026-06-06T19:07:00Z,final,mlb-bal,mlb-tor,BAL,TOR,4,6,Rogers Centre,,N,1
823454,2026,regular,2026-06-06,2026-06-06T20:05:00Z,final,mlb-cws,mlb-phi,CWS,PHI,6,3,Citizens Bank Park,,N,1
823859,2026,regular,2026-06-06,2026-06-06T20:10:00Z,final,mlb-tb,mlb-mia,TB,MIA,3,4,loanDepot park,,N,1
824184,2026,regular,2026-06-06,2026-06-06T20:10:00Z,final,mlb-ath,mlb-hou,ATH,HOU,2,13,Daikin Park,,N,1
824915,2026,regular,2026-06-06,2026-06-06T20:10:00Z,final,mlb-pit,mlb-atl,PIT,ATL,3,6,Truist Park,,N,1
825075,2026,regular,2026-06-06,2026-06-06T20:10:00Z,final,mlb-wsh,mlb-ari,WSH,ARI,6,1,Chase Field,,N,1
822891,2026,regular,2026-06-06,2026-06-06T23:35:00Z,final,mlb-cle,mlb-tex,CLE,TEX,6,0,Globe Life Field,,N,1
824351,2026,regular,2026-06-06,2026-06-07T01:10:00Z,final,mlb-mil,mlb-col,MIL,COL,7,1,Coors Field,,N,1
823292,2026,regular,2026-06-06,2026-06-07T02:10:00Z,final,mlb-nym,mlb-sd,NYM,SD,2,3,Petco Park,,N,1
823942,2026,regular,2026-06-06,2026-06-07T02:10:00Z,final,mlb-laa,mlb-lad,LAA,LAD,2,9,UNIQLO Field at Dodger Stadium,,N,1
823453,2026,regular,2026-06-07,2026-06-07T17:35:00Z,final,mlb-cws,mlb-phi,CWS,PHI,5,9,Citizens Bank Park,,N,1
823537,2026,regular,2026-06-07,2026-06-07T17:35:00Z,final,mlb-bos,mlb-nyy,BOS,NYY,1,6,Yankee Stadium,,N,1
824916,2026,regular,2026-06-07,2026-06-07T17:35:00Z,final,mlb-pit,mlb-atl,PIT,ATL,2,3,Truist Park,,N,1
822807,2026,regular,2026-06-07,2026-06-07T17:37:00Z,final,mlb-bal,mlb-tor,BAL,TOR,4,6,Rogers Centre,,N,1
823857,2026,regular,2026-06-07,2026-06-07T17:40:00Z,final,mlb-tb,mlb-mia,TB,MIA,1,4,loanDepot park,,N,1
824268,2026,regular,2026-06-07,2026-06-07T17:40:00Z,final,mlb-sea,mlb-det,SEA,DET,4,5,Comerica Park,,N,1
823696,2026,regular,2026-06-07,2026-06-07T18:10:00Z,final,mlb-kc,mlb-min,KC,MIN,6,5,Target Field,,N,1
824183,2026,regular,2026-06-07,2026-06-07T18:10:00Z,final,mlb-ath,mlb-hou,ATH,HOU,5,0,Daikin Park,,N,1
823047,2026,regular,2026-06-07,2026-06-07T18:15:00Z,final,mlb-cin,mlb-stl,CIN,STL,3,5,Busch Stadium,,N,1
822890,2026,regular,2026-06-07,2026-06-07T18:35:00Z,final,mlb-cle,mlb-tex,CLE,TEX,0,10,Globe Life Field,,N,1
824349,2026,regular,2026-06-07,2026-06-07T19:10:00Z,final,mlb-mil,mlb-col,MIL,COL,12,4,Coors Field,,N,1
825074,2026,regular,2026-06-07,2026-06-07T19:15:00Z,final,mlb-wsh,mlb-ari,WSH,ARI,1,5,Chase Field,,N,1
823291,2026,regular,2026-06-07,2026-06-07T20:10:00Z,final,mlb-nym,mlb-sd,NYM,SD,7,3,Petco Park,,N,1
823941,2026,regular,2026-06-07,2026-06-07T20:10:00Z,final,mlb-laa,mlb-lad,LAA,LAD,13,5,UNIQLO Field at Dodger Stadium,,N,1
824670,2026,regular,2026-06-07,2026-06-08T00:30:00Z,final,mlb-sf,mlb-chc,SF,CHC,2,1,Wrigley Field,,N,1
824829,2026,regular,2026-06-08,2026-06-08T22:35:00Z,final,mlb-sea,mlb-bal,SEA,BAL,6,3,Oriole Park at Camden Yards,,N,1
822972,2026,regular,2026-06-08,2026-06-08T22:40:00Z,final,mlb-bos,mlb-tb,BOS,TB,1,3,Tropicana Field,,N,1
824427,2026,regular,2026-06-08,2026-06-08T22:40:00Z,final,mlb-nyy,mlb-cle,NYY,CLE,7,5,Progressive Field,,N,1
822806,2026,regular,2026-06-08,2026-06-08T23:07:00Z,final,mlb-phi,mlb-tor,PHI,TOR,5,2,Rogers Centre,,N,1
824025,2026,regular,2026-06-08,2026-06-09T01:38:00Z,final,mlb-hou,mlb-laa,HOU,LAA,5,4,Angel Stadium,,N,1
823289,2026,regular,2026-06-08,2026-06-09T01:40:00Z,final,mlb-cin,mlb-sd,CIN,SD,2,6,Petco Park,,N,1
823218,2026,regular,2026-06-08,2026-06-09T01:45:00Z,final,mlb-wsh,mlb-sf,WSH,SF,4,3,Oracle Park,,N,1
824998,2026,regular,2026-06-08,2026-06-09T02:05:00Z,final,mlb-mil,mlb-ath,MIL,ATH,15,14,Las Vegas Ballpark,,N,1
824830,2026,regular,2026-06-09,2026-06-09T22:35:00Z,final,mlb-sea,mlb-bal,SEA,BAL,6,5,Oriole Park at Camden Yards,,N,1
822969,2026,regular,2026-06-09,2026-06-09T22:40:00Z,final,mlb-bos,mlb-tb,BOS,TB,3,4,Tropicana Field,,N,1
823374,2026,regular,2026-06-09,2026-06-09T22:40:00Z,final,mlb-lad,mlb-pit,LAD,PIT,12,3,PNC Park,,N,1
823858,2026,regular,2026-06-09,2026-06-09T22:40:00Z,final,mlb-ari,mlb-mia,ARI,MIA,6,10,loanDepot park,,N,1
824267,2026,regular,2026-06-09,2026-06-09T22:40:00Z,final,mlb-min,mlb-det,MIN,DET,4,10,Comerica Park,,N,1
824429,2026,regular,2026-06-09,2026-06-09T22:40:00Z,final,mlb-nyy,mlb-cle,NYY,CLE,3,2,Progressive Field,,N,1
822805,2026,regular,2026-06-09,2026-06-09T23:07:00Z,final,mlb-phi,mlb-tor,PHI,TOR,2,3,Rogers Centre,,N,1
823620,2026,regular,2026-06-09,2026-06-09T23:10:00Z,final,mlb-stl,mlb-nym,STL,NYM,7,0,Citi Field,,N,1
824105,2026,regular,2026-06-09,2026-06-09T23:40:00Z,final,mlb-tex,mlb-kc,TEX,KC,3,5,Kauffman Stadium,,N,1
824591,2026,regular,2026-06-09,2026-06-09T23:40:00Z,final,mlb-atl,mlb-cws,ATL,CWS,5,6,Rate Field,,N,1
824347,2026,regular,2026-06-09,2026-06-10T00:40:00Z,final,mlb-chc,mlb-col,CHC,COL,3,7,Coors Field,,N,1
824023,2026,regular,2026-06-09,2026-06-10T01:38:00Z,final,mlb-hou,mlb-laa,HOU,LAA,1,10,Angel Stadium,,N,1
823290,2026,regular,2026-06-09,2026-06-10T01:40:00Z,final,mlb-cin,mlb-sd,CIN,SD,5,3,Petco Park,,N,1
823214,2026,regular,2026-06-09,2026-06-10T01:45:00Z,final,mlb-wsh,mlb-sf,WSH,SF,6,3,Oracle Park,,N,1
824999,2026,regular,2026-06-09,2026-06-10T02:05:00Z,final,mlb-mil,mlb-ath,MIL,ATH,5,7,Las Vegas Ballpark,,N,1
822970,2026,regular,2026-06-10,2026-06-10T17:10:00Z,final,mlb-bos,mlb-tb,BOS,TB,5,7,Tropicana Field,,N,1
824428,2026,regular,2026-06-10,2026-06-10T17:10:00Z,final,mlb-nyy,mlb-cle,NYY,CLE,8,4,Progressive Field,,N,1
823215,2026,regular,2026-06-10,2026-06-10T19:45:00Z,final,mlb-wsh,mlb-sf,WSH,SF,10,11,Oracle Park,,N,1
823287,2026,regular,2026-06-10,2026-06-10T20:10:00Z,final,mlb-cin,mlb-sd,CIN,SD,4,5,Petco Park,,N,1
824831,2026,regular,2026-06-10,2026-06-10T22:35:00Z,final,mlb-sea,mlb-bal,SEA,BAL,2,7,Oriole Park at Camden Yards,,N,1
823372,2026,regular,2026-06-10,2026-06-10T22:40:00Z,final,mlb-lad,mlb-pit,LAD,PIT,8,9,PNC Park,,N,1
823856,2026,regular,2026-06-10,2026-06-10T22:40:00Z,final,mlb-ari,mlb-mia,ARI,MIA,0,8,loanDepot park,,N,1
824266,2026,regular,2026-06-10,2026-06-10T22:40:00Z,final,mlb-min,mlb-det,MIN,DET,6,4,Comerica Park,,N,1
822804,2026,regular,2026-06-10,2026-06-10T23:07:00Z,final,mlb-phi,mlb-tor,PHI,TOR,7,4,Rogers Centre,,N,1
823618,2026,regular,2026-06-10,2026-06-10T23:10:00Z,final,mlb-stl,mlb-nym,STL,NYM,9,2,Citi Field,,N,1
824103,2026,regular,2026-06-10,2026-06-10T23:40:00Z,final,mlb-tex,mlb-kc,TEX,KC,6,4,Kauffman Stadium,,N,1
824590,2026,regular,2026-06-10,2026-06-10T23:40:00Z,final,mlb-atl,mlb-cws,ATL,CWS,1,2,Rate Field,,N,1
824348,2026,regular,2026-06-10,2026-06-11T00:40:00Z,final,mlb-chc,mlb-col,CHC,COL,2,3,Coors Field,,N,1
824996,2026,regular,2026-06-10,2026-06-11T01:05:00Z,final,mlb-mil,mlb-ath,MIL,ATH,3,4,Las Vegas Ballpark,,N,1
824022,2026,regular,2026-06-10,2026-06-11T01:38:00Z,final,mlb-hou,mlb-laa,HOU,LAA,2,3,Angel Stadium,,N,1
823619,2026,regular,2026-06-11,2026-06-11T17:10:00Z,final,mlb-stl,mlb-nym,STL,NYM,4,5,Citi Field,,N,1
823855,2026,regular,2026-06-11,2026-06-11T17:10:00Z,final,mlb-ari,mlb-mia,ARI,MIA,0,2,loanDepot park,,N,1
824265,2026,regular,2026-06-11,2026-06-11T17:10:00Z,final,mlb-min,mlb-det,MIN,DET,0,11,Comerica Park,,N,1
824101,2026,regular,2026-06-11,2026-06-11T18:10:00Z,final,mlb-tex,mlb-kc,TEX,KC,4,2,Kauffman Stadium,,N,1
824346,2026,regular,2026-06-11,2026-06-11T19:10:00Z,final,mlb-chc,mlb-col,CHC,COL,9,3,Coors Field,,N,1
823371,2026,regular,2026-06-11,2026-06-11T22:40:00Z,final,mlb-lad,mlb-pit,LAD,PIT,8,6,PNC Park,,N,1
824827,2026,regular,2026-06-11,2026-06-11T23:05:00Z,final,mlb-sea,mlb-bal,SEA,BAL,5,7,Oriole Park at Camden Yards,,N,1
823370,2026,regular,2026-06-12,2026-06-12T22:40:00Z,final,mlb-mia,mlb-pit,MIA,PIT,8,3,PNC Park,,N,1
822726,2026,regular,2026-06-12,2026-06-12T22:45:00Z,final,mlb-sea,mlb-wsh,SEA,WSH,10,2,Nationals Park,,N,1
824826,2026,regular,2026-06-12,2026-06-12T23:05:00Z,final,mlb-sd,mlb-bal,SD,BAL,3,7,Oriole Park at Camden Yards,,N,1
824425,2026,regular,2026-06-12,2026-06-12T23:10:00Z,final,mlb-det,mlb-cle,DET,CLE,2,3,Progressive Field,,N,1
824752,2026,regular,2026-06-12,2026-06-12T23:10:00Z,final,mlb-tex,mlb-bos,TEX,BOS,1,10,Fenway Park,,N,1
823617,2026,regular,2026-06-12,2026-06-12T23:15:00Z,final,mlb-atl,mlb-nym,ATL,NYM,5,7,Citi Field,,N,1
824507,2026,regular,2026-06-12,2026-06-12T23:15:00Z,final,mlb-ari,mlb-cin,ARI,CIN,5,2,Great American Ball Park,,N,1
822803,2026,regular,2026-06-12,2026-06-12T23:37:00Z,final,mlb-nyy,mlb-tor,NYY,TOR,5,8,Rogers Centre,,N,1
823778,2026,regular,2026-06-12,2026-06-12T23:40:00Z,final,mlb-phi,mlb-mil,PHI,MIL,0,6,American Family Field,,N,1
824588,2026,regular,2026-06-12,2026-06-12T23:40:00Z,final,mlb-lad,mlb-cws,LAD,CWS,2,8,Rate Field,,N,1
823695,2026,regular,2026-06-12,2026-06-13T00:10:00Z,final,mlb-stl,mlb-min,STL,MIN,8,9,Target Field,,N,1
824102,2026,regular,2026-06-12,2026-06-13T00:10:00Z,final,mlb-hou,mlb-kc,HOU,KC,10,8,Kauffman Stadium,,N,1
824020,2026,regular,2026-06-12,2026-06-13T01:38:00Z,final,mlb-tb,mlb-laa,TB,LAA,3,4,Angel Stadium,,N,1
824997,2026,regular,2026-06-12,2026-06-13T02:05:00Z,final,mlb-col,mlb-ath,COL,ATH,4,6,Las Vegas Ballpark,,N,1
823211,2026,regular,2026-06-12,2026-06-13T02:15:00Z,final,mlb-chc,mlb-sf,CHC,SF,5,1,Oracle Park,,N,1
823694,2026,regular,2026-06-13,2026-06-13T18:10:00Z,final,mlb-stl,mlb-min,STL,MIN,9,6,Target Field,,N,1
822802,2026,regular,2026-06-13,2026-06-13T19:07:00Z,final,mlb-nyy,mlb-tor,NYY,TOR,3,1,Rogers Centre,,N,1
822725,2026,regular,2026-06-13,2026-06-13T20:05:00Z,final,mlb-sea,mlb-wsh,SEA,WSH,3,8,Nationals Park,,N,1
823369,2026,regular,2026-06-13,2026-06-13T20:05:00Z,final,mlb-mia,mlb-pit,MIA,PIT,2,3,PNC Park,,N,1
824828,2026,regular,2026-06-13,2026-06-13T20:05:00Z,final,mlb-sd,mlb-bal,SD,BAL,9,3,Oriole Park at Camden Yards,,N,1
823616,2026,regular,2026-06-13,2026-06-13T20:10:00Z,final,mlb-atl,mlb-nym,ATL,NYM,3,1,Citi Field,,N,1
824426,2026,regular,2026-06-13,2026-06-13T20:10:00Z,final,mlb-det,mlb-cle,DET,CLE,1,3,Progressive Field,,N,1
824508,2026,regular,2026-06-13,2026-06-13T20:10:00Z,final,mlb-ari,mlb-cin,ARI,CIN,1,2,Great American Ball Park,,N,1
824587,2026,regular,2026-06-13,2026-06-13T20:10:00Z,final,mlb-lad,mlb-cws,LAD,CWS,7,1,Rate Field,,N,1
824749,2026,regular,2026-06-13,2026-06-13T20:10:00Z,final,mlb-tex,mlb-bos,TEX,BOS,3,6,Fenway Park,,N,1
823776,2026,regular,2026-06-13,2026-06-13T23:10:00Z,final,mlb-phi,mlb-mil,PHI,MIL,9,8,American Family Field,,N,1
824100,2026,regular,2026-06-13,2026-06-13T23:10:00Z,final,mlb-hou,mlb-kc,HOU,KC,8,7,Kauffman Stadium,,N,1
823213,2026,regular,2026-06-13,2026-06-14T02:05:00Z,final,mlb-chc,mlb-sf,CHC,SF,6,1,Oracle Park,,N,1
824995,2026,regular,2026-06-13,2026-06-14T02:05:00Z,final,mlb-col,mlb-ath,COL,ATH,5,7,Las Vegas Ballpark,,N,1
824019,2026,regular,2026-06-13,2026-06-14T02:07:00Z,final,mlb-tb,mlb-laa,TB,LAA,0,8,Angel Stadium,,N,1
823368,2026,regular,2026-06-14,2026-06-14T16:15:00Z,final,mlb-mia,mlb-pit,MIA,PIT,4,2,PNC Park,,N,1
822722,2026,regular,2026-06-14,2026-06-14T17:35:00Z,final,mlb-sea,mlb-wsh,SEA,WSH,1,10,Nationals Park,,N,1
824823,2026,regular,2026-06-14,2026-06-14T17:35:00Z,final,mlb-sd,mlb-bal,SD,BAL,5,2,Oriole Park at Camden Yards,,N,1
822801,2026,regular,2026-06-14,2026-06-14T17:37:00Z,final,mlb-nyy,mlb-tor,NYY,TOR,8,3,Rogers Centre,,N,1
823615,2026,regular,2026-06-14,2026-06-14T17:40:00Z,final,mlb-atl,mlb-nym,ATL,NYM,1,8,Citi Field,,N,1
824506,2026,regular,2026-06-14,2026-06-14T17:40:00Z,final,mlb-ari,mlb-cin,ARI,CIN,5,3,Great American Ball Park,,N,1
823693,2026,regular,2026-06-14,2026-06-14T18:10:00Z,final,mlb-stl,mlb-min,STL,MIN,4,5,Target Field,,N,1
823777,2026,regular,2026-06-14,2026-06-14T18:10:00Z,final,mlb-phi,mlb-mil,PHI,MIL,0,4,American Family Field,,N,1
824099,2026,regular,2026-06-14,2026-06-14T18:10:00Z,final,mlb-hou,mlb-kc,HOU,KC,0,4,Kauffman Stadium,,N,1
824586,2026,regular,2026-06-14,2026-06-14T18:10:00Z,final,mlb-lad,mlb-cws,LAD,CWS,4,6,Rate Field,,N,1
824994,2026,regular,2026-06-14,2026-06-14T19:05:00Z,final,mlb-col,mlb-ath,COL,ATH,23,9,Las Vegas Ballpark,,N,1
823212,2026,regular,2026-06-14,2026-06-14T19:10:00Z,final,mlb-chc,mlb-sf,CHC,SF,1,5,Oracle Park,,N,1
824021,2026,regular,2026-06-14,2026-06-14T20:07:00Z,final,mlb-tb,mlb-laa,TB,LAA,8,3,Angel Stadium,,N,1
824751,2026,regular,2026-06-14,2026-06-14T23:20:00Z,final,mlb-tex,mlb-bos,TEX,BOS,6,4,Fenway Park,,N,1
823452,2026,regular,2026-06-15,2026-06-15T22:40:00Z,final,mlb-mia,mlb-phi,MIA,PHI,0,7,Citizens Bank Park,,N,1
822724,2026,regular,2026-06-15,2026-06-15T22:45:00Z,final,mlb-kc,mlb-wsh,KC,WSH,3,7,Nationals Park,,N,1
824505,2026,regular,2026-06-15,2026-06-15T23:10:00Z,final,mlb-nym,mlb-cin,NYM,CIN,0,12,Great American Ball Park,,N,1
823046,2026,regular,2026-06-15,2026-06-15T23:45:00Z,final,mlb-sd,mlb-stl,SD,STL,0,3,Busch Stadium,,N,1
822887,2026,regular,2026-06-15,2026-06-16T00:05:00Z,final,mlb-min,mlb-tex,MIN,TEX,4,2,Globe Life Field,,N,1
824666,2026,regular,2026-06-15,2026-06-16T00:05:00Z,final,mlb-col,mlb-chc,COL,CHC,4,5,Wrigley Field,,N,1
824181,2026,regular,2026-06-15,2026-06-16T00:10:00Z,final,mlb-det,mlb-hou,DET,HOU,9,3,Daikin Park,,N,1
824993,2026,regular,2026-06-15,2026-06-16T01:40:00Z,final,mlb-pit,mlb-ath,PIT,ATH,2,11,Sutter Health Park,,N,1
825071,2026,regular,2026-06-15,2026-06-16T01:40:00Z,final,mlb-laa,mlb-ari,LAA,ARI,3,4,Chase Field,,N,1
823938,2026,regular,2026-06-15,2026-06-16T02:10:00Z,final,mlb-tb,mlb-lad,TB,LAD,3,4,UNIQLO Field at Dodger Stadium,,N,1
823451,2026,regular,2026-06-16,2026-06-16T22:40:00Z,final,mlb-mia,mlb-phi,MIA,PHI,2,8,Citizens Bank Park,,N,1
822723,2026,regular,2026-06-16,2026-06-16T22:45:00Z,final,mlb-kc,mlb-wsh,KC,WSH,4,6,Nationals Park,,N,1
824750,2026,regular,2026-06-16,2026-06-16T22:45:00Z,final,mlb-tor,mlb-bos,TOR,BOS,6,1,Fenway Park,,N,1
823535,2026,regular,2026-06-16,2026-06-16T23:05:00Z,final,mlb-cws,mlb-nyy,CWS,NYY,2,12,Yankee Stadium,,N,1
824504,2026,regular,2026-06-16,2026-06-16T23:10:00Z,final,mlb-nym,mlb-cin,NYM,CIN,3,5,Great American Ball Park,,N,1
824912,2026,regular,2026-06-16,2026-06-16T23:15:00Z,final,mlb-sf,mlb-atl,SF,ATL,7,2,Truist Park,,N,1
823775,2026,regular,2026-06-16,2026-06-16T23:40:00Z,final,mlb-cle,mlb-mil,CLE,MIL,1,2,American Family Field,,N,1
823045,2026,regular,2026-06-16,2026-06-16T23:45:00Z,final,mlb-sd,mlb-stl,SD,STL,2,3,Busch Stadium,,N,1
822888,2026,regular,2026-06-16,2026-06-17T00:05:00Z,final,mlb-min,mlb-tex,MIN,TEX,12,2,Globe Life Field,,N,1
824667,2026,regular,2026-06-16,2026-06-17T00:05:00Z,final,mlb-col,mlb-chc,COL,CHC,5,2,Wrigley Field,,N,1
824182,2026,regular,2026-06-16,2026-06-17T00:10:00Z,final,mlb-det,mlb-hou,DET,HOU,2,4,Daikin Park,,N,1
823128,2026,regular,2026-06-16,2026-06-17T01:40:00Z,final,mlb-bal,mlb-sea,BAL,SEA,1,3,T-Mobile Park,,N,1
824991,2026,regular,2026-06-16,2026-06-17T01:40:00Z,final,mlb-pit,mlb-ath,PIT,ATH,6,5,Sutter Health Park,,N,1
825070,2026,regular,2026-06-16,2026-06-17T01:40:00Z,final,mlb-laa,mlb-ari,LAA,ARI,7,0,Chase Field,,N,1
823939,2026,regular,2026-06-16,2026-06-17T02:10:00Z,final,mlb-tb,mlb-lad,TB,LAD,0,1,UNIQLO Field at Dodger Stadium,,N,1
824912,2026,regular,2026-06-16,2026-06-17T18:00:00Z,final,mlb-sf,mlb-atl,SF,ATL,7,2,Truist Park,,N,1
824503,2026,regular,2026-06-17,2026-06-17T16:40:00Z,final,mlb-nym,mlb-cin,NYM,CIN,9,1,Great American Ball Park,,N,1
822721,2026,regular,2026-06-17,2026-06-17T17:05:00Z,final,mlb-kc,mlb-wsh,KC,WSH,6,2,Nationals Park,,N,1
823450,2026,regular,2026-06-17,2026-06-17T17:05:00Z,final,mlb-mia,mlb-phi,MIA,PHI,12,4,Citizens Bank Park,,N,1
824178,2026,regular,2026-06-17,2026-06-17T18:10:00Z,final,mlb-det,mlb-hou,DET,HOU,2,4,Daikin Park,,N,1
823044,2026,regular,2026-06-17,2026-06-17T18:15:00Z,final,mlb-sd,mlb-stl,SD,STL,6,1,Busch Stadium,,N,1
823940,2026,regular,2026-06-17,2026-06-17T19:10:00Z,final,mlb-tb,mlb-lad,TB,LAD,4,5,UNIQLO Field at Dodger Stadium,,N,1
825072,2026,regular,2026-06-17,2026-06-17T19:40:00Z,final,mlb-laa,mlb-ari,LAA,ARI,1,8,Chase Field,,N,1
824746,2026,regular,2026-06-17,2026-06-17T22:45:00Z,final,mlb-tor,mlb-bos,TOR,BOS,3,0,Fenway Park,,N,1
823536,2026,regular,2026-06-17,2026-06-17T23:05:00Z,final,mlb-cws,mlb-nyy,CWS,NYY,5,10,Yankee Stadium,,N,1
824913,2026,regular,2026-06-17,2026-06-17T23:15:00Z,final,mlb-sf,mlb-atl,SF,ATL,7,5,Truist Park,,N,1
823774,2026,regular,2026-06-17,2026-06-17T23:40:00Z,final,mlb-cle,mlb-mil,CLE,MIL,4,9,American Family Field,,N,1
824668,2026,regular,2026-06-17,2026-06-18T00:05:00Z,final,mlb-col,mlb-chc,COL,CHC,6,8,Wrigley Field,,N,1
823127,2026,regular,2026-06-17,2026-06-18T01:40:00Z,final,mlb-bal,mlb-sea,BAL,SEA,5,3,T-Mobile Park,,N,1
824992,2026,regular,2026-06-17,2026-06-18T01:40:00Z,final,mlb-pit,mlb-ath,PIT,ATH,12,4,Sutter Health Park,,N,1
824748,2026,regular,2026-06-18,2026-06-18T17:35:00Z,final,mlb-tor,mlb-bos,TOR,BOS,4,3,Fenway Park,,N,1
823772,2026,regular,2026-06-18,2026-06-18T18:10:00Z,final,mlb-cle,mlb-mil,CLE,MIL,4,2,American Family Field,,N,1
822889,2026,regular,2026-06-18,2026-06-18T18:35:00Z,final,mlb-min,mlb-tex,MIN,TEX,9,3,Globe Life Field,,N,1
823125,2026,regular,2026-06-18,2026-06-18T20:10:00Z,final,mlb-bal,mlb-sea,BAL,SEA,0,3,T-Mobile Park,,N,1
823448,2026,regular,2026-06-18,2026-06-18T22:40:00Z,final,mlb-nym,mlb-phi,NYM,PHI,6,4,Citizens Bank Park,,N,1
823533,2026,regular,2026-06-18,2026-06-18T23:05:00Z,final,mlb-cws,mlb-nyy,CWS,NYY,5,1,Yankee Stadium,,N,1
824098,2026,regular,2026-06-18,2026-06-18T23:40:00Z,final,mlb-stl,mlb-kc,STL,KC,6,14,Kauffman Stadium,,N,1
824989,2026,regular,2026-06-18,2026-06-19T01:40:00Z,final,mlb-laa,mlb-ath,LAA,ATH,0,5,Sutter Health Park,,N,1
824663,2026,regular,2026-06-19,2026-06-19T18:20:00Z,final,mlb-tor,mlb-chc,TOR,CHC,2,16,Wrigley Field,,N,1
824264,2026,regular,2026-06-19,2026-06-19T22:40:00Z,final,mlb-cws,mlb-det,CWS,DET,3,4,Comerica Park,,N,1
823534,2026,regular,2026-06-19,2026-06-19T23:05:00Z,final,mlb-cin,mlb-nyy,CIN,NYY,0,5,Yankee Stadium,,N,1
822966,2026,regular,2026-06-19,2026-06-19T23:10:00Z,final,mlb-wsh,mlb-tb,WSH,TB,2,5,Tropicana Field,,N,1
823853,2026,regular,2026-06-19,2026-06-19T23:10:00Z,final,mlb-sf,mlb-mia,SF,MIA,3,4,loanDepot park,,N,1
824910,2026,regular,2026-06-19,2026-06-19T23:15:00Z,final,mlb-mil,mlb-atl,MIL,ATL,2,3,Truist Park,,N,1
822886,2026,regular,2026-06-19,2026-06-20T00:05:00Z,final,mlb-sd,mlb-tex,SD,TEX,7,9,Globe Life Field,,N,1
824179,2026,regular,2026-06-19,2026-06-20T00:10:00Z,final,mlb-cle,mlb-hou,CLE,HOU,3,9,Daikin Park,,N,1
824097,2026,regular,2026-06-19,2026-06-20T00:15:00Z,final,mlb-stl,mlb-kc,STL,KC,5,6,Kauffman Stadium,,N,1
824345,2026,regular,2026-06-19,2026-06-20T00:40:00Z,final,mlb-pit,mlb-col,PIT,COL,3,4,Coors Field,,N,1
824990,2026,regular,2026-06-19,2026-06-20T01:40:00Z,final,mlb-laa,mlb-ath,LAA,ATH,11,12,Sutter Health Park,,N,1
825069,2026,regular,2026-06-19,2026-06-20T01:45:00Z,final,mlb-min,mlb-ari,MIN,ARI,5,9,Chase Field,,N,1
823124,2026,regular,2026-06-19,2026-06-20T02:10:00Z,final,mlb-bos,mlb-sea,BOS,SEA,6,2,T-Mobile Park,,N,1
823936,2026,regular,2026-06-19,2026-06-20T02:10:00Z,final,mlb-bal,mlb-lad,BAL,LAD,5,6,UNIQLO Field at Dodger Stadium,,N,1
824263,2026,regular,2026-06-20,2026-06-20T17:10:00Z,final,mlb-cws,mlb-det,CWS,DET,1,4,Comerica Park,,N,1
823532,2026,regular,2026-06-20,2026-06-20T17:35:00Z,final,mlb-cin,mlb-nyy,CIN,NYY,10,2,Yankee Stadium,,N,1
824665,2026,regular,2026-06-20,2026-06-20T18:20:00Z,final,mlb-tor,mlb-chc,TOR,CHC,8,6,Wrigley Field,,N,1
822885,2026,regular,2026-06-20,2026-06-20T20:05:00Z,final,mlb-sd,mlb-tex,SD,TEX,6,4,Globe Life Field,,N,1
822967,2026,regular,2026-06-20,2026-06-20T20:10:00Z,final,mlb-wsh,mlb-tb,WSH,TB,4,3,Tropicana Field,,N,1
823854,2026,regular,2026-06-20,2026-06-20T20:10:00Z,final,mlb-sf,mlb-mia,SF,MIA,3,6,loanDepot park,,N,1
824909,2026,regular,2026-06-20,2026-06-20T20:10:00Z,final,mlb-mil,mlb-atl,MIL,ATL,3,4,Truist Park,,N,1
823447,2026,regular,2026-06-20,2026-06-20T23:15:00Z,final,mlb-nym,mlb-phi,NYM,PHI,3,15,Citizens Bank Park,,N,1
824180,2026,regular,2026-06-20,2026-06-20T23:15:00Z,final,mlb-cle,mlb-hou,CLE,HOU,8,1,Daikin Park,,N,1
824342,2026,regular,2026-06-20,2026-06-21T01:10:00Z,final,mlb-pit,mlb-col,PIT,COL,1,2,Coors Field,,N,1
824988,2026,regular,2026-06-20,2026-06-21T02:05:00Z,final,mlb-laa,mlb-ath,LAA,ATH,7,0,Sutter Health Park,,N,1
823126,2026,regular,2026-06-20,2026-06-21T02:10:00Z,final,mlb-bos,mlb-sea,BOS,SEA,5,1,T-Mobile Park,,N,1
823937,2026,regular,2026-06-20,2026-06-21T02:10:00Z,final,mlb-bal,mlb-lad,BAL,LAD,3,2,UNIQLO Field at Dodger Stadium,,N,1
825068,2026,regular,2026-06-20,2026-06-21T02:10:00Z,final,mlb-min,mlb-ari,MIN,ARI,16,8,Chase Field,,N,1
823531,2026,regular,2026-06-21,2026-06-21T17:35:00Z,final,mlb-cin,mlb-nyy,CIN,NYY,4,1,Yankee Stadium,,N,1
824908,2026,regular,2026-06-21,2026-06-21T17:35:00Z,final,mlb-mil,mlb-atl,MIL,ATL,9,4,Truist Park,,N,1
822968,2026,regular,2026-06-21,2026-06-21T17:40:00Z,final,mlb-wsh,mlb-tb,WSH,TB,3,4,Tropicana Field,,N,1
823852,2026,regular,2026-06-21,2026-06-21T17:40:00Z,final,mlb-sf,mlb-mia,SF,MIA,1,2,loanDepot park,,N,1
824260,2026,regular,2026-06-21,2026-06-21T17:40:00Z,final,mlb-cws,mlb-det,CWS,DET,4,5,Comerica Park,,N,1
824095,2026,regular,2026-06-21,2026-06-21T18:10:00Z,final,mlb-stl,mlb-kc,STL,KC,12,10,Kauffman Stadium,,N,1
824177,2026,regular,2026-06-21,2026-06-21T18:10:00Z,final,mlb-cle,mlb-hou,CLE,HOU,1,2,Daikin Park,,N,1
822883,2026,regular,2026-06-21,2026-06-21T18:35:00Z,final,mlb-sd,mlb-tex,SD,TEX,3,4,Globe Life Field,,N,1
824343,2026,regular,2026-06-21,2026-06-21T19:10:00Z,final,mlb-pit,mlb-col,PIT,COL,8,6,Coors Field,,N,1
825067,2026,regular,2026-06-21,2026-06-21T19:15:00Z,final,mlb-min,mlb-ari,MIN,ARI,4,2,Chase Field,,N,1
824987,2026,regular,2026-06-21,2026-06-21T20:05:00Z,final,mlb-laa,mlb-ath,LAA,ATH,9,7,Sutter Health Park,,N,1
823123,2026,regular,2026-06-21,2026-06-21T20:10:00Z,final,mlb-bos,mlb-sea,BOS,SEA,1,3,T-Mobile Park,,N,1
823934,2026,regular,2026-06-21,2026-06-21T20:10:00Z,final,mlb-bal,mlb-lad,BAL,LAD,12,1,UNIQLO Field at Dodger Stadium,,N,1
823449,2026,regular,2026-06-21,2026-06-21T23:20:00Z,final,mlb-nym,mlb-phi,NYM,PHI,2,6,Citizens Bank Park,,N,1
824261,2026,regular,2026-06-22,2026-06-22T22:10:00Z,final,mlb-nyy,mlb-det,NYY,DET,3,5,Comerica Park,,N,1
822964,2026,regular,2026-06-22,2026-06-22T22:40:00Z,final,mlb-kc,mlb-tb,KC,TB,2,1,Tropicana Field,,N,1
823851,2026,regular,2026-06-22,2026-06-22T22:40:00Z,final,mlb-tex,mlb-mia,TEX,MIA,4,3,loanDepot park,,N,1
822720,2026,regular,2026-06-22,2026-06-22T22:45:00Z,final,mlb-phi,mlb-wsh,PHI,WSH,1,4,Nationals Park,,N,1
822800,2026,regular,2026-06-22,2026-06-22T23:07:00Z,final,mlb-hou,mlb-tor,HOU,TOR,2,4,Rogers Centre,,N,1
824502,2026,regular,2026-06-22,2026-06-22T23:10:00Z,final,mlb-mil,mlb-cin,MIL,CIN,2,1,Great American Ball Park,,N,1
823692,2026,regular,2026-06-22,2026-06-22T23:40:00Z,final,mlb-lad,mlb-min,LAD,MIN,2,1,Target Field,,N,1
824585,2026,regular,2026-06-22,2026-06-22T23:40:00Z,final,mlb-cle,mlb-cws,CLE,CWS,5,6,Rate Field,,N,1
823040,2026,regular,2026-06-22,2026-06-22T23:45:00Z,final,mlb-ari,mlb-stl,ARI,STL,2,3,Busch Stadium,,N,1
824344,2026,regular,2026-06-22,2026-06-23T00:40:00Z,final,mlb-bos,mlb-col,BOS,COL,2,3,Coors Field,,N,1
824016,2026,regular,2026-06-22,2026-06-23T01:38:00Z,final,mlb-bal,mlb-laa,BAL,LAA,6,1,Angel Stadium,,N,1
823288,2026,regular,2026-06-22,2026-06-23T02:10:00Z,final,mlb-atl,mlb-sd,ATL,SD,0,1,Petco Park,,N,1
822799,2026,regular,2026-06-23,2026-06-23T20:07:00Z,final,mlb-hou,mlb-tor,HOU,TOR,9,7,Rogers Centre,,N,1
822963,2026,regular,2026-06-23,2026-06-23T22:40:00Z,final,mlb-kc,mlb-tb,KC,TB,12,5,Tropicana Field,,N,1
823365,2026,regular,2026-06-23,2026-06-23T22:40:00Z,final,mlb-sea,mlb-pit,SEA,PIT,3,2,PNC Park,,N,1
823849,2026,regular,2026-06-23,2026-06-23T22:40:00Z,final,mlb-tex,mlb-mia,TEX,MIA,4,6,loanDepot park,,N,1
824262,2026,regular,2026-06-23,2026-06-23T22:40:00Z,final,mlb-nyy,mlb-det,NYY,DET,4,3,Comerica Park,,N,1
822718,2026,regular,2026-06-23,2026-06-23T22:45:00Z,final,mlb-phi,mlb-wsh,PHI,WSH,14,9,Nationals Park,,N,1
823614,2026,regular,2026-06-23,2026-06-23T23:10:00Z,final,mlb-chc,mlb-nym,CHC,NYM,9,6,Citi Field,,N,1
824501,2026,regular,2026-06-23,2026-06-23T23:10:00Z,final,mlb-mil,mlb-cin,MIL,CIN,2,0,Great American Ball Park,,N,1
823690,2026,regular,2026-06-23,2026-06-23T23:40:00Z,final,mlb-lad,mlb-min,LAD,MIN,12,3,Target Field,,N,1
824584,2026,regular,2026-06-23,2026-06-23T23:40:00Z,final,mlb-cle,mlb-cws,CLE,CWS,1,2,Rate Field,,N,1
823043,2026,regular,2026-06-23,2026-06-23T23:45:00Z,final,mlb-ari,mlb-stl,ARI,STL,4,3,Busch Stadium,,N,1
824340,2026,regular,2026-06-23,2026-06-24T00:40:00Z,final,mlb-bos,mlb-col,BOS,COL,5,2,Coors Field,,N,1
824017,2026,regular,2026-06-23,2026-06-24T01:38:00Z,final,mlb-bal,mlb-laa,BAL,LAA,1,5,Angel Stadium,,N,1
823286,2026,regular,2026-06-23,2026-06-24T01:40:00Z,final,mlb-atl,mlb-sd,ATL,SD,6,7,Petco Park,,N,1
823210,2026,regular,2026-06-23,2026-06-24T01:45:00Z,final,mlb-ath,mlb-sf,ATH,SF,1,3,Oracle Park,,N,1
823613,2026,regular,2026-06-24,2026-06-22T23:10:00Z,postponed,mlb-chc,mlb-nym,CHC,NYM,,,Citi Field,,N,1
823850,2026,regular,2026-06-24,2026-06-24T16:10:00Z,final,mlb-tex,mlb-mia,TEX,MIA,2,4,loanDepot park,,N,1
823613,2026,regular,2026-06-24,2026-06-24T17:10:00Z,final,mlb-chc,mlb-nym,CHC,NYM,10,3,Citi Field,,S,1
824583,2026,regular,2026-06-24,2026-06-24T18:10:00Z,final,mlb-cle,mlb-cws,CLE,CWS,4,3,Rate Field,,N,1
824341,2026,regular,2026-06-24,2026-06-24T19:10:00Z,final,mlb-bos,mlb-col,BOS,COL,6,8,Coors Field,,N,1
824018,2026,regular,2026-06-24,2026-06-24T20:07:00Z,final,mlb-bal,mlb-laa,BAL,LAA,6,7,Angel Stadium,,N,1
822965,2026,regular,2026-06-24,2026-06-24T22:40:00Z,final,mlb-kc,mlb-tb,KC,TB,3,5,Tropicana Field,,N,1
823367,2026,regular,2026-06-24,2026-06-24T22:40:00Z,final,mlb-sea,mlb-pit,SEA,PIT,1,11,PNC Park,,N,1
824259,2026,regular,2026-06-24,2026-06-24T22:40:00Z,final,mlb-nyy,mlb-det,NYY,DET,4,2,Comerica Park,,N,1
822719,2026,regular,2026-06-24,2026-06-24T22:45:00Z,final,mlb-phi,mlb-wsh,PHI,WSH,5,4,Nationals Park,,N,1
822798,2026,regular,2026-06-24,2026-06-24T23:07:00Z,final,mlb-hou,mlb-tor,HOU,TOR,3,1,Rogers Centre,,N,1
823611,2026,regular,2026-06-24,2026-06-24T23:10:00Z,final,mlb-chc,mlb-nym,CHC,NYM,10,5,Citi Field,,S,2
824500,2026,regular,2026-06-24,2026-06-24T23:10:00Z,final,mlb-mil,mlb-cin,MIL,CIN,6,5,Great American Ball Park,,N,1
823691,2026,regular,2026-06-24,2026-06-24T23:40:00Z,final,mlb-lad,mlb-min,LAD,MIN,4,3,Target Field,,N,1
823041,2026,regular,2026-06-24,2026-06-24T23:45:00Z,final,mlb-ari,mlb-stl,ARI,STL,9,4,Busch Stadium,,N,1
823284,2026,regular,2026-06-24,2026-06-25T00:40:00Z,final,mlb-atl,mlb-sd,ATL,SD,2,5,Petco Park,,N,1
823208,2026,regular,2026-06-24,2026-06-25T01:45:00Z,final,mlb-ath,mlb-sf,ATH,SF,1,2,Oracle Park,,N,1
822961,2026,regular,2026-06-25,2026-06-25T16:10:00Z,final,mlb-kc,mlb-tb,KC,TB,2,13,Tropicana Field,,N,1
823366,2026,regular,2026-06-25,2026-06-25T16:35:00Z,final,mlb-sea,mlb-pit,SEA,PIT,1,5,PNC Park,,N,1
823209,2026,regular,2026-06-25,2026-06-25T19:45:00Z,final,mlb-ath,mlb-sf,ATH,SF,9,6,Oracle Park,,N,1
824258,2026,regular,2026-06-25,2026-06-25T22:40:00Z,final,mlb-hou,mlb-det,HOU,DET,2,1,Comerica Park,,N,1
822717,2026,regular,2026-06-25,2026-06-25T22:45:00Z,final,mlb-phi,mlb-wsh,PHI,WSH,10,5,Nationals Park,,N,1
822797,2026,regular,2026-06-25,2026-06-25T23:07:00Z,final,mlb-tex,mlb-tor,TEX,TOR,6,5,Rogers Centre,,N,1
823612,2026,regular,2026-06-25,2026-06-25T23:10:00Z,final,mlb-chc,mlb-nym,CHC,NYM,4,3,Citi Field,,N,1
824747,2026,regular,2026-06-25,2026-06-25T23:10:00Z,final,mlb-nyy,mlb-bos,NYY,BOS,3,6,Fenway Park,,N,1
823363,2026,regular,2026-06-26,2026-06-26T22:40:00Z,final,mlb-cin,mlb-pit,CIN,PIT,6,4,PNC Park,,N,1
824255,2026,regular,2026-06-26,2026-06-26T22:40:00Z,final,mlb-hou,mlb-det,HOU,DET,0,8,Comerica Park,,N,1
824824,2026,regular,2026-06-26,2026-06-26T23:05:00Z,final,mlb-wsh,mlb-bal,WSH,BAL,1,3,Oriole Park at Camden Yards,,N,1
822796,2026,regular,2026-06-26,2026-06-26T23:07:00Z,final,mlb-tex,mlb-tor,TEX,TOR,5,4,Rogers Centre,,N,1
822962,2026,regular,2026-06-26,2026-06-26T23:10:00Z,final,mlb-ari,mlb-tb,ARI,TB,1,6,Tropicana Field,,N,1
823610,2026,regular,2026-06-26,2026-06-26T23:10:00Z,final,mlb-phi,mlb-nym,PHI,NYM,2,1,Citi Field,,N,1
824423,2026,regular,2026-06-26,2026-06-26T23:10:00Z,final,mlb-sea,mlb-cle,SEA,CLE,3,1,Progressive Field,,N,1
824743,2026,regular,2026-06-26,2026-06-26T23:10:00Z,final,mlb-nyy,mlb-bos,NYY,BOS,1,6,Fenway Park,,N,1
824582,2026,regular,2026-06-26,2026-06-26T23:40:00Z,final,mlb-kc,mlb-cws,KC,CWS,1,22,Rate Field,,N,1
823773,2026,regular,2026-06-26,2026-06-26T23:45:00Z,final,mlb-chc,mlb-mil,CHC,MIL,2,6,American Family Field,,N,1
823688,2026,regular,2026-06-26,2026-06-27T00:10:00Z,final,mlb-col,mlb-min,COL,MIN,8,9,Target Field,,N,1
823039,2026,regular,2026-06-26,2026-06-27T00:15:00Z,final,mlb-mia,mlb-stl,MIA,STL,4,0,Busch Stadium,,N,1
824014,2026,regular,2026-06-26,2026-06-27T01:38:00Z,final,mlb-ath,mlb-laa,ATH,LAA,9,3,Angel Stadium,,N,1
823285,2026,regular,2026-06-26,2026-06-27T01:45:00Z,final,mlb-lad,mlb-sd,LAD,SD,1,7,Petco Park,,N,1
823206,2026,regular,2026-06-26,2026-06-27T02:15:00Z,final,mlb-atl,mlb-sf,ATL,SF,3,1,Oracle Park,,N,1
824257,2026,regular,2026-06-27,2026-06-27T17:10:00Z,final,mlb-hou,mlb-det,HOU,DET,8,6,Comerica Park,,N,1
824745,2026,regular,2026-06-27,2026-06-27T17:10:00Z,final,mlb-nyy,mlb-bos,NYY,BOS,1,4,Fenway Park,,N,1
822794,2026,regular,2026-06-27,2026-06-27T19:07:00Z,final,mlb-tex,mlb-tor,TEX,TOR,7,4,Rogers Centre,,N,1
823364,2026,regular,2026-06-27,2026-06-27T20:05:00Z,final,mlb-cin,mlb-pit,CIN,PIT,9,7,PNC Park,,N,1
823609,2026,regular,2026-06-27,2026-06-27T20:10:00Z,final,mlb-phi,mlb-nym,PHI,NYM,2,6,Citi Field,,N,1
824581,2026,regular,2026-06-27,2026-06-27T20:10:00Z,final,mlb-kc,mlb-cws,KC,CWS,1,2,Rate Field,,N,1
822960,2026,regular,2026-06-27,2026-06-27T22:10:00Z,final,mlb-ari,mlb-tb,ARI,TB,2,4,Tropicana Field,,N,1
824825,2026,regular,2026-06-27,2026-06-27T23:05:00Z,final,mlb-wsh,mlb-bal,WSH,BAL,4,3,Oriole Park at Camden Yards,,N,1
823689,2026,regular,2026-06-27,2026-06-27T23:10:00Z,final,mlb-col,mlb-min,COL,MIN,8,5,Target Field,,N,1
823770,2026,regular,2026-06-27,2026-06-27T23:10:00Z,final,mlb-chc,mlb-mil,CHC,MIL,8,2,American Family Field,,N,1
824421,2026,regular,2026-06-27,2026-06-27T23:10:00Z,final,mlb-sea,mlb-cle,SEA,CLE,3,4,Progressive Field,,N,1
823038,2026,regular,2026-06-27,2026-06-27T23:15:00Z,final,mlb-mia,mlb-stl,MIA,STL,5,1,Busch Stadium,,N,1
823283,2026,regular,2026-06-27,2026-06-28T00:40:00Z,final,mlb-lad,mlb-sd,LAD,SD,15,3,Petco Park,,N,1
823207,2026,regular,2026-06-27,2026-06-28T01:05:00Z,final,mlb-atl,mlb-sf,ATL,SF,0,5,Oracle Park,,N,1
824015,2026,regular,2026-06-27,2026-06-28T01:38:00Z,final,mlb-ath,mlb-laa,ATH,LAA,2,5,Angel Stadium,,N,1
823362,2026,regular,2026-06-28,2026-06-28T17:35:00Z,final,mlb-cin,mlb-pit,CIN,PIT,4,9,PNC Park,,N,1
824821,2026,regular,2026-06-28,2026-06-28T17:35:00Z,final,mlb-wsh,mlb-bal,WSH,BAL,6,4,Oriole Park at Camden Yards,,N,1
822795,2026,regular,2026-06-28,2026-06-28T17:37:00Z,final,mlb-tex,mlb-tor,TEX,TOR,3,2,Rogers Centre,,N,1
822959,2026,regular,2026-06-28,2026-06-28T17:40:00Z,final,mlb-ari,mlb-tb,ARI,TB,1,5,Tropicana Field,,N,1
823608,2026,regular,2026-06-28,2026-06-28T17:40:00Z,final,mlb-phi,mlb-nym,PHI,NYM,5,4,Citi Field,,N,1
824256,2026,regular,2026-06-28,2026-06-28T17:40:00Z,final,mlb-hou,mlb-det,HOU,DET,7,5,Comerica Park,,N,1
824422,2026,regular,2026-06-28,2026-06-28T17:40:00Z,final,mlb-sea,mlb-cle,SEA,CLE,5,6,Progressive Field,,N,1
823686,2026,regular,2026-06-28,2026-06-28T18:10:00Z,final,mlb-col,mlb-min,COL,MIN,2,3,Target Field,,N,1
823769,2026,regular,2026-06-28,2026-06-28T18:10:00Z,final,mlb-chc,mlb-mil,CHC,MIL,4,3,American Family Field,,N,1
824580,2026,regular,2026-06-28,2026-06-28T18:10:00Z,final,mlb-kc,mlb-cws,KC,CWS,5,4,Rate Field,,N,1
823037,2026,regular,2026-06-28,2026-06-28T18:15:00Z,final,mlb-mia,mlb-stl,MIA,STL,1,2,Busch Stadium,,N,1
824011,2026,regular,2026-06-28,2026-06-28T19:15:00Z,final,mlb-ath,mlb-laa,ATH,LAA,1,4,Angel Stadium,,N,1
823204,2026,regular,2026-06-28,2026-06-28T20:05:00Z,final,mlb-atl,mlb-sf,ATL,SF,2,3,Oracle Park,,N,1
823281,2026,regular,2026-06-28,2026-06-28T20:10:00Z,final,mlb-lad,mlb-sd,LAD,SD,4,2,Petco Park,,N,1
824744,2026,regular,2026-06-28,2026-06-28T23:20:00Z,final,mlb-nyy,mlb-bos,NYY,BOS,4,5,Fenway Park,,N,1
824822,2026,regular,2026-06-29,2026-06-29T22:35:00Z,final,mlb-cws,mlb-bal,CWS,BAL,8,2,Oriole Park at Camden Yards,,N,1
823444,2026,regular,2026-06-29,2026-06-29T22:40:00Z,final,mlb-pit,mlb-phi,PIT,PHI,11,7,Citizens Bank Park,,N,1
823529,2026,regular,2026-06-29,2026-06-29T23:05:00Z,final,mlb-det,mlb-nyy,DET,NYY,7,3,Yankee Stadium,,N,1
822792,2026,regular,2026-06-29,2026-06-29T23:07:00Z,final,mlb-nym,mlb-tor,NYM,TOR,1,2,Rogers Centre,,N,1
824420,2026,regular,2026-06-29,2026-06-29T23:10:00Z,final,mlb-tex,mlb-cle,TEX,CLE,6,3,Progressive Field,,N,1
824741,2026,regular,2026-06-29,2026-06-29T23:10:00Z,final,mlb-wsh,mlb-bos,WSH,BOS,3,6,Fenway Park,,N,1
823771,2026,regular,2026-06-29,2026-06-29T23:40:00Z,final,mlb-cin,mlb-mil,CIN,MIL,3,5,American Family Field,,N,1
824662,2026,regular,2026-06-29,2026-06-30T00:05:00Z,final,mlb-sd,mlb-chc,SD,CHC,2,3,Wrigley Field,,N,1
824176,2026,regular,2026-06-29,2026-06-30T00:10:00Z,final,mlb-min,mlb-hou,MIN,HOU,5,4,Daikin Park,,N,1
824339,2026,regular,2026-06-29,2026-06-30T00:40:00Z,final,mlb-mia,mlb-col,MIA,COL,10,7,Coors Field,,N,1
823121,2026,regular,2026-06-29,2026-06-30T01:40:00Z,final,mlb-laa,mlb-sea,LAA,SEA,2,6,T-Mobile Park,,N,1
824986,2026,regular,2026-06-29,2026-06-30T01:40:00Z,final,mlb-lad,mlb-ath,LAD,ATH,9,4,Sutter Health Park,,N,1
825065,2026,regular,2026-06-29,2026-06-30T01:40:00Z,final,mlb-sf,mlb-ari,SF,ARI,4,5,Chase Field,,N,1
824819,2026,regular,2026-06-30,2026-06-30T22:35:00Z,final,mlb-cws,mlb-bal,CWS,BAL,9,3,Oriole Park at Camden Yards,,N,1
823445,2026,regular,2026-06-30,2026-06-30T22:40:00Z,final,mlb-pit,mlb-phi,PIT,PHI,0,8,Citizens Bank Park,,N,1
824418,2026,regular,2026-06-30,2026-06-30T22:40:00Z,final,mlb-tex,mlb-cle,TEX,CLE,4,2,Progressive Field,,N,1
823528,2026,regular,2026-06-30,2026-06-30T23:05:00Z,final,mlb-det,mlb-nyy,DET,NYY,9,3,Yankee Stadium,,N,1
822793,2026,regular,2026-06-30,2026-06-30T23:07:00Z,final,mlb-nym,mlb-tor,NYM,TOR,3,0,Rogers Centre,,N,1
824742,2026,regular,2026-06-30,2026-06-30T23:10:00Z,final,mlb-wsh,mlb-bos,WSH,BOS,8,1,Fenway Park,,N,1
824907,2026,regular,2026-06-30,2026-06-30T23:15:00Z,final,mlb-stl,mlb-atl,STL,ATL,5,3,Truist Park,,N,1
823768,2026,regular,2026-06-30,2026-06-30T23:40:00Z,final,mlb-cin,mlb-mil,CIN,MIL,2,7,American Family Field,,N,1
824096,2026,regular,2026-06-30,2026-06-30T23:40:00Z,final,mlb-tb,mlb-kc,TB,KC,10,4,Kauffman Stadium,,N,1
824661,2026,regular,2026-06-30,2026-07-01T00:05:00Z,final,mlb-sd,mlb-chc,SD,CHC,7,9,Wrigley Field,,N,1
824175,2026,regular,2026-06-30,2026-07-01T00:10:00Z,final,mlb-min,mlb-hou,MIN,HOU,4,6,Daikin Park,,N,1
824338,2026,regular,2026-06-30,2026-07-01T00:40:00Z,final,mlb-mia,mlb-col,MIA,COL,14,3,Coors Field,,N,1
823122,2026,regular,2026-06-30,2026-07-01T01:40:00Z,final,mlb-laa,mlb-sea,LAA,SEA,3,8,T-Mobile Park,,N,1
824984,2026,regular,2026-06-30,2026-07-01T01:40:00Z,final,mlb-lad,mlb-ath,LAD,ATH,9,3,Sutter Health Park,,N,1
825066,2026,regular,2026-06-30,2026-07-01T01:40:00Z,final,mlb-sf,mlb-ari,SF,ARI,2,8,Chase Field,,N,1
824818,2026,regular,2026-07-01,2026-07-01T16:35:00Z,final,mlb-cws,mlb-bal,CWS,BAL,1,6,Oriole Park at Camden Yards,,N,1
824419,2026,regular,2026-07-01,2026-07-01T17:10:00Z,final,mlb-tex,mlb-cle,TEX,CLE,4,9,Progressive Field,,N,1
823530,2026,regular,2026-07-01,2026-07-01T17:35:00Z,final,mlb-det,mlb-nyy,DET,NYY,6,2,Yankee Stadium,,N,1
824740,2026,regular,2026-07-01,2026-07-01T17:35:00Z,final,mlb-wsh,mlb-bos,WSH,BOS,10,2,Fenway Park,,N,1
824660,2026,regular,2026-07-01,2026-07-01T18:20:00Z,final,mlb-sd,mlb-chc,SD,CHC,3,23,Wrigley Field,,N,1
822791,2026,regular,2026-07-01,2026-07-01T19:07:00Z,final,mlb-nym,mlb-tor,NYM,TOR,3,9,Rogers Centre,,N,1
823446,2026,regular,2026-07-01,2026-07-01T22:40:00Z,final,mlb-pit,mlb-phi,PIT,PHI,6,10,Citizens Bank Park,,N,1
824905,2026,regular,2026-07-01,2026-07-01T23:15:00Z,final,mlb-stl,mlb-atl,STL,ATL,1,5,Truist Park,,N,1
824094,2026,regular,2026-07-01,2026-07-01T23:40:00Z,final,mlb-tb,mlb-kc,TB,KC,4,0,Kauffman Stadium,,N,1
823767,2026,regular,2026-07-01,2026-07-02T00:10:00Z,final,mlb-cin,mlb-mil,CIN,MIL,2,4,American Family Field,,N,1
824174,2026,regular,2026-07-01,2026-07-02T00:10:00Z,final,mlb-min,mlb-hou,MIN,HOU,8,3,Daikin Park,,N,1
824337,2026,regular,2026-07-01,2026-07-02T00:40:00Z,final,mlb-mia,mlb-col,MIA,COL,3,6,Coors Field,,N,1
824985,2026,regular,2026-07-01,2026-07-02T01:40:00Z,final,mlb-lad,mlb-ath,LAD,ATH,1,7,Sutter Health Park,,N,1
825064,2026,regular,2026-07-01,2026-07-02T01:40:00Z,final,mlb-sf,mlb-ari,SF,ARI,6,4,Chase Field,,N,1
823442,2026,regular,2026-07-02,2026-07-02T16:35:00Z,final,mlb-pit,mlb-phi,PIT,PHI,6,1,Citizens Bank Park,,N,1
823765,2026,regular,2026-07-02,2026-07-02T18:10:00Z,final,mlb-cin,mlb-mil,CIN,MIL,7,2,American Family Field,,N,1
824335,2026,regular,2026-07-02,2026-07-02T19:10:00Z,final,mlb-mia,mlb-col,MIA,COL,4,14,Coors Field,,N,1
824416,2026,regular,2026-07-02,2026-07-02T22:40:00Z,final,mlb-cws,mlb-cle,CWS,CLE,5,6,Progressive Field,,N,1
824906,2026,regular,2026-07-02,2026-07-02T23:15:00Z,final,mlb-stl,mlb-atl,STL,ATL,11,5,Truist Park,,N,1
824093,2026,regular,2026-07-02,2026-07-02T23:40:00Z,final,mlb-tb,mlb-kc,TB,KC,5,2,Kauffman Stadium,,N,1
822884,2026,regular,2026-07-02,2026-07-03T00:05:00Z,final,mlb-det,mlb-tex,DET,TEX,4,10,Globe Life Field,,N,1
823119,2026,regular,2026-07-02,2026-07-03T01:40:00Z,final,mlb-laa,mlb-sea,LAA,SEA,0,1,T-Mobile Park,,N,1
823935,2026,regular,2026-07-02,2026-07-03T02:10:00Z,final,mlb-sd,mlb-lad,SD,LAD,7,12,UNIQLO Field at Dodger Stadium,,N,1
824659,2026,regular,2026-07-03,2026-07-03T20:05:00Z,final,mlb-stl,mlb-chc,STL,CHC,17,1,Wrigley Field,,N,1
822714,2026,regular,2026-07-03,2026-07-03T22:45:00Z,final,mlb-pit,mlb-wsh,PIT,WSH,5,9,Nationals Park,,N,1
823527,2026,regular,2026-07-03,2026-07-03T23:05:00Z,final,mlb-min,mlb-nyy,MIN,NYY,2,5,Yankee Stadium,,N,1
824417,2026,regular,2026-07-03,2026-07-03T23:10:00Z,final,mlb-cws,mlb-cle,CWS,CLE,3,4,Progressive Field,,N,1
824498,2026,regular,2026-07-03,2026-07-03T23:10:00Z,final,mlb-bal,mlb-cin,BAL,CIN,3,0,Great American Ball Park,,N,1
824904,2026,regular,2026-07-03,2026-07-03T23:15:00Z,final,mlb-nym,mlb-atl,NYM,ATL,3,5,Truist Park,,N,1
824336,2026,regular,2026-07-03,2026-07-04T00:10:00Z,final,mlb-sf,mlb-col,SF,COL,3,15,Coors Field,,N,1
824173,2026,regular,2026-07-03,2026-07-04T00:15:00Z,final,mlb-tb,mlb-hou,TB,HOU,3,1,Daikin Park,,N,1
824013,2026,regular,2026-07-03,2026-07-04T01:38:00Z,final,mlb-bos,mlb-laa,BOS,LAA,5,2,Angel Stadium,,N,1
824982,2026,regular,2026-07-03,2026-07-04T01:40:00Z,final,mlb-mia,mlb-ath,MIA,ATH,12,5,Sutter Health Park,,N,1
825062,2026,regular,2026-07-03,2026-07-04T01:45:00Z,final,mlb-mil,mlb-ari,MIL,ARI,7,4,Chase Field,,N,1
823120,2026,regular,2026-07-03,2026-07-04T02:10:00Z,final,mlb-tor,mlb-sea,TOR,SEA,2,0,T-Mobile Park,,N,1
823933,2026,regular,2026-07-03,2026-07-04T02:10:00Z,final,mlb-sd,mlb-lad,SD,LAD,3,4,UNIQLO Field at Dodger Stadium,,N,1
822716,2026,regular,2026-07-04,2026-07-04T15:05:00Z,final,mlb-pit,mlb-wsh,PIT,WSH,7,1,Nationals Park,,N,1
823526,2026,regular,2026-07-04,2026-07-04T17:35:00Z,final,mlb-min,mlb-nyy,MIN,NYY,11,4,Yankee Stadium,,N,1
822882,2026,regular,2026-07-04,2026-07-04T20:05:00Z,final,mlb-det,mlb-tex,DET,TEX,3,0,Globe Life Field,,N,1
823118,2026,regular,2026-07-04,2026-07-04T20:10:00Z,final,mlb-tor,mlb-sea,TOR,SEA,0,11,T-Mobile Park,,N,1
824171,2026,regular,2026-07-04,2026-07-04T23:10:00Z,final,mlb-tb,mlb-hou,TB,HOU,8,10,Daikin Park,,N,1
824415,2026,regular,2026-07-04,2026-07-04T23:10:00Z,final,mlb-cws,mlb-cle,CWS,CLE,3,1,Progressive Field,,N,1
824499,2026,regular,2026-07-04,2026-07-04T23:10:00Z,final,mlb-bal,mlb-cin,BAL,CIN,8,5,Great American Ball Park,,N,1
824658,2026,regular,2026-07-04,2026-07-05T00:08:00Z,final,mlb-stl,mlb-chc,STL,CHC,3,0,Wrigley Field,,N,1
824903,2026,regular,2026-07-04,2026-07-05T00:08:00Z,final,mlb-nym,mlb-atl,NYM,ATL,3,14,Truist Park,,N,1
824092,2026,regular,2026-07-04,2026-07-05T00:10:00Z,final,mlb-phi,mlb-kc,PHI,KC,6,1,Kauffman Stadium,,N,1
824334,2026,regular,2026-07-04,2026-07-05T00:10:00Z,final,mlb-sf,mlb-col,SF,COL,6,4,Coors Field,,N,1
824012,2026,regular,2026-07-04,2026-07-05T01:38:00Z,final,mlb-bos,mlb-laa,BOS,LAA,8,1,Angel Stadium,,N,1
824983,2026,regular,2026-07-04,2026-07-05T01:40:00Z,final,mlb-mia,mlb-ath,MIA,ATH,7,2,Sutter Health Park,,N,1
825063,2026,regular,2026-07-04,2026-07-05T01:40:00Z,final,mlb-mil,mlb-ari,MIL,ARI,3,4,Chase Field,,N,1
823932,2026,regular,2026-07-04,2026-07-05T02:10:00Z,final,mlb-sd,mlb-lad,SD,LAD,0,3,UNIQLO Field at Dodger Stadium,,N,1
824902,2026,regular,2026-07-05,2026-07-05T16:30:00Z,final,mlb-nym,mlb-atl,NYM,ATL,10,9,Truist Park,,N,1
822715,2026,regular,2026-07-05,2026-07-05T17:00:00Z,final,mlb-pit,mlb-wsh,PIT,WSH,11,5,Nationals Park,,N,1
824497,2026,regular,2026-07-05,2026-07-05T17:05:00Z,final,mlb-bal,mlb-cin,BAL,CIN,2,3,Great American Ball Park,,N,1
823525,2026,regular,2026-07-05,2026-07-05T17:35:00Z,final,mlb-min,mlb-nyy,MIN,NYY,6,1,Yankee Stadium,,N,1
824413,2026,regular,2026-07-05,2026-07-05T18:00:00Z,final,mlb-cws,mlb-cle,CWS,CLE,7,6,Progressive Field,,N,1
824656,2026,regular,2026-07-05,2026-07-05T18:30:00Z,final,mlb-stl,mlb-chc,STL,CHC,4,6,Wrigley Field,,N,1
824091,2026,regular,2026-07-05,2026-07-05T19:00:00Z,final,mlb-phi,mlb-kc,PHI,KC,2,5,Kauffman Stadium,,N,1
822879,2026,regular,2026-07-05,2026-07-05T19:30:00Z,final,mlb-det,mlb-tex,DET,TEX,6,3,Globe Life Field,,N,1
824172,2026,regular,2026-07-05,2026-07-05T19:30:00Z,final,mlb-tb,mlb-hou,TB,HOU,0,2,Daikin Park,,N,1
824333,2026,regular,2026-07-05,2026-07-05T20:00:00Z,final,mlb-sf,mlb-col,SF,COL,6,7,Coors Field,,N,1
825061,2026,regular,2026-07-05,2026-07-05T20:00:00Z,final,mlb-mil,mlb-ari,MIL,ARI,3,2,Chase Field,,N,1
824980,2026,regular,2026-07-05,2026-07-05T20:30:00Z,final,mlb-mia,mlb-ath,MIA,ATH,9,8,Sutter Health Park,,N,1
823117,2026,regular,2026-07-05,2026-07-05T21:00:00Z,final,mlb-tor,mlb-sea,TOR,SEA,0,4,T-Mobile Park,,N,1
823931,2026,regular,2026-07-05,2026-07-05T23:20:00Z,final,mlb-sd,mlb-lad,SD,LAD,5,2,UNIQLO Field at Dodger Stadium,,N,1
824010,2026,regular,2026-07-05,2026-07-06T01:30:00Z,final,mlb-bos,mlb-laa,BOS,LAA,7,5,Angel Stadium,,N,1
824089,2026,regular,2026-07-06,2026-07-06T18:10:00Z,final,mlb-phi,mlb-kc,PHI,KC,1,15,Kauffman Stadium,,N,1
822958,2026,regular,2026-07-06,2026-07-06T22:40:00Z,final,mlb-nyy,mlb-tb,NYY,TB,5,1,Tropicana Field,,N,1
822712,2026,regular,2026-07-06,2026-07-06T22:45:00Z,final,mlb-hou,mlb-wsh,HOU,WSH,11,12,Nationals Park,,N,1
824900,2026,regular,2026-07-06,2026-07-06T23:15:00Z,final,mlb-nym,mlb-atl,NYM,ATL,7,6,Truist Park,,N,1
823036,2026,regular,2026-07-06,2026-07-06T23:45:00Z,final,mlb-mil,mlb-stl,MIL,STL,4,3,Busch Stadium,,N,1
823282,2026,regular,2026-07-06,2026-07-07T01:40:00Z,final,mlb-ari,mlb-sd,ARI,SD,8,0,Petco Park,,N,1
823205,2026,regular,2026-07-06,2026-07-07T01:45:00Z,final,mlb-tor,mlb-sf,TOR,SF,1,10,Oracle Park,,N,1
823930,2026,regular,2026-07-06,2026-07-07T02:10:00Z,final,mlb-col,mlb-lad,COL,LAD,7,8,UNIQLO Field at Dodger Stadium,,N,1
823062,2026,regular,2026-07-07,2026-05-05T23:45:00Z,postponed,mlb-mil,mlb-stl,MIL,STL,,,Busch Stadium,,N,1
823062,2026,regular,2026-07-07,2026-07-07T18:15:00Z,final,mlb-mil,mlb-stl,MIL,STL,4,3,Busch Stadium,,S,1
824820,2026,regular,2026-07-07,2026-07-07T22:35:00Z,final,mlb-chc,mlb-bal,CHC,BAL,5,2,Oriole Park at Camden Yards,,N,1
822956,2026,regular,2026-07-07,2026-07-07T22:40:00Z,final,mlb-nyy,mlb-tb,NYY,TB,4,6,Tropicana Field,,N,1
823361,2026,regular,2026-07-07,2026-07-07T22:40:00Z,final,mlb-atl,mlb-pit,ATL,PIT,4,12,PNC Park,,N,1
823847,2026,regular,2026-07-07,2026-07-07T22:40:00Z,final,mlb-sea,mlb-mia,SEA,MIA,5,6,loanDepot park,,N,1
824254,2026,regular,2026-07-07,2026-07-07T22:40:00Z,final,mlb-ath,mlb-det,ATH,DET,2,6,Comerica Park,,N,1
822713,2026,regular,2026-07-07,2026-07-07T22:45:00Z,final,mlb-hou,mlb-wsh,HOU,WSH,6,3,Nationals Park,,N,1
823607,2026,regular,2026-07-07,2026-07-07T23:10:00Z,final,mlb-kc,mlb-nym,KC,NYM,16,12,Citi Field,,N,1
824495,2026,regular,2026-07-07,2026-07-07T23:10:00Z,final,mlb-phi,mlb-cin,PHI,CIN,4,1,Great American Ball Park,,N,1
823687,2026,regular,2026-07-07,2026-07-07T23:40:00Z,final,mlb-cle,mlb-min,CLE,MIN,1,3,Target Field,,N,1
824579,2026,regular,2026-07-07,2026-07-07T23:40:00Z,final,mlb-bos,mlb-cws,BOS,CWS,8,1,Rate Field,,N,1
823035,2026,regular,2026-07-07,2026-07-07T23:45:00Z,final,mlb-mil,mlb-stl,MIL,STL,10,2,Busch Stadium,,S,2
822881,2026,regular,2026-07-07,2026-07-08T00:05:00Z,final,mlb-laa,mlb-tex,LAA,TEX,3,8,Globe Life Field,,N,1
823280,2026,regular,2026-07-07,2026-07-08T01:40:00Z,final,mlb-ari,mlb-sd,ARI,SD,1,4,Petco Park,,N,1
823203,2026,regular,2026-07-07,2026-07-08T01:45:00Z,final,mlb-tor,mlb-sf,TOR,SF,9,3,Oracle Park,,N,1
823929,2026,regular,2026-07-07,2026-07-08T02:10:00Z,final,mlb-col,mlb-lad,COL,LAD,4,3,UNIQLO Field at Dodger Stadium,,N,1
823202,2026,regular,2026-07-08,2026-07-08T19:45:00Z,final,mlb-tor,mlb-sf,TOR,SF,10,0,Oracle Park,,N,1
824815,2026,regular,2026-07-08,2026-07-08T22:35:00Z,final,mlb-chc,mlb-bal,CHC,BAL,9,7,Oriole Park at Camden Yards,,N,1
822957,2026,regular,2026-07-08,2026-07-08T22:40:00Z,final,mlb-nyy,mlb-tb,NYY,TB,0,3,Tropicana Field,,N,1
823360,2026,regular,2026-07-08,2026-07-08T22:40:00Z,final,mlb-atl,mlb-pit,ATL,PIT,3,0,PNC Park,,N,1
823848,2026,regular,2026-07-08,2026-07-08T22:40:00Z,final,mlb-sea,mlb-mia,SEA,MIA,0,2,loanDepot park,,N,1
824253,2026,regular,2026-07-08,2026-07-08T22:40:00Z,final,mlb-ath,mlb-det,ATH,DET,1,6,Comerica Park,,N,1
822710,2026,regular,2026-07-08,2026-07-08T22:45:00Z,final,mlb-hou,mlb-wsh,HOU,WSH,2,8,Nationals Park,,N,1
823605,2026,regular,2026-07-08,2026-07-08T23:10:00Z,final,mlb-kc,mlb-nym,KC,NYM,2,6,Citi Field,,N,1
824496,2026,regular,2026-07-08,2026-07-08T23:10:00Z,final,mlb-phi,mlb-cin,PHI,CIN,5,11,Great American Ball Park,,N,1
823684,2026,regular,2026-07-08,2026-07-08T23:40:00Z,final,mlb-cle,mlb-min,CLE,MIN,5,6,Target Field,,N,1
824578,2026,regular,2026-07-08,2026-07-08T23:40:00Z,final,mlb-bos,mlb-cws,BOS,CWS,5,0,Rate Field,,N,1
823032,2026,regular,2026-07-08,2026-07-08T23:45:00Z,final,mlb-mil,mlb-stl,MIL,STL,1,5,Busch Stadium,,N,1
822880,2026,regular,2026-07-08,2026-07-09T00:05:00Z,final,mlb-laa,mlb-tex,LAA,TEX,13,1,Globe Life Field,,N,1
823279,2026,regular,2026-07-08,2026-07-09T02:10:00Z,final,mlb-ari,mlb-sd,ARI,SD,4,10,Petco Park,,N,1
823928,2026,regular,2026-07-08,2026-07-09T02:10:00Z,final,mlb-col,mlb-lad,COL,LAD,3,4,UNIQLO Field at Dodger Stadium,,N,1
823359,2026,regular,2026-07-09,2026-07-09T16:35:00Z,final,mlb-atl,mlb-pit,ATL,PIT,10,5,PNC Park,,N,1
822954,2026,regular,2026-07-09,2026-07-09T17:10:00Z,final,mlb-nyy,mlb-tb,NYY,TB,12,4,Tropicana Field,,N,1
823606,2026,regular,2026-07-09,2026-07-09T17:10:00Z,final,mlb-kc,mlb-nym,KC,NYM,3,7,Citi Field,,N,1
824816,2026,regular,2026-07-09,2026-07-09T17:35:00Z,final,mlb-chc,mlb-bal,CHC,BAL,2,3,Oriole Park at Camden Yards,,N,1
823683,2026,regular,2026-07-09,2026-07-09T17:40:00Z,final,mlb-cle,mlb-min,CLE,MIN,5,2,Target Field,,N,1
824577,2026,regular,2026-07-09,2026-07-09T18:10:00Z,final,mlb-bos,mlb-cws,BOS,CWS,2,1,Rate Field,,N,1
823846,2026,regular,2026-07-09,2026-07-09T22:40:00Z,final,mlb-sea,mlb-mia,SEA,MIA,4,8,loanDepot park,,N,1
824251,2026,regular,2026-07-09,2026-07-09T22:40:00Z,final,mlb-ath,mlb-det,ATH,DET,1,4,Comerica Park,,N,1
824494,2026,regular,2026-07-09,2026-07-09T23:10:00Z,final,mlb-phi,mlb-cin,PHI,CIN,1,0,Great American Ball Park,,N,1
823034,2026,regular,2026-07-09,2026-07-09T23:45:00Z,final,mlb-mil,mlb-stl,MIL,STL,8,4,Busch Stadium,,N,1
822877,2026,regular,2026-07-09,2026-07-10T00:05:00Z,final,mlb-laa,mlb-tex,LAA,TEX,6,7,Globe Life Field,,N,1
823277,2026,regular,2026-07-09,2026-07-10T01:40:00Z,final,mlb-ari,mlb-sd,ARI,SD,3,1,Petco Park,,N,1
823201,2026,regular,2026-07-09,2026-07-10T01:45:00Z,final,mlb-col,mlb-sf,COL,SF,2,8,Oracle Park,,N,1
824252,2026,regular,2026-07-10,2026-07-10T22:40:00Z,final,mlb-phi,mlb-det,PHI,DET,2,10,Comerica Park,,N,1
822709,2026,regular,2026-07-10,2026-07-10T22:45:00Z,final,mlb-nyy,mlb-wsh,NYY,WSH,5,3,Nationals Park,,N,1
824817,2026,regular,2026-07-10,2026-07-10T23:05:00Z,final,mlb-kc,mlb-bal,KC,BAL,3,5,Oriole Park at Camden Yards,,N,1
822955,2026,regular,2026-07-10,2026-07-10T23:10:00Z,final,mlb-sea,mlb-tb,SEA,TB,2,7,Tropicana Field,,N,1
823845,2026,regular,2026-07-10,2026-07-10T23:10:00Z,final,mlb-cle,mlb-mia,CLE,MIA,3,2,loanDepot park,,N,1
824493,2026,regular,2026-07-10,2026-07-10T23:10:00Z,final,mlb-chc,mlb-cin,CHC,CIN,0,4,Great American Ball Park,,N,1
823604,2026,regular,2026-07-10,2026-07-10T23:15:00Z,final,mlb-bos,mlb-nym,BOS,NYM,6,2,Citi Field,,N,1
824575,2026,regular,2026-07-10,2026-07-10T23:40:00Z,final,mlb-ath,mlb-cws,ATH,CWS,1,14,Rate Field,,N,1
822878,2026,regular,2026-07-10,2026-07-11T00:05:00Z,final,mlb-hou,mlb-tex,HOU,TEX,3,7,Globe Life Field,,N,1
823685,2026,regular,2026-07-10,2026-07-11T00:10:00Z,final,mlb-laa,mlb-min,LAA,MIN,4,3,Target Field,,N,1
823033,2026,regular,2026-07-10,2026-07-11T00:15:00Z,final,mlb-atl,mlb-stl,ATL,STL,1,2,Busch Stadium,,N,1
823278,2026,regular,2026-07-10,2026-07-11T01:40:00Z,final,mlb-tor,mlb-sd,TOR,SD,5,3,Petco Park,,N,1
823927,2026,regular,2026-07-10,2026-07-11T02:10:00Z,final,mlb-ari,mlb-lad,ARI,LAD,9,3,UNIQLO Field at Dodger Stadium,,N,1
823200,2026,regular,2026-07-10,2026-07-11T02:15:00Z,final,mlb-col,mlb-sf,COL,SF,4,3,Oracle Park,,N,1
823357,2026,regular,2026-07-11,2026-07-10T22:40:00Z,postponed,mlb-mil,mlb-pit,MIL,PIT,,,PNC Park,,N,1
823357,2026,regular,2026-07-11,2026-07-11T16:05:00Z,final,mlb-mil,mlb-pit,MIL,PIT,6,7,PNC Park,,S,1
823682,2026,regular,2026-07-11,2026-07-11T18:10:00Z,final,mlb-laa,mlb-min,LAA,MIN,3,5,Target Field,,N,1
824576,2026,regular,2026-07-11,2026-07-11T18:10:00Z,final,mlb-ath,mlb-cws,ATH,CWS,0,1,Rate Field,,N,1
822711,2026,regular,2026-07-11,2026-07-11T20:05:00Z,final,mlb-nyy,mlb-wsh,NYY,WSH,4,2,Nationals Park,,N,1
823198,2026,regular,2026-07-11,2026-07-11T20:05:00Z,final,mlb-col,mlb-sf,COL,SF,2,4,Oracle Park,,N,1
823356,2026,regular,2026-07-11,2026-07-11T20:05:00Z,final,mlb-mil,mlb-pit,MIL,PIT,2,3,PNC Park,,S,2
822953,2026,regular,2026-07-11,2026-07-11T20:10:00Z,final,mlb-sea,mlb-tb,SEA,TB,1,6,Tropicana Field,,N,1
823603,2026,regular,2026-07-11,2026-07-11T20:10:00Z,final,mlb-bos,mlb-nym,BOS,NYM,4,0,Citi Field,,N,1
823844,2026,regular,2026-07-11,2026-07-11T20:10:00Z,final,mlb-cle,mlb-mia,CLE,MIA,4,1,loanDepot park,,N,1
824249,2026,regular,2026-07-11,2026-07-11T22:10:00Z,final,mlb-phi,mlb-det,PHI,DET,4,2,Comerica Park,,N,1
822875,2026,regular,2026-07-11,2026-07-11T23:05:00Z,final,mlb-hou,mlb-tex,HOU,TEX,9,3,Globe Life Field,,N,1
824813,2026,regular,2026-07-11,2026-07-11T23:05:00Z,final,mlb-kc,mlb-bal,KC,BAL,1,6,Oriole Park at Camden Yards,,N,1
824492,2026,regular,2026-07-11,2026-07-11T23:10:00Z,final,mlb-chc,mlb-cin,CHC,CIN,5,3,Great American Ball Park,,N,1
823030,2026,regular,2026-07-11,2026-07-11T23:15:00Z,final,mlb-atl,mlb-stl,ATL,STL,1,4,Busch Stadium,,N,1
823276,2026,regular,2026-07-11,2026-07-12T00:40:00Z,final,mlb-tor,mlb-sd,TOR,SD,7,8,Petco Park,,N,1
823926,2026,regular,2026-07-11,2026-07-12T01:10:00Z,final,mlb-ari,mlb-lad,ARI,LAD,9,2,UNIQLO Field at Dodger Stadium,,N,1
823358,2026,regular,2026-07-12,2026-07-12T16:15:00Z,final,mlb-mil,mlb-pit,MIL,PIT,5,14,PNC Park,,N,1
822708,2026,regular,2026-07-12,2026-07-12T17:35:00Z,final,mlb-nyy,mlb-wsh,NYY,WSH,5,3,Nationals Park,,N,1
824814,2026,regular,2026-07-12,2026-07-12T17:35:00Z,final,mlb-kc,mlb-bal,KC,BAL,2,8,Oriole Park at Camden Yards,,N,1
822951,2026,regular,2026-07-12,2026-07-12T17:40:00Z,final,mlb-sea,mlb-tb,SEA,TB,8,2,Tropicana Field,,N,1
823602,2026,regular,2026-07-12,2026-07-12T17:40:00Z,final,mlb-bos,mlb-nym,BOS,NYM,3,2,Citi Field,,N,1
823842,2026,regular,2026-07-12,2026-07-12T17:40:00Z,final,mlb-cle,mlb-mia,CLE,MIA,5,2,loanDepot park,,N,1
824250,2026,regular,2026-07-12,2026-07-12T17:40:00Z,final,mlb-phi,mlb-det,PHI,DET,5,0,Comerica Park,,N,1
824491,2026,regular,2026-07-12,2026-07-12T17:40:00Z,final,mlb-chc,mlb-cin,CHC,CIN,8,4,Great American Ball Park,,N,1
823681,2026,regular,2026-07-12,2026-07-12T18:10:00Z,final,mlb-laa,mlb-min,LAA,MIN,2,4,Target Field,,N,1
824574,2026,regular,2026-07-12,2026-07-12T18:10:00Z,final,mlb-ath,mlb-cws,ATH,CWS,1,9,Rate Field,,N,1
823029,2026,regular,2026-07-12,2026-07-12T18:15:00Z,final,mlb-atl,mlb-stl,ATL,STL,4,3,Busch Stadium,,N,1
822876,2026,regular,2026-07-12,2026-07-12T18:35:00Z,final,mlb-hou,mlb-tex,HOU,TEX,5,6,Globe Life Field,,N,1
823199,2026,regular,2026-07-12,2026-07-12T20:05:00Z,final,mlb-col,mlb-sf,COL,SF,1,3,Oracle Park,,N,1
823274,2026,regular,2026-07-12,2026-07-12T20:10:00Z,final,mlb-tor,mlb-sd,TOR,SD,4,5,Petco Park,,N,1
823925,2026,regular,2026-07-12,2026-07-12T20:10:00Z,final,mlb-ari,mlb-lad,ARI,LAD,5,3,UNIQLO Field at Dodger Stadium,,N,1
823440,2026,regular,2026-07-16,2026-07-16T22:10:00Z,final,mlb-nym,mlb-phi,NYM,PHI,4,1,Citizens Bank Park,,N,1
824766,2026,regular,2026-07-17,2026-05-09T20:10:00Z,postponed,mlb-tb,mlb-bos,TB,BOS,,,Fenway Park,,N,1
824766,2026,regular,2026-07-17,2026-07-17T17:35:00Z,final,mlb-tb,mlb-bos,TB,BOS,0,10,Fenway Park,,S,1
823524,2026,regular,2026-07-17,2026-07-17T23:05:00Z,final,mlb-lad,mlb-nyy,LAD,NYY,2,1,Yankee Stadium,,N,1
824737,2026,regular,2026-07-17,2026-07-17T23:10:00Z,final,mlb-tb,mlb-bos,TB,BOS,3,5,Fenway Park,,S,2
822789,2026,regular,2026-07-17,2026-07-17T23:15:00Z,final,mlb-cws,mlb-tor,CWS,TOR,12,4,Rogers Centre,,N,1
824901,2026,regular,2026-07-17,2026-07-17T23:15:00Z,final,mlb-tex,mlb-atl,TEX,ATL,1,15,Truist Park,,N,1
823766,2026,regular,2026-07-17,2026-07-17T23:40:00Z,final,mlb-mia,mlb-mil,MIA,MIL,1,2,American Family Field,,N,1
824655,2026,regular,2026-07-17,2026-07-18T00:05:00Z,final,mlb-min,mlb-chc,MIN,CHC,5,2,Wrigley Field,,N,1
824090,2026,regular,2026-07-17,2026-07-18T00:10:00Z,final,mlb-sd,mlb-kc,SD,KC,6,7,Kauffman Stadium,,N,1
824170,2026,regular,2026-07-17,2026-07-18T00:10:00Z,final,mlb-bal,mlb-hou,BAL,HOU,3,2,Daikin Park,,N,1
824332,2026,regular,2026-07-17,2026-07-18T00:40:00Z,final,mlb-cin,mlb-col,CIN,COL,7,2,Coors Field,,N,1
824009,2026,regular,2026-07-17,2026-07-18T01:38:00Z,final,mlb-det,mlb-laa,DET,LAA,2,1,Angel Stadium,,N,1
824981,2026,regular,2026-07-17,2026-07-18T01:40:00Z,final,mlb-wsh,mlb-ath,WSH,ATH,23,4,Sutter Health Park,,N,1
825060,2026,regular,2026-07-17,2026-07-18T01:40:00Z,final,mlb-stl,mlb-ari,STL,ARI,5,4,Chase Field,,N,1
823115,2026,regular,2026-07-17,2026-07-18T02:10:00Z,final,mlb-sf,mlb-sea,SF,SEA,7,0,T-Mobile Park,,N,1
824414,2026,regular,2026-07-18,2026-07-17T23:10:00Z,postponed,mlb-pit,mlb-cle,PIT,CLE,,,Progressive Field,,N,1
824414,2026,regular,2026-07-18,2026-07-18T17:10:00Z,final,mlb-pit,mlb-cle,PIT,CLE,7,1,Progressive Field,,S,1
824657,2026,regular,2026-07-18,2026-07-18T18:20:00Z,final,mlb-min,mlb-chc,MIN,CHC,2,6,Wrigley Field,,N,1
823441,2026,regular,2026-07-18,2026-07-18T19:05:00Z,final,mlb-nym,mlb-phi,NYM,PHI,1,6,Citizens Bank Park,,N,1
822790,2026,regular,2026-07-18,2026-07-18T19:07:00Z,final,mlb-cws,mlb-tor,CWS,TOR,0,1,Rogers Centre,,N,1
824331,2026,regular,2026-07-18,2026-07-18T19:10:00Z,final,mlb-cin,mlb-col,CIN,COL,3,10,Coors Field,,N,1
823763,2026,regular,2026-07-18,2026-07-18T20:10:00Z,final,mlb-mia,mlb-mil,MIA,MIL,6,8,American Family Field,,N,1
824088,2026,regular,2026-07-18,2026-07-18T20:10:00Z,final,mlb-sd,mlb-kc,SD,KC,1,6,Kauffman Stadium,,N,1
824169,2026,regular,2026-07-18,2026-07-18T20:10:00Z,final,mlb-bal,mlb-hou,BAL,HOU,4,2,Daikin Park,,N,1
824738,2026,regular,2026-07-18,2026-07-18T20:10:00Z,final,mlb-tb,mlb-bos,TB,BOS,6,7,Fenway Park,,N,1
824899,2026,regular,2026-07-18,2026-07-18T20:10:00Z,final,mlb-tex,mlb-atl,TEX,ATL,7,6,Truist Park,,N,1
825059,2026,regular,2026-07-18,2026-07-18T20:10:00Z,final,mlb-stl,mlb-ari,STL,ARI,3,5,Chase Field,,N,1
824412,2026,regular,2026-07-18,2026-07-18T23:10:00Z,final,mlb-pit,mlb-cle,PIT,CLE,3,5,Progressive Field,,S,2
823116,2026,regular,2026-07-18,2026-07-19T00:08:00Z,final,mlb-sf,mlb-sea,SF,SEA,3,4,T-Mobile Park,,N,1
824979,2026,regular,2026-07-18,2026-07-19T02:05:00Z,final,mlb-wsh,mlb-ath,WSH,ATH,1,15,Sutter Health Park,,N,1
824008,2026,regular,2026-07-18,2026-07-19T02:07:00Z,final,mlb-det,mlb-laa,DET,LAA,7,0,Angel Stadium,,N,1
823523,2026,regular,2026-07-19,2026-07-19T00:08:00Z,postponed,mlb-lad,mlb-nyy,LAD,NYY,,,Yankee Stadium,,N,1
822786,2026,regular,2026-07-19,2026-07-19T16:15:00Z,final,mlb-cws,mlb-tor,CWS,TOR,3,0,Rogers Centre,,N,1
823523,2026,regular,2026-07-19,2026-07-19T16:35:00Z,final,mlb-lad,mlb-nyy,LAD,NYY,8,2,Yankee Stadium,,S,1
823439,2026,regular,2026-07-19,2026-07-19T17:35:00Z,final,mlb-nym,mlb-phi,NYM,PHI,6,1,Citizens Bank Park,,N,1
824739,2026,regular,2026-07-19,2026-07-19T17:35:00Z,final,mlb-tb,mlb-bos,TB,BOS,1,6,Fenway Park,,N,1
824897,2026,regular,2026-07-19,2026-07-19T17:35:00Z,final,mlb-tex,mlb-atl,TEX,ATL,5,8,Truist Park,,N,1
824411,2026,regular,2026-07-19,2026-07-19T17:40:00Z,final,mlb-pit,mlb-cle,PIT,CLE,7,1,Progressive Field,,N,1
823764,2026,regular,2026-07-19,2026-07-19T18:10:00Z,final,mlb-mia,mlb-mil,MIA,MIL,1,3,American Family Field,,N,1
824086,2026,regular,2026-07-19,2026-07-19T18:10:00Z,final,mlb-sd,mlb-kc,SD,KC,19,2,Kauffman Stadium,,N,1
824168,2026,regular,2026-07-19,2026-07-19T18:10:00Z,final,mlb-bal,mlb-hou,BAL,HOU,5,2,Daikin Park,,N,1
824653,2026,regular,2026-07-19,2026-07-19T18:20:00Z,final,mlb-min,mlb-chc,MIN,CHC,1,10,Wrigley Field,,N,1
824330,2026,regular,2026-07-19,2026-07-19T19:10:00Z,final,mlb-cin,mlb-col,CIN,COL,9,6,Coors Field,,N,1
824978,2026,regular,2026-07-19,2026-07-19T20:05:00Z,final,mlb-wsh,mlb-ath,WSH,ATH,5,2,Sutter Health Park,,N,1
824007,2026,regular,2026-07-19,2026-07-19T20:07:00Z,final,mlb-det,mlb-laa,DET,LAA,2,3,Angel Stadium,,N,1
823113,2026,regular,2026-07-19,2026-07-19T20:10:00Z,final,mlb-sf,mlb-sea,SF,SEA,3,6,T-Mobile Park,,N,1
825057,2026,regular,2026-07-19,2026-07-19T20:10:00Z,final,mlb-stl,mlb-ari,STL,ARI,7,8,Chase Field,,N,1
823521,2026,regular,2026-07-19,2026-07-19T23:20:00Z,final,mlb-lad,mlb-nyy,LAD,NYY,1,2,Yankee Stadium,,S,2
824410,2026,regular,2026-07-20,2026-07-20T22:40:00Z,final,mlb-min,mlb-cle,MIN,CLE,4,13,Progressive Field,,N,1
823522,2026,regular,2026-07-20,2026-07-20T23:05:00Z,final,mlb-pit,mlb-nyy,PIT,NYY,5,8,Yankee Stadium,,N,1
822788,2026,regular,2026-07-20,2026-07-20T23:07:00Z,final,mlb-tb,mlb-tor,TB,TOR,7,1,Rogers Centre,,N,1
823436,2026,regular,2026-07-20,2026-07-20T23:10:00Z,final,mlb-lad,mlb-phi,LAD,PHI,7,10,Citizens Bank Park,,N,1
824736,2026,regular,2026-07-20,2026-07-20T23:10:00Z,final,mlb-bal,mlb-bos,BAL,BOS,5,6,Fenway Park,,N,1
824898,2026,regular,2026-07-20,2026-07-20T23:15:00Z,final,mlb-sd,mlb-atl,SD,ATL,2,3,Truist Park,,N,1
823762,2026,regular,2026-07-20,2026-07-20T23:40:00Z,final,mlb-nym,mlb-mil,NYM,MIL,3,8,American Family Field,,N,1
824087,2026,regular,2026-07-20,2026-07-20T23:40:00Z,final,mlb-sf,mlb-kc,SF,KC,3,4,Kauffman Stadium,,N,1
822874,2026,regular,2026-07-20,2026-07-21T00:05:00Z,final,mlb-cws,mlb-tex,CWS,TEX,10,3,Globe Life Field,,N,1
824654,2026,regular,2026-07-20,2026-07-21T00:05:00Z,final,mlb-det,mlb-chc,DET,CHC,8,6,Wrigley Field,,N,1
824167,2026,regular,2026-07-20,2026-07-21T00:10:00Z,final,mlb-mia,mlb-hou,MIA,HOU,5,8,Daikin Park,,N,1
824328,2026,regular,2026-07-20,2026-07-21T00:40:00Z,final,mlb-wsh,mlb-col,WSH,COL,7,3,Coors Field,,N,1
823112,2026,regular,2026-07-20,2026-07-21T01:40:00Z,final,mlb-cin,mlb-sea,CIN,SEA,0,8,T-Mobile Park,,N,1
825058,2026,regular,2026-07-20,2026-07-21T01:40:00Z,final,mlb-ath,mlb-ari,ATH,ARI,5,2,Chase Field,,N,1
824006,2026,regular,2026-07-20,2026-07-21T02:10:00Z,final,mlb-stl,mlb-laa,STL,LAA,2,3,Angel Stadium,,N,1
823437,2026,regular,2026-07-21,2026-07-21T22:40:00Z,final,mlb-lad,mlb-phi,LAD,PHI,2,1,Citizens Bank Park,,N,1
824409,2026,regular,2026-07-21,2026-07-21T22:40:00Z,final,mlb-min,mlb-cle,MIN,CLE,2,5,Progressive Field,,N,1
822787,2026,regular,2026-07-21,2026-07-21T23:07:00Z,final,mlb-tb,mlb-tor,TB,TOR,12,2,Rogers Centre,,N,1
824895,2026,regular,2026-07-21,2026-07-21T23:15:00Z,final,mlb-sd,mlb-atl,SD,ATL,8,3,Truist Park,,N,1
823760,2026,regular,2026-07-21,2026-07-21T23:40:00Z,final,mlb-nym,mlb-mil,NYM,MIL,4,0,American Family Field,,N,1
824085,2026,regular,2026-07-21,2026-07-21T23:40:00Z,final,mlb-sf,mlb-kc,SF,KC,2,3,Kauffman Stadium,,N,1
822871,2026,regular,2026-07-21,2026-07-22T00:05:00Z,final,mlb-cws,mlb-tex,CWS,TEX,0,10,Globe Life Field,,N,1
824652,2026,regular,2026-07-21,2026-07-22T00:05:00Z,final,mlb-det,mlb-chc,DET,CHC,2,11,Wrigley Field,,N,1
824165,2026,regular,2026-07-21,2026-07-22T00:10:00Z,final,mlb-mia,mlb-hou,MIA,HOU,3,5,Daikin Park,,N,1
824329,2026,regular,2026-07-21,2026-07-22T00:40:00Z,final,mlb-wsh,mlb-col,WSH,COL,7,8,Coors Field,,N,1
824005,2026,regular,2026-07-21,2026-07-22T01:38:00Z,final,mlb-stl,mlb-laa,STL,LAA,1,5,Angel Stadium,,N,1
823114,2026,regular,2026-07-21,2026-07-22T01:40:00Z,final,mlb-cin,mlb-sea,CIN,SEA,4,2,T-Mobile Park,,N,1
825056,2026,regular,2026-07-21,2026-07-22T01:40:00Z,final,mlb-ath,mlb-ari,ATH,ARI,5,6,Chase Field,,N,1
823519,2026,regular,2026-07-22,2026-07-21T23:05:00Z,postponed,mlb-pit,mlb-nyy,PIT,NYY,,,Yankee Stadium,,N,1
824735,2026,regular,2026-07-22,2026-07-21T23:10:00Z,postponed,mlb-bal,mlb-bos,BAL,BOS,,,Fenway Park,,N,1
823518,2026,regular,2026-07-22,2026-07-22T17:05:00Z,scheduled,mlb-pit,mlb-nyy,PIT,NYY,,,Yankee Stadium,,S,1
824735,2026,regular,2026-07-22,2026-07-22T17:35:00Z,scheduled,mlb-bal,mlb-bos,BAL,BOS,,,Fenway Park,,S,1
823761,2026,regular,2026-07-22,2026-07-22T18:10:00Z,scheduled,mlb-nym,mlb-mil,NYM,MIL,,,American Family Field,,N,1
824083,2026,regular,2026-07-22,2026-07-22T18:10:00Z,scheduled,mlb-sf,mlb-kc,SF,KC,,,Kauffman Stadium,,N,1
824327,2026,regular,2026-07-22,2026-07-22T19:10:00Z,scheduled,mlb-wsh,mlb-col,WSH,COL,,,Coors Field,,N,1
823110,2026,regular,2026-07-22,2026-07-22T19:40:00Z,scheduled,mlb-cin,mlb-sea,CIN,SEA,,,T-Mobile Park,,N,1
825055,2026,regular,2026-07-22,2026-07-22T19:40:00Z,scheduled,mlb-ath,mlb-ari,ATH,ARI,,,Chase Field,,N,1
824004,2026,regular,2026-07-22,2026-07-22T20:07:00Z,scheduled,mlb-stl,mlb-laa,STL,LAA,,,Angel Stadium,,N,1
823438,2026,regular,2026-07-22,2026-07-22T22:40:00Z,scheduled,mlb-lad,mlb-phi,LAD,PHI,,,Citizens Bank Park,,N,1
824408,2026,regular,2026-07-22,2026-07-22T22:40:00Z,scheduled,mlb-min,mlb-cle,MIN,CLE,,,Progressive Field,,N,1
823519,2026,regular,2026-07-22,2026-07-22T23:05:00Z,scheduled,mlb-pit,mlb-nyy,PIT,NYY,,,Yankee Stadium,,S,2
822784,2026,regular,2026-07-22,2026-07-22T23:07:00Z,scheduled,mlb-tb,mlb-tor,TB,TOR,,,Rogers Centre,,N,1
824732,2026,regular,2026-07-22,2026-07-22T23:10:00Z,scheduled,mlb-bal,mlb-bos,BAL,BOS,,,Fenway Park,,S,2
824896,2026,regular,2026-07-22,2026-07-22T23:15:00Z,scheduled,mlb-sd,mlb-atl,SD,ATL,,,Truist Park,,N,1
822873,2026,regular,2026-07-22,2026-07-23T00:05:00Z,scheduled,mlb-cws,mlb-tex,CWS,TEX,,,Globe Life Field,,N,1
824166,2026,regular,2026-07-22,2026-07-23T00:10:00Z,scheduled,mlb-mia,mlb-hou,MIA,HOU,,,Daikin Park,,N,1
824650,2026,regular,2026-07-22,2026-07-23T00:10:00Z,scheduled,mlb-det,mlb-chc,DET,CHC,,,Wrigley Field,,N,1
823042,2026,regular,2026-07-23,2026-06-25T23:45:00Z,postponed,mlb-ari,mlb-stl,ARI,STL,,,Busch Stadium,,N,1
824893,2026,regular,2026-07-23,2026-07-23T16:15:00Z,scheduled,mlb-sd,mlb-atl,SD,ATL,,,Truist Park,,N,1
824406,2026,regular,2026-07-23,2026-07-23T17:10:00Z,scheduled,mlb-min,mlb-cle,MIN,CLE,,,Progressive Field,,N,1
822785,2026,regular,2026-07-23,2026-07-23T19:07:00Z,scheduled,mlb-tb,mlb-tor,TB,TOR,,,Rogers Centre,,N,1
823042,2026,regular,2026-07-23,2026-07-23T21:15:00Z,scheduled,mlb-ari,mlb-stl,ARI,STL,,,Busch Stadium,,N,1
824247,2026,regular,2026-07-23,2026-07-23T22:40:00Z,scheduled,mlb-kc,mlb-det,KC,DET,,,Comerica Park,,N,1
823759,2026,regular,2026-07-24,2026-07-24T20:10:00Z,scheduled,mlb-col,mlb-mil,COL,MIL,,,American Family Field,,N,1
823352,2026,regular,2026-07-24,2026-07-24T22:40:00Z,scheduled,mlb-chc,mlb-pit,CHC,PIT,,,PNC Park,,N,1
824248,2026,regular,2026-07-24,2026-07-24T22:40:00Z,scheduled,mlb-kc,mlb-det,KC,DET,,,Comerica Park,,N,1
822707,2026,regular,2026-07-24,2026-07-24T22:45:00Z,scheduled,mlb-ari,mlb-wsh,ARI,WSH,,,Nationals Park,,N,1
823434,2026,regular,2026-07-24,2026-07-24T22:45:00Z,scheduled,mlb-nyy,mlb-phi,NYY,PHI,,,Citizens Bank Park,,N,1
824812,2026,regular,2026-07-24,2026-07-24T23:05:00Z,scheduled,mlb-atl,mlb-bal,ATL,BAL,,,Oriole Park at Camden Yards,,N,1
822952,2026,regular,2026-07-24,2026-07-24T23:10:00Z,scheduled,mlb-cle,mlb-tb,CLE,TB,,,Tropicana Field,,N,1
823601,2026,regular,2026-07-24,2026-07-24T23:10:00Z,scheduled,mlb-lad,mlb-nym,LAD,NYM,,,Citi Field,,N,1
823843,2026,regular,2026-07-24,2026-07-24T23:10:00Z,scheduled,mlb-sd,mlb-mia,SD,MIA,,,loanDepot park,,N,1
824733,2026,regular,2026-07-24,2026-07-24T23:15:00Z,scheduled,mlb-tor,mlb-bos,TOR,BOS,,,Fenway Park,,N,1
824573,2026,regular,2026-07-24,2026-07-24T23:40:00Z,scheduled,mlb-hou,mlb-cws,HOU,CWS,,,Rate Field,,N,1
822872,2026,regular,2026-07-24,2026-07-25T00:05:00Z,scheduled,mlb-sea,mlb-tex,SEA,TEX,,,Globe Life Field,,N,1
823680,2026,regular,2026-07-24,2026-07-25T00:10:00Z,scheduled,mlb-ath,mlb-min,ATH,MIN,,,Target Field,,N,1
823031,2026,regular,2026-07-24,2026-07-25T00:15:00Z,scheduled,mlb-cin,mlb-stl,CIN,STL,,,Busch Stadium,,N,1
823196,2026,regular,2026-07-24,2026-07-25T02:15:00Z,scheduled,mlb-laa,mlb-sf,LAA,SF,,,Oracle Park,,N,1
824244,2026,regular,2026-07-25,2026-07-25T17:10:00Z,scheduled,mlb-kc,mlb-det,KC,DET,,,Comerica Park,,N,1
822704,2026,regular,2026-07-25,2026-07-25T20:05:00Z,scheduled,mlb-ari,mlb-wsh,ARI,WSH,,,Nationals Park,,N,1
823197,2026,regular,2026-07-25,2026-07-25T20:05:00Z,scheduled,mlb-laa,mlb-sf,LAA,SF,,,Oracle Park,,N,1
823841,2026,regular,2026-07-25,2026-07-25T20:10:00Z,scheduled,mlb-sd,mlb-mia,SD,MIA,,,loanDepot park,,N,1
824734,2026,regular,2026-07-25,2026-07-25T20:10:00Z,scheduled,mlb-tor,mlb-bos,TOR,BOS,,,Fenway Park,,N,1
823435,2026,regular,2026-07-25,2026-07-25T22:05:00Z,scheduled,mlb-nyy,mlb-phi,NYY,PHI,,,Citizens Bank Park,,N,1
822948,2026,regular,2026-07-25,2026-07-25T22:10:00Z,scheduled,mlb-cle,mlb-tb,CLE,TB,,,Tropicana Field,,N,1
823355,2026,regular,2026-07-25,2026-07-25T22:40:00Z,scheduled,mlb-chc,mlb-pit,CHC,PIT,,,PNC Park,,N,1
824811,2026,regular,2026-07-25,2026-07-25T23:05:00Z,scheduled,mlb-atl,mlb-bal,ATL,BAL,,,Oriole Park at Camden Yards,,N,1
823679,2026,regular,2026-07-25,2026-07-25T23:10:00Z,scheduled,mlb-ath,mlb-min,ATH,MIN,,,Target Field,,N,1
823758,2026,regular,2026-07-25,2026-07-25T23:10:00Z,scheduled,mlb-col,mlb-mil,COL,MIL,,,American Family Field,,N,1
824571,2026,regular,2026-07-25,2026-07-25T23:10:00Z,scheduled,mlb-hou,mlb-cws,HOU,CWS,,,Rate Field,,N,1
822869,2026,regular,2026-07-25,2026-07-25T23:15:00Z,scheduled,mlb-sea,mlb-tex,SEA,TEX,,,Globe Life Field,,N,1
823027,2026,regular,2026-07-25,2026-07-25T23:15:00Z,scheduled,mlb-cin,mlb-stl,CIN,STL,,,Busch Stadium,,N,1
823600,2026,regular,2026-07-25,2026-07-25T23:15:00Z,scheduled,mlb-lad,mlb-nym,LAD,NYM,,,Citi Field,,N,1
822950,2026,regular,2026-07-26,2026-07-26T16:15:00Z,scheduled,mlb-cle,mlb-tb,CLE,TB,,,Tropicana Field,,N,1
822706,2026,regular,2026-07-26,2026-07-26T17:35:00Z,scheduled,mlb-ari,mlb-wsh,ARI,WSH,,,Nationals Park,,N,1
823354,2026,regular,2026-07-26,2026-07-26T17:35:00Z,scheduled,mlb-chc,mlb-pit,CHC,PIT,,,PNC Park,,N,1
824730,2026,regular,2026-07-26,2026-07-26T17:35:00Z,scheduled,mlb-tor,mlb-bos,TOR,BOS,,,Fenway Park,,N,1
824810,2026,regular,2026-07-26,2026-07-26T17:35:00Z,scheduled,mlb-atl,mlb-bal,ATL,BAL,,,Oriole Park at Camden Yards,,N,1
823599,2026,regular,2026-07-26,2026-07-26T17:40:00Z,scheduled,mlb-lad,mlb-nym,LAD,NYM,,,Citi Field,,N,1
823840,2026,regular,2026-07-26,2026-07-26T17:40:00Z,scheduled,mlb-sd,mlb-mia,SD,MIA,,,loanDepot park,,N,1
824246,2026,regular,2026-07-26,2026-07-26T17:40:00Z,scheduled,mlb-kc,mlb-det,KC,DET,,,Comerica Park,,N,1
823678,2026,regular,2026-07-26,2026-07-26T18:10:00Z,scheduled,mlb-ath,mlb-min,ATH,MIN,,,Target Field,,N,1
823755,2026,regular,2026-07-26,2026-07-26T18:10:00Z,scheduled,mlb-col,mlb-mil,COL,MIL,,,American Family Field,,N,1
824572,2026,regular,2026-07-26,2026-07-26T18:10:00Z,scheduled,mlb-hou,mlb-cws,HOU,CWS,,,Rate Field,,N,1
823028,2026,regular,2026-07-26,2026-07-26T18:15:00Z,scheduled,mlb-cin,mlb-stl,CIN,STL,,,Busch Stadium,,N,1
822870,2026,regular,2026-07-26,2026-07-26T18:35:00Z,scheduled,mlb-sea,mlb-tex,SEA,TEX,,,Globe Life Field,,N,1
823194,2026,regular,2026-07-26,2026-07-26T20:05:00Z,scheduled,mlb-laa,mlb-sf,LAA,SF,,,Oracle Park,,N,1
823433,2026,regular,2026-07-26,2026-07-26T23:20:00Z,scheduled,mlb-nyy,mlb-phi,NYY,PHI,,,Citizens Bank Park,,N,1
822868,2026,regular,2026-07-27,2026-07-27T18:35:00Z,scheduled,mlb-sea,mlb-tex,SEA,TEX,,,Globe Life Field,,N,1
823353,2026,regular,2026-07-27,2026-07-27T22:40:00Z,scheduled,mlb-ari,mlb-pit,ARI,PIT,,,PNC Park,,N,1
823839,2026,regular,2026-07-27,2026-07-27T22:40:00Z,scheduled,mlb-phi,mlb-mia,PHI,MIA,,,loanDepot park,,N,1
824245,2026,regular,2026-07-27,2026-07-27T22:40:00Z,scheduled,mlb-bal,mlb-det,BAL,DET,,,Comerica Park,,N,1
822705,2026,regular,2026-07-27,2026-07-27T22:45:00Z,scheduled,mlb-tor,mlb-wsh,TOR,WSH,,,Nationals Park,,N,1
823597,2026,regular,2026-07-27,2026-07-27T23:10:00Z,scheduled,mlb-atl,mlb-nym,ATL,NYM,,,Citi Field,,N,1
824490,2026,regular,2026-07-27,2026-07-27T23:10:00Z,scheduled,mlb-cle,mlb-cin,CLE,CIN,,,Great American Ball Park,,N,1
824570,2026,regular,2026-07-27,2026-07-27T23:40:00Z,scheduled,mlb-nyy,mlb-cws,NYY,CWS,,,Rate Field,,N,1
823025,2026,regular,2026-07-27,2026-07-27T23:45:00Z,scheduled,mlb-chc,mlb-stl,CHC,STL,,,Busch Stadium,,N,1
824001,2026,regular,2026-07-27,2026-07-28T01:38:00Z,scheduled,mlb-hou,mlb-laa,HOU,LAA,,,Angel Stadium,,N,1
824977,2026,regular,2026-07-27,2026-07-28T01:40:00Z,scheduled,mlb-bos,mlb-ath,BOS,ATH,,,Sutter Health Park,,N,1
823195,2026,regular,2026-07-27,2026-07-28T01:45:00Z,scheduled,mlb-mil,mlb-sf,MIL,SF,,,Oracle Park,,N,1
822949,2026,regular,2026-07-28,2026-07-28T22:40:00Z,scheduled,mlb-tex,mlb-tb,TEX,TB,,,Tropicana Field,,N,1
823350,2026,regular,2026-07-28,2026-07-28T22:40:00Z,scheduled,mlb-ari,mlb-pit,ARI,PIT,,,PNC Park,,N,1
823838,2026,regular,2026-07-28,2026-07-28T22:40:00Z,scheduled,mlb-phi,mlb-mia,PHI,MIA,,,loanDepot park,,N,1
824243,2026,regular,2026-07-28,2026-07-28T22:40:00Z,scheduled,mlb-bal,mlb-det,BAL,DET,,,Comerica Park,,N,1
822703,2026,regular,2026-07-28,2026-07-28T22:45:00Z,scheduled,mlb-tor,mlb-wsh,TOR,WSH,,,Nationals Park,,N,1
823598,2026,regular,2026-07-28,2026-07-28T23:10:00Z,scheduled,mlb-atl,mlb-nym,ATL,NYM,,,Citi Field,,N,1
824489,2026,regular,2026-07-28,2026-07-28T23:10:00Z,scheduled,mlb-cle,mlb-cin,CLE,CIN,,,Great American Ball Park,,N,1
823676,2026,regular,2026-07-28,2026-07-28T23:40:00Z,scheduled,mlb-kc,mlb-min,KC,MIN,,,Target Field,,N,1
824569,2026,regular,2026-07-28,2026-07-28T23:40:00Z,scheduled,mlb-nyy,mlb-cws,NYY,CWS,,,Rate Field,,N,1
823026,2026,regular,2026-07-28,2026-07-28T23:45:00Z,scheduled,mlb-chc,mlb-stl,CHC,STL,,,Busch Stadium,,N,1
824003,2026,regular,2026-07-28,2026-07-29T01:38:00Z,scheduled,mlb-hou,mlb-laa,HOU,LAA,,,Angel Stadium,,N,1
823275,2026,regular,2026-07-28,2026-07-29T01:40:00Z,scheduled,mlb-col,mlb-sd,COL,SD,,,Petco Park,,N,1
824976,2026,regular,2026-07-28,2026-07-29T01:40:00Z,scheduled,mlb-bos,mlb-ath,BOS,ATH,,,Sutter Health Park,,N,1
823193,2026,regular,2026-07-28,2026-07-29T01:45:00Z,scheduled,mlb-mil,mlb-sf,MIL,SF,,,Oracle Park,,N,1
823923,2026,regular,2026-07-28,2026-07-29T02:10:00Z,scheduled,mlb-sea,mlb-lad,SEA,LAD,,,UNIQLO Field at Dodger Stadium,,N,1
823837,2026,regular,2026-07-29,2026-07-29T16:10:00Z,scheduled,mlb-phi,mlb-mia,PHI,MIA,,,loanDepot park,,N,1
823351,2026,regular,2026-07-29,2026-07-29T16:35:00Z,scheduled,mlb-ari,mlb-pit,ARI,PIT,,,PNC Park,,N,1
822702,2026,regular,2026-07-29,2026-07-29T17:05:00Z,scheduled,mlb-tor,mlb-wsh,TOR,WSH,,,Nationals Park,,N,1
823596,2026,regular,2026-07-29,2026-07-29T17:10:00Z,scheduled,mlb-atl,mlb-nym,ATL,NYM,,,Citi Field,,N,1
824242,2026,regular,2026-07-29,2026-07-29T17:10:00Z,scheduled,mlb-bal,mlb-det,BAL,DET,,,Comerica Park,,N,1
823192,2026,regular,2026-07-29,2026-07-29T19:45:00Z,scheduled,mlb-mil,mlb-sf,MIL,SF,,,Oracle Park,,N,1
823273,2026,regular,2026-07-29,2026-07-29T20:10:00Z,scheduled,mlb-col,mlb-sd,COL,SD,,,Petco Park,,N,1
822947,2026,regular,2026-07-29,2026-07-29T22:40:00Z,scheduled,mlb-tex,mlb-tb,TEX,TB,,,Tropicana Field,,N,1
824487,2026,regular,2026-07-29,2026-07-29T23:10:00Z,scheduled,mlb-cle,mlb-cin,CLE,CIN,,,Great American Ball Park,,N,1
823677,2026,regular,2026-07-29,2026-07-29T23:40:00Z,scheduled,mlb-kc,mlb-min,KC,MIN,,,Target Field,,N,1
824567,2026,regular,2026-07-29,2026-07-29T23:40:00Z,scheduled,mlb-nyy,mlb-cws,NYY,CWS,,,Rate Field,,N,1
823022,2026,regular,2026-07-29,2026-07-29T23:45:00Z,scheduled,mlb-chc,mlb-stl,CHC,STL,,,Busch Stadium,,N,1
824002,2026,regular,2026-07-29,2026-07-30T01:38:00Z,scheduled,mlb-hou,mlb-laa,HOU,LAA,,,Angel Stadium,,N,1
824973,2026,regular,2026-07-29,2026-07-30T01:40:00Z,scheduled,mlb-bos,mlb-ath,BOS,ATH,,,Sutter Health Park,,N,1
823924,2026,regular,2026-07-29,2026-07-30T02:10:00Z,scheduled,mlb-sea,mlb-lad,SEA,LAD,,,UNIQLO Field at Dodger Stadium,,N,1
822946,2026,regular,2026-07-30,2026-07-30T16:10:00Z,scheduled,mlb-tex,mlb-tb,TEX,TB,,,Tropicana Field,,N,1
823674,2026,regular,2026-07-30,2026-07-30T17:40:00Z,scheduled,mlb-kc,mlb-min,KC,MIN,,,Target Field,,N,1
824568,2026,regular,2026-07-30,2026-07-30T18:10:00Z,scheduled,mlb-nyy,mlb-cws,NYY,CWS,,,Rate Field,,N,1
823023,2026,regular,2026-07-30,2026-07-30T18:15:00Z,scheduled,mlb-chc,mlb-stl,CHC,STL,,,Busch Stadium,,N,1
823595,2026,regular,2026-07-30,2026-07-30T23:10:00Z,scheduled,mlb-mia,mlb-nym,MIA,NYM,,,Citi Field,,N,1
824488,2026,regular,2026-07-30,2026-07-30T23:10:00Z,scheduled,mlb-pit,mlb-cin,PIT,CIN,,,Great American Ball Park,,N,1
824894,2026,regular,2026-07-30,2026-07-30T23:15:00Z,scheduled,mlb-wsh,mlb-atl,WSH,ATL,,,Truist Park,,N,1
823271,2026,regular,2026-07-30,2026-07-31T01:40:00Z,scheduled,mlb-sf,mlb-sd,SF,SD,,,Petco Park,,N,1
824974,2026,regular,2026-07-30,2026-07-31T01:40:00Z,scheduled,mlb-bos,mlb-ath,BOS,ATH,,,Sutter Health Park,,N,1
823921,2026,regular,2026-07-30,2026-07-31T02:10:00Z,scheduled,mlb-sea,mlb-lad,SEA,LAD,,,UNIQLO Field at Dodger Stadium,,N,1
824651,2026,regular,2026-07-31,2026-07-31T18:20:00Z,scheduled,mlb-nyy,mlb-chc,NYY,CHC,,,Wrigley Field,,N,1
824486,2026,regular,2026-07-31,2026-07-31T22:10:00Z,scheduled,mlb-pit,mlb-cin,PIT,CIN,,,Great American Ball Park,,N,1
824809,2026,regular,2026-07-31,2026-07-31T23:05:00Z,scheduled,mlb-phi,mlb-bal,PHI,BAL,,,Oriole Park at Camden Yards,,N,1
822782,2026,regular,2026-07-31,2026-07-31T23:07:00Z,scheduled,mlb-stl,mlb-tor,STL,TOR,,,Rogers Centre,,N,1
822945,2026,regular,2026-07-31,2026-07-31T23:10:00Z,scheduled,mlb-cws,mlb-tb,CWS,TB,,,Tropicana Field,,N,1
823593,2026,regular,2026-07-31,2026-07-31T23:10:00Z,scheduled,mlb-mia,mlb-nym,MIA,NYM,,,Citi Field,,N,1
824407,2026,regular,2026-07-31,2026-07-31T23:10:00Z,scheduled,mlb-ari,mlb-cle,ARI,CLE,,,Progressive Field,,N,1
824892,2026,regular,2026-07-31,2026-07-31T23:15:00Z,scheduled,mlb-wsh,mlb-atl,WSH,ATL,,,Truist Park,,N,1
824164,2026,regular,2026-07-31,2026-08-01T00:15:00Z,scheduled,mlb-tex,mlb-hou,TEX,HOU,,,Daikin Park,,N,1
824325,2026,regular,2026-07-31,2026-08-01T00:40:00Z,scheduled,mlb-kc,mlb-col,KC,COL,,,Coors Field,,N,1
823999,2026,regular,2026-07-31,2026-08-01T01:38:00Z,scheduled,mlb-mil,mlb-laa,MIL,LAA,,,Angel Stadium,,N,1
824975,2026,regular,2026-07-31,2026-08-01T01:40:00Z,scheduled,mlb-det,mlb-ath,DET,ATH,,,Sutter Health Park,,N,1
823272,2026,regular,2026-07-31,2026-08-01T01:45:00Z,scheduled,mlb-sf,mlb-sd,SF,SD,,,Petco Park,,N,1
823111,2026,regular,2026-07-31,2026-08-01T02:10:00Z,scheduled,mlb-min,mlb-sea,MIN,SEA,,,T-Mobile Park,,N,1
823922,2026,regular,2026-07-31,2026-08-01T02:10:00Z,scheduled,mlb-bos,mlb-lad,BOS,LAD,,,UNIQLO Field at Dodger Stadium,,N,1
822781,2026,regular,2026-08-01,2026-08-01T19:07:00Z,scheduled,mlb-stl,mlb-tor,STL,TOR,,,Rogers Centre,,N,1
822944,2026,regular,2026-08-01,2026-08-01T20:10:00Z,scheduled,mlb-cws,mlb-tb,CWS,TB,,,Tropicana Field,,N,1
823109,2026,regular,2026-08-01,2026-08-01T20:10:00Z,scheduled,mlb-min,mlb-sea,MIN,SEA,,,T-Mobile Park,,N,1
823594,2026,regular,2026-08-01,2026-08-01T20:10:00Z,scheduled,mlb-mia,mlb-nym,MIA,NYM,,,Citi Field,,N,1
824485,2026,regular,2026-08-01,2026-08-01T22:40:00Z,scheduled,mlb-pit,mlb-cin,PIT,CIN,,,Great American Ball Park,,N,1
824808,2026,regular,2026-08-01,2026-08-01T23:05:00Z,scheduled,mlb-phi,mlb-bal,PHI,BAL,,,Oriole Park at Camden Yards,,N,1
824162,2026,regular,2026-08-01,2026-08-01T23:10:00Z,scheduled,mlb-tex,mlb-hou,TEX,HOU,,,Daikin Park,,N,1
824405,2026,regular,2026-08-01,2026-08-01T23:15:00Z,scheduled,mlb-ari,mlb-cle,ARI,CLE,,,Progressive Field,,N,1
824649,2026,regular,2026-08-01,2026-08-01T23:15:00Z,scheduled,mlb-nyy,mlb-chc,NYY,CHC,,,Wrigley Field,,N,1
824890,2026,regular,2026-08-01,2026-08-01T23:15:00Z,scheduled,mlb-wsh,mlb-atl,WSH,ATL,,,Truist Park,,N,1
824326,2026,regular,2026-08-01,2026-08-02T00:10:00Z,scheduled,mlb-kc,mlb-col,KC,COL,,,Coors Field,,N,1
823269,2026,regular,2026-08-01,2026-08-02T00:40:00Z,scheduled,mlb-sf,mlb-sd,SF,SD,,,Petco Park,,N,1
823920,2026,regular,2026-08-01,2026-08-02T01:10:00Z,scheduled,mlb-bos,mlb-lad,BOS,LAD,,,UNIQLO Field at Dodger Stadium,,N,1
824000,2026,regular,2026-08-01,2026-08-02T01:38:00Z,scheduled,mlb-mil,mlb-laa,MIL,LAA,,,Angel Stadium,,N,1
824972,2026,regular,2026-08-01,2026-08-02T01:40:00Z,scheduled,mlb-det,mlb-ath,DET,ATH,,,Sutter Health Park,,N,1
824807,2026,regular,2026-08-02,2026-08-02T17:35:00Z,scheduled,mlb-phi,mlb-bal,PHI,BAL,,,Oriole Park at Camden Yards,,N,1
824891,2026,regular,2026-08-02,2026-08-02T17:35:00Z,scheduled,mlb-wsh,mlb-atl,WSH,ATL,,,Truist Park,,N,1
822783,2026,regular,2026-08-02,2026-08-02T17:37:00Z,scheduled,mlb-stl,mlb-tor,STL,TOR,,,Rogers Centre,,N,1
822943,2026,regular,2026-08-02,2026-08-02T17:40:00Z,scheduled,mlb-cws,mlb-tb,CWS,TB,,,Tropicana Field,,N,1
823592,2026,regular,2026-08-02,2026-08-02T17:40:00Z,scheduled,mlb-mia,mlb-nym,MIA,NYM,,,Citi Field,,N,1
824404,2026,regular,2026-08-02,2026-08-02T17:40:00Z,scheduled,mlb-ari,mlb-cle,ARI,CLE,,,Progressive Field,,N,1
824483,2026,regular,2026-08-02,2026-08-02T17:40:00Z,scheduled,mlb-pit,mlb-cin,PIT,CIN,,,Great American Ball Park,,N,1
824163,2026,regular,2026-08-02,2026-08-02T18:10:00Z,scheduled,mlb-tex,mlb-hou,TEX,HOU,,,Daikin Park,,N,1
824648,2026,regular,2026-08-02,2026-08-02T18:20:00Z,scheduled,mlb-nyy,mlb-chc,NYY,CHC,,,Wrigley Field,,N,1
824323,2026,regular,2026-08-02,2026-08-02T19:10:00Z,scheduled,mlb-kc,mlb-col,KC,COL,,,Coors Field,,N,1
823996,2026,regular,2026-08-02,2026-08-02T19:15:00Z,scheduled,mlb-mil,mlb-laa,MIL,LAA,,,Angel Stadium,,N,1
824971,2026,regular,2026-08-02,2026-08-02T20:05:00Z,scheduled,mlb-det,mlb-ath,DET,ATH,,,Sutter Health Park,,N,1
823107,2026,regular,2026-08-02,2026-08-02T20:10:00Z,scheduled,mlb-min,mlb-sea,MIN,SEA,,,T-Mobile Park,,N,1
823270,2026,regular,2026-08-02,2026-08-02T20:10:00Z,scheduled,mlb-sf,mlb-sd,SF,SD,,,Petco Park,,N,1
823919,2026,regular,2026-08-02,2026-08-02T23:20:00Z,scheduled,mlb-bos,mlb-lad,BOS,LAD,,,UNIQLO Field at Dodger Stadium,,N,1
823431,2026,regular,2026-08-03,2026-08-03T22:40:00Z,scheduled,mlb-wsh,mlb-phi,WSH,PHI,,,Citizens Bank Park,,N,1
823520,2026,regular,2026-08-03,2026-08-03T23:05:00Z,scheduled,mlb-stl,mlb-nyy,STL,NYY,,,Yankee Stadium,,N,1
823757,2026,regular,2026-08-03,2026-08-03T23:40:00Z,scheduled,mlb-pit,mlb-mil,PIT,MIL,,,American Family Field,,N,1
822867,2026,regular,2026-08-03,2026-08-04T00:05:00Z,scheduled,mlb-sf,mlb-tex,SF,TEX,,,Globe Life Field,,N,1
824647,2026,regular,2026-08-03,2026-08-04T00:05:00Z,scheduled,mlb-lad,mlb-chc,LAD,CHC,,,Wrigley Field,,N,1
824160,2026,regular,2026-08-03,2026-08-04T00:10:00Z,scheduled,mlb-tor,mlb-hou,TOR,HOU,,,Daikin Park,,N,1
824324,2026,regular,2026-08-03,2026-08-04T00:40:00Z,scheduled,mlb-tb,mlb-col,TB,COL,,,Coors Field,,N,1
825095,2026,regular,2026-08-03,2026-08-04T01:40:00Z,scheduled,mlb-sd,mlb-ari,SD,ARI,,,Chase Field,,N,1
824805,2026,regular,2026-08-04,2026-08-04T22:35:00Z,scheduled,mlb-laa,mlb-bal,LAA,BAL,,,Oriole Park at Camden Yards,,N,1
823432,2026,regular,2026-08-04,2026-08-04T22:40:00Z,scheduled,mlb-wsh,mlb-phi,WSH,PHI,,,Citizens Bank Park,,N,1
824403,2026,regular,2026-08-04,2026-08-04T22:40:00Z,scheduled,mlb-nym,mlb-cle,NYM,CLE,,,Progressive Field,,N,1
824484,2026,regular,2026-08-04,2026-08-04T22:40:00Z,scheduled,mlb-ath,mlb-cin,ATH,CIN,,,Great American Ball Park,,N,1
823517,2026,regular,2026-08-04,2026-08-04T23:05:00Z,scheduled,mlb-stl,mlb-nyy,STL,NYY,,,Yankee Stadium,,N,1
824731,2026,regular,2026-08-04,2026-08-04T23:10:00Z,scheduled,mlb-cws,mlb-bos,CWS,BOS,,,Fenway Park,,N,1
824888,2026,regular,2026-08-04,2026-08-04T23:15:00Z,scheduled,mlb-mia,mlb-atl,MIA,ATL,,,Truist Park,,N,1
823756,2026,regular,2026-08-04,2026-08-04T23:40:00Z,scheduled,mlb-pit,mlb-mil,PIT,MIL,,,American Family Field,,N,1
824084,2026,regular,2026-08-04,2026-08-04T23:40:00Z,scheduled,mlb-min,mlb-kc,MIN,KC,,,Kauffman Stadium,,N,1
822865,2026,regular,2026-08-04,2026-08-05T00:05:00Z,scheduled,mlb-sf,mlb-tex,SF,TEX,,,Globe Life Field,,N,1
824645,2026,regular,2026-08-04,2026-08-05T00:05:00Z,scheduled,mlb-lad,mlb-chc,LAD,CHC,,,Wrigley Field,,N,1
824161,2026,regular,2026-08-04,2026-08-05T00:10:00Z,scheduled,mlb-tor,mlb-hou,TOR,HOU,,,Daikin Park,,N,1
824321,2026,regular,2026-08-04,2026-08-05T00:40:00Z,scheduled,mlb-tb,mlb-col,TB,COL,,,Coors Field,,N,1
823108,2026,regular,2026-08-04,2026-08-05T01:40:00Z,scheduled,mlb-det,mlb-sea,DET,SEA,,,T-Mobile Park,,N,1
825054,2026,regular,2026-08-04,2026-08-05T01:40:00Z,scheduled,mlb-sd,mlb-ari,SD,ARI,,,Chase Field,,N,1
824158,2026,regular,2026-08-05,2026-08-05T18:10:00Z,scheduled,mlb-tor,mlb-hou,TOR,HOU,,,Daikin Park,,N,1
824646,2026,regular,2026-08-05,2026-08-05T18:20:00Z,scheduled,mlb-lad,mlb-chc,LAD,CHC,,,Wrigley Field,,N,1
822866,2026,regular,2026-08-05,2026-08-05T18:35:00Z,scheduled,mlb-sf,mlb-tex,SF,TEX,,,Globe Life Field,,N,1
824322,2026,regular,2026-08-05,2026-08-05T19:10:00Z,scheduled,mlb-tb,mlb-col,TB,COL,,,Coors Field,,N,1
824806,2026,regular,2026-08-05,2026-08-05T22:35:00Z,scheduled,mlb-laa,mlb-bal,LAA,BAL,,,Oriole Park at Camden Yards,,N,1
823429,2026,regular,2026-08-05,2026-08-05T22:40:00Z,scheduled,mlb-wsh,mlb-phi,WSH,PHI,,,Citizens Bank Park,,N,1
824402,2026,regular,2026-08-05,2026-08-05T22:40:00Z,scheduled,mlb-nym,mlb-cle,NYM,CLE,,,Progressive Field,,N,1
824482,2026,regular,2026-08-05,2026-08-05T22:40:00Z,scheduled,mlb-ath,mlb-cin,ATH,CIN,,,Great American Ball Park,,N,1
823516,2026,regular,2026-08-05,2026-08-05T23:05:00Z,scheduled,mlb-stl,mlb-nyy,STL,NYY,,,Yankee Stadium,,N,1
824728,2026,regular,2026-08-05,2026-08-05T23:10:00Z,scheduled,mlb-cws,mlb-bos,CWS,BOS,,,Fenway Park,,N,1
824889,2026,regular,2026-08-05,2026-08-05T23:15:00Z,scheduled,mlb-mia,mlb-atl,MIA,ATL,,,Truist Park,,N,1
823753,2026,regular,2026-08-05,2026-08-05T23:40:00Z,scheduled,mlb-pit,mlb-mil,PIT,MIL,,,American Family Field,,N,1
824082,2026,regular,2026-08-05,2026-08-05T23:40:00Z,scheduled,mlb-min,mlb-kc,MIN,KC,,,Kauffman Stadium,,N,1
823106,2026,regular,2026-08-05,2026-08-06T01:40:00Z,scheduled,mlb-det,mlb-sea,DET,SEA,,,T-Mobile Park,,N,1
825052,2026,regular,2026-08-05,2026-08-06T01:40:00Z,scheduled,mlb-sd,mlb-ari,SD,ARI,,,Chase Field,,N,1
824664,2026,regular,2026-08-06,2026-06-21T18:20:00Z,postponed,mlb-tor,mlb-chc,TOR,CHC,,,Wrigley Field,,N,1
824804,2026,regular,2026-08-06,2026-08-06T16:35:00Z,scheduled,mlb-laa,mlb-bal,LAA,BAL,,,Oriole Park at Camden Yards,,N,1
824481,2026,regular,2026-08-06,2026-08-06T16:40:00Z,scheduled,mlb-ath,mlb-cin,ATH,CIN,,,Great American Ball Park,,N,1
824401,2026,regular,2026-08-06,2026-08-06T17:10:00Z,scheduled,mlb-nym,mlb-cle,NYM,CLE,,,Progressive Field,,N,1
823754,2026,regular,2026-08-06,2026-08-06T18:10:00Z,scheduled,mlb-pit,mlb-mil,PIT,MIL,,,American Family Field,,N,1
824664,2026,regular,2026-08-06,2026-08-06T18:20:00Z,scheduled,mlb-tor,mlb-chc,TOR,CHC,,,Wrigley Field,,N,1
823105,2026,regular,2026-08-06,2026-08-06T20:10:00Z,scheduled,mlb-det,mlb-sea,DET,SEA,,,T-Mobile Park,,N,1
823430,2026,regular,2026-08-06,2026-08-06T22:05:00Z,scheduled,mlb-wsh,mlb-phi,WSH,PHI,,,Citizens Bank Park,,N,1
824729,2026,regular,2026-08-06,2026-08-06T23:10:00Z,scheduled,mlb-cws,mlb-bos,CWS,BOS,,,Fenway Park,,N,1
824885,2026,regular,2026-08-06,2026-08-06T23:15:00Z,scheduled,mlb-mia,mlb-atl,MIA,ATL,,,Truist Park,,N,1
824080,2026,regular,2026-08-06,2026-08-06T23:40:00Z,scheduled,mlb-min,mlb-kc,MIN,KC,,,Kauffman Stadium,,N,1
825053,2026,regular,2026-08-06,2026-08-07T01:40:00Z,scheduled,mlb-sd,mlb-ari,SD,ARI,,,Chase Field,,N,1
823349,2026,regular,2026-08-07,2026-08-07T22:40:00Z,scheduled,mlb-nym,mlb-pit,NYM,PIT,,,PNC Park,,N,1
823428,2026,regular,2026-08-07,2026-08-07T22:40:00Z,scheduled,mlb-tor,mlb-phi,TOR,PHI,,,Citizens Bank Park,,N,1
822699,2026,regular,2026-08-07,2026-08-07T22:45:00Z,scheduled,mlb-cin,mlb-wsh,CIN,WSH,,,Nationals Park,,N,1
823515,2026,regular,2026-08-07,2026-08-07T23:05:00Z,scheduled,mlb-atl,mlb-nyy,ATL,NYY,,,Yankee Stadium,,N,1
823836,2026,regular,2026-08-07,2026-08-07T23:10:00Z,scheduled,mlb-laa,mlb-mia,LAA,MIA,,,loanDepot park,,N,1
824727,2026,regular,2026-08-07,2026-08-07T23:10:00Z,scheduled,mlb-ath,mlb-bos,ATH,BOS,,,Fenway Park,,N,1
823750,2026,regular,2026-08-07,2026-08-07T23:40:00Z,scheduled,mlb-min,mlb-mil,MIN,MIL,,,American Family Field,,N,1
824566,2026,regular,2026-08-07,2026-08-07T23:40:00Z,scheduled,mlb-cle,mlb-cws,CLE,CWS,,,Rate Field,,N,1
822863,2026,regular,2026-08-07,2026-08-08T00:05:00Z,scheduled,mlb-bal,mlb-tex,BAL,TEX,,,Globe Life Field,,N,1
824081,2026,regular,2026-08-07,2026-08-08T00:10:00Z,scheduled,mlb-chc,mlb-kc,CHC,KC,,,Kauffman Stadium,,N,1
823024,2026,regular,2026-08-07,2026-08-08T00:15:00Z,scheduled,mlb-col,mlb-stl,COL,STL,,,Busch Stadium,,N,1
823103,2026,regular,2026-08-07,2026-08-08T01:40:00Z,scheduled,mlb-tb,mlb-sea,TB,SEA,,,T-Mobile Park,,N,1
823266,2026,regular,2026-08-07,2026-08-08T01:40:00Z,scheduled,mlb-hou,mlb-sd,HOU,SD,,,Petco Park,,N,1
825051,2026,regular,2026-08-07,2026-08-08T01:40:00Z,scheduled,mlb-lad,mlb-ari,LAD,ARI,,,Chase Field,,N,1
823191,2026,regular,2026-08-07,2026-08-08T02:15:00Z,scheduled,mlb-det,mlb-sf,DET,SF,,,Oracle Park,,N,1
823514,2026,regular,2026-08-08,2026-08-08T19:05:00Z,scheduled,mlb-atl,mlb-nyy,ATL,NYY,,,Yankee Stadium,,N,1
823834,2026,regular,2026-08-08,2026-08-08T20:10:00Z,scheduled,mlb-laa,mlb-mia,LAA,MIA,,,loanDepot park,,N,1
824726,2026,regular,2026-08-08,2026-08-08T20:10:00Z,scheduled,mlb-ath,mlb-bos,ATH,BOS,,,Fenway Park,,N,1
823426,2026,regular,2026-08-08,2026-08-08T22:05:00Z,scheduled,mlb-tor,mlb-phi,TOR,PHI,,,Citizens Bank Park,,N,1
823348,2026,regular,2026-08-08,2026-08-08T22:40:00Z,scheduled,mlb-nym,mlb-pit,NYM,PIT,,,PNC Park,,N,1
822701,2026,regular,2026-08-08,2026-08-08T22:45:00Z,scheduled,mlb-cin,mlb-wsh,CIN,WSH,,,Nationals Park,,N,1
823752,2026,regular,2026-08-08,2026-08-08T23:10:00Z,scheduled,mlb-min,mlb-mil,MIN,MIL,,,American Family Field,,N,1
824079,2026,regular,2026-08-08,2026-08-08T23:10:00Z,scheduled,mlb-chc,mlb-kc,CHC,KC,,,Kauffman Stadium,,N,1
822864,2026,regular,2026-08-08,2026-08-08T23:15:00Z,scheduled,mlb-bal,mlb-tex,BAL,TEX,,,Globe Life Field,,N,1
823021,2026,regular,2026-08-08,2026-08-08T23:15:00Z,scheduled,mlb-col,mlb-stl,COL,STL,,,Busch Stadium,,N,1
823188,2026,regular,2026-08-08,2026-08-08T23:15:00Z,scheduled,mlb-det,mlb-sf,DET,SF,,,Oracle Park,,N,1
823267,2026,regular,2026-08-08,2026-08-08T23:15:00Z,scheduled,mlb-hou,mlb-sd,HOU,SD,,,Petco Park,,N,1
824565,2026,regular,2026-08-08,2026-08-08T23:15:00Z,scheduled,mlb-cle,mlb-cws,CLE,CWS,,,Rate Field,,N,1
825049,2026,regular,2026-08-08,2026-08-09T00:10:00Z,scheduled,mlb-lad,mlb-ari,LAD,ARI,,,Chase Field,,N,1
823102,2026,regular,2026-08-08,2026-08-09T01:50:00Z,scheduled,mlb-tb,mlb-sea,TB,SEA,,,T-Mobile Park,,N,1
822700,2026,regular,2026-08-09,2026-08-09T16:15:00Z,scheduled,mlb-cin,mlb-wsh,CIN,WSH,,,Nationals Park,,N,1
823345,2026,regular,2026-08-09,2026-08-09T17:35:00Z,scheduled,mlb-nym,mlb-pit,NYM,PIT,,,PNC Park,,N,1
823425,2026,regular,2026-08-09,2026-08-09T17:35:00Z,scheduled,mlb-tor,mlb-phi,TOR,PHI,,,Citizens Bank Park,,N,1
823513,2026,regular,2026-08-09,2026-08-09T17:35:00Z,scheduled,mlb-atl,mlb-nyy,ATL,NYY,,,Yankee Stadium,,N,1
824724,2026,regular,2026-08-09,2026-08-09T17:35:00Z,scheduled,mlb-ath,mlb-bos,ATH,BOS,,,Fenway Park,,N,1
823835,2026,regular,2026-08-09,2026-08-09T17:40:00Z,scheduled,mlb-laa,mlb-mia,LAA,MIA,,,loanDepot park,,N,1
823751,2026,regular,2026-08-09,2026-08-09T18:10:00Z,scheduled,mlb-min,mlb-mil,MIN,MIL,,,American Family Field,,N,1
824078,2026,regular,2026-08-09,2026-08-09T18:10:00Z,scheduled,mlb-chc,mlb-kc,CHC,KC,,,Kauffman Stadium,,N,1
824564,2026,regular,2026-08-09,2026-08-09T18:10:00Z,scheduled,mlb-cle,mlb-cws,CLE,CWS,,,Rate Field,,N,1
823020,2026,regular,2026-08-09,2026-08-09T18:15:00Z,scheduled,mlb-col,mlb-stl,COL,STL,,,Busch Stadium,,N,1
822862,2026,regular,2026-08-09,2026-08-09T18:35:00Z,scheduled,mlb-bal,mlb-tex,BAL,TEX,,,Globe Life Field,,N,1
823190,2026,regular,2026-08-09,2026-08-09T20:05:00Z,scheduled,mlb-det,mlb-sf,DET,SF,,,Oracle Park,,N,1
823104,2026,regular,2026-08-09,2026-08-09T20:10:00Z,scheduled,mlb-tb,mlb-sea,TB,SEA,,,T-Mobile Park,,N,1
825050,2026,regular,2026-08-09,2026-08-09T20:10:00Z,scheduled,mlb-lad,mlb-ari,LAD,ARI,,,Chase Field,,N,1
823268,2026,regular,2026-08-09,2026-08-10T00:20:00Z,scheduled,mlb-hou,mlb-sd,HOU,SD,,,Petco Park,,N,1
822780,2026,regular,2026-08-10,2026-08-10T23:07:00Z,scheduled,mlb-bos,mlb-tor,BOS,TOR,,,Rogers Centre,,N,1
824887,2026,regular,2026-08-10,2026-08-10T23:15:00Z,scheduled,mlb-nym,mlb-atl,NYM,ATL,,,Truist Park,,N,1
823675,2026,regular,2026-08-10,2026-08-10T23:40:00Z,scheduled,mlb-bal,mlb-min,BAL,MIN,,,Target Field,,N,1
823018,2026,regular,2026-08-10,2026-08-10T23:45:00Z,scheduled,mlb-phi,mlb-stl,PHI,STL,,,Busch Stadium,,N,1
823998,2026,regular,2026-08-10,2026-08-11T01:38:00Z,scheduled,mlb-tex,mlb-laa,TEX,LAA,,,Angel Stadium,,N,1
823265,2026,regular,2026-08-10,2026-08-11T01:40:00Z,scheduled,mlb-mil,mlb-sd,MIL,SD,,,Petco Park,,N,1
824969,2026,regular,2026-08-10,2026-08-11T01:40:00Z,scheduled,mlb-tb,mlb-ath,TB,ATH,,,Sutter Health Park,,N,1
825048,2026,regular,2026-08-10,2026-08-11T01:40:00Z,scheduled,mlb-col,mlb-ari,COL,ARI,,,Chase Field,,N,1
823189,2026,regular,2026-08-10,2026-08-11T01:45:00Z,scheduled,mlb-hou,mlb-sf,HOU,SF,,,Oracle Park,,N,1
823918,2026,regular,2026-08-10,2026-08-11T02:10:00Z,scheduled,mlb-kc,mlb-lad,KC,LAD,,,UNIQLO Field at Dodger Stadium,,N,1
823832,2026,regular,2026-08-11,2026-08-11T22:40:00Z,scheduled,mlb-pit,mlb-mia,PIT,MIA,,,loanDepot park,,N,1
824240,2026,regular,2026-08-11,2026-08-11T22:40:00Z,scheduled,mlb-cle,mlb-det,CLE,DET,,,Comerica Park,,N,1
822697,2026,regular,2026-08-11,2026-08-11T22:45:00Z,scheduled,mlb-chc,mlb-wsh,CHC,WSH,,,Nationals Park,,N,1
823512,2026,regular,2026-08-11,2026-08-11T23:05:00Z,scheduled,mlb-sea,mlb-nyy,SEA,NYY,,,Yankee Stadium,,N,1
822778,2026,regular,2026-08-11,2026-08-11T23:07:00Z,scheduled,mlb-bos,mlb-tor,BOS,TOR,,,Rogers Centre,,N,1
824886,2026,regular,2026-08-11,2026-08-11T23:15:00Z,scheduled,mlb-nym,mlb-atl,NYM,ATL,,,Truist Park,,N,1
823673,2026,regular,2026-08-11,2026-08-11T23:40:00Z,scheduled,mlb-bal,mlb-min,BAL,MIN,,,Target Field,,N,1
824563,2026,regular,2026-08-11,2026-08-11T23:40:00Z,scheduled,mlb-cin,mlb-cws,CIN,CWS,,,Rate Field,,N,1
823019,2026,regular,2026-08-11,2026-08-11T23:45:00Z,scheduled,mlb-phi,mlb-stl,PHI,STL,,,Busch Stadium,,N,1
823997,2026,regular,2026-08-11,2026-08-12T01:38:00Z,scheduled,mlb-tex,mlb-laa,TEX,LAA,,,Angel Stadium,,N,1
823264,2026,regular,2026-08-11,2026-08-12T01:40:00Z,scheduled,mlb-mil,mlb-sd,MIL,SD,,,Petco Park,,N,1
824970,2026,regular,2026-08-11,2026-08-12T01:40:00Z,scheduled,mlb-tb,mlb-ath,TB,ATH,,,Sutter Health Park,,N,1
825046,2026,regular,2026-08-11,2026-08-12T01:40:00Z,scheduled,mlb-col,mlb-ari,COL,ARI,,,Chase Field,,N,1
823186,2026,regular,2026-08-11,2026-08-12T01:45:00Z,scheduled,mlb-hou,mlb-sf,HOU,SF,,,Oracle Park,,N,1
823917,2026,regular,2026-08-11,2026-08-12T02:10:00Z,scheduled,mlb-kc,mlb-lad,KC,LAD,,,UNIQLO Field at Dodger Stadium,,N,1
823672,2026,regular,2026-08-12,2026-08-12T17:40:00Z,scheduled,mlb-bal,mlb-min,BAL,MIN,,,Target Field,,N,1
823017,2026,regular,2026-08-12,2026-08-12T18:15:00Z,scheduled,mlb-phi,mlb-stl,PHI,STL,,,Busch Stadium,,N,1
824967,2026,regular,2026-08-12,2026-08-12T19:05:00Z,scheduled,mlb-tb,mlb-ath,TB,ATH,,,Sutter Health Park,,N,1
825047,2026,regular,2026-08-12,2026-08-12T19:40:00Z,scheduled,mlb-col,mlb-ari,COL,ARI,,,Chase Field,,N,1
823187,2026,regular,2026-08-12,2026-08-12T19:45:00Z,scheduled,mlb-hou,mlb-sf,HOU,SF,,,Oracle Park,,N,1
823263,2026,regular,2026-08-12,2026-08-12T20:10:00Z,scheduled,mlb-mil,mlb-sd,MIL,SD,,,Petco Park,,N,1
823833,2026,regular,2026-08-12,2026-08-12T22:40:00Z,scheduled,mlb-pit,mlb-mia,PIT,MIA,,,loanDepot park,,N,1
824241,2026,regular,2026-08-12,2026-08-12T22:40:00Z,scheduled,mlb-cle,mlb-det,CLE,DET,,,Comerica Park,,N,1
822698,2026,regular,2026-08-12,2026-08-12T22:45:00Z,scheduled,mlb-chc,mlb-wsh,CHC,WSH,,,Nationals Park,,N,1
823511,2026,regular,2026-08-12,2026-08-12T23:05:00Z,scheduled,mlb-sea,mlb-nyy,SEA,NYY,,,Yankee Stadium,,N,1
822779,2026,regular,2026-08-12,2026-08-12T23:07:00Z,scheduled,mlb-bos,mlb-tor,BOS,TOR,,,Rogers Centre,,N,1
824883,2026,regular,2026-08-12,2026-08-12T23:15:00Z,scheduled,mlb-nym,mlb-atl,NYM,ATL,,,Truist Park,,N,1
824562,2026,regular,2026-08-12,2026-08-12T23:40:00Z,scheduled,mlb-cin,mlb-cws,CIN,CWS,,,Rate Field,,N,1
823916,2026,regular,2026-08-12,2026-08-13T02:10:00Z,scheduled,mlb-kc,mlb-lad,KC,LAD,,,UNIQLO Field at Dodger Stadium,,N,1
823994,2026,regular,2026-08-12,2026-08-13T02:10:00Z,scheduled,mlb-tex,mlb-laa,TEX,LAA,,,Angel Stadium,,N,1
823829,2026,regular,2026-08-13,2026-08-13T17:10:00Z,scheduled,mlb-pit,mlb-mia,PIT,MIA,,,loanDepot park,,N,1
824238,2026,regular,2026-08-13,2026-08-13T17:10:00Z,scheduled,mlb-cle,mlb-det,CLE,DET,,,Comerica Park,,N,1
823508,2026,regular,2026-08-13,2026-08-13T17:35:00Z,scheduled,mlb-sea,mlb-nyy,SEA,NYY,,,Yankee Stadium,,N,1
824561,2026,regular,2026-08-13,2026-08-13T18:10:00Z,scheduled,mlb-cin,mlb-cws,CIN,CWS,,,Rate Field,,N,1
822776,2026,regular,2026-08-13,2026-08-13T19:07:00Z,scheduled,mlb-bos,mlb-tor,BOS,TOR,,,Rogers Centre,,N,1
822696,2026,regular,2026-08-13,2026-08-13T20:05:00Z,scheduled,mlb-chc,mlb-wsh,CHC,WSH,,,Nationals Park,,N,1
823669,2026,regular,2026-08-13,2026-08-13T23:30:00Z,scheduled,mlb-phi,mlb-min,PHI,MIN,,,Field of Dreams,,N,1
823995,2026,regular,2026-08-13,2026-08-14T02:07:00Z,scheduled,mlb-tex,mlb-laa,TEX,LAA,,,Angel Stadium,,N,1
823915,2026,regular,2026-08-13,2026-08-14T02:10:00Z,scheduled,mlb-mil,mlb-lad,MIL,LAD,,,UNIQLO Field at Dodger Stadium,,N,1
824643,2026,regular,2026-08-14,2026-08-14T18:20:00Z,scheduled,mlb-stl,mlb-chc,STL,CHC,,,Wrigley Field,,N,1
824479,2026,regular,2026-08-14,2026-08-14T22:10:00Z,scheduled,mlb-mia,mlb-cin,MIA,CIN,,,Great American Ball Park,,N,1
823346,2026,regular,2026-08-14,2026-08-14T22:40:00Z,scheduled,mlb-bos,mlb-pit,BOS,PIT,,,PNC Park,,N,1
824237,2026,regular,2026-08-14,2026-08-14T22:40:00Z,scheduled,mlb-cws,mlb-det,CWS,DET,,,Comerica Park,,N,1
822777,2026,regular,2026-08-14,2026-08-14T23:07:00Z,scheduled,mlb-nyy,mlb-tor,NYY,TOR,,,Rogers Centre,,N,1
822942,2026,regular,2026-08-14,2026-08-14T23:10:00Z,scheduled,mlb-bal,mlb-tb,BAL,TB,,,Tropicana Field,,N,1
823591,2026,regular,2026-08-14,2026-08-14T23:10:00Z,scheduled,mlb-wsh,mlb-nym,WSH,NYM,,,Citi Field,,N,1
824399,2026,regular,2026-08-14,2026-08-14T23:10:00Z,scheduled,mlb-sd,mlb-cle,SD,CLE,,,Progressive Field,,N,1
824882,2026,regular,2026-08-14,2026-08-14T23:15:00Z,scheduled,mlb-ari,mlb-atl,ARI,ATL,,,Truist Park,,N,1
824159,2026,regular,2026-08-14,2026-08-15T00:10:00Z,scheduled,mlb-sea,mlb-hou,SEA,HOU,,,Daikin Park,,N,1
823993,2026,regular,2026-08-14,2026-08-15T01:38:00Z,scheduled,mlb-kc,mlb-laa,KC,LAA,,,Angel Stadium,,N,1
824968,2026,regular,2026-08-14,2026-08-15T01:40:00Z,scheduled,mlb-tex,mlb-ath,TEX,ATH,,,Sutter Health Park,,N,1
823913,2026,regular,2026-08-14,2026-08-15T02:10:00Z,scheduled,mlb-mil,mlb-lad,MIL,LAD,,,UNIQLO Field at Dodger Stadium,,N,1
823185,2026,regular,2026-08-14,2026-08-15T02:15:00Z,scheduled,mlb-col,mlb-sf,COL,SF,,,Oracle Park,,N,1
824239,2026,regular,2026-08-15,2026-08-15T17:10:00Z,scheduled,mlb-cws,mlb-det,CWS,DET,,,Comerica Park,,N,1
824644,2026,regular,2026-08-15,2026-08-15T18:20:00Z,scheduled,mlb-stl,mlb-chc,STL,CHC,,,Wrigley Field,,N,1
822775,2026,regular,2026-08-15,2026-08-15T19:07:00Z,scheduled,mlb-nyy,mlb-tor,NYY,TOR,,,Rogers Centre,,N,1
823184,2026,regular,2026-08-15,2026-08-15T20:05:00Z,scheduled,mlb-col,mlb-sf,COL,SF,,,Oracle Park,,N,1
823588,2026,regular,2026-08-15,2026-08-15T20:10:00Z,scheduled,mlb-wsh,mlb-nym,WSH,NYM,,,Citi Field,,N,1
822941,2026,regular,2026-08-15,2026-08-15T22:10:00Z,scheduled,mlb-bal,mlb-tb,BAL,TB,,,Tropicana Field,,N,1
824480,2026,regular,2026-08-15,2026-08-15T22:40:00Z,scheduled,mlb-mia,mlb-cin,MIA,CIN,,,Great American Ball Park,,N,1
823671,2026,regular,2026-08-15,2026-08-15T23:10:00Z,scheduled,mlb-phi,mlb-min,PHI,MIN,,,Target Field,,N,1
824157,2026,regular,2026-08-15,2026-08-15T23:10:00Z,scheduled,mlb-sea,mlb-hou,SEA,HOU,,,Daikin Park,,N,1
824400,2026,regular,2026-08-15,2026-08-15T23:10:00Z,scheduled,mlb-sd,mlb-cle,SD,CLE,,,Progressive Field,,N,1
823347,2026,regular,2026-08-15,2026-08-15T23:15:00Z,scheduled,mlb-bos,mlb-pit,BOS,PIT,,,PNC Park,,N,1
823914,2026,regular,2026-08-15,2026-08-15T23:15:00Z,scheduled,mlb-mil,mlb-lad,MIL,LAD,,,UNIQLO Field at Dodger Stadium,,N,1
824884,2026,regular,2026-08-15,2026-08-15T23:15:00Z,scheduled,mlb-ari,mlb-atl,ARI,ATL,,,Truist Park,,N,1
823990,2026,regular,2026-08-15,2026-08-16T01:38:00Z,scheduled,mlb-kc,mlb-laa,KC,LAA,,,Angel Stadium,,N,1
824966,2026,regular,2026-08-15,2026-08-16T01:40:00Z,scheduled,mlb-tex,mlb-ath,TEX,ATH,,,Sutter Health Park,,N,1
822940,2026,regular,2026-08-16,2026-08-16T16:15:00Z,scheduled,mlb-bal,mlb-tb,BAL,TB,,,Tropicana Field,,N,1
823344,2026,regular,2026-08-16,2026-08-16T17:35:00Z,scheduled,mlb-bos,mlb-pit,BOS,PIT,,,PNC Park,,N,1
824880,2026,regular,2026-08-16,2026-08-16T17:35:00Z,scheduled,mlb-ari,mlb-atl,ARI,ATL,,,Truist Park,,N,1
822774,2026,regular,2026-08-16,2026-08-16T17:37:00Z,scheduled,mlb-nyy,mlb-tor,NYY,TOR,,,Rogers Centre,,N,1
823590,2026,regular,2026-08-16,2026-08-16T17:40:00Z,scheduled,mlb-wsh,mlb-nym,WSH,NYM,,,Citi Field,,N,1
824236,2026,regular,2026-08-16,2026-08-16T17:40:00Z,scheduled,mlb-cws,mlb-det,CWS,DET,,,Comerica Park,,N,1
824397,2026,regular,2026-08-16,2026-08-16T17:40:00Z,scheduled,mlb-sd,mlb-cle,SD,CLE,,,Progressive Field,,N,1
824477,2026,regular,2026-08-16,2026-08-16T17:40:00Z,scheduled,mlb-mia,mlb-cin,MIA,CIN,,,Great American Ball Park,,N,1
823670,2026,regular,2026-08-16,2026-08-16T18:10:00Z,scheduled,mlb-phi,mlb-min,PHI,MIN,,,Target Field,,N,1
824642,2026,regular,2026-08-16,2026-08-16T19:10:00Z,scheduled,mlb-stl,mlb-chc,STL,CHC,,,Wrigley Field,,N,1
823182,2026,regular,2026-08-16,2026-08-16T20:05:00Z,scheduled,mlb-col,mlb-sf,COL,SF,,,Oracle Park,,N,1
824965,2026,regular,2026-08-16,2026-08-16T20:05:00Z,scheduled,mlb-tex,mlb-ath,TEX,ATH,,,Sutter Health Park,,N,1
823991,2026,regular,2026-08-16,2026-08-16T20:07:00Z,scheduled,mlb-kc,mlb-laa,KC,LAA,,,Angel Stadium,,N,1
823912,2026,regular,2026-08-16,2026-08-16T20:10:00Z,scheduled,mlb-mil,mlb-lad,MIL,LAD,,,UNIQLO Field at Dodger Stadium,,N,1
824156,2026,regular,2026-08-16,2026-08-16T23:20:00Z,scheduled,mlb-sea,mlb-hou,SEA,HOU,,,Daikin Park,,N,1
824514,2026,regular,2026-08-17,2026-05-24T17:40:00Z,postponed,mlb-stl,mlb-cin,STL,CIN,,,Great American Ball Park,,N,1
824514,2026,regular,2026-08-17,2026-08-17T17:40:00Z,scheduled,mlb-stl,mlb-cin,STL,CIN,,,Great American Ball Park,,S,1
822939,2026,regular,2026-08-17,2026-08-17T22:40:00Z,scheduled,mlb-bal,mlb-tb,BAL,TB,,,Tropicana Field,,N,1
823427,2026,regular,2026-08-17,2026-08-17T22:40:00Z,scheduled,mlb-mia,mlb-phi,MIA,PHI,,,Citizens Bank Park,,N,1
824478,2026,regular,2026-08-17,2026-08-17T22:40:00Z,scheduled,mlb-stl,mlb-cin,STL,CIN,,,Great American Ball Park,,S,2
823343,2026,regular,2026-08-17,2026-08-17T23:05:00Z,scheduled,mlb-det,mlb-pit,DET,PIT,,,PNC Park,,N,1
823589,2026,regular,2026-08-17,2026-08-17T23:10:00Z,scheduled,mlb-sd,mlb-nym,SD,NYM,,,Citi Field,,N,1
824725,2026,regular,2026-08-17,2026-08-17T23:10:00Z,scheduled,mlb-ari,mlb-bos,ARI,BOS,,,Fenway Park,,N,1
823668,2026,regular,2026-08-17,2026-08-17T23:40:00Z,scheduled,mlb-atl,mlb-min,ATL,MIN,,,Target Field,,N,1
824077,2026,regular,2026-08-17,2026-08-17T23:40:00Z,scheduled,mlb-ath,mlb-kc,ATH,KC,,,Kauffman Stadium,,N,1
824641,2026,regular,2026-08-17,2026-08-18T00:05:00Z,scheduled,mlb-cws,mlb-chc,CWS,CHC,,,Wrigley Field,,N,1
824320,2026,regular,2026-08-17,2026-08-18T00:40:00Z,scheduled,mlb-lad,mlb-col,LAD,COL,,,Coors Field,,N,1
824803,2026,regular,2026-08-18,2026-08-18T22:35:00Z,scheduled,mlb-nyy,mlb-bal,NYY,BAL,,,Oriole Park at Camden Yards,,N,1
822938,2026,regular,2026-08-18,2026-08-18T22:40:00Z,scheduled,mlb-tor,mlb-tb,TOR,TB,,,Tropicana Field,,N,1
823341,2026,regular,2026-08-18,2026-08-18T22:40:00Z,scheduled,mlb-det,mlb-pit,DET,PIT,,,PNC Park,,N,1
823423,2026,regular,2026-08-18,2026-08-18T22:40:00Z,scheduled,mlb-mia,mlb-phi,MIA,PHI,,,Citizens Bank Park,,N,1
824398,2026,regular,2026-08-18,2026-08-18T22:40:00Z,scheduled,mlb-sf,mlb-cle,SF,CLE,,,Progressive Field,,N,1
824475,2026,regular,2026-08-18,2026-08-18T22:40:00Z,scheduled,mlb-stl,mlb-cin,STL,CIN,,,Great American Ball Park,,N,1
823586,2026,regular,2026-08-18,2026-08-18T23:10:00Z,scheduled,mlb-sd,mlb-nym,SD,NYM,,,Citi Field,,N,1
824723,2026,regular,2026-08-18,2026-08-18T23:10:00Z,scheduled,mlb-ari,mlb-bos,ARI,BOS,,,Fenway Park,,N,1
823667,2026,regular,2026-08-18,2026-08-18T23:40:00Z,scheduled,mlb-atl,mlb-min,ATL,MIN,,,Target Field,,N,1
823749,2026,regular,2026-08-18,2026-08-18T23:40:00Z,scheduled,mlb-sea,mlb-mil,SEA,MIL,,,American Family Field,,N,1
824075,2026,regular,2026-08-18,2026-08-18T23:40:00Z,scheduled,mlb-ath,mlb-kc,ATH,KC,,,Kauffman Stadium,,N,1
822859,2026,regular,2026-08-18,2026-08-19T00:05:00Z,scheduled,mlb-wsh,mlb-tex,WSH,TEX,,,Globe Life Field,,N,1
824639,2026,regular,2026-08-18,2026-08-19T00:05:00Z,scheduled,mlb-cws,mlb-chc,CWS,CHC,,,Wrigley Field,,N,1
824154,2026,regular,2026-08-18,2026-08-19T00:10:00Z,scheduled,mlb-laa,mlb-hou,LAA,HOU,,,Daikin Park,,N,1
824319,2026,regular,2026-08-18,2026-08-19T00:40:00Z,scheduled,mlb-lad,mlb-col,LAD,COL,,,Coors Field,,N,1
823342,2026,regular,2026-08-19,2026-08-19T16:35:00Z,scheduled,mlb-det,mlb-pit,DET,PIT,,,PNC Park,,N,1
823587,2026,regular,2026-08-19,2026-08-19T17:10:00Z,scheduled,mlb-sd,mlb-nym,SD,NYM,,,Citi Field,,N,1
823664,2026,regular,2026-08-19,2026-08-19T17:40:00Z,scheduled,mlb-atl,mlb-min,ATL,MIN,,,Target Field,,N,1
824640,2026,regular,2026-08-19,2026-08-19T18:20:00Z,scheduled,mlb-cws,mlb-chc,CWS,CHC,,,Wrigley Field,,N,1
824722,2026,regular,2026-08-19,2026-08-19T20:10:00Z,scheduled,mlb-ari,mlb-bos,ARI,BOS,,,Fenway Park,,N,1
823424,2026,regular,2026-08-19,2026-08-19T22:05:00Z,scheduled,mlb-mia,mlb-phi,MIA,PHI,,,Citizens Bank Park,,N,1
824801,2026,regular,2026-08-19,2026-08-19T22:35:00Z,scheduled,mlb-nyy,mlb-bal,NYY,BAL,,,Oriole Park at Camden Yards,,N,1
822937,2026,regular,2026-08-19,2026-08-19T22:40:00Z,scheduled,mlb-tor,mlb-tb,TOR,TB,,,Tropicana Field,,N,1
824394,2026,regular,2026-08-19,2026-08-19T22:40:00Z,scheduled,mlb-sf,mlb-cle,SF,CLE,,,Progressive Field,,N,1
824476,2026,regular,2026-08-19,2026-08-19T22:40:00Z,scheduled,mlb-stl,mlb-cin,STL,CIN,,,Great American Ball Park,,N,1
823748,2026,regular,2026-08-19,2026-08-19T23:40:00Z,scheduled,mlb-sea,mlb-mil,SEA,MIL,,,American Family Field,,N,1
824076,2026,regular,2026-08-19,2026-08-19T23:40:00Z,scheduled,mlb-ath,mlb-kc,ATH,KC,,,Kauffman Stadium,,N,1
822860,2026,regular,2026-08-19,2026-08-20T00:05:00Z,scheduled,mlb-wsh,mlb-tex,WSH,TEX,,,Globe Life Field,,N,1
824155,2026,regular,2026-08-19,2026-08-20T00:10:00Z,scheduled,mlb-laa,mlb-hou,LAA,HOU,,,Daikin Park,,N,1
824318,2026,regular,2026-08-19,2026-08-20T00:40:00Z,scheduled,mlb-lad,mlb-col,LAD,COL,,,Coors Field,,N,1
824589,2026,regular,2026-08-20,2026-06-11T23:40:00Z,postponed,mlb-atl,mlb-cws,ATL,CWS,,,Rate Field,,N,1
824474,2026,regular,2026-08-20,2026-08-20T16:40:00Z,scheduled,mlb-stl,mlb-cin,STL,CIN,,,Great American Ball Park,,N,1
822934,2026,regular,2026-08-20,2026-08-20T17:10:00Z,scheduled,mlb-tor,mlb-tb,TOR,TB,,,Tropicana Field,,N,1
824395,2026,regular,2026-08-20,2026-08-20T17:10:00Z,scheduled,mlb-sf,mlb-cle,SF,CLE,,,Progressive Field,,N,1
823747,2026,regular,2026-08-20,2026-08-20T18:10:00Z,scheduled,mlb-sea,mlb-mil,SEA,MIL,,,American Family Field,,N,1
824074,2026,regular,2026-08-20,2026-08-20T18:10:00Z,scheduled,mlb-ath,mlb-kc,ATH,KC,,,Kauffman Stadium,,N,1
824589,2026,regular,2026-08-20,2026-08-20T18:10:00Z,scheduled,mlb-atl,mlb-cws,ATL,CWS,,,Rate Field,,N,1
824802,2026,regular,2026-08-20,2026-08-20T22:35:00Z,scheduled,mlb-nyy,mlb-bal,NYY,BAL,,,Oriole Park at Camden Yards,,N,1
822861,2026,regular,2026-08-20,2026-08-21T00:05:00Z,scheduled,mlb-wsh,mlb-tex,WSH,TEX,,,Globe Life Field,,N,1
824153,2026,regular,2026-08-20,2026-08-21T00:10:00Z,scheduled,mlb-laa,mlb-hou,LAA,HOU,,,Daikin Park,,N,1
823746,2026,regular,2026-08-21,2026-08-21T20:10:00Z,scheduled,mlb-atl,mlb-mil,ATL,MIL,,,American Family Field,,N,1
823420,2026,regular,2026-08-21,2026-08-21T22:40:00Z,scheduled,mlb-stl,mlb-phi,STL,PHI,,,Citizens Bank Park,,N,1
823510,2026,regular,2026-08-21,2026-08-21T23:05:00Z,scheduled,mlb-tor,mlb-nyy,TOR,NYY,,,Yankee Stadium,,N,1
824800,2026,regular,2026-08-21,2026-08-21T23:05:00Z,scheduled,mlb-tb,mlb-bal,TB,BAL,,,Oriole Park at Camden Yards,,N,1
823830,2026,regular,2026-08-21,2026-08-21T23:10:00Z,scheduled,mlb-wsh,mlb-mia,WSH,MIA,,,loanDepot park,,N,1
824721,2026,regular,2026-08-21,2026-08-21T23:10:00Z,scheduled,mlb-sf,mlb-bos,SF,BOS,,,Fenway Park,,N,1
824559,2026,regular,2026-08-21,2026-08-21T23:40:00Z,scheduled,mlb-nym,mlb-cws,NYM,CWS,,,Rate Field,,N,1
822857,2026,regular,2026-08-21,2026-08-22T00:05:00Z,scheduled,mlb-laa,mlb-tex,LAA,TEX,,,Globe Life Field,,N,1
824072,2026,regular,2026-08-21,2026-08-22T00:10:00Z,scheduled,mlb-det,mlb-kc,DET,KC,,,Kauffman Stadium,,N,1
824152,2026,regular,2026-08-21,2026-08-22T00:10:00Z,scheduled,mlb-ath,mlb-hou,ATH,HOU,,,Daikin Park,,N,1
824317,2026,regular,2026-08-21,2026-08-22T00:40:00Z,scheduled,mlb-cle,mlb-col,CLE,COL,,,Coors Field,,N,1
823262,2026,regular,2026-08-21,2026-08-22T01:40:00Z,scheduled,mlb-min,mlb-sd,MIN,SD,,,Petco Park,,N,1
825045,2026,regular,2026-08-21,2026-08-22T01:40:00Z,scheduled,mlb-cin,mlb-ari,CIN,ARI,,,Chase Field,,N,1
823101,2026,regular,2026-08-21,2026-08-22T02:10:00Z,scheduled,mlb-chc,mlb-sea,CHC,SEA,,,T-Mobile Park,,N,1
823911,2026,regular,2026-08-21,2026-08-22T02:10:00Z,scheduled,mlb-pit,mlb-lad,PIT,LAD,,,UNIQLO Field at Dodger Stadium,,N,1
823509,2026,regular,2026-08-22,2026-08-22T17:35:00Z,scheduled,mlb-tor,mlb-nyy,TOR,NYY,,,Yankee Stadium,,N,1
823743,2026,regular,2026-08-22,2026-08-22T18:10:00Z,scheduled,mlb-atl,mlb-mil,ATL,MIL,,,American Family Field,,N,1
823831,2026,regular,2026-08-22,2026-08-22T20:10:00Z,scheduled,mlb-wsh,mlb-mia,WSH,MIA,,,loanDepot park,,N,1
823422,2026,regular,2026-08-22,2026-08-22T22:05:00Z,scheduled,mlb-stl,mlb-phi,STL,PHI,,,Citizens Bank Park,,N,1
822858,2026,regular,2026-08-22,2026-08-22T23:05:00Z,scheduled,mlb-laa,mlb-tex,LAA,TEX,,,Globe Life Field,,N,1
824798,2026,regular,2026-08-22,2026-08-22T23:05:00Z,scheduled,mlb-tb,mlb-bal,TB,BAL,,,Oriole Park at Camden Yards,,N,1
824151,2026,regular,2026-08-22,2026-08-22T23:10:00Z,scheduled,mlb-ath,mlb-hou,ATH,HOU,,,Daikin Park,,N,1
824560,2026,regular,2026-08-22,2026-08-22T23:10:00Z,scheduled,mlb-nym,mlb-cws,NYM,CWS,,,Rate Field,,N,1
823100,2026,regular,2026-08-22,2026-08-22T23:15:00Z,scheduled,mlb-chc,mlb-sea,CHC,SEA,,,T-Mobile Park,,N,1
824073,2026,regular,2026-08-22,2026-08-22T23:15:00Z,scheduled,mlb-det,mlb-kc,DET,KC,,,Kauffman Stadium,,N,1
824718,2026,regular,2026-08-22,2026-08-22T23:15:00Z,scheduled,mlb-sf,mlb-bos,SF,BOS,,,Fenway Park,,N,1
824316,2026,regular,2026-08-22,2026-08-23T00:10:00Z,scheduled,mlb-cle,mlb-col,CLE,COL,,,Coors Field,,N,1
825044,2026,regular,2026-08-22,2026-08-23T00:10:00Z,scheduled,mlb-cin,mlb-ari,CIN,ARI,,,Chase Field,,N,1
823261,2026,regular,2026-08-22,2026-08-23T00:40:00Z,scheduled,mlb-min,mlb-sd,MIN,SD,,,Petco Park,,N,1
823910,2026,regular,2026-08-22,2026-08-23T01:10:00Z,scheduled,mlb-pit,mlb-lad,PIT,LAD,,,UNIQLO Field at Dodger Stadium,,N,1
823421,2026,regular,2026-08-23,2026-08-23T17:35:00Z,scheduled,mlb-stl,mlb-phi,STL,PHI,,,Citizens Bank Park,,N,1
823507,2026,regular,2026-08-23,2026-08-23T17:35:00Z,scheduled,mlb-tor,mlb-nyy,TOR,NYY,,,Yankee Stadium,,N,1
824799,2026,regular,2026-08-23,2026-08-23T17:35:00Z,scheduled,mlb-tb,mlb-bal,TB,BAL,,,Oriole Park at Camden Yards,,N,1
823827,2026,regular,2026-08-23,2026-08-23T17:40:00Z,scheduled,mlb-wsh,mlb-mia,WSH,MIA,,,loanDepot park,,N,1
824071,2026,regular,2026-08-23,2026-08-23T18:10:00Z,scheduled,mlb-det,mlb-kc,DET,KC,,,Kauffman Stadium,,N,1
824150,2026,regular,2026-08-23,2026-08-23T18:10:00Z,scheduled,mlb-ath,mlb-hou,ATH,HOU,,,Daikin Park,,N,1
824558,2026,regular,2026-08-23,2026-08-23T18:10:00Z,scheduled,mlb-nym,mlb-cws,NYM,CWS,,,Rate Field,,N,1
822856,2026,regular,2026-08-23,2026-08-23T18:35:00Z,scheduled,mlb-laa,mlb-tex,LAA,TEX,,,Globe Life Field,,N,1
824315,2026,regular,2026-08-23,2026-08-23T19:10:00Z,scheduled,mlb-cle,mlb-col,CLE,COL,,,Coors Field,,N,1
824720,2026,regular,2026-08-23,2026-08-23T19:10:00Z,scheduled,mlb-sf,mlb-bos,SF,BOS,,,Fenway Park,,N,1
823099,2026,regular,2026-08-23,2026-08-23T20:10:00Z,scheduled,mlb-chc,mlb-sea,CHC,SEA,,,T-Mobile Park,,N,1
823258,2026,regular,2026-08-23,2026-08-23T20:10:00Z,scheduled,mlb-min,mlb-sd,MIN,SD,,,Petco Park,,N,1
823909,2026,regular,2026-08-23,2026-08-23T20:10:00Z,scheduled,mlb-pit,mlb-lad,PIT,LAD,,,UNIQLO Field at Dodger Stadium,,N,1
825043,2026,regular,2026-08-23,2026-08-23T20:15:00Z,scheduled,mlb-cin,mlb-ari,CIN,ARI,,,Chase Field,,N,1
823745,2026,regular,2026-08-23,2026-08-23T23:10:00Z,scheduled,mlb-atl,mlb-mil,ATL,MIL,,,Journey Bank Ballpark,,N,1
823828,2026,regular,2026-08-24,2026-08-24T22:40:00Z,scheduled,mlb-bos,mlb-mia,BOS,MIA,,,loanDepot park,,N,1
824235,2026,regular,2026-08-24,2026-08-24T22:40:00Z,scheduled,mlb-tb,mlb-det,TB,DET,,,Comerica Park,,N,1
822695,2026,regular,2026-08-24,2026-08-24T22:45:00Z,scheduled,mlb-col,mlb-wsh,COL,WSH,,,Nationals Park,,N,1
824557,2026,regular,2026-08-24,2026-08-24T23:40:00Z,scheduled,mlb-tex,mlb-cws,TEX,CWS,,,Rate Field,,N,1
823992,2026,regular,2026-08-24,2026-08-25T01:38:00Z,scheduled,mlb-cle,mlb-laa,CLE,LAA,,,Angel Stadium,,N,1
823097,2026,regular,2026-08-24,2026-08-25T01:40:00Z,scheduled,mlb-phi,mlb-sea,PHI,SEA,,,T-Mobile Park,,N,1
823260,2026,regular,2026-08-24,2026-08-25T01:40:00Z,scheduled,mlb-pit,mlb-sd,PIT,SD,,,Petco Park,,N,1
824964,2026,regular,2026-08-24,2026-08-25T01:40:00Z,scheduled,mlb-min,mlb-ath,MIN,ATH,,,Sutter Health Park,,N,1
825041,2026,regular,2026-08-24,2026-08-25T01:40:00Z,scheduled,mlb-chc,mlb-ari,CHC,ARI,,,Chase Field,,N,1
823183,2026,regular,2026-08-24,2026-08-25T01:45:00Z,scheduled,mlb-cin,mlb-sf,CIN,SF,,,Oracle Park,,N,1
823826,2026,regular,2026-08-25,2026-08-25T22:40:00Z,scheduled,mlb-bos,mlb-mia,BOS,MIA,,,loanDepot park,,N,1
824233,2026,regular,2026-08-25,2026-08-25T22:40:00Z,scheduled,mlb-tb,mlb-det,TB,DET,,,Comerica Park,,N,1
822693,2026,regular,2026-08-25,2026-08-25T22:45:00Z,scheduled,mlb-col,mlb-wsh,COL,WSH,,,Nationals Park,,N,1
823505,2026,regular,2026-08-25,2026-08-25T23:05:00Z,scheduled,mlb-hou,mlb-nyy,HOU,NYY,,,Yankee Stadium,,N,1
822773,2026,regular,2026-08-25,2026-08-25T23:07:00Z,scheduled,mlb-kc,mlb-tor,KC,TOR,,,Rogers Centre,,N,1
823585,2026,regular,2026-08-25,2026-08-25T23:10:00Z,scheduled,mlb-mil,mlb-nym,MIL,NYM,,,Citi Field,,N,1
824881,2026,regular,2026-08-25,2026-08-25T23:15:00Z,scheduled,mlb-lad,mlb-atl,LAD,ATL,,,Truist Park,,N,1
824556,2026,regular,2026-08-25,2026-08-25T23:40:00Z,scheduled,mlb-tex,mlb-cws,TEX,CWS,,,Rate Field,,N,1
823016,2026,regular,2026-08-25,2026-08-25T23:45:00Z,scheduled,mlb-bal,mlb-stl,BAL,STL,,,Busch Stadium,,N,1
823989,2026,regular,2026-08-25,2026-08-26T01:38:00Z,scheduled,mlb-cle,mlb-laa,CLE,LAA,,,Angel Stadium,,N,1
823098,2026,regular,2026-08-25,2026-08-26T01:40:00Z,scheduled,mlb-phi,mlb-sea,PHI,SEA,,,T-Mobile Park,,N,1
823259,2026,regular,2026-08-25,2026-08-26T01:40:00Z,scheduled,mlb-pit,mlb-sd,PIT,SD,,,Petco Park,,N,1
824962,2026,regular,2026-08-25,2026-08-26T01:40:00Z,scheduled,mlb-min,mlb-ath,MIN,ATH,,,Sutter Health Park,,N,1
825042,2026,regular,2026-08-25,2026-08-26T01:40:00Z,scheduled,mlb-chc,mlb-ari,CHC,ARI,,,Chase Field,,N,1
823181,2026,regular,2026-08-25,2026-08-26T01:45:00Z,scheduled,mlb-cin,mlb-sf,CIN,SF,,,Oracle Park,,N,1
824234,2026,regular,2026-08-26,2026-08-26T17:10:00Z,scheduled,mlb-tb,mlb-det,TB,DET,,,Comerica Park,,N,1
825039,2026,regular,2026-08-26,2026-08-26T19:40:00Z,scheduled,mlb-chc,mlb-ari,CHC,ARI,,,Chase Field,,N,1
823180,2026,regular,2026-08-26,2026-08-26T19:45:00Z,scheduled,mlb-cin,mlb-sf,CIN,SF,,,Oracle Park,,N,1
823988,2026,regular,2026-08-26,2026-08-26T20:07:00Z,scheduled,mlb-cle,mlb-laa,CLE,LAA,,,Angel Stadium,,N,1
823096,2026,regular,2026-08-26,2026-08-26T20:10:00Z,scheduled,mlb-phi,mlb-sea,PHI,SEA,,,T-Mobile Park,,N,1
823255,2026,regular,2026-08-26,2026-08-26T20:10:00Z,scheduled,mlb-pit,mlb-sd,PIT,SD,,,Petco Park,,N,1
823825,2026,regular,2026-08-26,2026-08-26T22:40:00Z,scheduled,mlb-bos,mlb-mia,BOS,MIA,,,loanDepot park,,N,1
822692,2026,regular,2026-08-26,2026-08-26T22:45:00Z,scheduled,mlb-col,mlb-wsh,COL,WSH,,,Nationals Park,,N,1
823506,2026,regular,2026-08-26,2026-08-26T23:05:00Z,scheduled,mlb-hou,mlb-nyy,HOU,NYY,,,Yankee Stadium,,N,1
822772,2026,regular,2026-08-26,2026-08-26T23:07:00Z,scheduled,mlb-kc,mlb-tor,KC,TOR,,,Rogers Centre,,N,1
823584,2026,regular,2026-08-26,2026-08-26T23:10:00Z,scheduled,mlb-mil,mlb-nym,MIL,NYM,,,Citi Field,,N,1
824878,2026,regular,2026-08-26,2026-08-26T23:15:00Z,scheduled,mlb-lad,mlb-atl,LAD,ATL,,,Truist Park,,N,1
824555,2026,regular,2026-08-26,2026-08-26T23:40:00Z,scheduled,mlb-tex,mlb-cws,TEX,CWS,,,Rate Field,,N,1
823015,2026,regular,2026-08-26,2026-08-26T23:45:00Z,scheduled,mlb-bal,mlb-stl,BAL,STL,,,Busch Stadium,,N,1
824963,2026,regular,2026-08-26,2026-08-27T01:05:00Z,scheduled,mlb-min,mlb-ath,MIN,ATH,,,Sutter Health Park,,N,1
822694,2026,regular,2026-08-27,2026-08-27T17:05:00Z,scheduled,mlb-col,mlb-wsh,COL,WSH,,,Nationals Park,,N,1
823014,2026,regular,2026-08-27,2026-08-27T18:15:00Z,scheduled,mlb-bal,mlb-stl,BAL,STL,,,Busch Stadium,,N,1
823503,2026,regular,2026-08-27,2026-08-27T23:05:00Z,scheduled,mlb-hou,mlb-nyy,HOU,NYY,,,Yankee Stadium,,N,1
822771,2026,regular,2026-08-27,2026-08-27T23:07:00Z,scheduled,mlb-kc,mlb-tor,KC,TOR,,,Rogers Centre,,N,1
823581,2026,regular,2026-08-27,2026-08-27T23:10:00Z,scheduled,mlb-mil,mlb-nym,MIL,NYM,,,Citi Field,,N,1
824879,2026,regular,2026-08-27,2026-08-27T23:15:00Z,scheduled,mlb-lad,mlb-atl,LAD,ATL,,,Truist Park,,N,1
823179,2026,regular,2026-08-27,2026-08-28T01:45:00Z,scheduled,mlb-ari,mlb-sf,ARI,SF,,,Oracle Park,,N,1
824638,2026,regular,2026-08-28,2026-08-28T18:20:00Z,scheduled,mlb-cin,mlb-chc,CIN,CHC,,,Wrigley Field,,N,1
824231,2026,regular,2026-08-28,2026-08-28T22:40:00Z,scheduled,mlb-lad,mlb-det,LAD,DET,,,Comerica Park,,N,1
822691,2026,regular,2026-08-28,2026-08-28T22:45:00Z,scheduled,mlb-mia,mlb-wsh,MIA,WSH,,,Nationals Park,,N,1
823504,2026,regular,2026-08-28,2026-08-28T23:05:00Z,scheduled,mlb-bos,mlb-nyy,BOS,NYY,,,Yankee Stadium,,N,1
822769,2026,regular,2026-08-28,2026-08-28T23:07:00Z,scheduled,mlb-sea,mlb-tor,SEA,TOR,,,Rogers Centre,,N,1
822935,2026,regular,2026-08-28,2026-08-28T23:10:00Z,scheduled,mlb-sd,mlb-tb,SD,TB,,,Tropicana Field,,N,1
823583,2026,regular,2026-08-28,2026-08-28T23:10:00Z,scheduled,mlb-hou,mlb-nym,HOU,NYM,,,Citi Field,,N,1
824396,2026,regular,2026-08-28,2026-08-28T23:10:00Z,scheduled,mlb-kc,mlb-cle,KC,CLE,,,Progressive Field,,N,1
824877,2026,regular,2026-08-28,2026-08-28T23:15:00Z,scheduled,mlb-col,mlb-atl,COL,ATL,,,Truist Park,,N,1
823744,2026,regular,2026-08-28,2026-08-28T23:40:00Z,scheduled,mlb-tex,mlb-mil,TEX,MIL,,,American Family Field,,N,1
823666,2026,regular,2026-08-28,2026-08-29T00:10:00Z,scheduled,mlb-cws,mlb-min,CWS,MIN,,,Target Field,,N,1
823013,2026,regular,2026-08-28,2026-08-29T00:15:00Z,scheduled,mlb-pit,mlb-stl,PIT,STL,,,Busch Stadium,,N,1
823985,2026,regular,2026-08-28,2026-08-29T01:38:00Z,scheduled,mlb-phi,mlb-laa,PHI,LAA,,,Angel Stadium,,N,1
824960,2026,regular,2026-08-28,2026-08-29T01:40:00Z,scheduled,mlb-bal,mlb-ath,BAL,ATH,,,Sutter Health Park,,N,1
823178,2026,regular,2026-08-28,2026-08-29T02:15:00Z,scheduled,mlb-ari,mlb-sf,ARI,SF,,,Oracle Park,,N,1
823539,2026,regular,2026-08-29,2026-06-06T23:35:00Z,postponed,mlb-bos,mlb-nyy,BOS,NYY,,,Yankee Stadium,,N,1
823539,2026,regular,2026-08-29,2026-08-29T17:05:00Z,scheduled,mlb-bos,mlb-nyy,BOS,NYY,,,Yankee Stadium,,S,1
824230,2026,regular,2026-08-29,2026-08-29T17:10:00Z,scheduled,mlb-lad,mlb-det,LAD,DET,,,Comerica Park,,N,1
823665,2026,regular,2026-08-29,2026-08-29T18:10:00Z,scheduled,mlb-cws,mlb-min,CWS,MIN,,,Target Field,,N,1
823011,2026,regular,2026-08-29,2026-08-29T18:15:00Z,scheduled,mlb-pit,mlb-stl,PIT,STL,,,Busch Stadium,,N,1
824637,2026,regular,2026-08-29,2026-08-29T18:20:00Z,scheduled,mlb-cin,mlb-chc,CIN,CHC,,,Wrigley Field,,N,1
822770,2026,regular,2026-08-29,2026-08-29T19:07:00Z,scheduled,mlb-sea,mlb-tor,SEA,TOR,,,Rogers Centre,,N,1
822690,2026,regular,2026-08-29,2026-08-29T20:05:00Z,scheduled,mlb-mia,mlb-wsh,MIA,WSH,,,Nationals Park,,N,1
823177,2026,regular,2026-08-29,2026-08-29T20:05:00Z,scheduled,mlb-ari,mlb-sf,ARI,SF,,,Oracle Park,,S,1
822936,2026,regular,2026-08-29,2026-08-29T20:10:00Z,scheduled,mlb-sd,mlb-tb,SD,TB,,,Tropicana Field,,N,1
823582,2026,regular,2026-08-29,2026-08-29T20:10:00Z,scheduled,mlb-hou,mlb-nym,HOU,NYM,,,Citi Field,,N,1
824392,2026,regular,2026-08-29,2026-08-29T20:10:00Z,scheduled,mlb-kc,mlb-cle,KC,CLE,,,Progressive Field,,N,1
824874,2026,regular,2026-08-29,2026-08-29T20:10:00Z,scheduled,mlb-col,mlb-atl,COL,ATL,,,Truist Park,,N,1
823501,2026,regular,2026-08-29,2026-08-29T23:15:00Z,scheduled,mlb-bos,mlb-nyy,BOS,NYY,,,Yankee Stadium,,S,2
823741,2026,regular,2026-08-29,2026-08-29T23:15:00Z,scheduled,mlb-tex,mlb-mil,TEX,MIL,,,American Family Field,,N,1
823176,2026,regular,2026-08-29,2026-08-30T02:05:00Z,scheduled,mlb-ari,mlb-sf,ARI,SF,,,Oracle Park,,S,2
824961,2026,regular,2026-08-29,2026-08-30T02:05:00Z,scheduled,mlb-bal,mlb-ath,BAL,ATH,,,Sutter Health Park,,N,1
823986,2026,regular,2026-08-29,2026-08-30T02:07:00Z,scheduled,mlb-phi,mlb-laa,PHI,LAA,,,Angel Stadium,,N,1
822688,2026,regular,2026-08-30,2026-08-30T16:15:00Z,scheduled,mlb-mia,mlb-wsh,MIA,WSH,,,Nationals Park,,N,1
823502,2026,regular,2026-08-30,2026-08-30T17:35:00Z,scheduled,mlb-bos,mlb-nyy,BOS,NYY,,,Yankee Stadium,,N,1
824876,2026,regular,2026-08-30,2026-08-30T17:35:00Z,scheduled,mlb-col,mlb-atl,COL,ATL,,,Truist Park,,N,1
822766,2026,regular,2026-08-30,2026-08-30T17:37:00Z,scheduled,mlb-sea,mlb-tor,SEA,TOR,,,Rogers Centre,,N,1
822933,2026,regular,2026-08-30,2026-08-30T17:40:00Z,scheduled,mlb-sd,mlb-tb,SD,TB,,,Tropicana Field,,N,1
824232,2026,regular,2026-08-30,2026-08-30T17:40:00Z,scheduled,mlb-lad,mlb-det,LAD,DET,,,Comerica Park,,N,1
824393,2026,regular,2026-08-30,2026-08-30T17:40:00Z,scheduled,mlb-kc,mlb-cle,KC,CLE,,,Progressive Field,,N,1
823662,2026,regular,2026-08-30,2026-08-30T18:10:00Z,scheduled,mlb-cws,mlb-min,CWS,MIN,,,Target Field,,N,1
823740,2026,regular,2026-08-30,2026-08-30T18:10:00Z,scheduled,mlb-tex,mlb-mil,TEX,MIL,,,American Family Field,,N,1
823010,2026,regular,2026-08-30,2026-08-30T18:15:00Z,scheduled,mlb-pit,mlb-stl,PIT,STL,,,Busch Stadium,,N,1
824636,2026,regular,2026-08-30,2026-08-30T19:10:00Z,scheduled,mlb-cin,mlb-chc,CIN,CHC,,,Wrigley Field,,N,1
824959,2026,regular,2026-08-30,2026-08-30T20:05:00Z,scheduled,mlb-bal,mlb-ath,BAL,ATH,,,Sutter Health Park,,N,1
823987,2026,regular,2026-08-30,2026-08-30T20:07:00Z,scheduled,mlb-phi,mlb-laa,PHI,LAA,,,Angel Stadium,,N,1
823580,2026,regular,2026-08-30,2026-08-30T23:20:00Z,scheduled,mlb-hou,mlb-nym,HOU,NYM,,,Citi Field,,N,1
824911,2026,regular,2026-08-31,2026-06-18T23:15:00Z,postponed,mlb-sf,mlb-atl,SF,ATL,,,Truist Park,,N,1
824911,2026,regular,2026-08-31,2026-08-31T22:05:00Z,scheduled,mlb-sf,mlb-atl,SF,ATL,,,Truist Park,,N,1
822932,2026,regular,2026-08-31,2026-08-31T22:40:00Z,scheduled,mlb-nym,mlb-tb,NYM,TB,,,Tropicana Field,,N,1
824473,2026,regular,2026-08-31,2026-08-31T22:40:00Z,scheduled,mlb-sd,mlb-cin,SD,CIN,,,Great American Ball Park,,N,1
822689,2026,regular,2026-08-31,2026-08-31T22:45:00Z,scheduled,mlb-mia,mlb-wsh,MIA,WSH,,,Nationals Park,,N,1
824719,2026,regular,2026-08-31,2026-08-31T22:45:00Z,scheduled,mlb-sea,mlb-bos,SEA,BOS,,,Fenway Park,,N,1
823663,2026,regular,2026-08-31,2026-08-31T23:40:00Z,scheduled,mlb-det,mlb-min,DET,MIN,,,Target Field,,N,1
824635,2026,regular,2026-08-31,2026-08-31T23:40:00Z,scheduled,mlb-mil,mlb-chc,MIL,CHC,,,Wrigley Field,,N,1
822855,2026,regular,2026-08-31,2026-09-01T00:05:00Z,scheduled,mlb-ath,mlb-tex,ATH,TEX,,,Globe Life Field,,N,1
824149,2026,regular,2026-08-31,2026-09-01T00:10:00Z,scheduled,mlb-cws,mlb-hou,CWS,HOU,,,Daikin Park,,N,1
824314,2026,regular,2026-08-31,2026-09-01T00:40:00Z,scheduled,mlb-bal,mlb-col,BAL,COL,,,Coors Field,,N,1
823982,2026,regular,2026-08-31,2026-09-01T01:38:00Z,scheduled,mlb-nyy,mlb-laa,NYY,LAA,,,Angel Stadium,,N,1
825040,2026,regular,2026-08-31,2026-09-01T01:40:00Z,scheduled,mlb-phi,mlb-ari,PHI,ARI,,,Chase Field,,N,1
822929,2026,regular,2026-09-01,2026-09-01T22:40:00Z,scheduled,mlb-nym,mlb-tb,NYM,TB,,,Tropicana Field,,N,1
823340,2026,regular,2026-09-01,2026-09-01T22:40:00Z,scheduled,mlb-sf,mlb-pit,SF,PIT,,,PNC Park,,N,1
824391,2026,regular,2026-09-01,2026-09-01T22:40:00Z,scheduled,mlb-tor,mlb-cle,TOR,CLE,,,Progressive Field,,N,1
824472,2026,regular,2026-09-01,2026-09-01T22:40:00Z,scheduled,mlb-sd,mlb-cin,SD,CIN,,,Great American Ball Park,,N,1
822687,2026,regular,2026-09-01,2026-09-01T22:45:00Z,scheduled,mlb-atl,mlb-wsh,ATL,WSH,,,Nationals Park,,N,1
824716,2026,regular,2026-09-01,2026-09-01T22:45:00Z,scheduled,mlb-sea,mlb-bos,SEA,BOS,,,Fenway Park,,N,1
823661,2026,regular,2026-09-01,2026-09-01T23:40:00Z,scheduled,mlb-det,mlb-min,DET,MIN,,,Target Field,,N,1
824070,2026,regular,2026-09-01,2026-09-01T23:40:00Z,scheduled,mlb-mia,mlb-kc,MIA,KC,,,Kauffman Stadium,,N,1
824633,2026,regular,2026-09-01,2026-09-01T23:40:00Z,scheduled,mlb-mil,mlb-chc,MIL,CHC,,,Wrigley Field,,N,1
822854,2026,regular,2026-09-01,2026-09-02T00:05:00Z,scheduled,mlb-ath,mlb-tex,ATH,TEX,,,Globe Life Field,,N,1
824148,2026,regular,2026-09-01,2026-09-02T00:10:00Z,scheduled,mlb-cws,mlb-hou,CWS,HOU,,,Daikin Park,,N,1
824313,2026,regular,2026-09-01,2026-09-02T00:40:00Z,scheduled,mlb-bal,mlb-col,BAL,COL,,,Coors Field,,N,1
823984,2026,regular,2026-09-01,2026-09-02T01:38:00Z,scheduled,mlb-nyy,mlb-laa,NYY,LAA,,,Angel Stadium,,N,1
825038,2026,regular,2026-09-01,2026-09-02T01:40:00Z,scheduled,mlb-phi,mlb-ari,PHI,ARI,,,Chase Field,,N,1
823908,2026,regular,2026-09-01,2026-09-02T02:10:00Z,scheduled,mlb-stl,mlb-lad,STL,LAD,,,UNIQLO Field at Dodger Stadium,,N,1
824470,2026,regular,2026-09-02,2026-09-02T16:40:00Z,scheduled,mlb-sd,mlb-cin,SD,CIN,,,Great American Ball Park,,N,1
822686,2026,regular,2026-09-02,2026-09-02T17:05:00Z,scheduled,mlb-atl,mlb-wsh,ATL,WSH,,,Nationals Park,,N,1
822851,2026,regular,2026-09-02,2026-09-02T18:35:00Z,scheduled,mlb-ath,mlb-tex,ATH,TEX,,,Globe Life Field,,N,1
824312,2026,regular,2026-09-02,2026-09-02T19:10:00Z,scheduled,mlb-bal,mlb-col,BAL,COL,,,Coors Field,,N,1
825037,2026,regular,2026-09-02,2026-09-02T19:40:00Z,scheduled,mlb-phi,mlb-ari,PHI,ARI,,,Chase Field,,N,1
824717,2026,regular,2026-09-02,2026-09-02T20:10:00Z,scheduled,mlb-sea,mlb-bos,SEA,BOS,,,Fenway Park,,N,1
822931,2026,regular,2026-09-02,2026-09-02T22:40:00Z,scheduled,mlb-nym,mlb-tb,NYM,TB,,,Tropicana Field,,N,1
823339,2026,regular,2026-09-02,2026-09-02T22:40:00Z,scheduled,mlb-sf,mlb-pit,SF,PIT,,,PNC Park,,N,1
824390,2026,regular,2026-09-02,2026-09-02T22:40:00Z,scheduled,mlb-tor,mlb-cle,TOR,CLE,,,Progressive Field,,N,1
823660,2026,regular,2026-09-02,2026-09-02T23:40:00Z,scheduled,mlb-det,mlb-min,DET,MIN,,,Target Field,,N,1
824068,2026,regular,2026-09-02,2026-09-02T23:40:00Z,scheduled,mlb-mia,mlb-kc,MIA,KC,,,Kauffman Stadium,,N,1
824634,2026,regular,2026-09-02,2026-09-02T23:40:00Z,scheduled,mlb-mil,mlb-chc,MIL,CHC,,,Wrigley Field,,N,1
824147,2026,regular,2026-09-02,2026-09-03T00:10:00Z,scheduled,mlb-cws,mlb-hou,CWS,HOU,,,Daikin Park,,N,1
823983,2026,regular,2026-09-02,2026-09-03T01:38:00Z,scheduled,mlb-nyy,mlb-laa,NYY,LAA,,,Angel Stadium,,N,1
823906,2026,regular,2026-09-02,2026-09-03T02:10:00Z,scheduled,mlb-stl,mlb-lad,STL,LAD,,,UNIQLO Field at Dodger Stadium,,N,1
823337,2026,regular,2026-09-03,2026-09-03T16:35:00Z,scheduled,mlb-sf,mlb-pit,SF,PIT,,,PNC Park,,N,1
824388,2026,regular,2026-09-03,2026-09-03T17:10:00Z,scheduled,mlb-tor,mlb-cle,TOR,CLE,,,Progressive Field,,N,1
824144,2026,regular,2026-09-03,2026-09-03T18:10:00Z,scheduled,mlb-cws,mlb-hou,CWS,HOU,,,Daikin Park,,N,1
824632,2026,regular,2026-09-03,2026-09-03T23:15:00Z,scheduled,mlb-mil,mlb-chc,MIL,CHC,,,Wrigley Field,,N,1
824796,2026,regular,2026-09-03,2026-09-03T23:15:00Z,scheduled,mlb-bos,mlb-bal,BOS,BAL,,,Oriole Park at Camden Yards,,N,1
824069,2026,regular,2026-09-03,2026-09-03T23:40:00Z,scheduled,mlb-mia,mlb-kc,MIA,KC,,,Kauffman Stadium,,N,1
822853,2026,regular,2026-09-03,2026-09-04T00:05:00Z,scheduled,mlb-tb,mlb-tex,TB,TEX,,,Globe Life Field,,N,1
823095,2026,regular,2026-09-03,2026-09-04T01:40:00Z,scheduled,mlb-ath,mlb-sea,ATH,SEA,,,T-Mobile Park,,N,1
823907,2026,regular,2026-09-03,2026-09-04T02:10:00Z,scheduled,mlb-stl,mlb-lad,STL,LAD,,,UNIQLO Field at Dodger Stadium,,N,1
824424,2026,regular,2026-09-04,2026-06-14T17:40:00Z,postponed,mlb-det,mlb-cle,DET,CLE,,,Progressive Field,,N,1
824424,2026,regular,2026-09-04,2026-09-04T18:10:00Z,scheduled,mlb-det,mlb-cle,DET,CLE,,,Progressive Field,,S,1
824471,2026,regular,2026-09-04,2026-09-04T22:10:00Z,scheduled,mlb-mil,mlb-cin,MIL,CIN,,,Great American Ball Park,,N,1
823338,2026,regular,2026-09-04,2026-09-04T22:40:00Z,scheduled,mlb-laa,mlb-pit,LAA,PIT,,,PNC Park,,N,1
823418,2026,regular,2026-09-04,2026-09-04T22:40:00Z,scheduled,mlb-atl,mlb-phi,ATL,PHI,,,Citizens Bank Park,,N,1
824797,2026,regular,2026-09-04,2026-09-04T23:05:00Z,scheduled,mlb-bos,mlb-bal,BOS,BAL,,,Oriole Park at Camden Yards,,N,1
823579,2026,regular,2026-09-04,2026-09-04T23:10:00Z,scheduled,mlb-sf,mlb-nym,SF,NYM,,,Citi Field,,N,1
823824,2026,regular,2026-09-04,2026-09-04T23:10:00Z,scheduled,mlb-chc,mlb-mia,CHC,MIA,,,loanDepot park,,N,1
824387,2026,regular,2026-09-04,2026-09-04T23:10:00Z,scheduled,mlb-det,mlb-cle,DET,CLE,,,Progressive Field,,S,2
824554,2026,regular,2026-09-04,2026-09-04T23:40:00Z,scheduled,mlb-min,mlb-cws,MIN,CWS,,,Rate Field,,N,1
822852,2026,regular,2026-09-04,2026-09-05T00:05:00Z,scheduled,mlb-tb,mlb-tex,TB,TEX,,,Globe Life Field,,N,1
824067,2026,regular,2026-09-04,2026-09-05T00:10:00Z,scheduled,mlb-tor,mlb-kc,TOR,KC,,,Kauffman Stadium,,N,1
824146,2026,regular,2026-09-04,2026-09-05T00:10:00Z,scheduled,mlb-ari,mlb-hou,ARI,HOU,,,Daikin Park,,N,1
824311,2026,regular,2026-09-04,2026-09-05T00:40:00Z,scheduled,mlb-stl,mlb-col,STL,COL,,,Coors Field,,N,1
823256,2026,regular,2026-09-04,2026-09-05T01:40:00Z,scheduled,mlb-nyy,mlb-sd,NYY,SD,,,Petco Park,,N,1
823093,2026,regular,2026-09-04,2026-09-05T02:10:00Z,scheduled,mlb-ath,mlb-sea,ATH,SEA,,,T-Mobile Park,,N,1
823905,2026,regular,2026-09-04,2026-09-05T02:10:00Z,scheduled,mlb-wsh,mlb-lad,WSH,LAD,,,UNIQLO Field at Dodger Stadium,,N,1
823577,2026,regular,2026-09-05,2026-09-05T20:10:00Z,scheduled,mlb-sf,mlb-nym,SF,NYM,,,Citi Field,,N,1
823823,2026,regular,2026-09-05,2026-09-05T20:10:00Z,scheduled,mlb-chc,mlb-mia,CHC,MIA,,,loanDepot park,,N,1
823419,2026,regular,2026-09-05,2026-09-05T22:05:00Z,scheduled,mlb-atl,mlb-phi,ATL,PHI,,,Citizens Bank Park,,N,1
824389,2026,regular,2026-09-05,2026-09-05T22:10:00Z,scheduled,mlb-det,mlb-cle,DET,CLE,,,Progressive Field,,N,1
823335,2026,regular,2026-09-05,2026-09-05T22:40:00Z,scheduled,mlb-laa,mlb-pit,LAA,PIT,,,PNC Park,,N,1
824468,2026,regular,2026-09-05,2026-09-05T22:40:00Z,scheduled,mlb-mil,mlb-cin,MIL,CIN,,,Great American Ball Park,,N,1
822850,2026,regular,2026-09-05,2026-09-05T23:05:00Z,scheduled,mlb-tb,mlb-tex,TB,TEX,,,Globe Life Field,,N,1
824795,2026,regular,2026-09-05,2026-09-05T23:05:00Z,scheduled,mlb-bos,mlb-bal,BOS,BAL,,,Oriole Park at Camden Yards,,N,1
824066,2026,regular,2026-09-05,2026-09-05T23:10:00Z,scheduled,mlb-tor,mlb-kc,TOR,KC,,,Kauffman Stadium,,N,1
824553,2026,regular,2026-09-05,2026-09-05T23:10:00Z,scheduled,mlb-min,mlb-cws,MIN,CWS,,,Rate Field,,N,1
823257,2026,regular,2026-09-05,2026-09-05T23:15:00Z,scheduled,mlb-nyy,mlb-sd,NYY,SD,,,Petco Park,,N,1
824145,2026,regular,2026-09-05,2026-09-05T23:15:00Z,scheduled,mlb-ari,mlb-hou,ARI,HOU,,,Daikin Park,,N,1
824310,2026,regular,2026-09-05,2026-09-06T00:10:00Z,scheduled,mlb-stl,mlb-col,STL,COL,,,Coors Field,,N,1
823904,2026,regular,2026-09-05,2026-09-06T01:10:00Z,scheduled,mlb-wsh,mlb-lad,WSH,LAD,,,UNIQLO Field at Dodger Stadium,,N,1
823094,2026,regular,2026-09-05,2026-09-06T01:40:00Z,scheduled,mlb-ath,mlb-sea,ATH,SEA,,,T-Mobile Park,,N,1
824469,2026,regular,2026-09-06,2026-09-06T16:10:00Z,scheduled,mlb-mil,mlb-cin,MIL,CIN,,,Great American Ball Park,,N,1
823417,2026,regular,2026-09-06,2026-09-06T17:10:00Z,scheduled,mlb-atl,mlb-phi,ATL,PHI,,,Citizens Bank Park,,N,1
823336,2026,regular,2026-09-06,2026-09-06T17:35:00Z,scheduled,mlb-laa,mlb-pit,LAA,PIT,,,PNC Park,,N,1
824794,2026,regular,2026-09-06,2026-09-06T17:35:00Z,scheduled,mlb-bos,mlb-bal,BOS,BAL,,,Oriole Park at Camden Yards,,N,1
823578,2026,regular,2026-09-06,2026-09-06T17:40:00Z,scheduled,mlb-sf,mlb-nym,SF,NYM,,,Citi Field,,N,1
823822,2026,regular,2026-09-06,2026-09-06T17:40:00Z,scheduled,mlb-chc,mlb-mia,CHC,MIA,,,loanDepot park,,N,1
824385,2026,regular,2026-09-06,2026-09-06T17:40:00Z,scheduled,mlb-det,mlb-cle,DET,CLE,,,Progressive Field,,N,1
824142,2026,regular,2026-09-06,2026-09-06T18:10:00Z,scheduled,mlb-ari,mlb-hou,ARI,HOU,,,Daikin Park,,N,1
824552,2026,regular,2026-09-06,2026-09-06T18:10:00Z,scheduled,mlb-min,mlb-cws,MIN,CWS,,,Rate Field,,N,1
822848,2026,regular,2026-09-06,2026-09-06T18:35:00Z,scheduled,mlb-tb,mlb-tex,TB,TEX,,,Globe Life Field,,N,1
824309,2026,regular,2026-09-06,2026-09-06T19:10:00Z,scheduled,mlb-stl,mlb-col,STL,COL,,,Coors Field,,N,1
823091,2026,regular,2026-09-06,2026-09-06T20:10:00Z,scheduled,mlb-ath,mlb-sea,ATH,SEA,,,T-Mobile Park,,N,1
823253,2026,regular,2026-09-06,2026-09-06T20:10:00Z,scheduled,mlb-nyy,mlb-sd,NYY,SD,,,Petco Park,,N,1
824065,2026,regular,2026-09-06,2026-09-06T23:20:00Z,scheduled,mlb-tor,mlb-kc,TOR,KC,,,Kauffman Stadium,,N,1
823903,2026,regular,2026-09-06,2026-09-07T02:10:00Z,scheduled,mlb-wsh,mlb-lad,WSH,LAD,,,UNIQLO Field at Dodger Stadium,,N,1
823415,2026,regular,2026-09-07,2026-09-07T17:05:00Z,scheduled,mlb-atl,mlb-phi,ATL,PHI,,,Citizens Bank Park,,N,1
823820,2026,regular,2026-09-07,2026-09-07T17:10:00Z,scheduled,mlb-nym,mlb-mia,NYM,MIA,,,loanDepot park,,N,1
824229,2026,regular,2026-09-07,2026-09-07T17:10:00Z,scheduled,mlb-min,mlb-det,MIN,DET,,,Comerica Park,,N,1
824715,2026,regular,2026-09-07,2026-09-07T17:35:00Z,scheduled,mlb-laa,mlb-bos,LAA,BOS,,,Fenway Park,,N,1
824793,2026,regular,2026-09-07,2026-09-07T17:35:00Z,scheduled,mlb-cle,mlb-bal,CLE,BAL,,,Oriole Park at Camden Yards,,N,1
823742,2026,regular,2026-09-07,2026-09-07T18:10:00Z,scheduled,mlb-chc,mlb-mil,CHC,MIL,,,American Family Field,,N,1
824062,2026,regular,2026-09-07,2026-09-07T18:10:00Z,scheduled,mlb-ari,mlb-kc,ARI,KC,,,Kauffman Stadium,,N,1
823254,2026,regular,2026-09-07,2026-09-07T21:10:00Z,scheduled,mlb-wsh,mlb-sd,WSH,SD,,,Petco Park,,N,1
823175,2026,regular,2026-09-07,2026-09-08T00:10:00Z,scheduled,mlb-stl,mlb-sf,STL,SF,,,Oracle Park,,N,1
823902,2026,regular,2026-09-07,2026-09-08T01:10:00Z,scheduled,mlb-cin,mlb-lad,CIN,LAD,,,UNIQLO Field at Dodger Stadium,,N,1
824958,2026,regular,2026-09-07,2026-09-08T02:05:00Z,scheduled,mlb-tor,mlb-ath,TOR,ATH,,,Sutter Health Park,,N,1
824792,2026,regular,2026-09-08,2026-09-08T22:35:00Z,scheduled,mlb-cle,mlb-bal,CLE,BAL,,,Oriole Park at Camden Yards,,N,1
823414,2026,regular,2026-09-08,2026-09-08T22:40:00Z,scheduled,mlb-hou,mlb-phi,HOU,PHI,,,Citizens Bank Park,,N,1
823821,2026,regular,2026-09-08,2026-09-08T22:40:00Z,scheduled,mlb-nym,mlb-mia,NYM,MIA,,,loanDepot park,,N,1
824228,2026,regular,2026-09-08,2026-09-08T22:40:00Z,scheduled,mlb-min,mlb-det,MIN,DET,,,Comerica Park,,N,1
824714,2026,regular,2026-09-08,2026-09-08T22:45:00Z,scheduled,mlb-laa,mlb-bos,LAA,BOS,,,Fenway Park,,N,1
823500,2026,regular,2026-09-08,2026-09-08T23:05:00Z,scheduled,mlb-col,mlb-nyy,COL,NYY,,,Yankee Stadium,,N,1
824875,2026,regular,2026-09-08,2026-09-08T23:15:00Z,scheduled,mlb-tb,mlb-atl,TB,ATL,,,Truist Park,,N,1
823738,2026,regular,2026-09-08,2026-09-08T23:40:00Z,scheduled,mlb-chc,mlb-mil,CHC,MIL,,,American Family Field,,N,1
824063,2026,regular,2026-09-08,2026-09-08T23:40:00Z,scheduled,mlb-ari,mlb-kc,ARI,KC,,,Kauffman Stadium,,N,1
824551,2026,regular,2026-09-08,2026-09-08T23:40:00Z,scheduled,mlb-pit,mlb-cws,PIT,CWS,,,Rate Field,,N,1
823092,2026,regular,2026-09-08,2026-09-09T01:40:00Z,scheduled,mlb-tex,mlb-sea,TEX,SEA,,,T-Mobile Park,,N,1
823250,2026,regular,2026-09-08,2026-09-09T01:40:00Z,scheduled,mlb-wsh,mlb-sd,WSH,SD,,,Petco Park,,N,1
824957,2026,regular,2026-09-08,2026-09-09T01:40:00Z,scheduled,mlb-tor,mlb-ath,TOR,ATH,,,Sutter Health Park,,N,1
823174,2026,regular,2026-09-08,2026-09-09T01:45:00Z,scheduled,mlb-stl,mlb-sf,STL,SF,,,Oracle Park,,N,1
823901,2026,regular,2026-09-08,2026-09-09T02:10:00Z,scheduled,mlb-cin,mlb-lad,CIN,LAD,,,UNIQLO Field at Dodger Stadium,,N,1
824226,2026,regular,2026-09-09,2026-09-09T17:10:00Z,scheduled,mlb-min,mlb-det,MIN,DET,,,Comerica Park,,N,1
824956,2026,regular,2026-09-09,2026-09-09T19:05:00Z,scheduled,mlb-tor,mlb-ath,TOR,ATH,,,Sutter Health Park,,N,1
823172,2026,regular,2026-09-09,2026-09-09T19:45:00Z,scheduled,mlb-stl,mlb-sf,STL,SF,,,Oracle Park,,N,1
823090,2026,regular,2026-09-09,2026-09-09T20:10:00Z,scheduled,mlb-tex,mlb-sea,TEX,SEA,,,T-Mobile Park,,N,1
823251,2026,regular,2026-09-09,2026-09-09T20:10:00Z,scheduled,mlb-wsh,mlb-sd,WSH,SD,,,Petco Park,,N,1
824791,2026,regular,2026-09-09,2026-09-09T22:35:00Z,scheduled,mlb-cle,mlb-bal,CLE,BAL,,,Oriole Park at Camden Yards,,N,1
823416,2026,regular,2026-09-09,2026-09-09T22:40:00Z,scheduled,mlb-hou,mlb-phi,HOU,PHI,,,Citizens Bank Park,,N,1
823818,2026,regular,2026-09-09,2026-09-09T22:40:00Z,scheduled,mlb-nym,mlb-mia,NYM,MIA,,,loanDepot park,,N,1
824713,2026,regular,2026-09-09,2026-09-09T22:45:00Z,scheduled,mlb-laa,mlb-bos,LAA,BOS,,,Fenway Park,,N,1
823497,2026,regular,2026-09-09,2026-09-09T23:05:00Z,scheduled,mlb-col,mlb-nyy,COL,NYY,,,Yankee Stadium,,N,1
824871,2026,regular,2026-09-09,2026-09-09T23:15:00Z,scheduled,mlb-tb,mlb-atl,TB,ATL,,,Truist Park,,N,1
823739,2026,regular,2026-09-09,2026-09-09T23:40:00Z,scheduled,mlb-chc,mlb-mil,CHC,MIL,,,American Family Field,,N,1
824064,2026,regular,2026-09-09,2026-09-09T23:40:00Z,scheduled,mlb-ari,mlb-kc,ARI,KC,,,Kauffman Stadium,,N,1
824549,2026,regular,2026-09-09,2026-09-09T23:40:00Z,scheduled,mlb-pit,mlb-cws,PIT,CWS,,,Rate Field,,N,1
823900,2026,regular,2026-09-09,2026-09-10T02:10:00Z,scheduled,mlb-cin,mlb-lad,CIN,LAD,,,UNIQLO Field at Dodger Stadium,,N,1
824872,2026,regular,2026-09-10,2026-09-10T16:15:00Z,scheduled,mlb-tb,mlb-atl,TB,ATL,,,Truist Park,,N,1
823413,2026,regular,2026-09-10,2026-09-10T17:05:00Z,scheduled,mlb-hou,mlb-phi,HOU,PHI,,,Citizens Bank Park,,N,1
823088,2026,regular,2026-09-10,2026-09-10T20:10:00Z,scheduled,mlb-tex,mlb-sea,TEX,SEA,,,T-Mobile Park,,N,1
823499,2026,regular,2026-09-10,2026-09-10T23:05:00Z,scheduled,mlb-col,mlb-nyy,COL,NYY,,,Yankee Stadium,,N,1
824550,2026,regular,2026-09-10,2026-09-10T23:40:00Z,scheduled,mlb-pit,mlb-cws,PIT,CWS,,,Rate Field,,N,1
824631,2026,regular,2026-09-11,2026-09-11T18:20:00Z,scheduled,mlb-pit,mlb-chc,PIT,CHC,,,Wrigley Field,,N,1
824227,2026,regular,2026-09-11,2026-09-11T22:40:00Z,scheduled,mlb-col,mlb-det,COL,DET,,,Comerica Park,,N,1
822684,2026,regular,2026-09-11,2026-09-11T22:45:00Z,scheduled,mlb-laa,mlb-wsh,LAA,WSH,,,Nationals Park,,N,1
823498,2026,regular,2026-09-11,2026-09-11T23:05:00Z,scheduled,mlb-nym,mlb-nyy,NYM,NYY,,,Yankee Stadium,,N,1
822767,2026,regular,2026-09-11,2026-09-11T23:07:00Z,scheduled,mlb-bal,mlb-tor,BAL,TOR,,,Rogers Centre,,N,1
822930,2026,regular,2026-09-11,2026-09-11T23:10:00Z,scheduled,mlb-hou,mlb-tb,HOU,TB,,,Tropicana Field,,N,1
823817,2026,regular,2026-09-11,2026-09-11T23:10:00Z,scheduled,mlb-lad,mlb-mia,LAD,MIA,,,loanDepot park,,N,1
824711,2026,regular,2026-09-11,2026-09-11T23:10:00Z,scheduled,mlb-kc,mlb-bos,KC,BOS,,,Fenway Park,,N,1
824873,2026,regular,2026-09-11,2026-09-11T23:15:00Z,scheduled,mlb-phi,mlb-atl,PHI,ATL,,,Truist Park,,N,1
823736,2026,regular,2026-09-11,2026-09-11T23:40:00Z,scheduled,mlb-cin,mlb-mil,CIN,MIL,,,American Family Field,,N,1
823659,2026,regular,2026-09-11,2026-09-12T00:10:00Z,scheduled,mlb-cle,mlb-min,CLE,MIN,,,Target Field,,N,1
823012,2026,regular,2026-09-11,2026-09-12T00:15:00Z,scheduled,mlb-cws,mlb-stl,CWS,STL,,,Busch Stadium,,N,1
824954,2026,regular,2026-09-11,2026-09-12T01:40:00Z,scheduled,mlb-sea,mlb-ath,SEA,ATH,,,Sutter Health Park,,N,1
825036,2026,regular,2026-09-11,2026-09-12T01:40:00Z,scheduled,mlb-tex,mlb-ari,TEX,ARI,,,Chase Field,,N,1
823173,2026,regular,2026-09-11,2026-09-12T02:15:00Z,scheduled,mlb-sd,mlb-sf,SD,SF,,,Oracle Park,,N,1
824224,2026,regular,2026-09-12,2026-09-12T17:10:00Z,scheduled,mlb-col,mlb-det,COL,DET,,,Comerica Park,,N,1
823496,2026,regular,2026-09-12,2026-09-12T17:35:00Z,scheduled,mlb-nym,mlb-nyy,NYM,NYY,,,Yankee Stadium,,N,1
824630,2026,regular,2026-09-12,2026-09-12T18:20:00Z,scheduled,mlb-pit,mlb-chc,PIT,CHC,,,Wrigley Field,,N,1
822768,2026,regular,2026-09-12,2026-09-12T19:07:00Z,scheduled,mlb-bal,mlb-tor,BAL,TOR,,,Rogers Centre,,N,1
822685,2026,regular,2026-09-12,2026-09-12T20:05:00Z,scheduled,mlb-laa,mlb-wsh,LAA,WSH,,,Nationals Park,,N,1
823170,2026,regular,2026-09-12,2026-09-12T20:05:00Z,scheduled,mlb-sd,mlb-sf,SD,SF,,,Oracle Park,,N,1
823657,2026,regular,2026-09-12,2026-09-12T20:10:00Z,scheduled,mlb-cle,mlb-min,CLE,MIN,,,Target Field,,N,1
823819,2026,regular,2026-09-12,2026-09-12T20:10:00Z,scheduled,mlb-lad,mlb-mia,LAD,MIA,,,loanDepot park,,N,1
824712,2026,regular,2026-09-12,2026-09-12T20:10:00Z,scheduled,mlb-kc,mlb-bos,KC,BOS,,,Fenway Park,,N,1
822927,2026,regular,2026-09-12,2026-09-12T22:10:00Z,scheduled,mlb-hou,mlb-tb,HOU,TB,,,Tropicana Field,,N,1
823737,2026,regular,2026-09-12,2026-09-12T23:10:00Z,scheduled,mlb-cin,mlb-mil,CIN,MIL,,,American Family Field,,N,1
823009,2026,regular,2026-09-12,2026-09-12T23:15:00Z,scheduled,mlb-cws,mlb-stl,CWS,STL,,,Busch Stadium,,N,1
824870,2026,regular,2026-09-12,2026-09-12T23:15:00Z,scheduled,mlb-phi,mlb-atl,PHI,ATL,,,Truist Park,,N,1
825035,2026,regular,2026-09-12,2026-09-13T00:10:00Z,scheduled,mlb-tex,mlb-ari,TEX,ARI,,,Chase Field,,N,1
824955,2026,regular,2026-09-12,2026-09-13T01:40:00Z,scheduled,mlb-sea,mlb-ath,SEA,ATH,,,Sutter Health Park,,N,1
824225,2026,regular,2026-09-13,2026-09-13T16:10:00Z,scheduled,mlb-col,mlb-det,COL,DET,,,Comerica Park,,N,1
822682,2026,regular,2026-09-13,2026-09-13T17:35:00Z,scheduled,mlb-laa,mlb-wsh,LAA,WSH,,,Nationals Park,,N,1
823495,2026,regular,2026-09-13,2026-09-13T17:35:00Z,scheduled,mlb-nym,mlb-nyy,NYM,NYY,,,Yankee Stadium,,N,1
824708,2026,regular,2026-09-13,2026-09-13T17:35:00Z,scheduled,mlb-kc,mlb-bos,KC,BOS,,,Fenway Park,,N,1
824869,2026,regular,2026-09-13,2026-09-13T17:35:00Z,scheduled,mlb-phi,mlb-atl,PHI,ATL,,,Truist Park,,N,1
822764,2026,regular,2026-09-13,2026-09-13T17:37:00Z,scheduled,mlb-bal,mlb-tor,BAL,TOR,,,Rogers Centre,,N,1
822928,2026,regular,2026-09-13,2026-09-13T17:40:00Z,scheduled,mlb-hou,mlb-tb,HOU,TB,,,Tropicana Field,,N,1
823815,2026,regular,2026-09-13,2026-09-13T17:40:00Z,scheduled,mlb-lad,mlb-mia,LAD,MIA,,,loanDepot park,,N,1
823658,2026,regular,2026-09-13,2026-09-13T18:10:00Z,scheduled,mlb-cle,mlb-min,CLE,MIN,,,Target Field,,N,1
823734,2026,regular,2026-09-13,2026-09-13T18:10:00Z,scheduled,mlb-cin,mlb-mil,CIN,MIL,,,American Family Field,,N,1
823008,2026,regular,2026-09-13,2026-09-13T18:15:00Z,scheduled,mlb-cws,mlb-stl,CWS,STL,,,Busch Stadium,,N,1
824628,2026,regular,2026-09-13,2026-09-13T18:20:00Z,scheduled,mlb-pit,mlb-chc,PIT,CHC,,,Wrigley Field,,N,1
824952,2026,regular,2026-09-13,2026-09-13T20:05:00Z,scheduled,mlb-sea,mlb-ath,SEA,ATH,,,Sutter Health Park,,N,1
825033,2026,regular,2026-09-13,2026-09-13T20:10:00Z,scheduled,mlb-tex,mlb-ari,TEX,ARI,,,Chase Field,,N,1
823171,2026,regular,2026-09-13,2026-09-13T23:20:00Z,scheduled,mlb-sd,mlb-sf,SD,SF,,,Oracle Park,,N,1
824386,2026,regular,2026-09-14,2026-09-14T22:40:00Z,scheduled,mlb-cws,mlb-cle,CWS,CLE,,,Progressive Field,,N,1
824465,2026,regular,2026-09-14,2026-09-14T22:40:00Z,scheduled,mlb-lad,mlb-cin,LAD,CIN,,,Great American Ball Park,,N,1
822765,2026,regular,2026-09-14,2026-09-14T23:07:00Z,scheduled,mlb-det,mlb-tor,DET,TOR,,,Rogers Centre,,N,1
823575,2026,regular,2026-09-14,2026-09-14T23:10:00Z,scheduled,mlb-bal,mlb-nym,BAL,NYM,,,Citi Field,,N,1
823656,2026,regular,2026-09-14,2026-09-14T23:40:00Z,scheduled,mlb-nyy,mlb-min,NYY,MIN,,,Target Field,,N,1
824629,2026,regular,2026-09-14,2026-09-14T23:40:00Z,scheduled,mlb-atl,mlb-chc,ATL,CHC,,,Wrigley Field,,N,1
823006,2026,regular,2026-09-14,2026-09-14T23:45:00Z,scheduled,mlb-sf,mlb-stl,SF,STL,,,Busch Stadium,,N,1
824308,2026,regular,2026-09-14,2026-09-15T00:40:00Z,scheduled,mlb-sd,mlb-col,SD,COL,,,Coors Field,,N,1
823981,2026,regular,2026-09-14,2026-09-15T01:38:00Z,scheduled,mlb-sea,mlb-laa,SEA,LAA,,,Angel Stadium,,N,1
825034,2026,regular,2026-09-14,2026-09-15T01:40:00Z,scheduled,mlb-mia,mlb-ari,MIA,ARI,,,Chase Field,,N,1
822925,2026,regular,2026-09-15,2026-09-15T22:40:00Z,scheduled,mlb-ath,mlb-tb,ATH,TB,,,Tropicana Field,,N,1
823333,2026,regular,2026-09-15,2026-09-15T22:40:00Z,scheduled,mlb-mil,mlb-pit,MIL,PIT,,,PNC Park,,N,1
824384,2026,regular,2026-09-15,2026-09-15T22:40:00Z,scheduled,mlb-cws,mlb-cle,CWS,CLE,,,Progressive Field,,N,1
824466,2026,regular,2026-09-15,2026-09-15T22:40:00Z,scheduled,mlb-lad,mlb-cin,LAD,CIN,,,Great American Ball Park,,N,1
822683,2026,regular,2026-09-15,2026-09-15T22:45:00Z,scheduled,mlb-phi,mlb-wsh,PHI,WSH,,,Nationals Park,,N,1
822762,2026,regular,2026-09-15,2026-09-15T23:07:00Z,scheduled,mlb-det,mlb-tor,DET,TOR,,,Rogers Centre,,N,1
823574,2026,regular,2026-09-15,2026-09-15T23:10:00Z,scheduled,mlb-bal,mlb-nym,BAL,NYM,,,Citi Field,,N,1
823654,2026,regular,2026-09-15,2026-09-15T23:40:00Z,scheduled,mlb-nyy,mlb-min,NYY,MIN,,,Target Field,,N,1
824627,2026,regular,2026-09-15,2026-09-15T23:40:00Z,scheduled,mlb-atl,mlb-chc,ATL,CHC,,,Wrigley Field,,N,1
823007,2026,regular,2026-09-15,2026-09-15T23:45:00Z,scheduled,mlb-sf,mlb-stl,SF,STL,,,Busch Stadium,,N,1
822849,2026,regular,2026-09-15,2026-09-16T00:05:00Z,scheduled,mlb-bos,mlb-tex,BOS,TEX,,,Globe Life Field,,N,1
824143,2026,regular,2026-09-15,2026-09-16T00:10:00Z,scheduled,mlb-kc,mlb-hou,KC,HOU,,,Daikin Park,,N,1
824307,2026,regular,2026-09-15,2026-09-16T00:40:00Z,scheduled,mlb-sd,mlb-col,SD,COL,,,Coors Field,,N,1
823980,2026,regular,2026-09-15,2026-09-16T01:38:00Z,scheduled,mlb-sea,mlb-laa,SEA,LAA,,,Angel Stadium,,N,1
825030,2026,regular,2026-09-15,2026-09-16T01:40:00Z,scheduled,mlb-mia,mlb-ari,MIA,ARI,,,Chase Field,,N,1
824382,2026,regular,2026-09-16,2026-09-16T17:10:00Z,scheduled,mlb-cws,mlb-cle,CWS,CLE,,,Progressive Field,,N,1
823004,2026,regular,2026-09-16,2026-09-16T17:15:00Z,scheduled,mlb-sf,mlb-stl,SF,STL,,,Busch Stadium,,N,1
823655,2026,regular,2026-09-16,2026-09-16T17:40:00Z,scheduled,mlb-nyy,mlb-min,NYY,MIN,,,Target Field,,N,1
822763,2026,regular,2026-09-16,2026-09-16T19:07:00Z,scheduled,mlb-det,mlb-tor,DET,TOR,,,Rogers Centre,,N,1
822926,2026,regular,2026-09-16,2026-09-16T22:40:00Z,scheduled,mlb-ath,mlb-tb,ATH,TB,,,Tropicana Field,,N,1
823332,2026,regular,2026-09-16,2026-09-16T22:40:00Z,scheduled,mlb-mil,mlb-pit,MIL,PIT,,,PNC Park,,N,1
824467,2026,regular,2026-09-16,2026-09-16T22:40:00Z,scheduled,mlb-lad,mlb-cin,LAD,CIN,,,Great American Ball Park,,N,1
822680,2026,regular,2026-09-16,2026-09-16T22:45:00Z,scheduled,mlb-phi,mlb-wsh,PHI,WSH,,,Nationals Park,,N,1
823576,2026,regular,2026-09-16,2026-09-16T23:10:00Z,scheduled,mlb-bal,mlb-nym,BAL,NYM,,,Citi Field,,N,1
824626,2026,regular,2026-09-16,2026-09-16T23:40:00Z,scheduled,mlb-atl,mlb-chc,ATL,CHC,,,Wrigley Field,,N,1
822846,2026,regular,2026-09-16,2026-09-17T00:05:00Z,scheduled,mlb-bos,mlb-tex,BOS,TEX,,,Globe Life Field,,N,1
824140,2026,regular,2026-09-16,2026-09-17T00:10:00Z,scheduled,mlb-kc,mlb-hou,KC,HOU,,,Daikin Park,,N,1
824306,2026,regular,2026-09-16,2026-09-17T00:40:00Z,scheduled,mlb-sd,mlb-col,SD,COL,,,Coors Field,,N,1
823979,2026,regular,2026-09-16,2026-09-17T01:38:00Z,scheduled,mlb-sea,mlb-laa,SEA,LAA,,,Angel Stadium,,N,1
825031,2026,regular,2026-09-16,2026-09-17T01:40:00Z,scheduled,mlb-mia,mlb-ari,MIA,ARI,,,Chase Field,,N,1
823334,2026,regular,2026-09-17,2026-09-17T16:35:00Z,scheduled,mlb-mil,mlb-pit,MIL,PIT,,,PNC Park,,N,1
824464,2026,regular,2026-09-17,2026-09-17T16:40:00Z,scheduled,mlb-lad,mlb-cin,LAD,CIN,,,Great American Ball Park,,N,1
822924,2026,regular,2026-09-17,2026-09-17T17:10:00Z,scheduled,mlb-ath,mlb-tb,ATH,TB,,,Tropicana Field,,N,1
824305,2026,regular,2026-09-17,2026-09-17T19:10:00Z,scheduled,mlb-sd,mlb-col,SD,COL,,,Coors Field,,N,1
823573,2026,regular,2026-09-17,2026-09-17T23:15:00Z,scheduled,mlb-phi,mlb-nym,PHI,NYM,,,Citi Field,,N,1
824141,2026,regular,2026-09-17,2026-09-17T23:15:00Z,scheduled,mlb-kc,mlb-hou,KC,HOU,,,Daikin Park,,N,1
824548,2026,regular,2026-09-17,2026-09-17T23:40:00Z,scheduled,mlb-det,mlb-cws,DET,CWS,,,Rate Field,,N,1
822845,2026,regular,2026-09-17,2026-09-18T00:05:00Z,scheduled,mlb-bos,mlb-tex,BOS,TEX,,,Globe Life Field,,N,1
823978,2026,regular,2026-09-17,2026-09-18T01:38:00Z,scheduled,mlb-min,mlb-laa,MIN,LAA,,,Angel Stadium,,N,1
823331,2026,regular,2026-09-18,2026-09-18T22:40:00Z,scheduled,mlb-kc,mlb-pit,KC,PIT,,,PNC Park,,N,1
824463,2026,regular,2026-09-18,2026-09-18T22:40:00Z,scheduled,mlb-chc,mlb-cin,CHC,CIN,,,Great American Ball Park,,N,1
824790,2026,regular,2026-09-18,2026-09-18T23:05:00Z,scheduled,mlb-mil,mlb-bal,MIL,BAL,,,Oriole Park at Camden Yards,,N,1
822923,2026,regular,2026-09-18,2026-09-18T23:10:00Z,scheduled,mlb-bos,mlb-tb,BOS,TB,,,Tropicana Field,,N,1
823572,2026,regular,2026-09-18,2026-09-18T23:10:00Z,scheduled,mlb-phi,mlb-nym,PHI,NYM,,,Citi Field,,N,1
824383,2026,regular,2026-09-18,2026-09-18T23:10:00Z,scheduled,mlb-ath,mlb-cle,ATH,CLE,,,Progressive Field,,N,1
824547,2026,regular,2026-09-18,2026-09-18T23:40:00Z,scheduled,mlb-det,mlb-cws,DET,CWS,,,Rate Field,,N,1
822847,2026,regular,2026-09-18,2026-09-19T00:05:00Z,scheduled,mlb-tor,mlb-tex,TOR,TEX,,,Globe Life Field,,N,1
824138,2026,regular,2026-09-18,2026-09-19T00:10:00Z,scheduled,mlb-atl,mlb-hou,ATL,HOU,,,Daikin Park,,N,1
824303,2026,regular,2026-09-18,2026-09-19T00:10:00Z,scheduled,mlb-sea,mlb-col,SEA,COL,,,Coors Field,,N,1
823005,2026,regular,2026-09-18,2026-09-19T00:15:00Z,scheduled,mlb-wsh,mlb-stl,WSH,STL,,,Busch Stadium,,N,1
823977,2026,regular,2026-09-18,2026-09-19T01:38:00Z,scheduled,mlb-min,mlb-laa,MIN,LAA,,,Angel Stadium,,N,1
823252,2026,regular,2026-09-18,2026-09-19T01:40:00Z,scheduled,mlb-mia,mlb-sd,MIA,SD,,,Petco Park,,N,1
825032,2026,regular,2026-09-18,2026-09-19T01:40:00Z,scheduled,mlb-nyy,mlb-ari,NYY,ARI,,,Chase Field,,N,1
823898,2026,regular,2026-09-18,2026-09-19T02:10:00Z,scheduled,mlb-sf,mlb-lad,SF,LAD,,,UNIQLO Field at Dodger Stadium,,N,1
824788,2026,regular,2026-09-19,2026-09-19T20:05:00Z,scheduled,mlb-mil,mlb-bal,MIL,BAL,,,Oriole Park at Camden Yards,,N,1
822921,2026,regular,2026-09-19,2026-09-19T20:10:00Z,scheduled,mlb-bos,mlb-tb,BOS,TB,,,Tropicana Field,,N,1
823571,2026,regular,2026-09-19,2026-09-19T20:10:00Z,scheduled,mlb-phi,mlb-nym,PHI,NYM,,,Citi Field,,N,1
824380,2026,regular,2026-09-19,2026-09-19T22:10:00Z,scheduled,mlb-ath,mlb-cle,ATH,CLE,,,Progressive Field,,N,1
823330,2026,regular,2026-09-19,2026-09-19T22:40:00Z,scheduled,mlb-kc,mlb-pit,KC,PIT,,,PNC Park,,N,1
824461,2026,regular,2026-09-19,2026-09-19T22:40:00Z,scheduled,mlb-chc,mlb-cin,CHC,CIN,,,Great American Ball Park,,N,1
822843,2026,regular,2026-09-19,2026-09-19T23:05:00Z,scheduled,mlb-tor,mlb-tex,TOR,TEX,,,Globe Life Field,,N,1
824137,2026,regular,2026-09-19,2026-09-19T23:10:00Z,scheduled,mlb-atl,mlb-hou,ATL,HOU,,,Daikin Park,,N,1
824545,2026,regular,2026-09-19,2026-09-19T23:10:00Z,scheduled,mlb-det,mlb-cws,DET,CWS,,,Rate Field,,N,1
823003,2026,regular,2026-09-19,2026-09-19T23:15:00Z,scheduled,mlb-wsh,mlb-stl,WSH,STL,,,Busch Stadium,,N,1
824304,2026,regular,2026-09-19,2026-09-20T00:10:00Z,scheduled,mlb-sea,mlb-col,SEA,COL,,,Coors Field,,N,1
825029,2026,regular,2026-09-19,2026-09-20T00:10:00Z,scheduled,mlb-nyy,mlb-ari,NYY,ARI,,,Chase Field,,N,1
823249,2026,regular,2026-09-19,2026-09-20T00:40:00Z,scheduled,mlb-mia,mlb-sd,MIA,SD,,,Petco Park,,N,1
823899,2026,regular,2026-09-19,2026-09-20T01:10:00Z,scheduled,mlb-sf,mlb-lad,SF,LAD,,,UNIQLO Field at Dodger Stadium,,N,1
823976,2026,regular,2026-09-19,2026-09-20T01:38:00Z,scheduled,mlb-min,mlb-laa,MIN,LAA,,,Angel Stadium,,N,1
823329,2026,regular,2026-09-20,2026-09-20T17:35:00Z,scheduled,mlb-kc,mlb-pit,KC,PIT,,,PNC Park,,N,1
822922,2026,regular,2026-09-20,2026-09-20T17:40:00Z,scheduled,mlb-bos,mlb-tb,BOS,TB,,,Tropicana Field,,N,1
823570,2026,regular,2026-09-20,2026-09-20T17:40:00Z,scheduled,mlb-phi,mlb-nym,PHI,NYM,,,Citi Field,,N,1
824381,2026,regular,2026-09-20,2026-09-20T17:40:00Z,scheduled,mlb-ath,mlb-cle,ATH,CLE,,,Progressive Field,,N,1
824462,2026,regular,2026-09-20,2026-09-20T17:40:00Z,scheduled,mlb-chc,mlb-cin,CHC,CIN,,,Great American Ball Park,,N,1
824139,2026,regular,2026-09-20,2026-09-20T18:10:00Z,scheduled,mlb-atl,mlb-hou,ATL,HOU,,,Daikin Park,,N,1
824546,2026,regular,2026-09-20,2026-09-20T18:10:00Z,scheduled,mlb-det,mlb-cws,DET,CWS,,,Rate Field,,N,1
823001,2026,regular,2026-09-20,2026-09-20T18:15:00Z,scheduled,mlb-wsh,mlb-stl,WSH,STL,,,Busch Stadium,,N,1
822844,2026,regular,2026-09-20,2026-09-20T18:35:00Z,scheduled,mlb-tor,mlb-tex,TOR,TEX,,,Globe Life Field,,N,1
824300,2026,regular,2026-09-20,2026-09-20T19:10:00Z,scheduled,mlb-sea,mlb-col,SEA,COL,,,Coors Field,,N,1
823975,2026,regular,2026-09-20,2026-09-20T20:07:00Z,scheduled,mlb-min,mlb-laa,MIN,LAA,,,Angel Stadium,,N,1
823247,2026,regular,2026-09-20,2026-09-20T20:10:00Z,scheduled,mlb-mia,mlb-sd,MIA,SD,,,Petco Park,,N,1
823896,2026,regular,2026-09-20,2026-09-20T20:10:00Z,scheduled,mlb-sf,mlb-lad,SF,LAD,,,UNIQLO Field at Dodger Stadium,,N,1
825028,2026,regular,2026-09-20,2026-09-20T20:10:00Z,scheduled,mlb-nyy,mlb-ari,NYY,ARI,,,Chase Field,,N,1
824789,2026,regular,2026-09-20,2026-09-20T23:20:00Z,scheduled,mlb-mil,mlb-bal,MIL,BAL,,,Oriole Park at Camden Yards,,N,1
824787,2026,regular,2026-09-21,2026-09-21T22:35:00Z,scheduled,mlb-tor,mlb-bal,TOR,BAL,,,Oriole Park at Camden Yards,,N,1
824221,2026,regular,2026-09-21,2026-09-21T22:40:00Z,scheduled,mlb-wsh,mlb-det,WSH,DET,,,Comerica Park,,N,1
823169,2026,regular,2026-09-21,2026-09-22T01:45:00Z,scheduled,mlb-min,mlb-sf,MIN,SF,,,Oracle Park,,N,1
823543,2026,regular,2026-09-22,2026-05-23T17:35:00Z,postponed,mlb-tb,mlb-nyy,TB,NYY,,,Yankee Stadium,,N,1
823543,2026,regular,2026-09-22,2026-09-22T17:05:00Z,scheduled,mlb-tb,mlb-nyy,TB,NYY,,,Yankee Stadium,,S,1
824785,2026,regular,2026-09-22,2026-09-22T22:35:00Z,scheduled,mlb-tor,mlb-bal,TOR,BAL,,,Oriole Park at Camden Yards,,N,1
823328,2026,regular,2026-09-22,2026-09-22T22:40:00Z,scheduled,mlb-stl,mlb-pit,STL,PIT,,,PNC Park,,N,1
823412,2026,regular,2026-09-22,2026-09-22T22:40:00Z,scheduled,mlb-mil,mlb-phi,MIL,PHI,,,Citizens Bank Park,,N,1
824222,2026,regular,2026-09-22,2026-09-22T22:40:00Z,scheduled,mlb-wsh,mlb-det,WSH,DET,,,Comerica Park,,N,1
824709,2026,regular,2026-09-22,2026-09-22T22:45:00Z,scheduled,mlb-cle,mlb-bos,CLE,BOS,,,Fenway Park,,N,1
823494,2026,regular,2026-09-22,2026-09-22T23:05:00Z,scheduled,mlb-tb,mlb-nyy,TB,NYY,,,Yankee Stadium,,S,2
824867,2026,regular,2026-09-22,2026-09-22T23:15:00Z,scheduled,mlb-cin,mlb-atl,CIN,ATL,,,Truist Park,,N,1
824061,2026,regular,2026-09-22,2026-09-22T23:40:00Z,scheduled,mlb-cws,mlb-kc,CWS,KC,,,Kauffman Stadium,,N,1
824624,2026,regular,2026-09-22,2026-09-22T23:40:00Z,scheduled,mlb-mia,mlb-chc,MIA,CHC,,,Wrigley Field,,N,1
822840,2026,regular,2026-09-22,2026-09-23T00:05:00Z,scheduled,mlb-nym,mlb-tex,NYM,TEX,,,Globe Life Field,,N,1
824302,2026,regular,2026-09-22,2026-09-23T00:40:00Z,scheduled,mlb-ari,mlb-col,ARI,COL,,,Coors Field,,N,1
823089,2026,regular,2026-09-22,2026-09-23T01:40:00Z,scheduled,mlb-hou,mlb-sea,HOU,SEA,,,T-Mobile Park,,N,1
824953,2026,regular,2026-09-22,2026-09-23T01:40:00Z,scheduled,mlb-laa,mlb-ath,LAA,ATH,,,Sutter Health Park,,N,1
823166,2026,regular,2026-09-22,2026-09-23T01:45:00Z,scheduled,mlb-min,mlb-sf,MIN,SF,,,Oracle Park,,N,1
823897,2026,regular,2026-09-22,2026-09-23T02:10:00Z,scheduled,mlb-sd,mlb-lad,SD,LAD,,,UNIQLO Field at Dodger Stadium,,N,1
824223,2026,regular,2026-09-23,2026-09-23T17:10:00Z,scheduled,mlb-wsh,mlb-det,WSH,DET,,,Comerica Park,,N,1
823168,2026,regular,2026-09-23,2026-09-23T19:45:00Z,scheduled,mlb-min,mlb-sf,MIN,SF,,,Oracle Park,,N,1
824784,2026,regular,2026-09-23,2026-09-23T22:35:00Z,scheduled,mlb-tor,mlb-bal,TOR,BAL,,,Oriole Park at Camden Yards,,N,1
823327,2026,regular,2026-09-23,2026-09-23T22:40:00Z,scheduled,mlb-stl,mlb-pit,STL,PIT,,,PNC Park,,N,1
823410,2026,regular,2026-09-23,2026-09-23T22:40:00Z,scheduled,mlb-mil,mlb-phi,MIL,PHI,,,Citizens Bank Park,,N,1
823492,2026,regular,2026-09-23,2026-09-23T23:05:00Z,scheduled,mlb-tb,mlb-nyy,TB,NYY,,,Yankee Stadium,,N,1
824710,2026,regular,2026-09-23,2026-09-23T23:10:00Z,scheduled,mlb-cle,mlb-bos,CLE,BOS,,,Fenway Park,,N,1
824868,2026,regular,2026-09-23,2026-09-23T23:15:00Z,scheduled,mlb-cin,mlb-atl,CIN,ATL,,,Truist Park,,N,1
824060,2026,regular,2026-09-23,2026-09-23T23:40:00Z,scheduled,mlb-cws,mlb-kc,CWS,KC,,,Kauffman Stadium,,N,1
824625,2026,regular,2026-09-23,2026-09-23T23:40:00Z,scheduled,mlb-mia,mlb-chc,MIA,CHC,,,Wrigley Field,,N,1
822841,2026,regular,2026-09-23,2026-09-24T00:05:00Z,scheduled,mlb-nym,mlb-tex,NYM,TEX,,,Globe Life Field,,N,1
824301,2026,regular,2026-09-23,2026-09-24T00:40:00Z,scheduled,mlb-ari,mlb-col,ARI,COL,,,Coors Field,,N,1
824951,2026,regular,2026-09-23,2026-09-24T01:40:00Z,scheduled,mlb-laa,mlb-ath,LAA,ATH,,,Sutter Health Park,,N,1
823086,2026,regular,2026-09-23,2026-09-24T02:10:00Z,scheduled,mlb-hou,mlb-sea,HOU,SEA,,,T-Mobile Park,,N,1
823894,2026,regular,2026-09-23,2026-09-24T02:10:00Z,scheduled,mlb-sd,mlb-lad,SD,LAD,,,UNIQLO Field at Dodger Stadium,,N,1
823326,2026,regular,2026-09-24,2026-09-24T16:35:00Z,scheduled,mlb-stl,mlb-pit,STL,PIT,,,PNC Park,,N,1
824059,2026,regular,2026-09-24,2026-09-24T18:10:00Z,scheduled,mlb-cws,mlb-kc,CWS,KC,,,Kauffman Stadium,,N,1
824623,2026,regular,2026-09-24,2026-09-24T18:20:00Z,scheduled,mlb-mia,mlb-chc,MIA,CHC,,,Wrigley Field,,N,1
822842,2026,regular,2026-09-24,2026-09-24T18:35:00Z,scheduled,mlb-nym,mlb-tex,NYM,TEX,,,Globe Life Field,,N,1
824298,2026,regular,2026-09-24,2026-09-24T19:10:00Z,scheduled,mlb-ari,mlb-col,ARI,COL,,,Coors Field,,N,1
823411,2026,regular,2026-09-24,2026-09-24T22:05:00Z,scheduled,mlb-mil,mlb-phi,MIL,PHI,,,Citizens Bank Park,,N,1
824707,2026,regular,2026-09-24,2026-09-24T22:45:00Z,scheduled,mlb-cle,mlb-bos,CLE,BOS,,,Fenway Park,,N,1
823493,2026,regular,2026-09-24,2026-09-24T23:05:00Z,scheduled,mlb-tb,mlb-nyy,TB,NYY,,,Yankee Stadium,,N,1
824866,2026,regular,2026-09-24,2026-09-24T23:15:00Z,scheduled,mlb-cin,mlb-atl,CIN,ATL,,,Truist Park,,N,1
823087,2026,regular,2026-09-24,2026-09-25T01:40:00Z,scheduled,mlb-laa,mlb-sea,LAA,SEA,,,T-Mobile Park,,N,1
824950,2026,regular,2026-09-24,2026-09-25T01:40:00Z,scheduled,mlb-hou,mlb-ath,HOU,ATH,,,Sutter Health Park,,N,1
823895,2026,regular,2026-09-24,2026-09-25T02:10:00Z,scheduled,mlb-sd,mlb-lad,SD,LAD,,,UNIQLO Field at Dodger Stadium,,N,1
823409,2026,regular,2026-09-25,2026-09-25T22:40:00Z,scheduled,mlb-tb,mlb-phi,TB,PHI,,,Citizens Bank Park,,N,1
824220,2026,regular,2026-09-25,2026-09-25T22:40:00Z,scheduled,mlb-pit,mlb-det,PIT,DET,,,Comerica Park,,N,1
822681,2026,regular,2026-09-25,2026-09-25T22:45:00Z,scheduled,mlb-nym,mlb-wsh,NYM,WSH,,,Nationals Park,,N,1
823491,2026,regular,2026-09-25,2026-09-25T23:05:00Z,scheduled,mlb-bal,mlb-nyy,BAL,NYY,,,Yankee Stadium,,N,1
822760,2026,regular,2026-09-25,2026-09-25T23:07:00Z,scheduled,mlb-cin,mlb-tor,CIN,TOR,,,Rogers Centre,,N,1
823816,2026,regular,2026-09-25,2026-09-25T23:10:00Z,scheduled,mlb-atl,mlb-mia,ATL,MIA,,,loanDepot park,,N,1
824706,2026,regular,2026-09-25,2026-09-25T23:10:00Z,scheduled,mlb-chc,mlb-bos,CHC,BOS,,,Fenway Park,,N,1
823735,2026,regular,2026-09-25,2026-09-25T23:40:00Z,scheduled,mlb-stl,mlb-mil,STL,MIL,,,American Family Field,,N,1
824058,2026,regular,2026-09-25,2026-09-25T23:40:00Z,scheduled,mlb-cle,mlb-kc,CLE,KC,,,Kauffman Stadium,,N,1
824544,2026,regular,2026-09-25,2026-09-25T23:40:00Z,scheduled,mlb-col,mlb-cws,COL,CWS,,,Rate Field,,N,1
823652,2026,regular,2026-09-25,2026-09-26T00:10:00Z,scheduled,mlb-tex,mlb-min,TEX,MIN,,,Target Field,,N,1
823248,2026,regular,2026-09-25,2026-09-26T01:40:00Z,scheduled,mlb-ari,mlb-sd,ARI,SD,,,Petco Park,,N,1
824947,2026,regular,2026-09-25,2026-09-26T01:40:00Z,scheduled,mlb-hou,mlb-ath,HOU,ATH,,,Sutter Health Park,,N,1
823085,2026,regular,2026-09-25,2026-09-26T02:10:00Z,scheduled,mlb-laa,mlb-sea,LAA,SEA,,,T-Mobile Park,,N,1
823167,2026,regular,2026-09-25,2026-09-26T02:15:00Z,scheduled,mlb-lad,mlb-sf,LAD,SF,,,Oracle Park,,N,1
824219,2026,regular,2026-09-26,2026-09-26T17:10:00Z,scheduled,mlb-pit,mlb-det,PIT,DET,,,Comerica Park,,N,1
822759,2026,regular,2026-09-26,2026-09-26T19:07:00Z,scheduled,mlb-cin,mlb-tor,CIN,TOR,,,Rogers Centre,,N,1
822678,2026,regular,2026-09-26,2026-09-26T20:05:00Z,scheduled,mlb-nym,mlb-wsh,NYM,WSH,,,Nationals Park,,N,1
823165,2026,regular,2026-09-26,2026-09-26T20:05:00Z,scheduled,mlb-lad,mlb-sf,LAD,SF,,,Oracle Park,,N,1
823653,2026,regular,2026-09-26,2026-09-26T20:10:00Z,scheduled,mlb-tex,mlb-min,TEX,MIN,,,Target Field,,N,1
823813,2026,regular,2026-09-26,2026-09-26T20:10:00Z,scheduled,mlb-atl,mlb-mia,ATL,MIA,,,loanDepot park,,N,1
823407,2026,regular,2026-09-26,2026-09-26T22:05:00Z,scheduled,mlb-tb,mlb-phi,TB,PHI,,,Citizens Bank Park,,N,1
823489,2026,regular,2026-09-26,2026-09-26T23:05:00Z,scheduled,mlb-bal,mlb-nyy,BAL,NYY,,,Yankee Stadium,,N,1
823733,2026,regular,2026-09-26,2026-09-26T23:10:00Z,scheduled,mlb-stl,mlb-mil,STL,MIL,,,American Family Field,,N,1
824057,2026,regular,2026-09-26,2026-09-26T23:10:00Z,scheduled,mlb-cle,mlb-kc,CLE,KC,,,Kauffman Stadium,,N,1
824543,2026,regular,2026-09-26,2026-09-26T23:10:00Z,scheduled,mlb-col,mlb-cws,COL,CWS,,,Rate Field,,N,1
824705,2026,regular,2026-09-26,2026-09-26T23:15:00Z,scheduled,mlb-chc,mlb-bos,CHC,BOS,,,Fenway Park,,N,1
823245,2026,regular,2026-09-26,2026-09-27T00:40:00Z,scheduled,mlb-ari,mlb-sd,ARI,SD,,,Petco Park,,N,1
823083,2026,regular,2026-09-26,2026-09-27T01:40:00Z,scheduled,mlb-laa,mlb-sea,LAA,SEA,,,T-Mobile Park,,N,1
824949,2026,regular,2026-09-26,2026-09-27T01:40:00Z,scheduled,mlb-hou,mlb-ath,HOU,ATH,,,Sutter Health Park,,N,1
822679,2026,regular,2026-09-27,2026-09-27T19:05:00Z,scheduled,mlb-nym,mlb-wsh,NYM,WSH,,,Nationals Park,,N,1
823164,2026,regular,2026-09-27,2026-09-27T19:05:00Z,scheduled,mlb-lad,mlb-sf,LAD,SF,,,Oracle Park,,N,1
823408,2026,regular,2026-09-27,2026-09-27T19:05:00Z,scheduled,mlb-tb,mlb-phi,TB,PHI,,,Citizens Bank Park,,N,1
824703,2026,regular,2026-09-27,2026-09-27T19:05:00Z,scheduled,mlb-chc,mlb-bos,CHC,BOS,,,Fenway Park,,N,1
824948,2026,regular,2026-09-27,2026-09-27T19:05:00Z,scheduled,mlb-hou,mlb-ath,HOU,ATH,,,Sutter Health Park,,N,1
822761,2026,regular,2026-09-27,2026-09-27T19:07:00Z,scheduled,mlb-cin,mlb-tor,CIN,TOR,,,Rogers Centre,,N,1
823084,2026,regular,2026-09-27,2026-09-27T19:10:00Z,scheduled,mlb-laa,mlb-sea,LAA,SEA,,,T-Mobile Park,,N,1
823246,2026,regular,2026-09-27,2026-09-27T19:10:00Z,scheduled,mlb-ari,mlb-sd,ARI,SD,,,Petco Park,,N,1
823650,2026,regular,2026-09-27,2026-09-27T19:10:00Z,scheduled,mlb-tex,mlb-min,TEX,MIN,,,Target Field,,N,1
823731,2026,regular,2026-09-27,2026-09-27T19:10:00Z,scheduled,mlb-stl,mlb-mil,STL,MIL,,,American Family Field,,N,1
823814,2026,regular,2026-09-27,2026-09-27T19:10:00Z,scheduled,mlb-atl,mlb-mia,ATL,MIA,,,loanDepot park,,N,1
824055,2026,regular,2026-09-27,2026-09-27T19:10:00Z,scheduled,mlb-cle,mlb-kc,CLE,KC,,,Kauffman Stadium,,N,1
824217,2026,regular,2026-09-27,2026-09-27T19:10:00Z,scheduled,mlb-pit,mlb-det,PIT,DET,,,Comerica Park,,N,1
824542,2026,regular,2026-09-27,2026-09-27T19:10:00Z,scheduled,mlb-col,mlb-cws,COL,CWS,,,Rate Field,,N,1
823490,2026,regular,2026-09-27,2026-09-27T19:20:00Z,scheduled,mlb-bal,mlb-nyy,BAL,NYY,,,Yankee Stadium,,N,1
