game_id,sport,season,season_type,date,as_of_date,away_team_id,home_team_id,status,away_common_opponents,home_common_opponents,away_games_played,home_games_played,away_head_to_head,home_head_to_head,home_advantage,away_last10_form,home_last10_form,away_season_scoring,home_season_scoring,away_travel_km,home_travel_km,away_head_to_head_games,away_head_to_head_avg_scored,away_head_to_head_avg_allowed,home_head_to_head_games,home_head_to_head_avg_scored,home_head_to_head_avg_allowed,away_last10_form_wins,away_last10_form_losses,away_last10_form_otl,away_last10_form_l10_pct,home_last10_form_wins,home_last10_form_losses,home_last10_form_otl,home_last10_form_l10_pct,away_season_scoring_spg,away_season_scoring_sapg,away_season_scoring_gp,home_season_scoring_spg,home_season_scoring_sapg,home_season_scoring_gp,away_common_opponents_opponents,away_common_opponents_games,away_common_opponents_wrf,away_common_opponents_wra,home_common_opponents_opponents,home_common_opponents_games,home_common_opponents_wrf,home_common_opponents_wra,final_away,final_home,actual_total,actual_margin,winner,feature_versions
823244,MLB,2026,regular,2026-03-25,2026-03-25,mlb-nyy,mlb-sf,final,,,0,0,,,0.35,,,,,,,,,,,,,,,,,,,,,,,,,,,,,,,,,,,7,0,7,-7,mlb-nyy,"{""common_opponents"": 1, ""games_played"": 1, ""head_to_head"": 1, ""home_advantage"": 1, ""last10_form"": 1, ""season_scoring"": 1, ""travel_km"": 1}"
823081,MLB,2026,regular,2026-03-26,2026-03-26,mlb-tb,mlb-stl,final,,,0,0,,,0.35,,,,,,,,,,,,,,,,,,,,,,,,,,,,,,,,,,,7,9,16,2,mlb-stl,"{""common_opponents"": 1, ""games_played"": 1, ""head_to_head"": 1, ""home_advantage"": 1, ""last10_form"": 1, ""season_scoring"": 1, ""travel_km"": 1}"
823163,MLB,2026,regular,2026-03-26,2026-03-26,mlb-cle,mlb-sea,final,,,0,0,,,0.35,,,,,,,,,,,,,,,,,,,,,,,,,,,,,,,,,,,6,4,10,-2,mlb-cle,"{""common_opponents"": 1, ""games_played"": 1, ""head_to_head"": 1, ""home_advantage"": 1, ""last10_form"": 1, ""season_scoring"": 1, ""travel_km"": 1}"
823325,MLB,2026,regular,2026-03-26,2026-03-26,mlb-det,mlb-sd,final,,,0,0,,,0.35,,,,,,,,,,,,,,,,,,,,,,,,,,,,,,,,,,,8,2,10,-6,mlb-det,"{""common_opponents"": 1, ""games_played"": 1, ""head_to_head"": 1, ""home_advantage"": 1, ""last10_form"": 1, ""season_scoring"": 1, ""travel_km"": 1}"
823486,MLB,2026,regular,2026-03-26,2026-03-26,mlb-tex,mlb-phi,final,,,0,0,,,0.35,,,,,,,,,,,,,,,,,,,,,,,,,,,,,,,,,,,3,5,8,2,mlb-phi,"{""common_opponents"": 1, ""games_played"": 1, ""head_to_head"": 1, ""home_advantage"": 1, ""last10_form"": 1, ""season_scoring"": 1, ""travel_km"": 1}"
823649,MLB,2026,regular,2026-03-26,2026-03-26,mlb-pit,mlb-nym,final,,,0,0,,,0.35,,,,,,,,,,,,,,,,,,,,,,,,,,,,,,,,,,,7,11,18,4,mlb-nym,"{""common_opponents"": 1, ""games_played"": 1, ""head_to_head"": 1, ""home_advantage"": 1, ""last10_form"": 1, ""season_scoring"": 1, ""travel_km"": 1}"
823812,MLB,2026,regular,2026-03-26,2026-03-26,mlb-cws,mlb-mil,final,,,0,0,,,0.35,,,,,,,,,,,,,,,,,,,,,,,,,,,,,,,,,,,2,14,16,12,mlb-mil,"{""common_opponents"": 1, ""games_played"": 1, ""head_to_head"": 1, ""home_advantage"": 1, ""last10_form"": 1, ""season_scoring"": 1, ""travel_km"": 1}"
823974,MLB,2026,regular,2026-03-26,2026-03-26,mlb-ari,mlb-lad,final,,,0,0,,,0.35,,,,,,,,,,,,,,,,,,,,,,,,,,,,,,,,,,,2,8,10,6,mlb-lad,"{""common_opponents"": 1, ""games_played"": 1, ""head_to_head"": 1, ""home_advantage"": 1, ""last10_form"": 1, ""season_scoring"": 1, ""travel_km"": 1}"
824218,MLB,2026,regular,2026-03-26,2026-03-26,mlb-laa,mlb-hou,final,,,0,0,,,0.35,,,,,,,,,,,,,,,,,,,,,,,,,,,,,,,,,,,3,0,3,-3,mlb-laa,"{""common_opponents"": 1, ""games_played"": 1, ""head_to_head"": 1, ""home_advantage"": 1, ""last10_form"": 1, ""season_scoring"": 1, ""travel_km"": 1}"
824541,MLB,2026,regular,2026-03-26,2026-03-26,mlb-bos,mlb-cin,final,,,0,0,,,0.35,,,,,,,,,,,,,,,,,,,,,,,,,,,,,,,,,,,3,0,3,-3,mlb-bos,"{""common_opponents"": 1, ""games_played"": 1, ""head_to_head"": 1, ""home_advantage"": 1, ""last10_form"": 1, ""season_scoring"": 1, ""travel_km"": 1}"
824704,MLB,2026,regular,2026-03-26,2026-03-26,mlb-wsh,mlb-chc,final,,,0,0,,,0.35,,,,,,,,,,,,,,,,,,,,,,,,,,,,,,,,,,,10,4,14,-6,mlb-wsh,"{""common_opponents"": 1, ""games_played"": 1, ""head_to_head"": 1, ""home_advantage"": 1, ""last10_form"": 1, ""season_scoring"": 1, ""travel_km"": 1}"
824865,MLB,2026,regular,2026-03-26,2026-03-26,mlb-min,mlb-bal,final,,,0,0,,,0.35,,,,,,,,,,,,,,,,,,,,,,,,,,,,,,,,,,,1,2,3,1,mlb-bal,"{""common_opponents"": 1, ""games_played"": 1, ""head_to_head"": 1, ""home_advantage"": 1, ""last10_form"": 1, ""season_scoring"": 1, ""travel_km"": 1}"
822839,MLB,2026,regular,2026-03-27,2026-03-27,mlb-ath,mlb-tor,final,,,0,0,,,0.35,,,,,,,,,,,,,,,,,,,,,,,,,,,,,,,,,,,2,3,5,1,mlb-tor,"{""common_opponents"": 1, ""games_played"": 1, ""head_to_head"": 1, ""home_advantage"": 1, ""last10_form"": 1, ""season_scoring"": 1, ""travel_km"": 1}"
823162,MLB,2026,regular,2026-03-27,2026-03-27,mlb-cle,mlb-sea,final,,,1,1,,,0.35,,,,,0.0,0.0,1,6.0,4.0,1,4.0,6.0,1,0,0,1.0,0,1,0,0.0,6.0,4.0,1,4.0,6.0,1,,,,,,,,,1,5,6,4,mlb-sea,"{""common_opponents"": 1, ""games_played"": 1, ""head_to_head"": 1, ""home_advantage"": 1, ""last10_form"": 1, ""season_scoring"": 1, ""travel_km"": 1}"
823243,MLB,2026,regular,2026-03-27,2026-03-27,mlb-nyy,mlb-sf,final,,,1,1,,,0.35,,,,,0.0,0.0,1,7.0,0.0,1,0.0,7.0,1,0,0,1.0,0,1,0,0.0,7.0,0.0,1,0.0,7.0,1,,,,,,,,,3,0,3,-3,mlb-nyy,"{""common_opponents"": 1, ""games_played"": 1, ""head_to_head"": 1, ""home_advantage"": 1, ""last10_form"": 1, ""season_scoring"": 1, ""travel_km"": 1}"
823324,MLB,2026,regular,2026-03-27,2026-03-27,mlb-det,mlb-sd,final,,,1,1,,,0.35,,,,,0.0,0.0,1,8.0,2.0,1,2.0,8.0,1,0,0,1.0,0,1,0,0.0,8.0,2.0,1,2.0,8.0,1,,,,,,,,,5,2,7,-3,mlb-det,"{""common_opponents"": 1, ""games_played"": 1, ""head_to_head"": 1, ""home_advantage"": 1, ""last10_form"": 1, ""season_scoring"": 1, ""travel_km"": 1}"
823893,MLB,2026,regular,2026-03-27,2026-03-27,mlb-col,mlb-mia,final,,,0,0,,,0.35,,,,,,,,,,,,,,,,,,,,,,,,,,,,,,,,,,,1,2,3,1,mlb-mia,"{""common_opponents"": 1, ""games_played"": 1, ""head_to_head"": 1, ""home_advantage"": 1, ""last10_form"": 1, ""season_scoring"": 1, ""travel_km"": 1}"
823971,MLB,2026,regular,2026-03-27,2026-03-27,mlb-ari,mlb-lad,final,,,1,1,,,0.35,,,,,0.0,0.0,1,2.0,8.0,1,8.0,2.0,0,1,0,0.0,1,0,0,1.0,2.0,8.0,1,8.0,2.0,1,,,,,,,,,4,5,9,1,mlb-lad,"{""common_opponents"": 1, ""games_played"": 1, ""head_to_head"": 1, ""home_advantage"": 1, ""last10_form"": 1, ""season_scoring"": 1, ""travel_km"": 1}"
824216,MLB,2026,regular,2026-03-27,2026-03-27,mlb-laa,mlb-hou,final,,,1,1,,,0.35,,,,,0.0,0.0,1,3.0,0.0,1,0.0,3.0,1,0,0,1.0,0,1,0,0.0,3.0,0.0,1,0.0,3.0,1,,,,,,,,,6,2,8,-4,mlb-laa,"{""common_opponents"": 1, ""games_played"": 1, ""head_to_head"": 1, ""home_advantage"": 1, ""last10_form"": 1, ""season_scoring"": 1, ""travel_km"": 1}"
824946,MLB,2026,regular,2026-03-27,2026-03-27,mlb-kc,mlb-atl,final,,,0,0,,,0.35,,,,,,,,,,,,,,,,,,,,,,,,,,,,,,,,,,,0,6,6,6,mlb-atl,"{""common_opponents"": 1, ""games_played"": 1, ""head_to_head"": 1, ""home_advantage"": 1, ""last10_form"": 1, ""season_scoring"": 1, ""travel_km"": 1}"
822838,MLB,2026,regular,2026-03-28,2026-03-28,mlb-ath,mlb-tor,final,,,1,1,,,0.35,,,,,0.0,0.0,1,2.0,3.0,1,3.0,2.0,0,1,0,0.0,1,0,0,1.0,2.0,3.0,1,3.0,2.0,1,,,,,,,,,7,8,15,1,mlb-tor,"{""common_opponents"": 1, ""games_played"": 1, ""head_to_head"": 1, ""home_advantage"": 1, ""last10_form"": 1, ""season_scoring"": 1, ""travel_km"": 1}"
823082,MLB,2026,regular,2026-03-28,2026-03-28,mlb-tb,mlb-stl,final,,,1,1,,,0.35,,,,,0.0,0.0,1,7.0,9.0,1,9.0,7.0,0,1,0,0.0,1,0,0,1.0,7.0,9.0,1,9.0,7.0,1,,,,,,,,,5,6,11,1,mlb-stl,"{""common_opponents"": 1, ""games_played"": 1, ""head_to_head"": 1, ""home_advantage"": 1, ""last10_form"": 1, ""season_scoring"": 1, ""travel_km"": 1}"
823161,MLB,2026,regular,2026-03-28,2026-03-28,mlb-cle,mlb-sea,final,,,2,2,,,0.35,,,,,0.0,0.0,2,3.5,4.5,2,4.5,3.5,1,1,0,0.5,1,1,0,0.5,3.5,4.5,2,4.5,3.5,2,,,,,,,,,6,5,11,-1,mlb-cle,"{""common_opponents"": 1, ""games_played"": 1, ""head_to_head"": 1, ""home_advantage"": 1, ""last10_form"": 1, ""season_scoring"": 1, ""travel_km"": 1}"
823241,MLB,2026,regular,2026-03-28,2026-03-28,mlb-nyy,mlb-sf,final,,,2,2,,,0.35,,,,,0.0,0.0,2,5.0,0.0,2,0.0,5.0,2,0,0,1.0,0,2,0,0.0,5.0,0.0,2,0.0,5.0,2,,,,,,,,,3,1,4,-2,mlb-nyy,"{""common_opponents"": 1, ""games_played"": 1, ""head_to_head"": 1, ""home_advantage"": 1, ""last10_form"": 1, ""season_scoring"": 1, ""travel_km"": 1}"
823323,MLB,2026,regular,2026-03-28,2026-03-28,mlb-det,mlb-sd,final,,,2,2,,,0.35,,,,,0.0,0.0,2,6.5,2.0,2,2.0,6.5,2,0,0,1.0,0,2,0,0.0,6.5,2.0,2,2.0,6.5,2,,,,,,,,,0,3,3,3,mlb-sd,"{""common_opponents"": 1, ""games_played"": 1, ""head_to_head"": 1, ""home_advantage"": 1, ""last10_form"": 1, ""season_scoring"": 1, ""travel_km"": 1}"
823488,MLB,2026,regular,2026-03-28,2026-03-28,mlb-tex,mlb-phi,final,,,1,1,,,0.35,,,,,0.0,0.0,1,3.0,5.0,1,5.0,3.0,0,1,0,0.0,1,0,0,1.0,3.0,5.0,1,5.0,3.0,1,,,,,,,,,5,4,9,-1,mlb-tex,"{""common_opponents"": 1, ""games_played"": 1, ""head_to_head"": 1, ""home_advantage"": 1, ""last10_form"": 1, ""season_scoring"": 1, ""travel_km"": 1}"
823651,MLB,2026,regular,2026-03-28,2026-03-28,mlb-pit,mlb-nym,final,,,1,1,,,0.35,,,,,0.0,0.0,1,7.0,11.0,1,11.0,7.0,0,1,0,0.0,1,0,0,1.0,7.0,11.0,1,11.0,7.0,1,,,,,,,,,2,4,6,2,mlb-nym,"{""common_opponents"": 1, ""games_played"": 1, ""head_to_head"": 1, ""home_advantage"": 1, ""last10_form"": 1, ""season_scoring"": 1, ""travel_km"": 1}"
823811,MLB,2026,regular,2026-03-28,2026-03-28,mlb-cws,mlb-mil,final,,,1,1,,,0.35,,,,,0.0,0.0,1,2.0,14.0,1,14.0,2.0,0,1,0,0.0,1,0,0,1.0,2.0,14.0,1,14.0,2.0,1,,,,,,,,,1,6,7,5,mlb-mil,"{""common_opponents"": 1, ""games_played"": 1, ""head_to_head"": 1, ""home_advantage"": 1, ""last10_form"": 1, ""season_scoring"": 1, ""travel_km"": 1}"
823892,MLB,2026,regular,2026-03-28,2026-03-28,mlb-col,mlb-mia,final,,,1,1,,,0.35,,,,,0.0,0.0,1,1.0,2.0,1,2.0,1.0,0,1,0,0.0,1,0,0,1.0,1.0,2.0,1,2.0,1.0,1,,,,,,,,,3,4,7,1,mlb-mia,"{""common_opponents"": 1, ""games_played"": 1, ""head_to_head"": 1, ""home_advantage"": 1, ""last10_form"": 1, ""season_scoring"": 1, ""travel_km"": 1}"
823973,MLB,2026,regular,2026-03-28,2026-03-28,mlb-ari,mlb-lad,final,,,2,2,,,0.35,,,,,0.0,0.0,2,3.0,6.5,2,6.5,3.0,0,2,0,0.0,2,0,0,1.0,3.0,6.5,2,6.5,3.0,2,,,,,,,,,2,3,5,1,mlb-lad,"{""common_opponents"": 1, ""games_played"": 1, ""head_to_head"": 1, ""home_advantage"": 1, ""last10_form"": 1, ""season_scoring"": 1, ""travel_km"": 1}"
824213,MLB,2026,regular,2026-03-28,2026-03-28,mlb-laa,mlb-hou,final,,,2,2,,,0.35,,,,,0.0,0.0,2,4.5,1.0,2,1.0,4.5,2,0,0,1.0,0,2,0,0.0,4.5,1.0,2,1.0,4.5,2,,,,,,,,,9,11,20,2,mlb-hou,"{""common_opponents"": 1, ""games_played"": 1, ""head_to_head"": 1, ""home_advantage"": 1, ""last10_form"": 1, ""season_scoring"": 1, ""travel_km"": 1}"
824540,MLB,2026,regular,2026-03-28,2026-03-28,mlb-bos,mlb-cin,final,,,1,1,,,0.35,,,,,0.0,0.0,1,3.0,0.0,1,0.0,3.0,1,0,0,1.0,0,1,0,0.0,3.0,0.0,1,0.0,3.0,1,,,,,,,,,5,6,11,1,mlb-cin,"{""common_opponents"": 1, ""games_played"": 1, ""head_to_head"": 1, ""home_advantage"": 1, ""last10_form"": 1, ""season_scoring"": 1, ""travel_km"": 1}"
824701,MLB,2026,regular,2026-03-28,2026-03-28,mlb-wsh,mlb-chc,final,,,1,1,,,0.35,,,,,0.0,0.0,1,10.0,4.0,1,4.0,10.0,1,0,0,1.0,0,1,0,0.0,10.0,4.0,1,4.0,10.0,1,,,,,,,,,2,10,12,8,mlb-chc,"{""common_opponents"": 1, ""games_played"": 1, ""head_to_head"": 1, ""home_advantage"": 1, ""last10_form"": 1, ""season_scoring"": 1, ""travel_km"": 1}"
824862,MLB,2026,regular,2026-03-28,2026-03-28,mlb-min,mlb-bal,final,,,1,1,,,0.35,,,,,0.0,0.0,1,1.0,2.0,1,2.0,1.0,0,1,0,0.0,1,0,0,1.0,1.0,2.0,1,2.0,1.0,1,,,,,,,,,4,1,5,-3,mlb-min,"{""common_opponents"": 1, ""games_played"": 1, ""head_to_head"": 1, ""home_advantage"": 1, ""last10_form"": 1, ""season_scoring"": 1, ""travel_km"": 1}"
824945,MLB,2026,regular,2026-03-28,2026-03-28,mlb-kc,mlb-atl,final,,,1,1,,,0.35,,,,,0.0,0.0,1,0.0,6.0,1,6.0,0.0,0,1,0,0.0,1,0,0,1.0,0.0,6.0,1,6.0,0.0,1,,,,,,,,,2,6,8,4,mlb-atl,"{""common_opponents"": 1, ""games_played"": 1, ""head_to_head"": 1, ""home_advantage"": 1, ""last10_form"": 1, ""season_scoring"": 1, ""travel_km"": 1}"
822837,MLB,2026,regular,2026-03-29,2026-03-29,mlb-ath,mlb-tor,final,,,2,2,,,0.35,,,,,0.0,0.0,2,4.5,5.5,2,5.5,4.5,0,2,0,0.0,2,0,0,1.0,4.5,5.5,2,5.5,4.5,2,,,,,,,,,2,5,7,3,mlb-tor,"{""common_opponents"": 1, ""games_played"": 1, ""head_to_head"": 1, ""home_advantage"": 1, ""last10_form"": 1, ""season_scoring"": 1, ""travel_km"": 1}"
823079,MLB,2026,regular,2026-03-29,2026-03-29,mlb-tb,mlb-stl,final,,,2,2,,,0.35,,,,,0.0,0.0,2,6.0,7.5,2,7.5,6.0,0,2,0,0.0,2,0,0,1.0,6.0,7.5,2,7.5,6.0,2,,,,,,,,,11,7,18,-4,mlb-tb,"{""common_opponents"": 1, ""games_played"": 1, ""head_to_head"": 1, ""home_advantage"": 1, ""last10_form"": 1, ""season_scoring"": 1, ""travel_km"": 1}"
823160,MLB,2026,regular,2026-03-29,2026-03-29,mlb-cle,mlb-sea,final,,,3,3,,,0.35,,,,,0.0,0.0,3,4.3333,4.6667,3,4.6667,4.3333,2,1,0,0.6667,1,2,0,0.3333,4.3333,4.6667,3,4.6667,4.3333,3,,,,,,,,,0,8,8,8,mlb-sea,"{""common_opponents"": 1, ""games_played"": 1, ""head_to_head"": 1, ""home_advantage"": 1, ""last10_form"": 1, ""season_scoring"": 1, ""travel_km"": 1}"
823487,MLB,2026,regular,2026-03-29,2026-03-29,mlb-tex,mlb-phi,final,,,2,2,,,0.35,,,,,0.0,0.0,2,4.0,4.5,2,4.5,4.0,1,1,0,0.5,1,1,0,0.5,4.0,4.5,2,4.5,4.0,2,,,,,,,,,8,3,11,-5,mlb-tex,"{""common_opponents"": 1, ""games_played"": 1, ""head_to_head"": 1, ""home_advantage"": 1, ""last10_form"": 1, ""season_scoring"": 1, ""travel_km"": 1}"
823647,MLB,2026,regular,2026-03-29,2026-03-29,mlb-pit,mlb-nym,final,,,2,2,,,0.35,,,,,0.0,0.0,2,4.5,7.5,2,7.5,4.5,0,2,0,0.0,2,0,0,1.0,4.5,7.5,2,7.5,4.5,2,,,,,,,,,4,3,7,-1,mlb-pit,"{""common_opponents"": 1, ""games_played"": 1, ""head_to_head"": 1, ""home_advantage"": 1, ""last10_form"": 1, ""season_scoring"": 1, ""travel_km"": 1}"
823810,MLB,2026,regular,2026-03-29,2026-03-29,mlb-cws,mlb-mil,final,,,2,2,,,0.35,,,,,0.0,0.0,2,1.5,10.0,2,10.0,1.5,0,2,0,0.0,2,0,0,1.0,1.5,10.0,2,10.0,1.5,2,,,,,,,,,7,9,16,2,mlb-mil,"{""common_opponents"": 1, ""games_played"": 1, ""head_to_head"": 1, ""home_advantage"": 1, ""last10_form"": 1, ""season_scoring"": 1, ""travel_km"": 1}"
823891,MLB,2026,regular,2026-03-29,2026-03-29,mlb-col,mlb-mia,final,,,2,2,,,0.35,,,,,0.0,0.0,2,2.0,3.0,2,3.0,2.0,0,2,0,0.0,2,0,0,1.0,2.0,3.0,2,3.0,2.0,2,,,,,,,,,3,4,7,1,mlb-mia,"{""common_opponents"": 1, ""games_played"": 1, ""head_to_head"": 1, ""home_advantage"": 1, ""last10_form"": 1, ""season_scoring"": 1, ""travel_km"": 1}"
824215,MLB,2026,regular,2026-03-29,2026-03-29,mlb-laa,mlb-hou,final,,,3,3,,,0.35,,,,,0.0,0.0,3,6.0,4.3333,3,4.3333,6.0,2,1,0,0.6667,1,2,0,0.3333,6.0,4.3333,3,4.3333,6.0,3,,,,,,,,,7,9,16,2,mlb-hou,"{""common_opponents"": 1, ""games_played"": 1, ""head_to_head"": 1, ""home_advantage"": 1, ""last10_form"": 1, ""season_scoring"": 1, ""travel_km"": 1}"
824538,MLB,2026,regular,2026-03-29,2026-03-29,mlb-bos,mlb-cin,final,,,2,2,,,0.35,,,,,0.0,0.0,2,4.0,3.0,2,3.0,4.0,1,1,0,0.5,1,1,0,0.5,4.0,3.0,2,3.0,4.0,2,,,,,,,,,2,3,5,1,mlb-cin,"{""common_opponents"": 1, ""games_played"": 1, ""head_to_head"": 1, ""home_advantage"": 1, ""last10_form"": 1, ""season_scoring"": 1, ""travel_km"": 1}"
824700,MLB,2026,regular,2026-03-29,2026-03-29,mlb-wsh,mlb-chc,final,,,2,2,,,0.35,,,,,0.0,0.0,2,6.0,7.0,2,7.0,6.0,1,1,0,0.5,1,1,0,0.5,6.0,7.0,2,7.0,6.0,2,,,,,,,,,6,3,9,-3,mlb-wsh,"{""common_opponents"": 1, ""games_played"": 1, ""head_to_head"": 1, ""home_advantage"": 1, ""last10_form"": 1, ""season_scoring"": 1, ""travel_km"": 1}"
824864,MLB,2026,regular,2026-03-29,2026-03-29,mlb-min,mlb-bal,final,,,2,2,,,0.35,,,,,0.0,0.0,2,2.5,1.5,2,1.5,2.5,1,1,0,0.5,1,1,0,0.5,2.5,1.5,2,1.5,2.5,2,,,,,,,,,6,8,14,2,mlb-bal,"{""common_opponents"": 1, ""games_played"": 1, ""head_to_head"": 1, ""home_advantage"": 1, ""last10_form"": 1, ""season_scoring"": 1, ""travel_km"": 1}"
824944,MLB,2026,regular,2026-03-29,2026-03-29,mlb-kc,mlb-atl,final,,,2,2,,,0.35,,,,,0.0,0.0,2,1.0,6.0,2,6.0,1.0,0,2,0,0.0,2,0,0,1.0,1.0,6.0,2,6.0,1.0,2,,,,,,,,,4,1,5,-3,mlb-kc,"{""common_opponents"": 1, ""games_played"": 1, ""head_to_head"": 1, ""home_advantage"": 1, ""last10_form"": 1, ""season_scoring"": 1, ""travel_km"": 1}"
822834,MLB,2026,regular,2026-03-30,2026-03-30,mlb-col,mlb-tor,final,,,3,3,,,0.35,,,,,1987.7,0.0,,,,,,,0,3,0,0.0,3,0,0,1.0,2.3333,3.3333,3,5.3333,3.6667,3,,,,,,,,,14,5,19,-9,mlb-col,"{""common_opponents"": 1, ""games_played"": 1, ""head_to_head"": 1, ""home_advantage"": 1, ""last10_form"": 1, ""season_scoring"": 1, ""travel_km"": 1}"
823080,MLB,2026,regular,2026-03-30,2026-03-30,mlb-nym,mlb-stl,final,,,3,3,,,0.35,,,,,1416.6,0.0,,,,,,,2,1,0,0.6667,2,1,0,0.6667,6.0,4.3333,3,7.3333,7.6667,3,,,,,,,,,4,2,6,-2,mlb-nym,"{""common_opponents"": 1, ""games_played"": 1, ""head_to_head"": 1, ""home_advantage"": 1, ""last10_form"": 1, ""season_scoring"": 1, ""travel_km"": 1}"
823159,MLB,2026,regular,2026-03-30,2026-03-30,mlb-nyy,mlb-sea,final,,,3,4,,,0.35,,,,,1091.1,0.0,,,,,,,3,0,0,1.0,2,2,0,0.5,4.3333,0.3333,3,5.5,3.25,4,,,,,,,,,1,2,3,1,mlb-sea,"{""common_opponents"": 1, ""games_played"": 1, ""head_to_head"": 1, ""home_advantage"": 1, ""last10_form"": 1, ""season_scoring"": 1, ""travel_km"": 1}"
823320,MLB,2026,regular,2026-03-30,2026-03-30,mlb-sf,mlb-sd,final,,,3,3,,,0.35,,,,,737.1,0.0,,,,,,,0,3,0,0.0,1,2,0,0.3333,0.3333,4.3333,3,2.3333,4.3333,3,,,,,,,,,3,2,5,-1,mlb-sf,"{""common_opponents"": 1, ""games_played"": 1, ""head_to_head"": 1, ""home_advantage"": 1, ""last10_form"": 1, ""season_scoring"": 1, ""travel_km"": 1}"
823484,MLB,2026,regular,2026-03-30,2026-03-30,mlb-wsh,mlb-phi,final,,,3,3,,,0.35,,,,,1072.5,0.0,,,,,,,2,1,0,0.6667,1,2,0,0.3333,6.0,5.6667,3,4.0,5.3333,3,,,,,,,,,13,2,15,-11,mlb-wsh,"{""common_opponents"": 1, ""games_played"": 1, ""head_to_head"": 1, ""home_advantage"": 1, ""last10_form"": 1, ""season_scoring"": 1, ""travel_km"": 1}"
823809,MLB,2026,regular,2026-03-30,2026-03-30,mlb-tb,mlb-mil,final,,,3,3,,,0.35,,,,,524.3,0.0,,,,,,,1,2,0,0.3333,3,0,0,1.0,7.6667,7.3333,3,9.6667,3.3333,3,,,,,,,,,3,2,5,-1,mlb-tb,"{""common_opponents"": 1, ""games_played"": 1, ""head_to_head"": 1, ""home_advantage"": 1, ""last10_form"": 1, ""season_scoring"": 1, ""travel_km"": 1}"
823890,MLB,2026,regular,2026-03-30,2026-03-30,mlb-cws,mlb-mia,final,,,3,3,,,0.35,,,,,2043.4,0.0,,,,,,,0,3,0,0.0,3,0,0,1.0,3.3333,9.6667,3,3.3333,2.3333,3,,,,,,,,,9,4,13,-5,mlb-cws,"{""common_opponents"": 1, ""games_played"": 1, ""head_to_head"": 1, ""home_advantage"": 1, ""last10_form"": 1, ""season_scoring"": 1, ""travel_km"": 1}"
823972,MLB,2026,regular,2026-03-30,2026-03-30,mlb-cle,mlb-lad,final,,,4,3,,,0.35,,,,,1541.4,0.0,,,,,,,2,2,0,0.5,3,0,0,1.0,3.25,5.5,4,5.3333,2.6667,3,,,,,,,,,4,2,6,-2,mlb-cle,"{""common_opponents"": 1, ""games_played"": 1, ""head_to_head"": 1, ""home_advantage"": 1, ""last10_form"": 1, ""season_scoring"": 1, ""travel_km"": 1}"
824135,MLB,2026,regular,2026-03-30,2026-03-30,mlb-min,mlb-kc,final,,,3,3,,,0.35,,,,,1537.3,1062.4,,,,,,,1,2,0,0.3333,1,2,0,0.3333,3.6667,3.6667,3,2.0,4.3333,3,,,,,,,,,1,3,4,2,mlb-kc,"{""common_opponents"": 1, ""games_played"": 1, ""head_to_head"": 1, ""home_advantage"": 1, ""last10_form"": 1, ""season_scoring"": 1, ""travel_km"": 1}"
824214,MLB,2026,regular,2026-03-30,2026-03-30,mlb-bos,mlb-hou,final,,,3,4,,,0.35,,,,,1436.1,0.0,,,,,,,1,2,0,0.3333,2,2,0,0.5,3.3333,3.0,3,5.5,6.25,4,,,,,,,,,1,8,9,7,mlb-hou,"{""common_opponents"": 1, ""games_played"": 1, ""head_to_head"": 1, ""home_advantage"": 1, ""last10_form"": 1, ""season_scoring"": 1, ""travel_km"": 1}"
824539,MLB,2026,regular,2026-03-30,2026-03-30,mlb-pit,mlb-cin,final,,,3,3,,,0.35,,,,,927.0,0.0,,,,,,,1,2,0,0.3333,2,1,0,0.6667,4.3333,6.0,3,3.0,3.3333,3,,,,,,,,,0,2,2,2,mlb-cin,"{""common_opponents"": 1, ""games_played"": 1, ""head_to_head"": 1, ""home_advantage"": 1, ""last10_form"": 1, ""season_scoring"": 1, ""travel_km"": 1}"
824702,MLB,2026,regular,2026-03-30,2026-03-30,mlb-laa,mlb-chc,final,,,4,3,,,0.35,,,,,1521.3,0.0,,,,,,,2,2,0,0.5,1,2,0,0.3333,6.25,5.5,4,5.6667,6.0,3,,,,,,,,,2,7,9,5,mlb-chc,"{""common_opponents"": 1, ""games_played"": 1, ""head_to_head"": 1, ""home_advantage"": 1, ""last10_form"": 1, ""season_scoring"": 1, ""travel_km"": 1}"
824863,MLB,2026,regular,2026-03-30,2026-03-30,mlb-tex,mlb-bal,final,,,3,3,,,0.35,,,,,142.6,0.0,,,,,,,2,1,0,0.6667,2,1,0,0.6667,5.3333,4.0,3,3.6667,3.6667,3,,,,,,,,,5,2,7,-3,mlb-tex,"{""common_opponents"": 1, ""games_played"": 1, ""head_to_head"": 1, ""home_advantage"": 1, ""last10_form"": 1, ""season_scoring"": 1, ""travel_km"": 1}"
824943,MLB,2026,regular,2026-03-30,2026-03-30,mlb-ath,mlb-atl,final,,,3,3,,,0.35,,,,,1169.6,0.0,,,,,,,0,3,0,0.0,2,1,0,0.6667,3.6667,5.3333,3,4.3333,2.0,3,,,,,,,,,0,4,4,4,mlb-atl,"{""common_opponents"": 1, ""games_played"": 1, ""head_to_head"": 1, ""home_advantage"": 1, ""last10_form"": 1, ""season_scoring"": 1, ""travel_km"": 1}"
825108,MLB,2026,regular,2026-03-30,2026-03-30,mlb-det,mlb-ari,final,,,3,3,,,0.35,,,,,481.2,574.9,,,,,,,2,1,0,0.6667,0,3,0,0.0,4.3333,2.3333,3,2.6667,5.3333,3,,,,,,,,,6,9,15,3,mlb-ari,"{""common_opponents"": 1, ""games_played"": 1, ""head_to_head"": 1, ""home_advantage"": 1, ""last10_form"": 1, ""season_scoring"": 1, ""travel_km"": 1}"
822836,MLB,2026,regular,2026-03-31,2026-03-31,mlb-col,mlb-tor,final,,,4,4,,,0.35,,,,,0.0,0.0,1,14.0,5.0,1,5.0,14.0,1,3,0,0.25,3,1,0,0.75,5.25,3.75,4,5.25,6.25,4,,,,,,,,,1,5,6,4,mlb-tor,"{""common_opponents"": 1, ""games_played"": 1, ""head_to_head"": 1, ""home_advantage"": 1, ""last10_form"": 1, ""season_scoring"": 1, ""travel_km"": 1}"
823077,MLB,2026,regular,2026-03-31,2026-03-31,mlb-nym,mlb-stl,final,,,4,4,,,0.35,,,,,0.0,0.0,1,4.0,2.0,1,2.0,4.0,3,1,0,0.75,2,2,0,0.5,5.5,3.75,4,6.0,6.75,4,,,,,,,,,0,3,3,3,mlb-stl,"{""common_opponents"": 1, ""games_played"": 1, ""head_to_head"": 1, ""home_advantage"": 1, ""last10_form"": 1, ""season_scoring"": 1, ""travel_km"": 1}"
823158,MLB,2026,regular,2026-03-31,2026-03-31,mlb-nyy,mlb-sea,final,,,4,5,,,0.35,,,,,0.0,0.0,1,1.0,2.0,1,2.0,1.0,3,1,0,0.75,3,2,0,0.6,3.5,0.75,4,4.8,2.8,5,,,,,,,,,5,0,5,-5,mlb-nyy,"{""common_opponents"": 1, ""games_played"": 1, ""head_to_head"": 1, ""home_advantage"": 1, ""last10_form"": 1, ""season_scoring"": 1, ""travel_km"": 1}"
823322,MLB,2026,regular,2026-03-31,2026-03-31,mlb-sf,mlb-sd,final,,,4,4,,,0.35,,,,,0.0,0.0,1,3.0,2.0,1,2.0,3.0,1,3,0,0.25,1,3,0,0.25,1.0,3.75,4,2.25,4.0,4,,,,,,,,,9,3,12,-6,mlb-sf,"{""common_opponents"": 1, ""games_played"": 1, ""head_to_head"": 1, ""home_advantage"": 1, ""last10_form"": 1, ""season_scoring"": 1, ""travel_km"": 1}"
823485,MLB,2026,regular,2026-03-31,2026-03-31,mlb-wsh,mlb-phi,final,,,4,4,,,0.35,,,,,0.0,0.0,1,13.0,2.0,1,2.0,13.0,3,1,0,0.75,1,3,0,0.25,7.75,4.75,4,3.5,7.25,4,,,,,,,,,2,3,5,1,mlb-phi,"{""common_opponents"": 1, ""games_played"": 1, ""head_to_head"": 1, ""home_advantage"": 1, ""last10_form"": 1, ""season_scoring"": 1, ""travel_km"": 1}"
823807,MLB,2026,regular,2026-03-31,2026-03-31,mlb-tb,mlb-mil,final,,,4,4,,,0.35,,,,,0.0,0.0,1,3.0,2.0,1,2.0,3.0,2,2,0,0.5,3,1,0,0.75,6.5,6.0,4,7.75,3.25,4,,,,,,,,,2,6,8,4,mlb-mil,"{""common_opponents"": 1, ""games_played"": 1, ""head_to_head"": 1, ""home_advantage"": 1, ""last10_form"": 1, ""season_scoring"": 1, ""travel_km"": 1}"
823888,MLB,2026,regular,2026-03-31,2026-03-31,mlb-cws,mlb-mia,final,,,4,4,,,0.35,,,,,0.0,0.0,1,9.0,4.0,1,4.0,9.0,1,3,0,0.25,3,1,0,0.75,4.75,8.25,4,3.5,4.0,4,,,,,,,,,2,9,11,7,mlb-mia,"{""common_opponents"": 1, ""games_played"": 1, ""head_to_head"": 1, ""home_advantage"": 1, ""last10_form"": 1, ""season_scoring"": 1, ""travel_km"": 1}"
823969,MLB,2026,regular,2026-03-31,2026-03-31,mlb-cle,mlb-lad,final,,,5,4,,,0.35,,,,,0.0,0.0,1,4.0,2.0,1,2.0,4.0,3,2,0,0.6,3,1,0,0.75,3.4,4.8,5,4.5,3.0,4,,,,,,,,,1,4,5,3,mlb-lad,"{""common_opponents"": 1, ""games_played"": 1, ""head_to_head"": 1, ""home_advantage"": 1, ""last10_form"": 1, ""season_scoring"": 1, ""travel_km"": 1}"
824212,MLB,2026,regular,2026-03-31,2026-03-31,mlb-bos,mlb-hou,final,,,4,5,,,0.35,,,,,0.0,0.0,1,1.0,8.0,1,8.0,1.0,1,3,0,0.25,3,2,0,0.6,2.75,4.25,4,6.0,5.2,5,,,,,,,,,2,9,11,7,mlb-hou,"{""common_opponents"": 1, ""games_played"": 1, ""head_to_head"": 1, ""home_advantage"": 1, ""last10_form"": 1, ""season_scoring"": 1, ""travel_km"": 1}"
824537,MLB,2026,regular,2026-03-31,2026-03-31,mlb-pit,mlb-cin,final,,,4,4,,,0.35,,,,,0.0,0.0,1,0.0,2.0,1,2.0,0.0,1,3,0,0.25,3,1,0,0.75,3.25,5.0,4,2.75,2.5,4,,,,,,,,,8,3,11,-5,mlb-pit,"{""common_opponents"": 1, ""games_played"": 1, ""head_to_head"": 1, ""home_advantage"": 1, ""last10_form"": 1, ""season_scoring"": 1, ""travel_km"": 1}"
824699,MLB,2026,regular,2026-03-31,2026-03-31,mlb-laa,mlb-chc,final,,,5,4,,,0.35,,,,,0.0,0.0,1,2.0,7.0,1,7.0,2.0,2,3,0,0.4,2,2,0,0.5,5.4,5.8,5,6.0,5.0,4,,,,,,,,,2,0,2,-2,mlb-laa,"{""common_opponents"": 1, ""games_played"": 1, ""head_to_head"": 1, ""home_advantage"": 1, ""last10_form"": 1, ""season_scoring"": 1, ""travel_km"": 1}"
824861,MLB,2026,regular,2026-03-31,2026-03-31,mlb-tex,mlb-bal,final,,,4,4,,,0.35,,,,,0.0,0.0,1,5.0,2.0,1,2.0,5.0,3,1,0,0.75,2,2,0,0.5,5.25,3.5,4,3.25,4.0,4,,,,,,,,,8,5,13,-3,mlb-tex,"{""common_opponents"": 1, ""games_played"": 1, ""head_to_head"": 1, ""home_advantage"": 1, ""last10_form"": 1, ""season_scoring"": 1, ""travel_km"": 1}"
824942,MLB,2026,regular,2026-03-31,2026-03-31,mlb-ath,mlb-atl,final,,,4,4,,,0.35,,,,,0.0,0.0,1,0.0,4.0,1,4.0,0.0,0,4,0,0.0,3,1,0,0.75,2.75,5.0,4,4.25,1.5,4,,,,,,,,,5,2,7,-3,mlb-ath,"{""common_opponents"": 1, ""games_played"": 1, ""head_to_head"": 1, ""home_advantage"": 1, ""last10_form"": 1, ""season_scoring"": 1, ""travel_km"": 1}"
825107,MLB,2026,regular,2026-03-31,2026-03-31,mlb-det,mlb-ari,final,,,4,4,,,0.35,,,,,0.0,0.0,1,6.0,9.0,1,9.0,6.0,2,2,0,0.5,1,3,0,0.25,4.75,4.0,4,4.25,5.5,4,,,,,,,,,5,7,12,2,mlb-ari,"{""common_opponents"": 1, ""games_played"": 1, ""head_to_head"": 1, ""home_advantage"": 1, ""last10_form"": 1, ""season_scoring"": 1, ""travel_km"": 1}"
822835,MLB,2026,regular,2026-04-01,2026-04-01,mlb-col,mlb-tor,final,,,5,5,,,0.35,,,,,0.0,0.0,2,7.5,5.0,2,5.0,7.5,1,4,0,0.2,4,1,0,0.8,4.4,4.0,5,5.2,5.2,5,,,,,,,,,2,1,3,-1,mlb-col,"{""common_opponents"": 1, ""games_played"": 1, ""head_to_head"": 1, ""home_advantage"": 1, ""last10_form"": 1, ""season_scoring"": 1, ""travel_km"": 1}"
823078,MLB,2026,regular,2026-04-01,2026-04-01,mlb-nym,mlb-stl,final,,,5,5,,,0.35,,,,,0.0,0.0,2,2.0,2.5,2,2.5,2.0,3,2,0,0.6,3,2,0,0.6,4.4,3.6,5,5.4,5.4,5,,,,,,,,,1,2,3,1,mlb-stl,"{""common_opponents"": 1, ""games_played"": 1, ""head_to_head"": 1, ""home_advantage"": 1, ""last10_form"": 1, ""season_scoring"": 1, ""travel_km"": 1}"
823157,MLB,2026,regular,2026-04-01,2026-04-01,mlb-nyy,mlb-sea,final,,,5,6,,,0.35,,,,,0.0,0.0,2,3.0,1.0,2,1.0,3.0,4,1,0,0.8,3,3,0,0.5,3.8,0.6,5,4.0,3.1667,6,,,,,,,,,5,3,8,-2,mlb-nyy,"{""common_opponents"": 1, ""games_played"": 1, ""head_to_head"": 1, ""home_advantage"": 1, ""last10_form"": 1, ""season_scoring"": 1, ""travel_km"": 1}"
823321,MLB,2026,regular,2026-04-01,2026-04-01,mlb-sf,mlb-sd,final,,,5,5,,,0.35,,,,,0.0,0.0,2,6.0,2.5,2,2.5,6.0,2,3,0,0.4,1,4,0,0.2,2.6,3.6,5,2.4,5.0,5,,,,,,,,,1,7,8,6,mlb-sd,"{""common_opponents"": 1, ""games_played"": 1, ""head_to_head"": 1, ""home_advantage"": 1, ""last10_form"": 1, ""season_scoring"": 1, ""travel_km"": 1}"
823483,MLB,2026,regular,2026-04-01,2026-04-01,mlb-wsh,mlb-phi,final,,,5,5,,,0.35,,,,,0.0,0.0,2,7.5,2.5,2,2.5,7.5,3,2,0,0.6,2,3,0,0.4,6.6,4.4,5,3.4,6.2,5,,,,,,,,,5,6,11,1,mlb-phi,"{""common_opponents"": 1, ""games_played"": 1, ""head_to_head"": 1, ""home_advantage"": 1, ""last10_form"": 1, ""season_scoring"": 1, ""travel_km"": 1}"
823806,MLB,2026,regular,2026-04-01,2026-04-01,mlb-tb,mlb-mil,final,,,5,5,,,0.35,,,,,0.0,0.0,2,2.5,4.0,2,4.0,2.5,2,3,0,0.4,4,1,0,0.8,5.6,6.0,5,7.4,3.0,5,,,,,,,,,2,8,10,6,mlb-mil,"{""common_opponents"": 1, ""games_played"": 1, ""head_to_head"": 1, ""home_advantage"": 1, ""last10_form"": 1, ""season_scoring"": 1, ""travel_km"": 1}"
823889,MLB,2026,regular,2026-04-01,2026-04-01,mlb-cws,mlb-mia,final,,,5,5,,,0.35,,,,,0.0,0.0,2,5.5,6.5,2,6.5,5.5,1,4,0,0.2,4,1,0,0.8,4.2,8.4,5,4.6,3.6,5,,,,,,,,,0,10,10,10,mlb-mia,"{""common_opponents"": 1, ""games_played"": 1, ""head_to_head"": 1, ""home_advantage"": 1, ""last10_form"": 1, ""season_scoring"": 1, ""travel_km"": 1}"
823970,MLB,2026,regular,2026-04-01,2026-04-01,mlb-cle,mlb-lad,final,,,6,5,,,0.35,,,,,0.0,0.0,2,2.5,3.0,2,3.0,2.5,3,3,0,0.5,4,1,0,0.8,3.0,4.6667,6,4.4,2.6,5,,,,,,,,,4,1,5,-3,mlb-cle,"{""common_opponents"": 1, ""games_played"": 1, ""head_to_head"": 1, ""home_advantage"": 1, ""last10_form"": 1, ""season_scoring"": 1, ""travel_km"": 1}"
824136,MLB,2026,regular,2026-04-01,2026-04-01,mlb-min,mlb-kc,final,,,4,4,,,0.35,,,,,0.0,0.0,1,1.0,3.0,1,3.0,1.0,1,3,0,0.25,2,2,0,0.5,3.0,3.5,4,2.25,3.5,4,,,,,,,,,9,13,22,4,mlb-kc,"{""common_opponents"": 1, ""games_played"": 1, ""head_to_head"": 1, ""home_advantage"": 1, ""last10_form"": 1, ""season_scoring"": 1, ""travel_km"": 1}"
824211,MLB,2026,regular,2026-04-01,2026-04-01,mlb-bos,mlb-hou,final,,,5,6,,,0.35,,,,,0.0,0.0,2,1.5,8.5,2,8.5,1.5,1,4,0,0.2,4,2,0,0.6667,2.6,5.2,5,6.5,4.6667,6,,,,,,,,,4,6,10,2,mlb-hou,"{""common_opponents"": 1, ""games_played"": 1, ""head_to_head"": 1, ""home_advantage"": 1, ""last10_form"": 1, ""season_scoring"": 1, ""travel_km"": 1}"
824536,MLB,2026,regular,2026-04-01,2026-04-01,mlb-pit,mlb-cin,final,,,5,5,,,0.35,,,,,0.0,0.0,2,4.0,2.5,2,2.5,4.0,2,3,0,0.4,3,2,0,0.6,4.2,4.6,5,2.8,3.6,5,,,,,,,,,8,3,11,-5,mlb-pit,"{""common_opponents"": 1, ""games_played"": 1, ""head_to_head"": 1, ""home_advantage"": 1, ""last10_form"": 1, ""season_scoring"": 1, ""travel_km"": 1}"
824698,MLB,2026,regular,2026-04-01,2026-04-01,mlb-laa,mlb-chc,final,,,6,5,,,0.35,,,,,0.0,0.0,2,2.0,3.5,2,3.5,2.0,3,3,0,0.5,2,3,0,0.4,4.8333,4.8333,6,4.8,4.4,5,,,,,,,,,2,6,8,4,mlb-chc,"{""common_opponents"": 1, ""games_played"": 1, ""head_to_head"": 1, ""home_advantage"": 1, ""last10_form"": 1, ""season_scoring"": 1, ""travel_km"": 1}"
824860,MLB,2026,regular,2026-04-01,2026-04-01,mlb-tex,mlb-bal,final,,,5,5,,,0.35,,,,,0.0,0.0,2,6.5,3.5,2,3.5,6.5,4,1,0,0.8,2,3,0,0.4,5.8,3.8,5,3.6,4.8,5,,,,,,,,,3,8,11,5,mlb-bal,"{""common_opponents"": 1, ""games_played"": 1, ""head_to_head"": 1, ""home_advantage"": 1, ""last10_form"": 1, ""season_scoring"": 1, ""travel_km"": 1}"
824940,MLB,2026,regular,2026-04-01,2026-04-01,mlb-ath,mlb-atl,final,,,5,5,,,0.35,,,,,0.0,0.0,2,2.5,3.0,2,3.0,2.5,1,4,0,0.2,3,2,0,0.6,3.2,4.4,5,3.8,2.2,5,,,,,,,,,1,5,6,4,mlb-atl,"{""common_opponents"": 1, ""games_played"": 1, ""head_to_head"": 1, ""home_advantage"": 1, ""last10_form"": 1, ""season_scoring"": 1, ""travel_km"": 1}"
825106,MLB,2026,regular,2026-04-01,2026-04-01,mlb-det,mlb-ari,final,,,5,5,,,0.35,,,,,0.0,0.0,2,5.5,8.0,2,8.0,5.5,2,3,0,0.4,2,3,0,0.4,4.8,4.6,5,4.8,5.4,5,,,,,,,,,0,1,1,1,mlb-ari,"{""common_opponents"": 1, ""games_played"": 1, ""head_to_head"": 1, ""home_advantage"": 1, ""last10_form"": 1, ""season_scoring"": 1, ""travel_km"": 1}"
823242,MLB,2026,regular,2026-04-02,2026-04-02,mlb-nym,mlb-sf,final,,,6,6,,,0.35,,,,,2800.5,737.1,,,,,,,3,3,0,0.5,2,4,0,0.3333,3.8333,3.3333,6,2.3333,4.1667,6,,,,,,,,,2,7,9,5,mlb-sf,"{""common_opponents"": 1, ""games_played"": 1, ""head_to_head"": 1, ""home_advantage"": 1, ""last10_form"": 1, ""season_scoring"": 1, ""travel_km"": 1}"
824133,MLB,2026,regular,2026-04-02,2026-04-02,mlb-min,mlb-kc,final,,,5,5,,,0.35,,,,,0.0,0.0,2,5.0,8.0,2,8.0,5.0,1,4,0,0.2,3,2,0,0.6,4.2,5.4,5,4.4,4.6,5,,,,,,,,,5,1,6,-4,mlb-min,"{""common_opponents"": 1, ""games_played"": 1, ""head_to_head"": 1, ""home_advantage"": 1, ""last10_form"": 1, ""season_scoring"": 1, ""travel_km"": 1}"
825105,MLB,2026,regular,2026-04-02,2026-04-02,mlb-atl,mlb-ari,final,,,6,6,,,0.35,,,,,2546.9,0.0,,,,,,,4,2,0,0.6667,3,3,0,0.5,4.0,2.0,6,4.1667,4.5,6,,,,,,,,,17,2,19,-15,mlb-atl,"{""common_opponents"": 1, ""games_played"": 1, ""head_to_head"": 1, ""home_advantage"": 1, ""last10_form"": 1, ""season_scoring"": 1, ""travel_km"": 1}"
822758,MLB,2026,regular,2026-04-03,2026-04-03,mlb-lad,mlb-wsh,final,,,6,6,,,0.35,,,,,3693.7,195.5,,,,,,,4,2,0,0.6667,3,3,0,0.5,3.8333,2.8333,6,6.3333,4.6667,6,,,,,,,,,13,6,19,-7,mlb-lad,"{""common_opponents"": 1, ""games_played"": 1, ""head_to_head"": 1, ""home_advantage"": 1, ""last10_form"": 1, ""season_scoring"": 1, ""travel_km"": 1}"
822919,MLB,2026,regular,2026-04-03,2026-04-03,mlb-cin,mlb-tex,final,,,6,6,,,0.35,,,,,1332.7,1973.2,,,,,,,3,3,0,0.5,4,2,0,0.6667,2.8333,4.3333,6,5.3333,4.5,6,,,,,,,,,5,3,8,-2,mlb-cin,"{""common_opponents"": 1, ""games_played"": 1, ""head_to_head"": 1, ""home_advantage"": 1, ""last10_form"": 1, ""season_scoring"": 1, ""travel_km"": 1}"
823240,MLB,2026,regular,2026-04-03,2026-04-03,mlb-nym,mlb-sf,final,,,7,7,,,0.35,,,,,0.0,0.0,1,2.0,7.0,1,7.0,2.0,3,4,0,0.4286,3,4,0,0.4286,3.5714,3.8571,7,3.0,3.8571,7,,,,,,,,,10,3,13,-7,mlb-nym,"{""common_opponents"": 1, ""games_played"": 1, ""head_to_head"": 1, ""home_advantage"": 1, ""last10_form"": 1, ""season_scoring"": 1, ""travel_km"": 1}"
823406,MLB,2026,regular,2026-04-03,2026-04-03,mlb-bal,mlb-pit,final,,,6,6,,,0.35,,,,,316.4,412.8,,,,,,,3,3,0,0.5,3,3,0,0.5,4.3333,4.5,6,4.8333,4.3333,6,,,,,,,,,4,5,9,1,mlb-pit,"{""common_opponents"": 1, ""games_played"": 1, ""head_to_head"": 1, ""home_advantage"": 1, ""last10_form"": 1, ""season_scoring"": 1, ""travel_km"": 1}"
823568,MLB,2026,regular,2026-04-03,2026-04-03,mlb-mia,mlb-nyy,final,,,6,6,,,0.35,,,,,1771.6,3865.6,,,,,,,5,1,0,0.8333,5,1,0,0.8333,5.5,3.0,6,4.0,1.0,6,,,,,,,,,2,8,10,6,mlb-nyy,"{""common_opponents"": 1, ""games_played"": 1, ""head_to_head"": 1, ""home_advantage"": 1, ""last10_form"": 1, ""season_scoring"": 1, ""travel_km"": 1}"
823732,MLB,2026,regular,2026-04-03,2026-04-03,mlb-tb,mlb-min,final,,,6,6,,,0.35,,,,,476.6,666.8,,,,,,,2,4,0,0.3333,2,4,0,0.3333,5.0,6.3333,6,4.3333,4.6667,6,,,,,,,,,4,10,14,6,mlb-min,"{""common_opponents"": 1, ""games_played"": 1, ""head_to_head"": 1, ""home_advantage"": 1, ""last10_form"": 1, ""season_scoring"": 1, ""travel_km"": 1}"
824056,MLB,2026,regular,2026-04-03,2026-04-03,mlb-sea,mlb-laa,final,,,7,7,,,0.35,,,,,1578.0,2786.4,,,,,,,3,4,0,0.4286,3,4,0,0.4286,3.8571,3.4286,7,4.4286,5.0,7,,,,,,,,,3,1,4,-2,mlb-sea,"{""common_opponents"": 1, ""games_played"": 1, ""head_to_head"": 1, ""home_advantage"": 1, ""last10_form"": 1, ""season_scoring"": 1, ""travel_km"": 1}"
824299,MLB,2026,regular,2026-04-03,2026-04-03,mlb-stl,mlb-det,final,,,6,6,,,0.35,,,,,731.6,2715.2,,,,,,,4,2,0,0.6667,2,4,0,0.3333,4.8333,4.6667,6,4.0,4.0,6,,,,,,,,,0,4,4,4,mlb-det,"{""common_opponents"": 1, ""games_played"": 1, ""head_to_head"": 1, ""home_advantage"": 1, ""last10_form"": 1, ""season_scoring"": 1, ""travel_km"": 1}"
824377,MLB,2026,regular,2026-04-03,2026-04-03,mlb-phi,mlb-col,final,,,6,6,,,0.35,,,,,2535.1,2160.2,,,,,,,3,3,0,0.5,2,4,0,0.3333,3.8333,6.0,6,4.0,3.5,6,,,,,,,,,10,1,11,-9,mlb-phi,"{""common_opponents"": 1, ""games_played"": 1, ""head_to_head"": 1, ""home_advantage"": 1, ""last10_form"": 1, ""season_scoring"": 1, ""travel_km"": 1}"
824458,MLB,2026,regular,2026-04-03,2026-04-03,mlb-chc,mlb-cle,final,,,6,7,,,0.35,,,,,497.9,3290.3,,,,,,,3,3,0,0.5,4,3,0,0.5714,5.0,4.0,6,3.1429,4.1429,7,,,,,,,,,1,4,5,3,mlb-cle,"{""common_opponents"": 1, ""games_played"": 1, ""head_to_head"": 1, ""home_advantage"": 1, ""last10_form"": 1, ""season_scoring"": 1, ""travel_km"": 1}"
824621,MLB,2026,regular,2026-04-03,2026-04-03,mlb-tor,mlb-cws,postponed,,,6,6,,,0.35,,,,,702.5,1909.9,,,,,,,4,2,0,0.6667,1,5,0,0.1667,4.5,4.6667,6,3.5,8.6667,6,,,,,,,,,4,5,9,1,mlb-cws,"{""common_opponents"": 1, ""games_played"": 1, ""head_to_head"": 1, ""home_advantage"": 1, ""last10_form"": 1, ""season_scoring"": 1, ""travel_km"": 1}"
824621,MLB,2026,regular,2026-04-03,2026-04-03,mlb-tor,mlb-cws,final,,,6,6,,,0.35,,,,,702.5,1909.9,,,,,,,4,2,0,0.6667,1,5,0,0.1667,4.5,4.6667,6,3.5,8.6667,6,,,,,,,,,4,5,9,1,mlb-cws,"{""common_opponents"": 1, ""games_played"": 1, ""head_to_head"": 1, ""home_advantage"": 1, ""last10_form"": 1, ""season_scoring"": 1, ""travel_km"": 1}"
824786,MLB,2026,regular,2026-04-03,2026-04-03,mlb-sd,mlb-bos,final,,,6,6,,,0.35,,,,,4147.0,2577.0,,,,,,,2,4,0,0.3333,1,5,0,0.1667,3.1667,4.3333,6,2.8333,5.3333,6,,,,,,,,,2,5,7,3,mlb-bos,"{""common_opponents"": 1, ""games_played"": 1, ""head_to_head"": 1, ""home_advantage"": 1, ""last10_form"": 1, ""season_scoring"": 1, ""travel_km"": 1}"
825026,MLB,2026,regular,2026-04-03,2026-04-03,mlb-hou,mlb-ath,final,,,7,6,,,0.35,,,,,2587.4,3340.4,,,,,,,5,2,0,0.7143,1,5,0,0.1667,6.4286,4.5714,7,2.8333,4.5,6,,,,,,,,,4,11,15,7,mlb-ath,"{""common_opponents"": 1, ""games_played"": 1, ""head_to_head"": 1, ""home_advantage"": 1, ""last10_form"": 1, ""season_scoring"": 1, ""travel_km"": 1}"
825103,MLB,2026,regular,2026-04-03,2026-04-03,mlb-atl,mlb-ari,final,,,7,7,,,0.35,,,,,0.0,0.0,1,17.0,2.0,1,2.0,17.0,5,2,0,0.7143,3,4,0,0.4286,5.8571,2.0,7,3.8571,6.2857,7,,,,,,,,,2,0,2,-2,mlb-atl,"{""common_opponents"": 1, ""games_played"": 1, ""head_to_head"": 1, ""home_advantage"": 1, ""last10_form"": 1, ""season_scoring"": 1, ""travel_km"": 1}"
822757,MLB,2026,regular,2026-04-04,2026-04-04,mlb-lad,mlb-wsh,final,,,7,7,,,0.35,,,,,0.0,0.0,1,13.0,6.0,1,6.0,13.0,5,2,0,0.7143,3,4,0,0.4286,5.1429,3.2857,7,6.2857,5.8571,7,,,,,,,,,10,5,15,-5,mlb-lad,"{""common_opponents"": 1, ""games_played"": 1, ""head_to_head"": 1, ""home_advantage"": 1, ""last10_form"": 1, ""season_scoring"": 1, ""travel_km"": 1}"
822920,MLB,2026,regular,2026-04-04,2026-04-04,mlb-cin,mlb-tex,final,,,7,7,,,0.35,,,,,0.0,0.0,1,5.0,3.0,1,3.0,5.0,4,3,0,0.5714,4,3,0,0.5714,3.1429,4.1429,7,5.0,4.5714,7,,,,,,,,,2,0,2,-2,mlb-cin,"{""common_opponents"": 1, ""games_played"": 1, ""head_to_head"": 1, ""home_advantage"": 1, ""last10_form"": 1, ""season_scoring"": 1, ""travel_km"": 1}"
823239,MLB,2026,regular,2026-04-04,2026-04-04,mlb-nym,mlb-sf,final,,,8,8,,,0.35,,,,,0.0,0.0,2,6.0,5.0,2,5.0,6.0,4,4,0,0.5,3,5,0,0.375,4.375,3.75,8,3.0,4.625,8,,,,,,,,,9,0,9,-9,mlb-nym,"{""common_opponents"": 1, ""games_played"": 1, ""head_to_head"": 1, ""home_advantage"": 1, ""last10_form"": 1, ""season_scoring"": 1, ""travel_km"": 1}"
823404,MLB,2026,regular,2026-04-04,2026-04-04,mlb-bal,mlb-pit,final,,,7,7,,,0.35,,,,,0.0,0.0,1,4.0,5.0,1,5.0,4.0,3,4,0,0.4286,4,3,0,0.5714,4.2857,4.5714,7,4.8571,4.2857,7,,,,,,,,,2,3,5,1,mlb-pit,"{""common_opponents"": 1, ""games_played"": 1, ""head_to_head"": 1, ""home_advantage"": 1, ""last10_form"": 1, ""season_scoring"": 1, ""travel_km"": 1}"
823569,MLB,2026,regular,2026-04-04,2026-04-04,mlb-mia,mlb-nyy,final,,,7,7,,,0.35,,,,,0.0,0.0,1,2.0,8.0,1,8.0,2.0,5,2,0,0.7143,6,1,0,0.8571,5.0,3.7143,7,4.5714,1.1429,7,,,,,,,,,7,9,16,2,mlb-nyy,"{""common_opponents"": 1, ""games_played"": 1, ""head_to_head"": 1, ""home_advantage"": 1, ""last10_form"": 1, ""season_scoring"": 1, ""travel_km"": 1}"
823730,MLB,2026,regular,2026-04-04,2026-04-04,mlb-tb,mlb-min,final,,,7,7,,,0.35,,,,,0.0,0.0,1,4.0,10.0,1,10.0,4.0,2,5,0,0.2857,3,4,0,0.4286,4.8571,6.8571,7,5.1429,4.5714,7,,,,,,,,,7,1,8,-6,mlb-tb,"{""common_opponents"": 1, ""games_played"": 1, ""head_to_head"": 1, ""home_advantage"": 1, ""last10_form"": 1, ""season_scoring"": 1, ""travel_km"": 1}"
824054,MLB,2026,regular,2026-04-04,2026-04-04,mlb-sea,mlb-laa,final,,,8,8,,,0.35,,,,,0.0,0.0,1,3.0,1.0,1,1.0,3.0,4,4,0,0.5,3,5,0,0.375,3.75,3.125,8,4.0,4.75,8,,,,,,,,,0,1,1,1,mlb-laa,"{""common_opponents"": 1, ""games_played"": 1, ""head_to_head"": 1, ""home_advantage"": 1, ""last10_form"": 1, ""season_scoring"": 1, ""travel_km"": 1}"
824132,MLB,2026,regular,2026-04-04,2026-04-04,mlb-mil,mlb-kc,final,,,6,6,,,0.35,,,,,702.1,0.0,,,,,,,5,1,0,0.8333,3,3,0,0.5,7.5,2.8333,6,3.8333,4.6667,6,,,,,,,,,5,2,7,-3,mlb-mil,"{""common_opponents"": 1, ""games_played"": 1, ""head_to_head"": 1, ""home_advantage"": 1, ""last10_form"": 1, ""season_scoring"": 1, ""travel_km"": 1}"
824134,MLB,2026,regular,2026-04-04,2026-04-04,mlb-mil,mlb-kc,postponed,,,6,6,,,0.35,,,,,702.1,0.0,,,,,,,5,1,0,0.8333,3,3,0,0.5,7.5,2.8333,6,3.8333,4.6667,6,,,,,,,,,2,8,10,6,mlb-kc,"{""common_opponents"": 1, ""games_played"": 1, ""head_to_head"": 1, ""home_advantage"": 1, ""last10_form"": 1, ""season_scoring"": 1, ""travel_km"": 1}"
824134,MLB,2026,regular,2026-04-04,2026-04-04,mlb-mil,mlb-kc,final,,,6,6,,,0.35,,,,,702.1,0.0,,,,,,,5,1,0,0.8333,3,3,0,0.5,7.5,2.8333,6,3.8333,4.6667,6,,,,,,,,,2,8,10,6,mlb-kc,"{""common_opponents"": 1, ""games_played"": 1, ""head_to_head"": 1, ""home_advantage"": 1, ""last10_form"": 1, ""season_scoring"": 1, ""travel_km"": 1}"
824295,MLB,2026,regular,2026-04-04,2026-04-04,mlb-stl,mlb-det,final,,,7,7,,,0.35,,,,,0.0,0.0,1,0.0,4.0,1,4.0,0.0,4,3,0,0.5714,3,4,0,0.4286,4.1429,4.5714,7,4.0,3.4286,7,,,,,,,,,6,11,17,5,mlb-det,"{""common_opponents"": 1, ""games_played"": 1, ""head_to_head"": 1, ""home_advantage"": 1, ""last10_form"": 1, ""season_scoring"": 1, ""travel_km"": 1}"
824378,MLB,2026,regular,2026-04-04,2026-04-04,mlb-phi,mlb-col,final,,,7,7,,,0.35,,,,,0.0,0.0,1,10.0,1.0,1,1.0,10.0,4,3,0,0.5714,2,5,0,0.2857,4.7143,5.2857,7,3.5714,4.4286,7,,,,,,,,,2,1,3,-1,mlb-phi,"{""common_opponents"": 1, ""games_played"": 1, ""head_to_head"": 1, ""home_advantage"": 1, ""last10_form"": 1, ""season_scoring"": 1, ""travel_km"": 1}"
824622,MLB,2026,regular,2026-04-04,2026-04-04,mlb-tor,mlb-cws,final,,,7,7,,,0.35,,,,,0.0,0.0,1,4.0,5.0,1,5.0,4.0,4,3,0,0.5714,2,5,0,0.2857,4.4286,4.7143,7,3.7143,8.0,7,,,,,,,,,3,6,9,3,mlb-cws,"{""common_opponents"": 1, ""games_played"": 1, ""head_to_head"": 1, ""home_advantage"": 1, ""last10_form"": 1, ""season_scoring"": 1, ""travel_km"": 1}"
824782,MLB,2026,regular,2026-04-04,2026-04-04,mlb-sd,mlb-bos,final,,,7,7,,,0.35,,,,,0.0,0.0,1,2.0,5.0,1,5.0,2.0,2,5,0,0.2857,2,5,0,0.2857,3.0,4.4286,7,3.1429,4.8571,7,,,,,,,,,3,2,5,-1,mlb-sd,"{""common_opponents"": 1, ""games_played"": 1, ""head_to_head"": 1, ""home_advantage"": 1, ""last10_form"": 1, ""season_scoring"": 1, ""travel_km"": 1}"
825027,MLB,2026,regular,2026-04-04,2026-04-04,mlb-hou,mlb-ath,final,,,8,7,,,0.35,,,,,0.0,0.0,1,4.0,11.0,1,11.0,4.0,5,3,0,0.625,2,5,0,0.2857,6.125,5.375,8,4.0,4.4286,7,,,,,,,,,11,0,11,-11,mlb-hou,"{""common_opponents"": 1, ""games_played"": 1, ""head_to_head"": 1, ""home_advantage"": 1, ""last10_form"": 1, ""season_scoring"": 1, ""travel_km"": 1}"
825104,MLB,2026,regular,2026-04-04,2026-04-04,mlb-atl,mlb-ari,final,,,8,8,,,0.35,,,,,0.0,0.0,2,9.5,1.0,2,1.0,9.5,6,2,0,0.75,3,5,0,0.375,5.375,1.75,8,3.375,5.75,8,,,,,,,,,1,2,3,1,mlb-ari,"{""common_opponents"": 1, ""games_played"": 1, ""head_to_head"": 1, ""home_advantage"": 1, ""last10_form"": 1, ""season_scoring"": 1, ""travel_km"": 1}"
822756,MLB,2026,regular,2026-04-05,2026-04-05,mlb-lad,mlb-wsh,final,,,8,8,,,0.35,,,,,0.0,0.0,2,11.5,5.5,2,5.5,11.5,6,2,0,0.75,3,5,0,0.375,5.75,3.5,8,6.125,6.375,8,,,,,,,,,8,6,14,-2,mlb-lad,"{""common_opponents"": 1, ""games_played"": 1, ""head_to_head"": 1, ""home_advantage"": 1, ""last10_form"": 1, ""season_scoring"": 1, ""travel_km"": 1}"
822917,MLB,2026,regular,2026-04-05,2026-04-05,mlb-cin,mlb-tex,final,,,8,8,,,0.35,,,,,0.0,0.0,2,3.5,1.5,2,1.5,3.5,5,3,0,0.625,4,4,0,0.5,3.0,3.625,8,4.375,4.25,8,,,,,,,,,2,1,3,-1,mlb-cin,"{""common_opponents"": 1, ""games_played"": 1, ""head_to_head"": 1, ""home_advantage"": 1, ""last10_form"": 1, ""season_scoring"": 1, ""travel_km"": 1}"
823238,MLB,2026,regular,2026-04-05,2026-04-05,mlb-nym,mlb-sf,final,,,9,9,,,0.35,,,,,0.0,0.0,3,7.0,3.3333,3,3.3333,7.0,5,4,0,0.5556,3,6,0,0.3333,4.8889,3.3333,9,2.6667,5.1111,9,,,,,,,,,5,2,7,-3,mlb-nym,"{""common_opponents"": 1, ""games_played"": 1, ""head_to_head"": 1, ""home_advantage"": 1, ""last10_form"": 1, ""season_scoring"": 1, ""travel_km"": 1}"
823405,MLB,2026,regular,2026-04-05,2026-04-05,mlb-bal,mlb-pit,final,,,8,8,,,0.35,,,,,0.0,0.0,2,3.0,4.0,2,4.0,3.0,3,5,0,0.375,5,3,0,0.625,4.0,4.375,8,4.625,4.0,8,,,,,,,,,2,8,10,6,mlb-pit,"{""common_opponents"": 1, ""games_played"": 1, ""head_to_head"": 1, ""home_advantage"": 1, ""last10_form"": 1, ""season_scoring"": 1, ""travel_km"": 1}"
823566,MLB,2026,regular,2026-04-05,2026-04-05,mlb-mia,mlb-nyy,final,,,8,8,,,0.35,,,,,0.0,0.0,2,4.5,8.5,2,8.5,4.5,5,3,0,0.625,7,1,0,0.875,5.25,4.375,8,5.125,1.875,8,,,,,,,,,7,6,13,-1,mlb-mia,"{""common_opponents"": 1, ""games_played"": 1, ""head_to_head"": 1, ""home_advantage"": 1, ""last10_form"": 1, ""season_scoring"": 1, ""travel_km"": 1}"
823729,MLB,2026,regular,2026-04-05,2026-04-05,mlb-tb,mlb-min,final,,,8,8,,,0.35,,,,,0.0,0.0,2,5.5,5.5,2,5.5,5.5,3,5,0,0.375,3,5,0,0.375,5.125,6.125,8,4.625,4.875,8,,,,,,,,,4,1,5,-3,mlb-tb,"{""common_opponents"": 1, ""games_played"": 1, ""head_to_head"": 1, ""home_advantage"": 1, ""last10_form"": 1, ""season_scoring"": 1, ""travel_km"": 1}"
824053,MLB,2026,regular,2026-04-05,2026-04-05,mlb-sea,mlb-laa,final,,,9,9,,,0.35,,,,,0.0,0.0,2,1.5,1.0,2,1.0,1.5,4,5,0,0.4444,4,5,0,0.4444,3.3333,2.8889,9,3.6667,4.2222,9,,,,,,,,,7,8,15,1,mlb-laa,"{""common_opponents"": 1, ""games_played"": 1, ""head_to_head"": 1, ""home_advantage"": 1, ""last10_form"": 1, ""season_scoring"": 1, ""travel_km"": 1}"
824131,MLB,2026,regular,2026-04-05,2026-04-05,mlb-mil,mlb-kc,final,,,8,8,,,0.35,,,,,0.0,0.0,2,3.5,5.0,2,5.0,3.5,6,2,0,0.75,4,4,0,0.5,6.5,3.375,8,4.125,4.375,8,,,,,,,,,8,5,13,-3,mlb-mil,"{""common_opponents"": 1, ""games_played"": 1, ""head_to_head"": 1, ""home_advantage"": 1, ""last10_form"": 1, ""season_scoring"": 1, ""travel_km"": 1}"
824296,MLB,2026,regular,2026-04-05,2026-04-05,mlb-stl,mlb-det,final,,,8,8,,,0.35,,,,,0.0,0.0,2,3.0,7.5,2,7.5,3.0,4,4,0,0.5,4,4,0,0.5,4.375,5.375,8,4.875,3.75,8,,,,,,,,,5,3,8,-2,mlb-stl,"{""common_opponents"": 1, ""games_played"": 1, ""head_to_head"": 1, ""home_advantage"": 1, ""last10_form"": 1, ""season_scoring"": 1, ""travel_km"": 1}"
824379,MLB,2026,regular,2026-04-05,2026-04-05,mlb-phi,mlb-col,final,,,8,8,,,0.35,,,,,0.0,0.0,2,6.0,1.0,2,1.0,6.0,5,3,0,0.625,2,6,0,0.25,4.375,4.75,8,3.25,4.125,8,,,,,,,,,1,4,5,3,mlb-col,"{""common_opponents"": 1, ""games_played"": 1, ""head_to_head"": 1, ""home_advantage"": 1, ""last10_form"": 1, ""season_scoring"": 1, ""travel_km"": 1}"
824459,MLB,2026,regular,2026-04-05,2026-04-05,mlb-chc,mlb-cle,final,,,7,8,,,0.35,,,,,0.0,0.0,1,1.0,4.0,1,4.0,1.0,3,4,0,0.4286,5,3,0,0.625,4.4286,4.0,7,3.25,3.75,8,,,,,,,,,1,0,1,-1,mlb-chc,"{""common_opponents"": 1, ""games_played"": 1, ""head_to_head"": 1, ""home_advantage"": 1, ""last10_form"": 1, ""season_scoring"": 1, ""travel_km"": 1}"
824460,MLB,2026,regular,2026-04-05,2026-04-05,mlb-chc,mlb-cle,postponed,,,7,8,,,0.35,,,,,0.0,0.0,1,1.0,4.0,1,4.0,1.0,3,4,0,0.4286,5,3,0,0.625,4.4286,4.0,7,3.25,3.75,8,,,,,,,,,5,6,11,1,mlb-cle,"{""common_opponents"": 1, ""games_played"": 1, ""head_to_head"": 1, ""home_advantage"": 1, ""last10_form"": 1, ""season_scoring"": 1, ""travel_km"": 1}"
824460,MLB,2026,regular,2026-04-05,2026-04-05,mlb-chc,mlb-cle,final,,,7,8,,,0.35,,,,,0.0,0.0,1,1.0,4.0,1,4.0,1.0,3,4,0,0.4286,5,3,0,0.625,4.4286,4.0,7,3.25,3.75,8,,,,,,,,,5,6,11,1,mlb-cle,"{""common_opponents"": 1, ""games_played"": 1, ""head_to_head"": 1, ""home_advantage"": 1, ""last10_form"": 1, ""season_scoring"": 1, ""travel_km"": 1}"
824620,MLB,2026,regular,2026-04-05,2026-04-05,mlb-tor,mlb-cws,final,,,8,8,,,0.35,,,,,0.0,0.0,2,3.5,5.5,2,5.5,3.5,4,4,0,0.5,3,5,0,0.375,4.25,4.875,8,4.0,7.375,8,,,,,,,,,0,3,3,3,mlb-cws,"{""common_opponents"": 1, ""games_played"": 1, ""head_to_head"": 1, ""home_advantage"": 1, ""last10_form"": 1, ""season_scoring"": 1, ""travel_km"": 1}"
824781,MLB,2026,regular,2026-04-05,2026-04-05,mlb-sd,mlb-bos,final,,,8,8,,,0.35,,,,,0.0,0.0,2,2.5,3.5,2,3.5,2.5,3,5,0,0.375,2,6,0,0.25,3.0,4.125,8,3.0,4.625,8,,,,,,,,,8,6,14,-2,mlb-sd,"{""common_opponents"": 1, ""games_played"": 1, ""head_to_head"": 1, ""home_advantage"": 1, ""last10_form"": 1, ""season_scoring"": 1, ""travel_km"": 1}"
825025,MLB,2026,regular,2026-04-05,2026-04-05,mlb-hou,mlb-ath,final,,,9,8,,,0.35,,,,,0.0,0.0,2,7.5,5.5,2,5.5,7.5,6,3,0,0.6667,2,6,0,0.25,6.6667,4.7778,9,3.5,5.25,8,,,,,,,,,10,12,22,2,mlb-ath,"{""common_opponents"": 1, ""games_played"": 1, ""head_to_head"": 1, ""home_advantage"": 1, ""last10_form"": 1, ""season_scoring"": 1, ""travel_km"": 1}"
825102,MLB,2026,regular,2026-04-05,2026-04-05,mlb-atl,mlb-ari,final,,,9,9,,,0.35,,,,,0.0,0.0,3,6.6667,1.3333,3,1.3333,6.6667,6,3,0,0.6667,4,5,0,0.4444,4.8889,1.7778,9,3.2222,5.2222,9,,,,,,,,,5,6,11,1,mlb-ari,"{""common_opponents"": 1, ""games_played"": 1, ""head_to_head"": 1, ""home_advantage"": 1, ""last10_form"": 1, ""season_scoring"": 1, ""travel_km"": 1}"
822755,MLB,2026,regular,2026-04-06,2026-04-06,mlb-stl,mlb-wsh,final,,,9,9,,,0.35,,,,,639.0,0.0,,,,,,,5,4,0,0.5556,3,6,0,0.3333,4.4444,5.1111,9,6.1111,6.5556,9,,,,,,,,,6,9,15,3,mlb-wsh,"{""common_opponents"": 1, ""games_played"": 1, ""head_to_head"": 1, ""home_advantage"": 1, ""last10_form"": 1, ""season_scoring"": 1, ""travel_km"": 1}"
822832,MLB,2026,regular,2026-04-06,2026-04-06,mlb-lad,mlb-tor,final,,,9,9,,,0.35,,,,,566.3,702.5,,,,,,,7,2,0,0.7778,4,5,0,0.4444,6.0,3.7778,9,3.7778,4.6667,9,,,,,,,,,14,2,16,-12,mlb-lad,"{""common_opponents"": 1, ""games_played"": 1, ""head_to_head"": 1, ""home_advantage"": 1, ""last10_form"": 1, ""season_scoring"": 1, ""travel_km"": 1}"
822918,MLB,2026,regular,2026-04-06,2026-04-06,mlb-sea,mlb-tex,final,,,10,9,,,0.35,,,,,1933.8,0.0,,,,,,,4,6,0,0.4,4,5,0,0.4444,3.7,3.4,10,4.0,4.0,9,,,,,,,,,1,2,3,1,mlb-tex,"{""common_opponents"": 1, ""games_played"": 1, ""head_to_head"": 1, ""home_advantage"": 1, ""last10_form"": 1, ""season_scoring"": 1, ""travel_km"": 1}"
823002,MLB,2026,regular,2026-04-06,2026-04-06,mlb-chc,mlb-tb,final,,,9,9,,,0.35,,,,,1529.0,2132.9,,,,,,,4,5,0,0.4444,4,5,0,0.4444,4.1111,3.7778,9,5.0,5.5556,9,,,,,,,,,4,6,10,2,mlb-tb,"{""common_opponents"": 1, ""games_played"": 1, ""head_to_head"": 1, ""home_advantage"": 1, ""last10_form"": 1, ""season_scoring"": 1, ""travel_km"": 1}"
823237,MLB,2026,regular,2026-04-06,2026-04-06,mlb-phi,mlb-sf,final,,,9,10,,,0.35,,,,,1521.6,0.0,,,,,,,5,4,0,0.5556,3,7,0,0.3,4.0,4.6667,9,2.6,5.1,10,,,,,,,,,6,4,10,-2,mlb-phi,"{""common_opponents"": 1, ""games_played"": 1, ""head_to_head"": 1, ""home_advantage"": 1, ""last10_form"": 1, ""season_scoring"": 1, ""travel_km"": 1}"
823401,MLB,2026,regular,2026-04-06,2026-04-06,mlb-sd,mlb-pit,final,,,9,9,,,0.35,,,,,772.1,0.0,,,,,,,4,5,0,0.4444,6,3,0,0.6667,3.5556,4.3333,9,5.0,3.7778,9,,,,,,,,,5,0,5,-5,mlb-sd,"{""common_opponents"": 1, ""games_played"": 1, ""head_to_head"": 1, ""home_advantage"": 1, ""last10_form"": 1, ""season_scoring"": 1, ""travel_km"": 1}"
823728,MLB,2026,regular,2026-04-06,2026-04-06,mlb-det,mlb-min,final,,,9,9,,,0.35,,,,,873.0,0.0,,,,,,,4,5,0,0.4444,3,6,0,0.3333,4.6667,3.8889,9,4.2222,4.7778,9,,,,,,,,,3,7,10,4,mlb-min,"{""common_opponents"": 1, ""games_played"": 1, ""head_to_head"": 1, ""home_advantage"": 1, ""last10_form"": 1, ""season_scoring"": 1, ""travel_km"": 1}"
823886,MLB,2026,regular,2026-04-06,2026-04-06,mlb-cin,mlb-mia,final,,,9,9,,,0.35,,,,,1807.2,1771.6,,,,,,,6,3,0,0.6667,6,3,0,0.6667,2.8889,3.3333,9,5.4444,4.5556,9,,,,,,,,,2,0,2,-2,mlb-cin,"{""common_opponents"": 1, ""games_played"": 1, ""head_to_head"": 1, ""home_advantage"": 1, ""last10_form"": 1, ""season_scoring"": 1, ""travel_km"": 1}"
824052,MLB,2026,regular,2026-04-06,2026-04-06,mlb-atl,mlb-laa,final,,,10,10,,,0.35,,,,,539.9,0.0,,,,,,,6,4,0,0.6,5,5,0,0.5,4.9,2.2,10,4.1,4.5,10,,,,,,,,,2,6,8,4,mlb-laa,"{""common_opponents"": 1, ""games_played"": 1, ""head_to_head"": 1, ""home_advantage"": 1, ""last10_form"": 1, ""season_scoring"": 1, ""travel_km"": 1}"
824376,MLB,2026,regular,2026-04-06,2026-04-06,mlb-hou,mlb-col,final,,,10,9,,,0.35,,,,,1428.0,0.0,,,,,,,6,4,0,0.6,3,6,0,0.3333,7.0,5.5,10,3.3333,3.7778,9,,,,,,,,,7,9,16,2,mlb-col,"{""common_opponents"": 1, ""games_played"": 1, ""head_to_head"": 1, ""home_advantage"": 1, ""last10_form"": 1, ""season_scoring"": 1, ""travel_km"": 1}"
824456,MLB,2026,regular,2026-04-06,2026-04-06,mlb-kc,mlb-cle,final,,,9,10,,,0.35,,,,,1117.9,0.0,,,,,,,4,5,0,0.4444,6,4,0,0.6,4.2222,4.7778,9,3.2,3.6,10,,,,,,,,,4,2,6,-2,mlb-kc,"{""common_opponents"": 1, ""games_played"": 1, ""head_to_head"": 1, ""home_advantage"": 1, ""last10_form"": 1, ""season_scoring"": 1, ""travel_km"": 1}"
824619,MLB,2026,regular,2026-04-06,2026-04-06,mlb-bal,mlb-cws,final,,,9,9,,,0.35,,,,,656.8,0.0,,,,,,,3,6,0,0.3333,4,5,0,0.4444,3.7778,4.7778,9,3.8889,6.5556,9,,,,,,,,,2,1,3,-1,mlb-bal,"{""common_opponents"": 1, ""games_played"": 1, ""head_to_head"": 1, ""home_advantage"": 1, ""last10_form"": 1, ""season_scoring"": 1, ""travel_km"": 1}"
824783,MLB,2026,regular,2026-04-06,2026-04-06,mlb-mil,mlb-bos,final,,,9,9,,,0.35,,,,,1998.4,0.0,,,,,,,7,2,0,0.7778,2,7,0,0.2222,6.6667,3.5556,9,3.3333,5.0,9,,,,,,,,,8,6,14,-2,mlb-mil,"{""common_opponents"": 1, ""games_played"": 1, ""head_to_head"": 1, ""home_advantage"": 1, ""last10_form"": 1, ""season_scoring"": 1, ""travel_km"": 1}"
822754,MLB,2026,regular,2026-04-07,2026-04-07,mlb-stl,mlb-wsh,final,,,10,10,,,0.35,,,,,0.0,0.0,1,6.0,9.0,1,9.0,6.0,5,5,0,0.5,4,6,0,0.4,4.6,5.5,10,6.4,6.5,10,,,,,,,,,7,6,13,-1,mlb-stl,"{""common_opponents"": 1, ""games_played"": 1, ""head_to_head"": 1, ""home_advantage"": 1, ""last10_form"": 1, ""season_scoring"": 1, ""travel_km"": 1}"
822831,MLB,2026,regular,2026-04-07,2026-04-07,mlb-lad,mlb-tor,final,,,10,10,,,0.35,,,,,0.0,0.0,1,14.0,2.0,1,2.0,14.0,8,2,0,0.8,4,6,0,0.4,6.8,3.6,10,3.6,5.6,10,,,,,,,,,4,1,5,-3,mlb-lad,"{""common_opponents"": 1, ""games_played"": 1, ""head_to_head"": 1, ""home_advantage"": 1, ""last10_form"": 1, ""season_scoring"": 1, ""travel_km"": 1}"
822916,MLB,2026,regular,2026-04-07,2026-04-07,mlb-sea,mlb-tex,final,,,11,10,,,0.35,,,,,0.0,0.0,1,1.0,2.0,1,2.0,1.0,4,6,0,0.4,5,5,0,0.5,3.4545,3.2727,11,3.8,3.7,10,,,,,,,,,2,3,5,1,mlb-tex,"{""common_opponents"": 1, ""games_played"": 1, ""head_to_head"": 1, ""home_advantage"": 1, ""last10_form"": 1, ""season_scoring"": 1, ""travel_km"": 1}"
822999,MLB,2026,regular,2026-04-07,2026-04-07,mlb-chc,mlb-tb,final,,,10,10,,,0.35,,,,,0.0,0.0,1,4.0,6.0,1,6.0,4.0,4,6,0,0.4,5,5,0,0.5,4.1,4.0,10,5.1,5.4,10,,,,,,,,,9,2,11,-7,mlb-chc,"{""common_opponents"": 1, ""games_played"": 1, ""head_to_head"": 1, ""home_advantage"": 1, ""last10_form"": 1, ""season_scoring"": 1, ""travel_km"": 1}"
823235,MLB,2026,regular,2026-04-07,2026-04-07,mlb-phi,mlb-sf,final,,,10,11,,,0.35,,,,,0.0,0.0,1,6.0,4.0,1,4.0,6.0,6,4,0,0.6,3,7,0,0.3,4.2,4.6,10,2.7273,5.1818,11,,,,,,,,,0,6,6,6,mlb-sf,"{""common_opponents"": 1, ""games_played"": 1, ""head_to_head"": 1, ""home_advantage"": 1, ""last10_form"": 1, ""season_scoring"": 1, ""travel_km"": 1}"
823402,MLB,2026,regular,2026-04-07,2026-04-07,mlb-sd,mlb-pit,final,,,10,10,,,0.35,,,,,0.0,0.0,1,5.0,0.0,1,0.0,5.0,5,5,0,0.5,6,4,0,0.6,3.7,3.9,10,4.5,3.9,10,,,,,,,,,1,7,8,6,mlb-pit,"{""common_opponents"": 1, ""games_played"": 1, ""head_to_head"": 1, ""home_advantage"": 1, ""last10_form"": 1, ""season_scoring"": 1, ""travel_km"": 1}"
823567,MLB,2026,regular,2026-04-07,2026-04-07,mlb-ath,mlb-nyy,final,,,9,9,,,0.35,,,,,4028.3,0.0,,,,,,,3,6,0,0.3333,7,2,0,0.7778,4.4444,5.7778,9,5.2222,2.4444,9,,,,,,,,,3,5,8,2,mlb-nyy,"{""common_opponents"": 1, ""games_played"": 1, ""head_to_head"": 1, ""home_advantage"": 1, ""last10_form"": 1, ""season_scoring"": 1, ""travel_km"": 1}"
823648,MLB,2026,regular,2026-04-07,2026-04-07,mlb-ari,mlb-nym,final,,,10,10,,,0.35,,,,,3456.8,4138.7,,,,,,,5,5,0,0.5,6,4,0,0.6,3.5,5.2,10,4.9,3.2,10,,,,,,,,,3,4,7,1,mlb-nym,"{""common_opponents"": 1, ""games_played"": 1, ""head_to_head"": 1, ""home_advantage"": 1, ""last10_form"": 1, ""season_scoring"": 1, ""travel_km"": 1}"
823727,MLB,2026,regular,2026-04-07,2026-04-07,mlb-det,mlb-min,final,,,10,10,,,0.35,,,,,0.0,0.0,1,3.0,7.0,1,7.0,3.0,4,6,0,0.4,4,6,0,0.4,4.5,4.2,10,4.5,4.6,10,,,,,,,,,2,4,6,2,mlb-min,"{""common_opponents"": 1, ""games_played"": 1, ""head_to_head"": 1, ""home_advantage"": 1, ""last10_form"": 1, ""season_scoring"": 1, ""travel_km"": 1}"
823887,MLB,2026,regular,2026-04-07,2026-04-07,mlb-cin,mlb-mia,final,,,10,10,,,0.35,,,,,0.0,0.0,1,2.0,0.0,1,0.0,2.0,7,3,0,0.7,6,4,0,0.6,2.8,3.0,10,4.9,4.3,10,,,,,,,,,6,3,9,-3,mlb-cin,"{""common_opponents"": 1, ""games_played"": 1, ""head_to_head"": 1, ""home_advantage"": 1, ""last10_form"": 1, ""season_scoring"": 1, ""travel_km"": 1}"
824051,MLB,2026,regular,2026-04-07,2026-04-07,mlb-atl,mlb-laa,final,,,11,11,,,0.35,,,,,0.0,0.0,1,2.0,6.0,1,6.0,2.0,5,5,0,0.5,5,5,0,0.5,4.6364,2.5455,11,4.2727,4.2727,11,,,,,,,,,7,2,9,-5,mlb-atl,"{""common_opponents"": 1, ""games_played"": 1, ""head_to_head"": 1, ""home_advantage"": 1, ""last10_form"": 1, ""season_scoring"": 1, ""travel_km"": 1}"
824375,MLB,2026,regular,2026-04-07,2026-04-07,mlb-hou,mlb-col,final,,,11,10,,,0.35,,,,,0.0,0.0,1,7.0,9.0,1,9.0,7.0,6,4,0,0.6,4,6,0,0.4,7.0,5.8182,11,3.9,4.1,10,,,,,,,,,1,5,6,4,mlb-col,"{""common_opponents"": 1, ""games_played"": 1, ""head_to_head"": 1, ""home_advantage"": 1, ""last10_form"": 1, ""season_scoring"": 1, ""travel_km"": 1}"
824457,MLB,2026,regular,2026-04-07,2026-04-07,mlb-kc,mlb-cle,final,,,10,11,,,0.35,,,,,0.0,0.0,1,4.0,2.0,1,2.0,4.0,5,5,0,0.5,5,5,0,0.5,4.2,4.5,10,3.0909,3.6364,11,,,,,,,,,1,2,3,1,mlb-cle,"{""common_opponents"": 1, ""games_played"": 1, ""head_to_head"": 1, ""home_advantage"": 1, ""last10_form"": 1, ""season_scoring"": 1, ""travel_km"": 1}"
824618,MLB,2026,regular,2026-04-07,2026-04-07,mlb-bal,mlb-cws,final,,,10,10,,,0.35,,,,,0.0,0.0,1,2.0,1.0,1,1.0,2.0,4,6,0,0.4,4,6,0,0.4,3.6,4.4,10,3.6,6.1,10,,,,,,,,,4,2,6,-2,mlb-bal,"{""common_opponents"": 1, ""games_played"": 1, ""head_to_head"": 1, ""home_advantage"": 1, ""last10_form"": 1, ""season_scoring"": 1, ""travel_km"": 1}"
824780,MLB,2026,regular,2026-04-07,2026-04-07,mlb-mil,mlb-bos,final,,,10,10,,,0.35,,,,,0.0,0.0,1,8.0,6.0,1,6.0,8.0,8,2,0,0.8,2,8,0,0.2,6.8,3.8,10,3.6,5.3,10,,,,,,,,,2,3,5,1,mlb-bos,"{""common_opponents"": 1, ""games_played"": 1, ""head_to_head"": 1, ""home_advantage"": 1, ""last10_form"": 1, ""season_scoring"": 1, ""travel_km"": 1}"
822753,MLB,2026,regular,2026-04-08,2026-04-08,mlb-stl,mlb-wsh,final,,,11,11,,,0.35,,,,,0.0,0.0,2,6.5,7.5,2,7.5,6.5,5,5,0,0.5,3,7,0,0.3,4.8182,5.5455,11,6.3636,6.5455,11,,,,,,,,,6,1,7,-5,mlb-stl,"{""common_opponents"": 1, ""games_played"": 1, ""head_to_head"": 1, ""home_advantage"": 1, ""last10_form"": 1, ""season_scoring"": 1, ""travel_km"": 1}"
822833,MLB,2026,regular,2026-04-08,2026-04-08,mlb-lad,mlb-tor,final,,,11,11,,,0.35,,,,,0.0,0.0,2,9.0,1.5,2,1.5,9.0,8,2,0,0.8,3,7,0,0.3,6.5455,3.3636,11,3.3636,5.4545,11,,,,,,,,,3,4,7,1,mlb-tor,"{""common_opponents"": 1, ""games_played"": 1, ""head_to_head"": 1, ""home_advantage"": 1, ""last10_form"": 1, ""season_scoring"": 1, ""travel_km"": 1}"
822915,MLB,2026,regular,2026-04-08,2026-04-08,mlb-sea,mlb-tex,final,,,12,11,,,0.35,,,,,0.0,0.0,2,1.5,2.5,2,2.5,1.5,3,7,0,0.3,6,4,0,0.6,3.3333,3.25,12,3.7273,3.5455,11,,,,,,,,,0,3,3,3,mlb-tex,"{""common_opponents"": 1, ""games_played"": 1, ""head_to_head"": 1, ""home_advantage"": 1, ""last10_form"": 1, ""season_scoring"": 1, ""travel_km"": 1}"
823000,MLB,2026,regular,2026-04-08,2026-04-08,mlb-chc,mlb-tb,final,,,11,11,,,0.35,,,,,0.0,0.0,2,6.5,4.0,2,4.0,6.5,5,5,0,0.5,5,5,0,0.5,4.5455,3.8182,11,4.8182,5.7273,11,,,,,,,,,6,2,8,-4,mlb-chc,"{""common_opponents"": 1, ""games_played"": 1, ""head_to_head"": 1, ""home_advantage"": 1, ""last10_form"": 1, ""season_scoring"": 1, ""travel_km"": 1}"
823234,MLB,2026,regular,2026-04-08,2026-04-08,mlb-phi,mlb-sf,final,,,11,12,,,0.35,,,,,0.0,0.0,2,3.0,5.0,2,5.0,3.0,5,5,0,0.5,4,6,0,0.4,3.8182,4.7273,11,3.0,4.75,12,,,,,,,,,0,5,5,5,mlb-sf,"{""common_opponents"": 1, ""games_played"": 1, ""head_to_head"": 1, ""home_advantage"": 1, ""last10_form"": 1, ""season_scoring"": 1, ""travel_km"": 1}"
823403,MLB,2026,regular,2026-04-08,2026-04-08,mlb-sd,mlb-pit,final,,,11,11,,,0.35,,,,,0.0,0.0,2,3.0,3.5,2,3.5,3.0,5,5,0,0.5,7,3,0,0.7,3.4545,4.1818,11,4.7273,3.6364,11,,,,,,,,,8,2,10,-6,mlb-sd,"{""common_opponents"": 1, ""games_played"": 1, ""head_to_head"": 1, ""home_advantage"": 1, ""last10_form"": 1, ""season_scoring"": 1, ""travel_km"": 1}"
823564,MLB,2026,regular,2026-04-08,2026-04-08,mlb-ath,mlb-nyy,final,,,10,10,,,0.35,,,,,0.0,0.0,1,3.0,5.0,1,5.0,3.0,3,7,0,0.3,8,2,0,0.8,4.3,5.7,10,5.2,2.5,10,,,,,,,,,3,2,5,-1,mlb-ath,"{""common_opponents"": 1, ""games_played"": 1, ""head_to_head"": 1, ""home_advantage"": 1, ""last10_form"": 1, ""season_scoring"": 1, ""travel_km"": 1}"
823646,MLB,2026,regular,2026-04-08,2026-04-08,mlb-ari,mlb-nym,final,,,11,11,,,0.35,,,,,0.0,0.0,1,3.0,4.0,1,4.0,3.0,5,5,0,0.5,6,4,0,0.6,3.4545,5.0909,11,4.8182,3.1818,11,,,,,,,,,7,2,9,-5,mlb-ari,"{""common_opponents"": 1, ""games_played"": 1, ""head_to_head"": 1, ""home_advantage"": 1, ""last10_form"": 1, ""season_scoring"": 1, ""travel_km"": 1}"
823726,MLB,2026,regular,2026-04-08,2026-04-08,mlb-det,mlb-min,final,,,11,11,,,0.35,,,,,0.0,0.0,2,2.5,5.5,2,5.5,2.5,3,7,0,0.3,5,5,0,0.5,4.2727,4.1818,11,4.4545,4.3636,11,,,,,,,,,6,8,14,2,mlb-min,"{""common_opponents"": 1, ""games_played"": 1, ""head_to_head"": 1, ""home_advantage"": 1, ""last10_form"": 1, ""season_scoring"": 1, ""travel_km"": 1}"
823885,MLB,2026,regular,2026-04-08,2026-04-08,mlb-cin,mlb-mia,final,,,11,11,,,0.35,,,,,0.0,0.0,2,4.0,1.5,2,1.5,4.0,8,2,0,0.8,5,5,0,0.5,3.0909,3.0,11,4.7273,4.4545,11,,,,,,,,,4,7,11,3,mlb-mia,"{""common_opponents"": 1, ""games_played"": 1, ""head_to_head"": 1, ""home_advantage"": 1, ""last10_form"": 1, ""season_scoring"": 1, ""travel_km"": 1}"
824050,MLB,2026,regular,2026-04-08,2026-04-08,mlb-atl,mlb-laa,final,,,12,12,,,0.35,,,,,0.0,0.0,2,4.5,4.0,2,4.0,4.5,5,5,0,0.5,4,6,0,0.4,4.8333,2.5,12,4.0833,4.5,12,,,,,,,,,8,2,10,-6,mlb-atl,"{""common_opponents"": 1, ""games_played"": 1, ""head_to_head"": 1, ""home_advantage"": 1, ""last10_form"": 1, ""season_scoring"": 1, ""travel_km"": 1}"
824374,MLB,2026,regular,2026-04-08,2026-04-08,mlb-hou,mlb-col,final,,,12,11,,,0.35,,,,,0.0,0.0,2,4.0,7.0,2,7.0,4.0,6,4,0,0.6,5,5,0,0.5,6.5,5.75,12,4.0,3.8182,11,,,,,,,,,1,9,10,8,mlb-col,"{""common_opponents"": 1, ""games_played"": 1, ""head_to_head"": 1, ""home_advantage"": 1, ""last10_form"": 1, ""season_scoring"": 1, ""travel_km"": 1}"
824455,MLB,2026,regular,2026-04-08,2026-04-08,mlb-kc,mlb-cle,final,,,11,12,,,0.35,,,,,0.0,0.0,2,2.5,2.0,2,2.0,2.5,5,5,0,0.5,6,4,0,0.6,3.9091,4.2727,11,3.0,3.4167,12,,,,,,,,,2,10,12,8,mlb-cle,"{""common_opponents"": 1, ""games_played"": 1, ""head_to_head"": 1, ""home_advantage"": 1, ""last10_form"": 1, ""season_scoring"": 1, ""travel_km"": 1}"
824617,MLB,2026,regular,2026-04-08,2026-04-08,mlb-bal,mlb-cws,final,,,11,11,,,0.35,,,,,0.0,0.0,2,3.0,1.5,2,1.5,3.0,4,6,0,0.4,4,6,0,0.4,3.6364,4.1818,11,3.4545,5.9091,11,,,,,,,,,5,3,8,-2,mlb-bal,"{""common_opponents"": 1, ""games_played"": 1, ""head_to_head"": 1, ""home_advantage"": 1, ""last10_form"": 1, ""season_scoring"": 1, ""travel_km"": 1}"
824779,MLB,2026,regular,2026-04-08,2026-04-08,mlb-mil,mlb-bos,final,,,11,11,,,0.35,,,,,0.0,0.0,2,5.0,4.5,2,4.5,5.0,7,3,0,0.7,2,8,0,0.2,6.3636,3.7273,11,3.5455,5.0,11,,,,,,,,,0,5,5,5,mlb-bos,"{""common_opponents"": 1, ""games_played"": 1, ""head_to_head"": 1, ""home_advantage"": 1, ""last10_form"": 1, ""season_scoring"": 1, ""travel_km"": 1}"
823319,MLB,2026,regular,2026-04-09,2026-04-09,mlb-col,mlb-sd,final,,,12,12,,,0.35,,,,,1341.2,3400.2,,,,,,,6,4,0,0.6,6,4,0,0.6,4.4167,3.5833,12,3.8333,4.0,12,,,,,,,,,3,7,10,4,mlb-sd,"{""common_opponents"": 1, ""games_played"": 1, ""head_to_head"": 1, ""home_advantage"": 1, ""last10_form"": 1, ""season_scoring"": 1, ""travel_km"": 1}"
823565,MLB,2026,regular,2026-04-09,2026-04-09,mlb-ath,mlb-nyy,final,,,11,11,,,0.35,,,,,0.0,0.0,2,3.0,3.5,2,3.5,3.0,4,6,0,0.4,7,3,0,0.7,4.1818,5.3636,11,4.9091,2.5455,11,,,,,,,,,1,0,1,-1,mlb-ath,"{""common_opponents"": 1, ""games_played"": 1, ""head_to_head"": 1, ""home_advantage"": 1, ""last10_form"": 1, ""season_scoring"": 1, ""travel_km"": 1}"
823645,MLB,2026,regular,2026-04-09,2026-04-09,mlb-ari,mlb-nym,final,,,12,12,,,0.35,,,,,0.0,0.0,2,5.0,3.0,2,3.0,5.0,6,4,0,0.6,5,5,0,0.5,3.75,4.8333,12,4.5833,3.5,12,,,,,,,,,7,1,8,-6,mlb-ari,"{""common_opponents"": 1, ""games_played"": 1, ""head_to_head"": 1, ""home_advantage"": 1, ""last10_form"": 1, ""season_scoring"": 1, ""travel_km"": 1}"
823724,MLB,2026,regular,2026-04-09,2026-04-09,mlb-det,mlb-min,final,,,12,12,,,0.35,,,,,0.0,0.0,3,3.6667,6.3333,3,6.3333,3.6667,2,8,0,0.2,5,5,0,0.5,4.4167,4.5,12,4.75,4.5,12,,,,,,,,,1,3,4,2,mlb-min,"{""common_opponents"": 1, ""games_played"": 1, ""head_to_head"": 1, ""home_advantage"": 1, ""last10_form"": 1, ""season_scoring"": 1, ""travel_km"": 1}"
823884,MLB,2026,regular,2026-04-09,2026-04-09,mlb-cin,mlb-mia,final,,,12,12,,,0.35,,,,,0.0,0.0,3,4.0,3.3333,3,3.3333,4.0,7,3,0,0.7,5,5,0,0.5,3.1667,3.3333,12,4.9167,4.4167,12,,,,,,,,,1,8,9,7,mlb-mia,"{""common_opponents"": 1, ""games_played"": 1, ""head_to_head"": 1, ""home_advantage"": 1, ""last10_form"": 1, ""season_scoring"": 1, ""travel_km"": 1}"
824130,MLB,2026,regular,2026-04-09,2026-04-09,mlb-cws,mlb-kc,final,,,12,12,,,0.35,,,,,656.3,1117.9,,,,,,,4,6,0,0.4,5,5,0,0.5,3.4167,5.8333,12,3.75,4.75,12,1,3,3.3333,9.6667,1,3,5.0,5.0,2,0,2,-2,mlb-cws,"{""common_opponents"": 1, ""games_played"": 1, ""head_to_head"": 1, ""home_advantage"": 1, ""last10_form"": 1, ""season_scoring"": 1, ""travel_km"": 1}"
822829,MLB,2026,regular,2026-04-10,2026-04-10,mlb-min,mlb-tor,final,,,13,12,,,0.35,,,,,1113.6,0.0,,,,,,,6,4,0,0.6,3,7,0,0.3,4.6154,4.2308,13,3.4167,5.25,12,,,,,,,,,4,10,14,6,mlb-tor,"{""common_opponents"": 1, ""games_played"": 1, ""head_to_head"": 1, ""home_advantage"": 1, ""last10_form"": 1, ""season_scoring"": 1, ""travel_km"": 1}"
822997,MLB,2026,regular,2026-04-10,2026-04-10,mlb-nyy,mlb-tb,final,,,12,12,,,0.35,,,,,1656.8,0.0,,,,,,,6,4,0,0.6,5,5,0,0.5,4.5,2.4167,12,4.5833,5.75,12,,,,,,,,,3,5,8,2,mlb-tb,"{""common_opponents"": 1, ""games_played"": 1, ""head_to_head"": 1, ""home_advantage"": 1, ""last10_form"": 1, ""season_scoring"": 1, ""travel_km"": 1}"
823076,MLB,2026,regular,2026-04-10,2026-04-10,mlb-bos,mlb-stl,final,,,12,12,,,0.35,,,,,1663.3,1142.8,,,,,,,3,7,0,0.3,5,5,0,0.5,3.6667,4.5833,12,4.9167,5.1667,12,,,,,,,,,2,3,5,1,mlb-stl,"{""common_opponents"": 1, ""games_played"": 1, ""head_to_head"": 1, ""home_advantage"": 1, ""last10_form"": 1, ""season_scoring"": 1, ""travel_km"": 1}"
823156,MLB,2026,regular,2026-04-10,2026-04-10,mlb-hou,mlb-sea,final,,,13,13,,,0.35,,,,,1638.6,2686.0,,,,,,,5,5,0,0.5,3,7,0,0.3,6.0769,6.0,13,3.0769,3.2308,13,1,4,5.5,6.25,1,3,3.3333,3.3333,6,9,15,3,mlb-sea,"{""common_opponents"": 1, ""games_played"": 1, ""head_to_head"": 1, ""home_advantage"": 1, ""last10_form"": 1, ""season_scoring"": 1, ""travel_km"": 1}"
823318,MLB,2026,regular,2026-04-10,2026-04-10,mlb-col,mlb-sd,final,,,13,13,,,0.35,,,,,0.0,0.0,1,3.0,7.0,1,7.0,3.0,6,4,0,0.6,6,4,0,0.6,4.3077,3.8462,13,4.0769,3.9231,13,,,,,,,,,2,5,7,3,mlb-sd,"{""common_opponents"": 1, ""games_played"": 1, ""head_to_head"": 1, ""home_advantage"": 1, ""last10_form"": 1, ""season_scoring"": 1, ""travel_km"": 1}"
823482,MLB,2026,regular,2026-04-10,2026-04-10,mlb-ari,mlb-phi,final,,,13,12,,,0.35,,,,,146.6,4048.7,,,,,,,7,3,0,0.7,5,5,0,0.5,4.0,4.5385,13,3.5,4.75,12,,,,,,,,,5,4,9,-1,mlb-ari,"{""common_opponents"": 1, ""games_played"": 1, ""head_to_head"": 1, ""home_advantage"": 1, ""last10_form"": 1, ""season_scoring"": 1, ""travel_km"": 1}"
823643,MLB,2026,regular,2026-04-10,2026-04-10,mlb-ath,mlb-nym,final,,,12,13,,,0.35,,,,,10.5,0.0,,,,,,,5,5,0,0.5,5,5,0,0.5,3.9167,4.9167,12,4.3077,3.7692,13,,,,,,,,,4,0,4,-4,mlb-ath,"{""common_opponents"": 1, ""games_played"": 1, ""head_to_head"": 1, ""home_advantage"": 1, ""last10_form"": 1, ""season_scoring"": 1, ""travel_km"": 1}"
823808,MLB,2026,regular,2026-04-10,2026-04-10,mlb-wsh,mlb-mil,final,,,12,12,,,0.35,,,,,1029.1,1379.0,,,,,,,3,7,0,0.3,6,4,0,0.6,5.9167,6.5,12,5.8333,3.8333,12,,,,,,,,,7,3,10,-4,mlb-wsh,"{""common_opponents"": 1, ""games_played"": 1, ""head_to_head"": 1, ""home_advantage"": 1, ""last10_form"": 1, ""season_scoring"": 1, ""travel_km"": 1}"
823968,MLB,2026,regular,2026-04-10,2026-04-10,mlb-tex,mlb-lad,final,,,12,12,,,0.35,,,,,1965.7,3492.3,,,,,,,6,4,0,0.6,7,3,0,0.7,3.6667,3.25,12,6.25,3.4167,12,,,,,,,,,7,8,15,1,mlb-lad,"{""common_opponents"": 1, ""games_played"": 1, ""head_to_head"": 1, ""home_advantage"": 1, ""last10_form"": 1, ""season_scoring"": 1, ""travel_km"": 1}"
824128,MLB,2026,regular,2026-04-10,2026-04-10,mlb-cws,mlb-kc,final,,,13,13,,,0.35,,,,,0.0,0.0,1,2.0,0.0,1,0.0,2.0,5,5,0,0.5,4,6,0,0.4,3.3077,5.3846,13,3.4615,4.5385,13,1,3,3.3333,9.6667,1,3,5.0,5.0,0,2,2,2,mlb-kc,"{""common_opponents"": 1, ""games_played"": 1, ""head_to_head"": 1, ""home_advantage"": 1, ""last10_form"": 1, ""season_scoring"": 1, ""travel_km"": 1}"
824297,MLB,2026,regular,2026-04-10,2026-04-10,mlb-mia,mlb-det,final,,,13,13,,,0.35,,,,,1859.5,873.0,,,,,,,5,5,0,0.5,2,8,0,0.2,5.1538,4.1538,13,4.1538,4.3846,13,,,,,,,,,0,2,2,2,mlb-det,"{""common_opponents"": 1, ""games_played"": 1, ""head_to_head"": 1, ""home_advantage"": 1, ""last10_form"": 1, ""season_scoring"": 1, ""travel_km"": 1}"
824534,MLB,2026,regular,2026-04-10,2026-04-10,mlb-laa,mlb-cin,final,,,13,13,,,0.35,,,,,3025.1,1534.2,,,,,,,4,6,0,0.4,6,4,0,0.6,3.9231,4.7692,13,3.0,3.6923,13,,,,,,,,,10,2,12,-8,mlb-laa,"{""common_opponents"": 1, ""games_played"": 1, ""head_to_head"": 1, ""home_advantage"": 1, ""last10_form"": 1, ""season_scoring"": 1, ""travel_km"": 1}"
824695,MLB,2026,regular,2026-04-10,2026-04-10,mlb-pit,mlb-chc,final,,,12,12,,,0.35,,,,,661.2,1640.7,,,,,,,7,3,0,0.7,5,5,0,0.5,4.5,4.0,12,4.6667,3.6667,12,,,,,,,,,2,0,2,-2,mlb-pit,"{""common_opponents"": 1, ""games_played"": 1, ""head_to_head"": 1, ""home_advantage"": 1, ""last10_form"": 1, ""season_scoring"": 1, ""travel_km"": 1}"
824858,MLB,2026,regular,2026-04-10,2026-04-10,mlb-sf,mlb-bal,final,,,13,12,,,0.35,,,,,3941.7,971.6,,,,,,,5,5,0,0.5,5,5,0,0.5,3.1538,4.3846,13,3.75,4.0833,12,,,,,,,,,6,3,9,-3,mlb-sf,"{""common_opponents"": 1, ""games_played"": 1, ""head_to_head"": 1, ""home_advantage"": 1, ""last10_form"": 1, ""season_scoring"": 1, ""travel_km"": 1}"
824941,MLB,2026,regular,2026-04-10,2026-04-10,mlb-cle,mlb-atl,final,,,13,13,,,0.35,,,,,880.3,3072.1,,,,,,,6,4,0,0.6,6,4,0,0.6,3.5385,3.3077,13,5.0769,2.4615,13,1,3,4.6667,2.3333,1,3,4.3333,2.0,5,11,16,6,mlb-atl,"{""common_opponents"": 1, ""games_played"": 1, ""head_to_head"": 1, ""home_advantage"": 1, ""last10_form"": 1, ""season_scoring"": 1, ""travel_km"": 1}"
822830,MLB,2026,regular,2026-04-11,2026-04-11,mlb-min,mlb-tor,final,,,14,13,,,0.35,,,,,0.0,0.0,1,4.0,10.0,1,10.0,4.0,6,4,0,0.6,3,7,0,0.3,4.5714,4.6429,14,3.9231,5.1538,13,,,,,,,,,7,4,11,-3,mlb-min,"{""common_opponents"": 1, ""games_played"": 1, ""head_to_head"": 1, ""home_advantage"": 1, ""last10_form"": 1, ""season_scoring"": 1, ""travel_km"": 1}"
822996,MLB,2026,regular,2026-04-11,2026-04-11,mlb-nyy,mlb-tb,final,,,13,13,,,0.35,,,,,0.0,0.0,1,3.0,5.0,1,5.0,3.0,5,5,0,0.5,5,5,0,0.5,4.3846,2.6154,13,4.6154,5.5385,13,,,,,,,,,4,5,9,1,mlb-tb,"{""common_opponents"": 1, ""games_played"": 1, ""head_to_head"": 1, ""home_advantage"": 1, ""last10_form"": 1, ""season_scoring"": 1, ""travel_km"": 1}"
823074,MLB,2026,regular,2026-04-11,2026-04-11,mlb-bos,mlb-stl,final,,,13,13,,,0.35,,,,,0.0,0.0,1,2.0,3.0,1,3.0,2.0,3,7,0,0.3,6,4,0,0.6,3.5385,4.4615,13,4.7692,4.9231,13,,,,,,,,,7,1,8,-6,mlb-bos,"{""common_opponents"": 1, ""games_played"": 1, ""head_to_head"": 1, ""home_advantage"": 1, ""last10_form"": 1, ""season_scoring"": 1, ""travel_km"": 1}"
823155,MLB,2026,regular,2026-04-11,2026-04-11,mlb-hou,mlb-sea,final,,,14,14,,,0.35,,,,,0.0,0.0,1,6.0,9.0,1,9.0,6.0,4,6,0,0.4,3,7,0,0.3,6.0714,6.2143,14,3.5,3.4286,14,1,4,5.5,6.25,1,3,3.3333,3.3333,7,8,15,1,mlb-sea,"{""common_opponents"": 1, ""games_played"": 1, ""head_to_head"": 1, ""home_advantage"": 1, ""last10_form"": 1, ""season_scoring"": 1, ""travel_km"": 1}"
823316,MLB,2026,regular,2026-04-11,2026-04-11,mlb-col,mlb-sd,final,,,14,14,,,0.35,,,,,0.0,0.0,2,2.5,6.0,2,6.0,2.5,5,5,0,0.5,7,3,0,0.7,4.1429,3.9286,14,4.1429,3.7857,14,,,,,,,,,5,9,14,4,mlb-sd,"{""common_opponents"": 1, ""games_played"": 1, ""head_to_head"": 1, ""home_advantage"": 1, ""last10_form"": 1, ""season_scoring"": 1, ""travel_km"": 1}"
823480,MLB,2026,regular,2026-04-11,2026-04-11,mlb-ari,mlb-phi,final,,,14,13,,,0.35,,,,,0.0,0.0,1,5.0,4.0,1,4.0,5.0,7,3,0,0.7,5,5,0,0.5,4.0714,4.5,14,3.5385,4.7692,13,,,,,,,,,3,4,7,1,mlb-phi,"{""common_opponents"": 1, ""games_played"": 1, ""head_to_head"": 1, ""home_advantage"": 1, ""last10_form"": 1, ""season_scoring"": 1, ""travel_km"": 1}"
823644,MLB,2026,regular,2026-04-11,2026-04-11,mlb-ath,mlb-nym,final,,,13,14,,,0.35,,,,,0.0,0.0,1,4.0,0.0,1,0.0,4.0,6,4,0,0.6,4,6,0,0.4,3.9231,4.5385,13,4.0,3.7857,14,,,,,,,,,11,6,17,-5,mlb-ath,"{""common_opponents"": 1, ""games_played"": 1, ""head_to_head"": 1, ""home_advantage"": 1, ""last10_form"": 1, ""season_scoring"": 1, ""travel_km"": 1}"
823805,MLB,2026,regular,2026-04-11,2026-04-11,mlb-wsh,mlb-mil,final,,,13,13,,,0.35,,,,,0.0,0.0,1,7.0,3.0,1,3.0,7.0,3,7,0,0.3,5,5,0,0.5,6.0,6.2308,13,5.6154,4.0769,13,,,,,,,,,3,1,4,-2,mlb-wsh,"{""common_opponents"": 1, ""games_played"": 1, ""head_to_head"": 1, ""home_advantage"": 1, ""last10_form"": 1, ""season_scoring"": 1, ""travel_km"": 1}"
823967,MLB,2026,regular,2026-04-11,2026-04-11,mlb-tex,mlb-lad,final,,,13,13,,,0.35,,,,,0.0,0.0,1,7.0,8.0,1,8.0,7.0,5,5,0,0.5,7,3,0,0.7,3.9231,3.6154,13,6.3846,3.6923,13,,,,,,,,,3,6,9,3,mlb-lad,"{""common_opponents"": 1, ""games_played"": 1, ""head_to_head"": 1, ""home_advantage"": 1, ""last10_form"": 1, ""season_scoring"": 1, ""travel_km"": 1}"
824129,MLB,2026,regular,2026-04-11,2026-04-11,mlb-cws,mlb-kc,final,,,14,14,,,0.35,,,,,0.0,0.0,2,1.0,1.0,2,1.0,1.0,4,6,0,0.4,4,6,0,0.4,3.0714,5.1429,14,3.3571,4.2143,14,1,3,3.3333,9.6667,1,3,5.0,5.0,0,2,2,2,mlb-kc,"{""common_opponents"": 1, ""games_played"": 1, ""head_to_head"": 1, ""home_advantage"": 1, ""last10_form"": 1, ""season_scoring"": 1, ""travel_km"": 1}"
824294,MLB,2026,regular,2026-04-11,2026-04-11,mlb-mia,mlb-det,final,,,14,14,,,0.35,,,,,0.0,0.0,1,0.0,2.0,1,2.0,0.0,5,5,0,0.5,3,7,0,0.3,4.7857,4.0,14,4.0,4.0714,14,,,,,,,,,1,6,7,5,mlb-det,"{""common_opponents"": 1, ""games_played"": 1, ""head_to_head"": 1, ""home_advantage"": 1, ""last10_form"": 1, ""season_scoring"": 1, ""travel_km"": 1}"
824535,MLB,2026,regular,2026-04-11,2026-04-11,mlb-laa,mlb-cin,final,,,14,14,,,0.35,,,,,0.0,0.0,1,10.0,2.0,1,2.0,10.0,5,5,0,0.5,5,5,0,0.5,4.3571,4.5714,14,2.9286,4.1429,14,,,,,,,,,3,7,10,4,mlb-cin,"{""common_opponents"": 1, ""games_played"": 1, ""head_to_head"": 1, ""home_advantage"": 1, ""last10_form"": 1, ""season_scoring"": 1, ""travel_km"": 1}"
824697,MLB,2026,regular,2026-04-11,2026-04-11,mlb-pit,mlb-chc,final,,,13,13,,,0.35,,,,,0.0,0.0,1,2.0,0.0,1,0.0,2.0,7,3,0,0.7,5,5,0,0.5,4.3077,3.6923,13,4.3077,3.5385,13,,,,,,,,,4,3,7,-1,mlb-pit,"{""common_opponents"": 1, ""games_played"": 1, ""head_to_head"": 1, ""home_advantage"": 1, ""last10_form"": 1, ""season_scoring"": 1, ""travel_km"": 1}"
824857,MLB,2026,regular,2026-04-11,2026-04-11,mlb-sf,mlb-bal,final,,,14,13,,,0.35,,,,,0.0,0.0,1,6.0,3.0,1,3.0,6.0,5,5,0,0.5,4,6,0,0.4,3.3571,4.2857,14,3.6923,4.2308,13,,,,,,,,,2,6,8,4,mlb-bal,"{""common_opponents"": 1, ""games_played"": 1, ""head_to_head"": 1, ""home_advantage"": 1, ""last10_form"": 1, ""season_scoring"": 1, ""travel_km"": 1}"
824939,MLB,2026,regular,2026-04-11,2026-04-11,mlb-cle,mlb-atl,final,,,14,14,,,0.35,,,,,0.0,0.0,1,5.0,11.0,1,11.0,5.0,6,4,0,0.6,6,4,0,0.6,3.6429,3.8571,14,5.5,2.6429,14,1,3,4.6667,2.3333,1,3,4.3333,2.0,6,0,6,-6,mlb-cle,"{""common_opponents"": 1, ""games_played"": 1, ""head_to_head"": 1, ""home_advantage"": 1, ""last10_form"": 1, ""season_scoring"": 1, ""travel_km"": 1}"
822828,MLB,2026,regular,2026-04-12,2026-04-12,mlb-min,mlb-tor,final,,,15,14,,,0.35,,,,,0.0,0.0,2,5.5,7.0,2,7.0,5.5,7,3,0,0.7,3,7,0,0.3,4.7333,4.6,15,3.9286,5.2857,14,,,,,,,,,8,2,10,-6,mlb-min,"{""common_opponents"": 1, ""games_played"": 1, ""head_to_head"": 1, ""home_advantage"": 1, ""last10_form"": 1, ""season_scoring"": 1, ""travel_km"": 1}"
822998,MLB,2026,regular,2026-04-12,2026-04-12,mlb-nyy,mlb-tb,final,,,14,14,,,0.35,,,,,0.0,0.0,2,3.5,5.0,2,5.0,3.5,5,5,0,0.5,5,5,0,0.5,4.3571,2.7857,14,4.6429,5.4286,14,,,,,,,,,4,5,9,1,mlb-tb,"{""common_opponents"": 1, ""games_played"": 1, ""head_to_head"": 1, ""home_advantage"": 1, ""last10_form"": 1, ""season_scoring"": 1, ""travel_km"": 1}"
823075,MLB,2026,regular,2026-04-12,2026-04-12,mlb-bos,mlb-stl,final,,,14,14,,,0.35,,,,,0.0,0.0,2,4.5,2.0,2,2.0,4.5,4,6,0,0.4,6,4,0,0.6,3.7857,4.2143,14,4.5,5.0714,14,,,,,,,,,9,3,12,-6,mlb-bos,"{""common_opponents"": 1, ""games_played"": 1, ""head_to_head"": 1, ""home_advantage"": 1, ""last10_form"": 1, ""season_scoring"": 1, ""travel_km"": 1}"
823154,MLB,2026,regular,2026-04-12,2026-04-12,mlb-hou,mlb-sea,final,,,15,15,,,0.35,,,,,0.0,0.0,2,6.5,8.5,2,8.5,6.5,3,7,0,0.3,3,7,0,0.3,6.1333,6.3333,15,3.8,3.6667,15,1,4,5.5,6.25,1,3,3.3333,3.3333,1,6,7,5,mlb-sea,"{""common_opponents"": 1, ""games_played"": 1, ""head_to_head"": 1, ""home_advantage"": 1, ""last10_form"": 1, ""season_scoring"": 1, ""travel_km"": 1}"
823317,MLB,2026,regular,2026-04-12,2026-04-12,mlb-col,mlb-sd,final,,,15,15,,,0.35,,,,,0.0,0.0,3,3.3333,7.0,3,7.0,3.3333,5,5,0,0.5,8,2,0,0.8,4.2,4.2667,15,4.4667,3.8667,15,,,,,,,,,2,7,9,5,mlb-sd,"{""common_opponents"": 1, ""games_played"": 1, ""head_to_head"": 1, ""home_advantage"": 1, ""last10_form"": 1, ""season_scoring"": 1, ""travel_km"": 1}"
823479,MLB,2026,regular,2026-04-12,2026-04-12,mlb-ari,mlb-phi,final,,,15,14,,,0.35,,,,,0.0,0.0,2,4.0,4.0,2,4.0,4.0,6,4,0,0.6,6,4,0,0.6,4.0,4.4667,15,3.5714,4.6429,14,,,,,,,,,4,3,7,-1,mlb-ari,"{""common_opponents"": 1, ""games_played"": 1, ""head_to_head"": 1, ""home_advantage"": 1, ""last10_form"": 1, ""season_scoring"": 1, ""travel_km"": 1}"
823642,MLB,2026,regular,2026-04-12,2026-04-12,mlb-ath,mlb-nym,final,,,14,15,,,0.35,,,,,0.0,0.0,2,7.5,3.0,2,3.0,7.5,7,3,0,0.7,4,6,0,0.4,4.4286,4.6429,14,4.1333,4.2667,15,,,,,,,,,1,0,1,-1,mlb-ath,"{""common_opponents"": 1, ""games_played"": 1, ""head_to_head"": 1, ""home_advantage"": 1, ""last10_form"": 1, ""season_scoring"": 1, ""travel_km"": 1}"
823804,MLB,2026,regular,2026-04-12,2026-04-12,mlb-wsh,mlb-mil,final,,,14,14,,,0.35,,,,,0.0,0.0,2,5.0,2.0,2,2.0,5.0,3,7,0,0.3,5,5,0,0.5,5.7857,5.8571,14,5.2857,4.0,14,,,,,,,,,8,6,14,-2,mlb-wsh,"{""common_opponents"": 1, ""games_played"": 1, ""head_to_head"": 1, ""home_advantage"": 1, ""last10_form"": 1, ""season_scoring"": 1, ""travel_km"": 1}"
823966,MLB,2026,regular,2026-04-12,2026-04-12,mlb-tex,mlb-lad,final,,,14,14,,,0.35,,,,,0.0,0.0,2,5.0,7.0,2,7.0,5.0,4,6,0,0.4,8,2,0,0.8,3.8571,3.7857,14,6.3571,3.6429,14,,,,,,,,,5,2,7,-3,mlb-tex,"{""common_opponents"": 1, ""games_played"": 1, ""head_to_head"": 1, ""home_advantage"": 1, ""last10_form"": 1, ""season_scoring"": 1, ""travel_km"": 1}"
824126,MLB,2026,regular,2026-04-12,2026-04-12,mlb-cws,mlb-kc,final,,,15,15,,,0.35,,,,,0.0,0.0,3,0.6667,1.3333,3,1.3333,0.6667,4,6,0,0.4,4,6,0,0.4,2.8667,4.9333,15,3.2667,3.9333,15,1,3,3.3333,9.6667,1,3,5.0,5.0,6,5,11,-1,mlb-cws,"{""common_opponents"": 1, ""games_played"": 1, ""head_to_head"": 1, ""home_advantage"": 1, ""last10_form"": 1, ""season_scoring"": 1, ""travel_km"": 1}"
824293,MLB,2026,regular,2026-04-12,2026-04-12,mlb-mia,mlb-det,final,,,15,15,,,0.35,,,,,0.0,0.0,2,0.5,4.0,2,4.0,0.5,4,6,0,0.4,4,6,0,0.4,4.5333,4.1333,15,4.1333,3.8667,15,,,,,,,,,2,8,10,6,mlb-det,"{""common_opponents"": 1, ""games_played"": 1, ""head_to_head"": 1, ""home_advantage"": 1, ""last10_form"": 1, ""season_scoring"": 1, ""travel_km"": 1}"
824533,MLB,2026,regular,2026-04-12,2026-04-12,mlb-laa,mlb-cin,final,,,15,15,,,0.35,,,,,0.0,0.0,2,6.5,4.5,2,4.5,6.5,5,5,0,0.5,6,4,0,0.6,4.2667,4.7333,15,3.2,4.0667,15,,,,,,,,,9,6,15,-3,mlb-laa,"{""common_opponents"": 1, ""games_played"": 1, ""head_to_head"": 1, ""home_advantage"": 1, ""last10_form"": 1, ""season_scoring"": 1, ""travel_km"": 1}"
824696,MLB,2026,regular,2026-04-12,2026-04-12,mlb-pit,mlb-chc,final,,,14,14,,,0.35,,,,,0.0,0.0,2,3.0,1.5,2,1.5,3.0,8,2,0,0.8,4,6,0,0.4,4.2857,3.6429,14,4.2143,3.5714,14,,,,,,,,,6,7,13,1,mlb-chc,"{""common_opponents"": 1, ""games_played"": 1, ""head_to_head"": 1, ""home_advantage"": 1, ""last10_form"": 1, ""season_scoring"": 1, ""travel_km"": 1}"
824859,MLB,2026,regular,2026-04-12,2026-04-12,mlb-sf,mlb-bal,final,,,15,14,,,0.35,,,,,0.0,0.0,2,4.0,4.5,2,4.5,4.0,4,6,0,0.4,5,5,0,0.5,3.2667,4.4,15,3.8571,4.0714,14,,,,,,,,,2,6,8,4,mlb-bal,"{""common_opponents"": 1, ""games_played"": 1, ""head_to_head"": 1, ""home_advantage"": 1, ""last10_form"": 1, ""season_scoring"": 1, ""travel_km"": 1}"
824938,MLB,2026,regular,2026-04-12,2026-04-12,mlb-cle,mlb-atl,final,,,15,15,,,0.35,,,,,0.0,0.0,2,5.5,5.5,2,5.5,5.5,6,4,0,0.6,6,4,0,0.6,3.8,3.6,15,5.1333,2.8667,15,1,3,4.6667,2.3333,1,3,4.3333,2.0,1,13,14,12,mlb-atl,"{""common_opponents"": 1, ""games_played"": 1, ""head_to_head"": 1, ""home_advantage"": 1, ""last10_form"": 1, ""season_scoring"": 1, ""travel_km"": 1}"
823073,MLB,2026,regular,2026-04-13,2026-04-13,mlb-cle,mlb-stl,final,,,16,15,,,0.35,,,,,734.8,0.0,,,,,,,6,4,0,0.6,5,5,0,0.5,3.625,4.1875,16,4.4,5.3333,15,,,,,,,,,9,3,12,-6,mlb-cle,"{""common_opponents"": 1, ""games_played"": 1, ""head_to_head"": 1, ""home_advantage"": 1, ""last10_form"": 1, ""season_scoring"": 1, ""travel_km"": 1}"
823153,MLB,2026,regular,2026-04-13,2026-04-13,mlb-hou,mlb-sea,final,,,16,16,,,0.35,,,,,0.0,0.0,3,4.6667,7.6667,3,7.6667,4.6667,2,8,0,0.2,4,6,0,0.4,5.8125,6.3125,16,3.9375,3.5,16,1,4,5.5,6.25,1,3,3.3333,3.3333,2,6,8,4,mlb-sea,"{""common_opponents"": 1, ""games_played"": 1, ""head_to_head"": 1, ""home_advantage"": 1, ""last10_form"": 1, ""season_scoring"": 1, ""travel_km"": 1}"
823400,MLB,2026,regular,2026-04-13,2026-04-13,mlb-wsh,mlb-pit,final,,,15,15,,,0.35,,,,,720.2,661.2,,,,,,,4,6,0,0.4,7,3,0,0.7,5.9333,5.8667,15,4.4,3.8667,15,1,3,6.0,5.6667,1,3,4.0,3.3333,5,16,21,11,mlb-pit,"{""common_opponents"": 1, ""games_played"": 1, ""head_to_head"": 1, ""home_advantage"": 1, ""last10_form"": 1, ""season_scoring"": 1, ""travel_km"": 1}"
823481,MLB,2026,regular,2026-04-13,2026-04-13,mlb-chc,mlb-phi,final,,,15,15,,,0.35,,,,,1072.5,0.0,,,,,,,5,5,0,0.5,5,5,0,0.5,4.4,3.7333,15,3.5333,4.6,15,1,3,5.6667,6.0,1,3,3.6667,6.6667,7,13,20,6,mlb-phi,"{""common_opponents"": 1, ""games_played"": 1, ""head_to_head"": 1, ""home_advantage"": 1, ""last10_form"": 1, ""season_scoring"": 1, ""travel_km"": 1}"
823563,MLB,2026,regular,2026-04-13,2026-04-13,mlb-laa,mlb-nyy,final,,,16,15,,,0.35,,,,,921.4,1656.8,,,,,,,5,5,0,0.5,4,6,0,0.4,4.5625,4.8125,16,4.3333,2.9333,15,1,3,3.3333,3.3333,1,3,3.6667,1.6667,10,11,21,1,mlb-nyy,"{""common_opponents"": 1, ""games_played"": 1, ""head_to_head"": 1, ""home_advantage"": 1, ""last10_form"": 1, ""season_scoring"": 1, ""travel_km"": 1}"
823725,MLB,2026,regular,2026-04-13,2026-04-13,mlb-bos,mlb-min,final,,,15,16,,,0.35,,,,,751.8,1113.6,,,,,,,5,5,0,0.5,7,3,0,0.7,4.1333,4.1333,15,4.9375,4.4375,16,,,,,,,,,6,13,19,7,mlb-min,"{""common_opponents"": 1, ""games_played"": 1, ""head_to_head"": 1, ""home_advantage"": 1, ""last10_form"": 1, ""season_scoring"": 1, ""travel_km"": 1}"
823964,MLB,2026,regular,2026-04-13,2026-04-13,mlb-nym,mlb-lad,final,,,16,15,,,0.35,,,,,3947.6,0.0,,,,,,,4,6,0,0.4,7,3,0,0.7,3.875,4.0625,16,6.0667,3.7333,15,1,3,2.3333,5.6667,1,3,5.3333,2.6667,0,4,4,4,mlb-lad,"{""common_opponents"": 1, ""games_played"": 1, ""head_to_head"": 1, ""home_advantage"": 1, ""last10_form"": 1, ""season_scoring"": 1, ""travel_km"": 1}"
824856,MLB,2026,regular,2026-04-13,2026-04-13,mlb-ari,mlb-bal,final,,,16,15,,,0.35,,,,,142.6,0.0,,,,,,,6,4,0,0.6,6,4,0,0.6,4.0,4.375,16,4.0,3.9333,15,,,,,,,,,7,9,16,2,mlb-bal,"{""common_opponents"": 1, ""games_played"": 1, ""head_to_head"": 1, ""home_advantage"": 1, ""last10_form"": 1, ""season_scoring"": 1, ""travel_km"": 1}"
824937,MLB,2026,regular,2026-04-13,2026-04-13,mlb-mia,mlb-atl,final,,,16,16,,,0.35,,,,,947.5,0.0,,,,,,,3,7,0,0.3,6,4,0,0.6,4.375,4.375,16,5.625,2.75,16,,,,,,,,,10,4,14,-6,mlb-mia,"{""common_opponents"": 1, ""games_played"": 1, ""head_to_head"": 1, ""home_advantage"": 1, ""last10_form"": 1, ""season_scoring"": 1, ""travel_km"": 1}"
825024,MLB,2026,regular,2026-04-13,2026-04-13,mlb-tex,mlb-ath,final,,,15,15,,,0.35,,,,,580.5,4036.7,,,,,,,4,6,0,0.4,7,3,0,0.7,3.9333,3.6667,15,4.2,4.3333,15,,,,,,,,,8,1,9,-7,mlb-tex,"{""common_opponents"": 1, ""games_played"": 1, ""head_to_head"": 1, ""home_advantage"": 1, ""last10_form"": 1, ""season_scoring"": 1, ""travel_km"": 1}"
823072,MLB,2026,regular,2026-04-14,2026-04-14,mlb-cle,mlb-stl,final,,,17,16,,,0.35,,,,,0.0,0.0,1,9.0,3.0,1,3.0,9.0,6,4,0,0.6,4,6,0,0.4,3.9412,4.1176,17,4.3125,5.5625,16,,,,,,,,,5,6,11,1,mlb-stl,"{""common_opponents"": 1, ""games_played"": 1, ""head_to_head"": 1, ""home_advantage"": 1, ""last10_form"": 1, ""season_scoring"": 1, ""travel_km"": 1}"
823315,MLB,2026,regular,2026-04-14,2026-04-14,mlb-sea,mlb-sd,final,,,17,16,,,0.35,,,,,1711.5,0.0,,,,,,,5,5,0,0.5,8,2,0,0.8,4.0588,3.4118,17,4.625,3.75,16,,,,,,,,,1,4,5,3,mlb-sd,"{""common_opponents"": 1, ""games_played"": 1, ""head_to_head"": 1, ""home_advantage"": 1, ""last10_form"": 1, ""season_scoring"": 1, ""travel_km"": 1}"
823398,MLB,2026,regular,2026-04-14,2026-04-14,mlb-wsh,mlb-pit,final,,,16,16,,,0.35,,,,,0.0,0.0,1,5.0,16.0,1,16.0,5.0,4,6,0,0.4,7,3,0,0.7,5.875,6.5,16,5.125,3.9375,16,1,3,6.0,5.6667,1,3,4.0,3.3333,5,4,9,-1,mlb-wsh,"{""common_opponents"": 1, ""games_played"": 1, ""head_to_head"": 1, ""home_advantage"": 1, ""last10_form"": 1, ""season_scoring"": 1, ""travel_km"": 1}"
823478,MLB,2026,regular,2026-04-14,2026-04-14,mlb-chc,mlb-phi,final,,,16,16,,,0.35,,,,,0.0,0.0,1,7.0,13.0,1,13.0,7.0,4,6,0,0.4,5,5,0,0.5,4.5625,4.3125,16,4.125,4.75,16,1,3,5.6667,6.0,1,3,3.6667,6.6667,10,4,14,-6,mlb-chc,"{""common_opponents"": 1, ""games_played"": 1, ""head_to_head"": 1, ""home_advantage"": 1, ""last10_form"": 1, ""season_scoring"": 1, ""travel_km"": 1}"
823562,MLB,2026,regular,2026-04-14,2026-04-14,mlb-laa,mlb-nyy,final,,,17,16,,,0.35,,,,,0.0,0.0,1,10.0,11.0,1,11.0,10.0,5,5,0,0.5,4,6,0,0.4,4.8824,5.1765,17,4.75,3.375,16,1,3,3.3333,3.3333,1,3,3.6667,1.6667,7,1,8,-6,mlb-laa,"{""common_opponents"": 1, ""games_played"": 1, ""head_to_head"": 1, ""home_advantage"": 1, ""last10_form"": 1, ""season_scoring"": 1, ""travel_km"": 1}"
823723,MLB,2026,regular,2026-04-14,2026-04-14,mlb-bos,mlb-min,final,,,16,17,,,0.35,,,,,0.0,0.0,1,6.0,13.0,1,13.0,6.0,5,5,0,0.5,7,3,0,0.7,4.25,4.6875,16,5.4118,4.5294,17,,,,,,,,,0,6,6,6,mlb-min,"{""common_opponents"": 1, ""games_played"": 1, ""head_to_head"": 1, ""home_advantage"": 1, ""last10_form"": 1, ""season_scoring"": 1, ""travel_km"": 1}"
823802,MLB,2026,regular,2026-04-14,2026-04-14,mlb-tor,mlb-mil,final,,,15,15,,,0.35,,,,,697.1,0.0,,,,,,,2,8,0,0.2,4,6,0,0.4,3.8,5.4667,15,5.3333,4.2667,15,1,3,2.3333,4.6667,1,3,9.6667,3.3333,9,7,16,-2,mlb-tor,"{""common_opponents"": 1, ""games_played"": 1, ""head_to_head"": 1, ""home_advantage"": 1, ""last10_form"": 1, ""season_scoring"": 1, ""travel_km"": 1}"
823965,MLB,2026,regular,2026-04-14,2026-04-14,mlb-nym,mlb-lad,final,,,17,16,,,0.35,,,,,0.0,0.0,1,0.0,4.0,1,4.0,0.0,4,6,0,0.4,8,2,0,0.8,3.6471,4.0588,17,5.9375,3.5,16,1,3,2.3333,5.6667,1,3,5.3333,2.6667,1,2,3,1,mlb-lad,"{""common_opponents"": 1, ""games_played"": 1, ""head_to_head"": 1, ""home_advantage"": 1, ""last10_form"": 1, ""season_scoring"": 1, ""travel_km"": 1}"
824210,MLB,2026,regular,2026-04-14,2026-04-14,mlb-col,mlb-hou,final,,,16,17,,,0.35,,,,,2094.8,3040.9,3,7.6667,3.0,3,3.0,7.6667,4,6,0,0.4,1,9,0,0.1,4.0625,4.4375,16,5.5882,6.2941,17,,,,,,,,,6,7,13,1,mlb-hou,"{""common_opponents"": 1, ""games_played"": 1, ""head_to_head"": 1, ""home_advantage"": 1, ""last10_form"": 1, ""season_scoring"": 1, ""travel_km"": 1}"
824292,MLB,2026,regular,2026-04-14,2026-04-14,mlb-kc,mlb-det,final,,,16,16,,,0.35,,,,,1029.7,0.0,,,,,,,4,6,0,0.4,5,5,0,0.5,3.375,4.0625,16,4.375,3.75,16,1,3,5.6667,5.0,1,4,3.0,5.5,1,2,3,1,mlb-det,"{""common_opponents"": 1, ""games_played"": 1, ""head_to_head"": 1, ""home_advantage"": 1, ""last10_form"": 1, ""season_scoring"": 1, ""travel_km"": 1}"
824531,MLB,2026,regular,2026-04-14,2026-04-14,mlb-sf,mlb-cin,final,,,16,16,,,0.35,,,,,679.6,0.0,,,,,,,4,6,0,0.4,6,4,0,0.6,3.1875,4.5,16,3.375,4.375,16,,,,,,,,,1,2,3,1,mlb-cin,"{""common_opponents"": 1, ""games_played"": 1, ""head_to_head"": 1, ""home_advantage"": 1, ""last10_form"": 1, ""season_scoring"": 1, ""travel_km"": 1}"
824616,MLB,2026,regular,2026-04-14,2026-04-14,mlb-tb,mlb-cws,final,,,15,16,,,0.35,,,,,1627.6,656.3,,,,,,,6,4,0,0.6,5,5,0,0.5,4.6667,5.3333,15,3.0625,4.9375,16,1,3,2.3333,5.3333,1,3,3.3333,9.6667,8,5,13,-3,mlb-tb,"{""common_opponents"": 1, ""games_played"": 1, ""head_to_head"": 1, ""home_advantage"": 1, ""last10_form"": 1, ""season_scoring"": 1, ""travel_km"": 1}"
824853,MLB,2026,regular,2026-04-14,2026-04-14,mlb-ari,mlb-bal,final,,,17,16,,,0.35,,,,,0.0,0.0,1,7.0,9.0,1,9.0,7.0,6,4,0,0.6,6,4,0,0.6,4.1765,4.6471,17,4.3125,4.125,16,,,,,,,,,4,3,7,-1,mlb-ari,"{""common_opponents"": 1, ""games_played"": 1, ""head_to_head"": 1, ""home_advantage"": 1, ""last10_form"": 1, ""season_scoring"": 1, ""travel_km"": 1}"
824935,MLB,2026,regular,2026-04-14,2026-04-14,mlb-mia,mlb-atl,final,,,17,17,,,0.35,,,,,0.0,0.0,1,10.0,4.0,1,4.0,10.0,4,6,0,0.4,5,5,0,0.5,4.7059,4.3529,17,5.5294,3.1765,17,,,,,,,,,5,6,11,1,mlb-atl,"{""common_opponents"": 1, ""games_played"": 1, ""head_to_head"": 1, ""home_advantage"": 1, ""last10_form"": 1, ""season_scoring"": 1, ""travel_km"": 1}"
825022,MLB,2026,regular,2026-04-14,2026-04-14,mlb-tex,mlb-ath,final,,,16,16,,,0.35,,,,,0.0,0.0,1,8.0,1.0,1,1.0,8.0,5,5,0,0.5,7,3,0,0.7,4.1875,3.5,16,4.0,4.5625,16,,,,,,,,,1,2,3,1,mlb-ath,"{""common_opponents"": 1, ""games_played"": 1, ""head_to_head"": 1, ""home_advantage"": 1, ""last10_form"": 1, ""season_scoring"": 1, ""travel_km"": 1}"
823071,MLB,2026,regular,2026-04-15,2026-04-15,mlb-cle,mlb-stl,final,,,18,17,,,0.35,,,,,0.0,0.0,2,7.0,4.5,2,4.5,7.0,5,5,0,0.5,5,5,0,0.5,4.0,4.2222,18,4.4118,5.5294,17,,,,,,,,,3,5,8,2,mlb-stl,"{""common_opponents"": 1, ""games_played"": 1, ""head_to_head"": 1, ""home_advantage"": 1, ""last10_form"": 1, ""season_scoring"": 1, ""travel_km"": 1}"
823314,MLB,2026,regular,2026-04-15,2026-04-15,mlb-sea,mlb-sd,final,,,18,17,,,0.35,,,,,0.0,0.0,1,1.0,4.0,1,4.0,1.0,4,6,0,0.4,9,1,0,0.9,3.8889,3.4444,18,4.5882,3.5882,17,,,,,,,,,6,7,13,1,mlb-sd,"{""common_opponents"": 1, ""games_played"": 1, ""head_to_head"": 1, ""home_advantage"": 1, ""last10_form"": 1, ""season_scoring"": 1, ""travel_km"": 1}"
823399,MLB,2026,regular,2026-04-15,2026-04-15,mlb-wsh,mlb-pit,final,,,17,17,,,0.35,,,,,0.0,0.0,2,5.0,10.0,2,10.0,5.0,5,5,0,0.5,6,4,0,0.6,5.8235,6.3529,17,5.0588,4.0,17,1,3,6.0,5.6667,1,3,4.0,3.3333,0,2,2,2,mlb-pit,"{""common_opponents"": 1, ""games_played"": 1, ""head_to_head"": 1, ""home_advantage"": 1, ""last10_form"": 1, ""season_scoring"": 1, ""travel_km"": 1}"
823477,MLB,2026,regular,2026-04-15,2026-04-15,mlb-chc,mlb-phi,final,,,17,17,,,0.35,,,,,0.0,0.0,2,8.5,8.5,2,8.5,8.5,5,5,0,0.5,4,6,0,0.4,4.8824,4.2941,17,4.1176,5.0588,17,1,3,5.6667,6.0,1,3,3.6667,6.6667,11,2,13,-9,mlb-chc,"{""common_opponents"": 1, ""games_played"": 1, ""head_to_head"": 1, ""home_advantage"": 1, ""last10_form"": 1, ""season_scoring"": 1, ""travel_km"": 1}"
823561,MLB,2026,regular,2026-04-15,2026-04-15,mlb-laa,mlb-nyy,final,,,18,17,,,0.35,,,,,0.0,0.0,2,8.5,6.0,2,6.0,8.5,6,4,0,0.6,3,7,0,0.3,5.0,4.9444,18,4.5294,3.5882,17,1,3,3.3333,3.3333,1,3,3.6667,1.6667,4,5,9,1,mlb-nyy,"{""common_opponents"": 1, ""games_played"": 1, ""head_to_head"": 1, ""home_advantage"": 1, ""last10_form"": 1, ""season_scoring"": 1, ""travel_km"": 1}"
823722,MLB,2026,regular,2026-04-15,2026-04-15,mlb-bos,mlb-min,final,,,17,18,,,0.35,,,,,0.0,0.0,2,3.0,9.5,2,9.5,3.0,4,6,0,0.4,8,2,0,0.8,4.0,4.7647,17,5.4444,4.2778,18,,,,,,,,,9,5,14,-4,mlb-bos,"{""common_opponents"": 1, ""games_played"": 1, ""head_to_head"": 1, ""home_advantage"": 1, ""last10_form"": 1, ""season_scoring"": 1, ""travel_km"": 1}"
823803,MLB,2026,regular,2026-04-15,2026-04-15,mlb-tor,mlb-mil,final,,,16,16,,,0.35,,,,,0.0,0.0,1,9.0,7.0,1,7.0,9.0,3,7,0,0.3,3,7,0,0.3,4.125,5.5625,16,5.4375,4.5625,16,1,3,2.3333,4.6667,1,3,9.6667,3.3333,1,2,3,1,mlb-mil,"{""common_opponents"": 1, ""games_played"": 1, ""head_to_head"": 1, ""home_advantage"": 1, ""last10_form"": 1, ""season_scoring"": 1, ""travel_km"": 1}"
823963,MLB,2026,regular,2026-04-15,2026-04-15,mlb-nym,mlb-lad,final,,,18,17,,,0.35,,,,,0.0,0.0,2,0.5,3.0,2,3.0,0.5,3,7,0,0.3,8,2,0,0.8,3.5,3.9444,18,5.7059,3.3529,17,1,3,2.3333,5.6667,1,3,5.3333,2.6667,2,8,10,6,mlb-lad,"{""common_opponents"": 1, ""games_played"": 1, ""head_to_head"": 1, ""home_advantage"": 1, ""last10_form"": 1, ""season_scoring"": 1, ""travel_km"": 1}"
824209,MLB,2026,regular,2026-04-15,2026-04-15,mlb-col,mlb-hou,final,,,17,18,,,0.35,,,,,0.0,0.0,4,7.25,4.0,4,4.0,7.25,4,6,0,0.4,2,8,0,0.2,4.1765,4.5882,17,5.6667,6.2778,18,,,,,,,,,1,3,4,2,mlb-hou,"{""common_opponents"": 1, ""games_played"": 1, ""head_to_head"": 1, ""home_advantage"": 1, ""last10_form"": 1, ""season_scoring"": 1, ""travel_km"": 1}"
824291,MLB,2026,regular,2026-04-15,2026-04-15,mlb-kc,mlb-det,final,,,17,17,,,0.35,,,,,0.0,0.0,1,1.0,2.0,1,2.0,1.0,4,6,0,0.4,5,5,0,0.5,3.2353,3.9412,17,4.2353,3.5882,17,1,3,5.6667,5.0,1,4,3.0,5.5,1,2,3,1,mlb-det,"{""common_opponents"": 1, ""games_played"": 1, ""head_to_head"": 1, ""home_advantage"": 1, ""last10_form"": 1, ""season_scoring"": 1, ""travel_km"": 1}"
824532,MLB,2026,regular,2026-04-15,2026-04-15,mlb-sf,mlb-cin,final,,,17,17,,,0.35,,,,,0.0,0.0,1,1.0,2.0,1,2.0,1.0,3,7,0,0.3,6,4,0,0.6,3.0588,4.3529,17,3.2941,4.1765,17,,,,,,,,,3,8,11,5,mlb-cin,"{""common_opponents"": 1, ""games_played"": 1, ""head_to_head"": 1, ""home_advantage"": 1, ""last10_form"": 1, ""season_scoring"": 1, ""travel_km"": 1}"
824615,MLB,2026,regular,2026-04-15,2026-04-15,mlb-tb,mlb-cws,final,,,16,17,,,0.35,,,,,0.0,0.0,1,8.0,5.0,1,5.0,8.0,7,3,0,0.7,4,6,0,0.4,4.875,5.3125,16,3.1765,5.1176,17,1,3,2.3333,5.3333,1,3,3.3333,9.6667,8,3,11,-5,mlb-tb,"{""common_opponents"": 1, ""games_played"": 1, ""head_to_head"": 1, ""home_advantage"": 1, ""last10_form"": 1, ""season_scoring"": 1, ""travel_km"": 1}"
824855,MLB,2026,regular,2026-04-15,2026-04-15,mlb-ari,mlb-bal,final,,,18,17,,,0.35,,,,,0.0,0.0,2,5.5,6.0,2,6.0,5.5,7,3,0,0.7,6,4,0,0.6,4.1667,4.5556,18,4.2353,4.1176,17,,,,,,,,,8,5,13,-3,mlb-ari,"{""common_opponents"": 1, ""games_played"": 1, ""head_to_head"": 1, ""home_advantage"": 1, ""last10_form"": 1, ""season_scoring"": 1, ""travel_km"": 1}"
824936,MLB,2026,regular,2026-04-15,2026-04-15,mlb-mia,mlb-atl,final,,,18,18,,,0.35,,,,,0.0,0.0,2,7.5,5.0,2,5.0,7.5,4,6,0,0.4,5,5,0,0.5,4.7222,4.4444,18,5.5556,3.2778,18,,,,,,,,,3,6,9,3,mlb-atl,"{""common_opponents"": 1, ""games_played"": 1, ""head_to_head"": 1, ""home_advantage"": 1, ""last10_form"": 1, ""season_scoring"": 1, ""travel_km"": 1}"
825021,MLB,2026,regular,2026-04-15,2026-04-15,mlb-tex,mlb-ath,final,,,17,17,,,0.35,,,,,0.0,0.0,2,4.5,1.5,2,1.5,4.5,5,5,0,0.5,7,3,0,0.7,4.0,3.4118,17,3.8824,4.3529,17,,,,,,,,,5,6,11,1,mlb-ath,"{""common_opponents"": 1, ""games_played"": 1, ""head_to_head"": 1, ""home_advantage"": 1, ""last10_form"": 1, ""season_scoring"": 1, ""travel_km"": 1}"
823313,MLB,2026,regular,2026-04-16,2026-04-16,mlb-sea,mlb-sd,final,,,19,18,,,0.35,,,,,0.0,0.0,2,3.5,5.5,2,5.5,3.5,4,6,0,0.4,9,1,0,0.9,4.0,3.6316,19,4.7222,3.7222,18,,,,,,,,,2,5,7,3,mlb-sd,"{""common_opponents"": 1, ""games_played"": 1, ""head_to_head"": 1, ""home_advantage"": 1, ""last10_form"": 1, ""season_scoring"": 1, ""travel_km"": 1}"
823396,MLB,2026,regular,2026-04-16,2026-04-16,mlb-wsh,mlb-pit,final,,,18,18,,,0.35,,,,,0.0,0.0,3,3.3333,7.3333,3,7.3333,3.3333,5,5,0,0.5,6,4,0,0.6,5.5,6.1111,18,4.8889,3.7778,18,1,3,6.0,5.6667,1,3,4.0,3.3333,8,7,15,-1,mlb-wsh,"{""common_opponents"": 1, ""games_played"": 1, ""head_to_head"": 1, ""home_advantage"": 1, ""last10_form"": 1, ""season_scoring"": 1, ""travel_km"": 1}"
823560,MLB,2026,regular,2026-04-16,2026-04-16,mlb-laa,mlb-nyy,final,,,19,18,,,0.35,,,,,0.0,0.0,3,7.0,5.6667,3,5.6667,7.0,5,5,0,0.5,3,7,0,0.3,4.9474,4.9474,19,4.5556,3.6111,18,1,3,3.3333,3.3333,1,3,3.6667,1.6667,11,4,15,-7,mlb-laa,"{""common_opponents"": 1, ""games_played"": 1, ""head_to_head"": 1, ""home_advantage"": 1, ""last10_form"": 1, ""season_scoring"": 1, ""travel_km"": 1}"
823801,MLB,2026,regular,2026-04-16,2026-04-16,mlb-tor,mlb-mil,final,,,17,17,,,0.35,,,,,0.0,0.0,2,5.0,4.5,2,4.5,5.0,3,7,0,0.3,3,7,0,0.3,3.9412,5.3529,17,5.2353,4.3529,17,1,3,2.3333,4.6667,1,3,9.6667,3.3333,1,2,3,1,mlb-mil,"{""common_opponents"": 1, ""games_played"": 1, ""head_to_head"": 1, ""home_advantage"": 1, ""last10_form"": 1, ""season_scoring"": 1, ""travel_km"": 1}"
824208,MLB,2026,regular,2026-04-16,2026-04-16,mlb-col,mlb-hou,final,,,18,19,,,0.35,,,,,0.0,0.0,5,6.0,3.8,5,3.8,6.0,4,6,0,0.4,2,8,0,0.2,4.0,4.5,18,5.5263,6.0,19,,,,,,,,,3,2,5,-1,mlb-col,"{""common_opponents"": 1, ""games_played"": 1, ""head_to_head"": 1, ""home_advantage"": 1, ""last10_form"": 1, ""season_scoring"": 1, ""travel_km"": 1}"
824289,MLB,2026,regular,2026-04-16,2026-04-16,mlb-kc,mlb-det,final,,,18,18,,,0.35,,,,,0.0,0.0,2,1.0,2.0,2,2.0,1.0,3,7,0,0.3,5,5,0,0.5,3.1111,3.8333,18,4.1111,3.4444,18,1,3,5.6667,5.0,1,4,3.0,5.5,9,10,19,1,mlb-det,"{""common_opponents"": 1, ""games_played"": 1, ""head_to_head"": 1, ""home_advantage"": 1, ""last10_form"": 1, ""season_scoring"": 1, ""travel_km"": 1}"
824453,MLB,2026,regular,2026-04-16,2026-04-16,mlb-bal,mlb-cle,final,,,18,19,,,0.35,,,,,494.3,791.0,,,,,,,6,4,0,0.6,5,5,0,0.5,4.2778,4.3333,18,3.9474,4.2632,19,,,,,,,,,2,4,6,2,mlb-cle,"{""common_opponents"": 1, ""games_played"": 1, ""head_to_head"": 1, ""home_advantage"": 1, ""last10_form"": 1, ""season_scoring"": 1, ""travel_km"": 1}"
824530,MLB,2026,regular,2026-04-16,2026-04-16,mlb-sf,mlb-cin,final,,,18,18,,,0.35,,,,,0.0,0.0,2,2.0,5.0,2,5.0,2.0,3,7,0,0.3,6,4,0,0.6,3.0556,4.5556,18,3.5556,4.1111,18,,,,,,,,,3,0,3,-3,mlb-sf,"{""common_opponents"": 1, ""games_played"": 1, ""head_to_head"": 1, ""home_advantage"": 1, ""last10_form"": 1, ""season_scoring"": 1, ""travel_km"": 1}"
824614,MLB,2026,regular,2026-04-16,2026-04-16,mlb-tb,mlb-cws,final,,,17,18,,,0.35,,,,,0.0,0.0,2,8.0,4.0,2,4.0,8.0,8,2,0,0.8,3,7,0,0.3,5.0588,5.1765,17,3.1667,5.2778,18,1,3,2.3333,5.3333,1,3,3.3333,9.6667,5,3,8,-2,mlb-tb,"{""common_opponents"": 1, ""games_played"": 1, ""head_to_head"": 1, ""home_advantage"": 1, ""last10_form"": 1, ""season_scoring"": 1, ""travel_km"": 1}"
825023,MLB,2026,regular,2026-04-16,2026-04-16,mlb-tex,mlb-ath,final,,,18,18,,,0.35,,,,,0.0,0.0,3,4.6667,3.0,3,3.0,4.6667,5,5,0,0.5,8,2,0,0.8,4.0556,3.5556,18,4.0,4.3889,18,,,,,,,,,9,6,15,-3,mlb-tex,"{""common_opponents"": 1, ""games_played"": 1, ""head_to_head"": 1, ""home_advantage"": 1, ""last10_form"": 1, ""season_scoring"": 1, ""travel_km"": 1}"
822752,MLB,2026,regular,2026-04-17,2026-04-17,mlb-sf,mlb-wsh,final,,,19,19,,,0.35,,,,,648.5,310.6,,,,,,,4,6,0,0.4,6,4,0,0.6,3.0526,4.3158,19,5.6316,6.1579,19,1,3,5.0,2.0,1,3,6.6667,3.6667,10,5,15,-5,mlb-sf,"{""common_opponents"": 1, ""games_played"": 1, ""head_to_head"": 1, ""home_advantage"": 1, ""last10_form"": 1, ""season_scoring"": 1, ""travel_km"": 1}"
823152,MLB,2026,regular,2026-04-17,2026-04-17,mlb-tex,mlb-sea,final,,,19,20,,,0.35,,,,,1004.2,1711.5,3,2.6667,1.0,3,1.0,2.6667,6,4,0,0.6,4,6,0,0.4,4.3158,3.6842,19,3.9,3.7,20,,,,,,,,,5,0,5,-5,mlb-tex,"{""common_opponents"": 1, ""games_played"": 1, ""head_to_head"": 1, ""home_advantage"": 1, ""last10_form"": 1, ""season_scoring"": 1, ""travel_km"": 1}"
823397,MLB,2026,regular,2026-04-17,2026-04-17,mlb-tb,mlb-pit,final,,,18,19,,,0.35,,,,,656.8,0.0,,,,,,,8,2,0,0.8,5,5,0,0.5,5.0556,5.0556,18,5.0,4.0,19,1,3,3.3333,6.3333,1,3,4.0,3.3333,1,5,6,4,mlb-pit,"{""common_opponents"": 1, ""games_played"": 1, ""head_to_head"": 1, ""home_advantage"": 1, ""last10_form"": 1, ""season_scoring"": 1, ""travel_km"": 1}"
823476,MLB,2026,regular,2026-04-17,2026-04-17,mlb-atl,mlb-phi,final,,,19,18,,,0.35,,,,,1062.7,0.0,,,,,,,6,4,0,0.6,3,7,0,0.3,5.5789,3.2632,19,4.0,5.3889,18,1,4,6.25,2.5,1,3,3.6667,4.0,9,0,9,-9,mlb-atl,"{""common_opponents"": 1, ""games_played"": 1, ""head_to_head"": 1, ""home_advantage"": 1, ""last10_form"": 1, ""season_scoring"": 1, ""travel_km"": 1}"
823559,MLB,2026,regular,2026-04-17,2026-04-17,mlb-kc,mlb-nyy,final,,,19,19,,,0.35,,,,,776.6,0.0,,,,,,,3,7,0,0.3,3,7,0,0.3,3.4211,4.1579,19,4.5263,4.0,19,,,,,,,,,2,4,6,2,mlb-nyy,"{""common_opponents"": 1, ""games_played"": 1, ""head_to_head"": 1, ""home_advantage"": 1, ""last10_form"": 1, ""season_scoring"": 1, ""travel_km"": 1}"
823720,MLB,2026,regular,2026-04-17,2026-04-17,mlb-cin,mlb-min,final,,,19,19,,,0.35,,,,,975.0,0.0,,,,,,,5,5,0,0.5,8,2,0,0.8,3.3684,4.0526,19,5.4211,4.5263,19,1,3,3.0,3.3333,1,3,8.0,5.0,2,1,3,-1,mlb-cin,"{""common_opponents"": 1, ""games_played"": 1, ""head_to_head"": 1, ""home_advantage"": 1, ""last10_form"": 1, ""season_scoring"": 1, ""travel_km"": 1}"
823883,MLB,2026,regular,2026-04-17,2026-04-17,mlb-mil,mlb-mia,final,,,18,19,,,0.35,,,,,2043.4,990.5,,,,,,,4,6,0,0.4,3,7,0,0.3,5.0556,4.1667,18,4.6316,4.5263,19,1,3,9.6667,3.3333,1,3,7.6667,3.6667,7,5,12,-2,mlb-mil,"{""common_opponents"": 1, ""games_played"": 1, ""head_to_head"": 1, ""home_advantage"": 1, ""last10_form"": 1, ""season_scoring"": 1, ""travel_km"": 1}"
824048,MLB,2026,regular,2026-04-17,2026-04-17,mlb-sd,mlb-laa,final,,,19,20,,,0.35,,,,,139.0,3922.9,,,,,,,9,1,0,0.9,5,5,0,0.5,4.7368,3.6316,19,5.25,4.9,20,1,3,5.3333,3.0,1,3,3.3333,3.3333,0,8,8,8,mlb-laa,"{""common_opponents"": 1, ""games_played"": 1, ""head_to_head"": 1, ""home_advantage"": 1, ""last10_form"": 1, ""season_scoring"": 1, ""travel_km"": 1}"
824207,MLB,2026,regular,2026-04-17,2026-04-17,mlb-stl,mlb-hou,final,,,18,20,,,0.35,,,,,1093.7,0.0,,,,,,,6,4,0,0.6,2,8,0,0.2,4.4444,5.3889,18,5.35,5.85,20,1,3,2.3333,6.0,1,3,7.6667,2.3333,9,4,13,-5,mlb-stl,"{""common_opponents"": 1, ""games_played"": 1, ""head_to_head"": 1, ""home_advantage"": 1, ""last10_form"": 1, ""season_scoring"": 1, ""travel_km"": 1}"
824373,MLB,2026,regular,2026-04-17,2026-04-17,mlb-lad,mlb-col,final,,,18,19,,,0.35,,,,,1334.4,1416.3,,,,,,,8,2,0,0.8,4,6,0,0.4,5.8333,3.2778,18,3.9474,4.3684,19,1,3,7.0,2.3333,1,3,5.6667,3.6667,7,1,8,-6,mlb-lad,"{""common_opponents"": 1, ""games_played"": 1, ""head_to_head"": 1, ""home_advantage"": 1, ""last10_form"": 1, ""season_scoring"": 1, ""travel_km"": 1}"
824454,MLB,2026,regular,2026-04-17,2026-04-17,mlb-bal,mlb-cle,final,,,19,20,,,0.35,,,,,0.0,0.0,1,2.0,4.0,1,4.0,2.0,6,4,0,0.6,5,5,0,0.5,4.1579,4.3158,19,3.95,4.15,20,,,,,,,,,6,4,10,-2,mlb-bal,"{""common_opponents"": 1, ""games_played"": 1, ""head_to_head"": 1, ""home_advantage"": 1, ""last10_form"": 1, ""season_scoring"": 1, ""travel_km"": 1}"
824693,MLB,2026,regular,2026-04-17,2026-04-17,mlb-nym,mlb-chc,final,,,19,18,,,0.35,,,,,2801.6,1072.5,,,,,,,2,8,0,0.2,5,5,0,0.5,3.4211,4.1579,19,5.2222,4.1667,18,1,3,6.0,4.3333,1,3,3.3333,4.0,4,12,16,8,mlb-chc,"{""common_opponents"": 1, ""games_played"": 1, ""head_to_head"": 1, ""home_advantage"": 1, ""last10_form"": 1, ""season_scoring"": 1, ""travel_km"": 1}"
824778,MLB,2026,regular,2026-04-17,2026-04-17,mlb-det,mlb-bos,final,,,19,18,,,0.35,,,,,981.4,1802.2,,,,,,,6,4,0,0.6,5,5,0,0.5,4.4211,3.7368,19,4.2778,4.7778,18,3,10,4.3,4.0,3,9,5.1111,4.8889,0,1,1,1,mlb-bos,"{""common_opponents"": 1, ""games_played"": 1, ""head_to_head"": 1, ""home_advantage"": 1, ""last10_form"": 1, ""season_scoring"": 1, ""travel_km"": 1}"
825019,MLB,2026,regular,2026-04-17,2026-04-17,mlb-cws,mlb-ath,final,,,19,19,,,0.35,,,,,2880.9,0.0,,,,,,,2,8,0,0.2,7,3,0,0.7,3.1579,5.2632,19,4.1053,4.6316,19,1,3,4.6667,2.3333,1,3,3.6667,5.3333,9,2,11,-7,mlb-cws,"{""common_opponents"": 1, ""games_played"": 1, ""head_to_head"": 1, ""home_advantage"": 1, ""last10_form"": 1, ""season_scoring"": 1, ""travel_km"": 1}"
825101,MLB,2026,regular,2026-04-17,2026-04-17,mlb-tor,mlb-ari,final,,,18,19,,,0.35,,,,,2347.2,3218.1,,,,,,,3,7,0,0.3,7,3,0,0.7,3.7778,5.1667,18,4.3684,4.5789,19,1,3,2.3333,7.0,1,3,2.6667,5.3333,3,6,9,3,mlb-ari,"{""common_opponents"": 1, ""games_played"": 1, ""head_to_head"": 1, ""home_advantage"": 1, ""last10_form"": 1, ""season_scoring"": 1, ""travel_km"": 1}"
822751,MLB,2026,regular,2026-04-18,2026-04-18,mlb-sf,mlb-wsh,final,,,20,20,,,0.35,,,,,0.0,0.0,1,10.0,5.0,1,5.0,10.0,5,5,0,0.5,5,5,0,0.5,3.4,4.35,20,5.6,6.35,20,1,3,5.0,2.0,1,3,6.6667,3.6667,7,6,13,-1,mlb-sf,"{""common_opponents"": 1, ""games_played"": 1, ""head_to_head"": 1, ""home_advantage"": 1, ""last10_form"": 1, ""season_scoring"": 1, ""travel_km"": 1}"
823151,MLB,2026,regular,2026-04-18,2026-04-18,mlb-tex,mlb-sea,final,,,20,21,,,0.35,,,,,0.0,0.0,4,3.25,0.75,4,0.75,3.25,6,4,0,0.6,4,6,0,0.4,4.35,3.5,20,3.7143,3.7619,21,,,,,,,,,3,7,10,4,mlb-sea,"{""common_opponents"": 1, ""games_played"": 1, ""head_to_head"": 1, ""home_advantage"": 1, ""last10_form"": 1, ""season_scoring"": 1, ""travel_km"": 1}"
823394,MLB,2026,regular,2026-04-18,2026-04-18,mlb-tb,mlb-pit,final,,,19,20,,,0.35,,,,,0.0,0.0,1,1.0,5.0,1,5.0,1.0,7,3,0,0.7,6,4,0,0.6,4.8421,5.0526,19,5.0,3.85,20,1,3,3.3333,6.3333,1,3,4.0,3.3333,8,7,15,-1,mlb-tb,"{""common_opponents"": 1, ""games_played"": 1, ""head_to_head"": 1, ""home_advantage"": 1, ""last10_form"": 1, ""season_scoring"": 1, ""travel_km"": 1}"
823474,MLB,2026,regular,2026-04-18,2026-04-18,mlb-atl,mlb-phi,final,,,20,19,,,0.35,,,,,0.0,0.0,1,9.0,0.0,1,0.0,9.0,7,3,0,0.7,3,7,0,0.3,5.75,3.1,20,3.7895,5.5789,19,1,4,6.25,2.5,1,3,3.6667,4.0,3,1,4,-2,mlb-atl,"{""common_opponents"": 1, ""games_played"": 1, ""head_to_head"": 1, ""home_advantage"": 1, ""last10_form"": 1, ""season_scoring"": 1, ""travel_km"": 1}"
823558,MLB,2026,regular,2026-04-18,2026-04-18,mlb-kc,mlb-nyy,final,,,20,20,,,0.35,,,,,0.0,0.0,1,2.0,4.0,1,4.0,2.0,2,8,0,0.2,3,7,0,0.3,3.35,4.15,20,4.5,3.9,20,,,,,,,,,4,13,17,9,mlb-nyy,"{""common_opponents"": 1, ""games_played"": 1, ""head_to_head"": 1, ""home_advantage"": 1, ""last10_form"": 1, ""season_scoring"": 1, ""travel_km"": 1}"
823721,MLB,2026,regular,2026-04-18,2026-04-18,mlb-cin,mlb-min,final,,,20,20,,,0.35,,,,,0.0,0.0,1,2.0,1.0,1,1.0,2.0,5,5,0,0.5,7,3,0,0.7,3.3,3.9,20,5.2,4.4,20,1,3,3.0,3.3333,1,3,8.0,5.0,5,4,9,-1,mlb-cin,"{""common_opponents"": 1, ""games_played"": 1, ""head_to_head"": 1, ""home_advantage"": 1, ""last10_form"": 1, ""season_scoring"": 1, ""travel_km"": 1}"
823882,MLB,2026,regular,2026-04-18,2026-04-18,mlb-mil,mlb-mia,final,,,19,20,,,0.35,,,,,0.0,0.0,1,7.0,5.0,1,5.0,7.0,4,6,0,0.4,3,7,0,0.3,5.1579,4.2105,19,4.65,4.65,20,1,3,9.6667,3.3333,1,3,7.6667,3.6667,5,2,7,-3,mlb-mil,"{""common_opponents"": 1, ""games_played"": 1, ""head_to_head"": 1, ""home_advantage"": 1, ""last10_form"": 1, ""season_scoring"": 1, ""travel_km"": 1}"
824049,MLB,2026,regular,2026-04-18,2026-04-18,mlb-sd,mlb-laa,final,,,20,21,,,0.35,,,,,0.0,0.0,1,0.0,8.0,1,8.0,0.0,8,2,0,0.8,5,5,0,0.5,4.5,3.85,20,5.381,4.6667,21,1,3,5.3333,3.0,1,3,3.3333,3.3333,4,1,5,-3,mlb-sd,"{""common_opponents"": 1, ""games_played"": 1, ""head_to_head"": 1, ""home_advantage"": 1, ""last10_form"": 1, ""season_scoring"": 1, ""travel_km"": 1}"
824206,MLB,2026,regular,2026-04-18,2026-04-18,mlb-stl,mlb-hou,final,,,19,21,,,0.35,,,,,0.0,0.0,1,9.0,4.0,1,4.0,9.0,6,4,0,0.6,2,8,0,0.2,4.6842,5.3158,19,5.2857,6.0,21,1,3,2.3333,6.0,1,3,7.6667,2.3333,7,5,12,-2,mlb-stl,"{""common_opponents"": 1, ""games_played"": 1, ""head_to_head"": 1, ""home_advantage"": 1, ""last10_form"": 1, ""season_scoring"": 1, ""travel_km"": 1}"
824372,MLB,2026,regular,2026-04-18,2026-04-18,mlb-lad,mlb-col,final,,,19,20,,,0.35,,,,,0.0,0.0,1,7.0,1.0,1,1.0,7.0,8,2,0,0.8,3,7,0,0.3,5.8947,3.1579,19,3.8,4.5,20,1,3,7.0,2.3333,1,3,5.6667,3.6667,3,4,7,1,mlb-col,"{""common_opponents"": 1, ""games_played"": 1, ""head_to_head"": 1, ""home_advantage"": 1, ""last10_form"": 1, ""season_scoring"": 1, ""travel_km"": 1}"
824451,MLB,2026,regular,2026-04-18,2026-04-18,mlb-bal,mlb-cle,final,,,20,21,,,0.35,,,,,0.0,0.0,2,4.0,4.0,2,4.0,4.0,6,4,0,0.6,5,5,0,0.5,4.25,4.3,20,3.9524,4.2381,21,,,,,,,,,2,4,6,2,mlb-cle,"{""common_opponents"": 1, ""games_played"": 1, ""head_to_head"": 1, ""home_advantage"": 1, ""last10_form"": 1, ""season_scoring"": 1, ""travel_km"": 1}"
824694,MLB,2026,regular,2026-04-18,2026-04-18,mlb-nym,mlb-chc,final,,,20,19,,,0.35,,,,,0.0,0.0,1,4.0,12.0,1,12.0,4.0,1,9,0,0.1,6,4,0,0.6,3.45,4.55,20,5.5789,4.1579,19,1,3,6.0,4.3333,1,3,3.3333,4.0,2,4,6,2,mlb-chc,"{""common_opponents"": 1, ""games_played"": 1, ""head_to_head"": 1, ""home_advantage"": 1, ""last10_form"": 1, ""season_scoring"": 1, ""travel_km"": 1}"
824775,MLB,2026,regular,2026-04-18,2026-04-18,mlb-det,mlb-bos,final,,,20,19,,,0.35,,,,,0.0,0.0,1,0.0,1.0,1,1.0,0.0,6,4,0,0.6,6,4,0,0.6,4.2,3.6,20,4.1053,4.5263,19,3,10,4.3,4.0,3,9,5.1111,4.8889,4,1,5,-3,mlb-det,"{""common_opponents"": 1, ""games_played"": 1, ""head_to_head"": 1, ""home_advantage"": 1, ""last10_form"": 1, ""season_scoring"": 1, ""travel_km"": 1}"
825020,MLB,2026,regular,2026-04-18,2026-04-18,mlb-cws,mlb-ath,final,,,20,20,,,0.35,,,,,0.0,0.0,1,9.0,2.0,1,2.0,9.0,3,7,0,0.3,7,3,0,0.7,3.45,5.1,20,4.0,4.85,20,1,3,4.6667,2.3333,1,3,3.6667,5.3333,6,7,13,1,mlb-ath,"{""common_opponents"": 1, ""games_played"": 1, ""head_to_head"": 1, ""home_advantage"": 1, ""last10_form"": 1, ""season_scoring"": 1, ""travel_km"": 1}"
825098,MLB,2026,regular,2026-04-18,2026-04-18,mlb-tor,mlb-ari,final,,,19,20,,,0.35,,,,,0.0,0.0,1,3.0,6.0,1,6.0,3.0,3,7,0,0.3,7,3,0,0.7,3.7368,5.2105,19,4.45,4.5,20,1,3,2.3333,7.0,1,3,2.6667,5.3333,2,6,8,4,mlb-ari,"{""common_opponents"": 1, ""games_played"": 1, ""head_to_head"": 1, ""home_advantage"": 1, ""last10_form"": 1, ""season_scoring"": 1, ""travel_km"": 1}"
822750,MLB,2026,regular,2026-04-19,2026-04-19,mlb-sf,mlb-wsh,final,,,21,21,,,0.35,,,,,0.0,0.0,2,8.5,5.5,2,5.5,8.5,6,4,0,0.6,5,5,0,0.5,3.5714,4.4286,21,5.619,6.381,21,1,3,5.0,2.0,1,3,6.6667,3.6667,0,3,3,3,mlb-wsh,"{""common_opponents"": 1, ""games_played"": 1, ""head_to_head"": 1, ""home_advantage"": 1, ""last10_form"": 1, ""season_scoring"": 1, ""travel_km"": 1}"
823150,MLB,2026,regular,2026-04-19,2026-04-19,mlb-tex,mlb-sea,final,,,21,22,,,0.35,,,,,0.0,0.0,5,3.2,2.0,5,2.0,3.2,5,5,0,0.5,5,5,0,0.5,4.2857,3.6667,21,3.8636,3.7273,22,,,,,,,,,2,5,7,3,mlb-sea,"{""common_opponents"": 1, ""games_played"": 1, ""head_to_head"": 1, ""home_advantage"": 1, ""last10_form"": 1, ""season_scoring"": 1, ""travel_km"": 1}"
823393,MLB,2026,regular,2026-04-19,2026-04-19,mlb-tb,mlb-pit,final,,,20,21,,,0.35,,,,,0.0,0.0,2,4.5,6.0,2,6.0,4.5,7,3,0,0.7,5,5,0,0.5,5.0,5.15,20,5.0952,4.0476,21,1,3,3.3333,6.3333,1,3,4.0,3.3333,3,6,9,3,mlb-pit,"{""common_opponents"": 1, ""games_played"": 1, ""head_to_head"": 1, ""home_advantage"": 1, ""last10_form"": 1, ""season_scoring"": 1, ""travel_km"": 1}"
823475,MLB,2026,regular,2026-04-19,2026-04-19,mlb-atl,mlb-phi,final,,,21,20,,,0.35,,,,,0.0,0.0,2,6.0,0.5,2,0.5,6.0,8,2,0,0.8,2,8,0,0.2,5.619,3.0,21,3.65,5.45,20,1,4,6.25,2.5,1,3,3.6667,4.0,4,2,6,-2,mlb-atl,"{""common_opponents"": 1, ""games_played"": 1, ""head_to_head"": 1, ""home_advantage"": 1, ""last10_form"": 1, ""season_scoring"": 1, ""travel_km"": 1}"
823556,MLB,2026,regular,2026-04-19,2026-04-19,mlb-kc,mlb-nyy,final,,,21,21,,,0.35,,,,,0.0,0.0,2,3.0,8.5,2,8.5,3.0,2,8,0,0.2,4,6,0,0.4,3.381,4.5714,21,4.9048,3.9048,21,,,,,,,,,0,7,7,7,mlb-nyy,"{""common_opponents"": 1, ""games_played"": 1, ""head_to_head"": 1, ""home_advantage"": 1, ""last10_form"": 1, ""season_scoring"": 1, ""travel_km"": 1}"
823718,MLB,2026,regular,2026-04-19,2026-04-19,mlb-cin,mlb-min,final,,,21,21,,,0.35,,,,,0.0,0.0,2,3.5,2.5,2,2.5,3.5,5,5,0,0.5,6,4,0,0.6,3.381,3.9048,21,5.1429,4.4286,21,1,3,3.0,3.3333,1,3,8.0,5.0,7,4,11,-3,mlb-cin,"{""common_opponents"": 1, ""games_played"": 1, ""head_to_head"": 1, ""home_advantage"": 1, ""last10_form"": 1, ""season_scoring"": 1, ""travel_km"": 1}"
823881,MLB,2026,regular,2026-04-19,2026-04-19,mlb-mil,mlb-mia,final,,,20,21,,,0.35,,,,,0.0,0.0,2,6.0,3.5,2,3.5,6.0,4,6,0,0.4,3,7,0,0.3,5.15,4.1,20,4.5238,4.6667,21,1,3,9.6667,3.3333,1,3,7.6667,3.6667,3,5,8,2,mlb-mia,"{""common_opponents"": 1, ""games_played"": 1, ""head_to_head"": 1, ""home_advantage"": 1, ""last10_form"": 1, ""season_scoring"": 1, ""travel_km"": 1}"
824047,MLB,2026,regular,2026-04-19,2026-04-19,mlb-sd,mlb-laa,final,,,21,22,,,0.35,,,,,0.0,0.0,2,2.0,4.5,2,4.5,2.0,9,1,0,0.9,5,5,0,0.5,4.4762,3.7143,21,5.1818,4.6364,22,1,3,5.3333,3.0,1,3,3.3333,3.3333,2,1,3,-1,mlb-sd,"{""common_opponents"": 1, ""games_played"": 1, ""head_to_head"": 1, ""home_advantage"": 1, ""last10_form"": 1, ""season_scoring"": 1, ""travel_km"": 1}"
824205,MLB,2026,regular,2026-04-19,2026-04-19,mlb-stl,mlb-hou,final,,,20,22,,,0.35,,,,,0.0,0.0,2,8.0,4.5,2,4.5,8.0,7,3,0,0.7,2,8,0,0.2,4.8,5.3,20,5.2727,6.0455,22,1,3,2.3333,6.0,1,3,7.6667,2.3333,7,5,12,-2,mlb-stl,"{""common_opponents"": 1, ""games_played"": 1, ""head_to_head"": 1, ""home_advantage"": 1, ""last10_form"": 1, ""season_scoring"": 1, ""travel_km"": 1}"
824371,MLB,2026,regular,2026-04-19,2026-04-19,mlb-lad,mlb-col,final,,,20,21,,,0.35,,,,,0.0,0.0,2,5.0,2.5,2,2.5,5.0,7,3,0,0.7,3,7,0,0.3,5.75,3.2,20,3.8095,4.4286,21,1,3,7.0,2.3333,1,3,5.6667,3.6667,6,9,15,3,mlb-col,"{""common_opponents"": 1, ""games_played"": 1, ""head_to_head"": 1, ""home_advantage"": 1, ""last10_form"": 1, ""season_scoring"": 1, ""travel_km"": 1}"
824452,MLB,2026,regular,2026-04-19,2026-04-19,mlb-bal,mlb-cle,final,,,21,22,,,0.35,,,,,0.0,0.0,3,3.3333,4.0,3,4.0,3.3333,5,5,0,0.5,5,5,0,0.5,4.1429,4.2857,21,3.9545,4.1364,22,,,,,,,,,4,8,12,4,mlb-cle,"{""common_opponents"": 1, ""games_played"": 1, ""head_to_head"": 1, ""home_advantage"": 1, ""last10_form"": 1, ""season_scoring"": 1, ""travel_km"": 1}"
824691,MLB,2026,regular,2026-04-19,2026-04-19,mlb-nym,mlb-chc,final,,,21,20,,,0.35,,,,,0.0,0.0,2,3.0,8.0,2,8.0,3.0,0,10,0,0.0,7,3,0,0.7,3.381,4.5238,21,5.5,4.05,20,1,3,6.0,4.3333,1,3,3.3333,4.0,1,2,3,1,mlb-chc,"{""common_opponents"": 1, ""games_played"": 1, ""head_to_head"": 1, ""home_advantage"": 1, ""last10_form"": 1, ""season_scoring"": 1, ""travel_km"": 1}"
824777,MLB,2026,regular,2026-04-19,2026-04-19,mlb-det,mlb-bos,final,,,21,20,,,0.35,,,,,0.0,0.0,2,2.0,1.0,2,1.0,2.0,7,3,0,0.7,6,4,0,0.6,4.1905,3.4762,21,3.95,4.5,20,3,10,4.3,4.0,3,9,5.1111,4.8889,6,2,8,-4,mlb-det,"{""common_opponents"": 1, ""games_played"": 1, ""head_to_head"": 1, ""home_advantage"": 1, ""last10_form"": 1, ""season_scoring"": 1, ""travel_km"": 1}"
825018,MLB,2026,regular,2026-04-19,2026-04-19,mlb-cws,mlb-ath,final,,,21,21,,,0.35,,,,,0.0,0.0,2,7.5,4.5,2,4.5,7.5,3,7,0,0.3,7,3,0,0.7,3.5714,5.1905,21,4.1429,4.9048,21,1,3,4.6667,2.3333,1,3,3.6667,5.3333,7,4,11,-3,mlb-cws,"{""common_opponents"": 1, ""games_played"": 1, ""head_to_head"": 1, ""home_advantage"": 1, ""last10_form"": 1, ""season_scoring"": 1, ""travel_km"": 1}"
825100,MLB,2026,regular,2026-04-19,2026-04-19,mlb-tor,mlb-ari,final,,,20,21,,,0.35,,,,,0.0,0.0,2,2.5,6.0,2,6.0,2.5,3,7,0,0.3,8,2,0,0.8,3.65,5.25,20,4.5238,4.381,21,1,3,2.3333,7.0,1,3,2.6667,5.3333,10,4,14,-6,mlb-tor,"{""common_opponents"": 1, ""games_played"": 1, ""head_to_head"": 1, ""home_advantage"": 1, ""last10_form"": 1, ""season_scoring"": 1, ""travel_km"": 1}"
822749,MLB,2026,regular,2026-04-20,2026-04-20,mlb-atl,mlb-wsh,final,,,22,22,,,0.35,,,,,195.5,0.0,,,,,,,8,2,0,0.8,6,4,0,0.6,5.5455,2.9545,22,5.5,6.0909,22,1,3,5.3333,1.0,1,3,6.6667,3.6667,9,4,13,-5,mlb-atl,"{""common_opponents"": 1, ""games_played"": 1, ""head_to_head"": 1, ""home_advantage"": 1, ""last10_form"": 1, ""season_scoring"": 1, ""travel_km"": 1}"
822994,MLB,2026,regular,2026-04-20,2026-04-20,mlb-cin,mlb-tb,final,,,22,21,,,0.35,,,,,2132.9,1430.5,,,,,,,6,4,0,0.6,7,3,0,0.7,3.5455,3.9091,22,4.9048,5.1905,21,2,6,3.6667,4.1667,2,6,4.5,5.0,6,1,7,-5,mlb-cin,"{""common_opponents"": 1, ""games_played"": 1, ""head_to_head"": 1, ""home_advantage"": 1, ""last10_form"": 1, ""season_scoring"": 1, ""travel_km"": 1}"
823149,MLB,2026,regular,2026-04-20,2026-04-20,mlb-ath,mlb-sea,final,,,22,23,,,0.35,,,,,1004.2,0.0,,,,,,,6,4,0,0.6,6,4,0,0.6,4.1364,5.0,22,3.913,3.6522,23,3,10,4.5,5.5,3,13,3.7692,3.4615,6,4,10,-2,mlb-ath,"{""common_opponents"": 1, ""games_played"": 1, ""head_to_head"": 1, ""home_advantage"": 1, ""last10_form"": 1, ""season_scoring"": 1, ""travel_km"": 1}"
823879,MLB,2026,regular,2026-04-20,2026-04-20,mlb-stl,mlb-mia,final,,,21,22,,,0.35,,,,,1552.1,0.0,,,,,,,7,3,0,0.7,3,7,0,0.3,4.9048,5.2857,21,4.5455,4.5909,22,1,3,3.6667,6.0,1,3,1.0,5.3333,3,5,8,2,mlb-mia,"{""common_opponents"": 1, ""games_played"": 1, ""head_to_head"": 1, ""home_advantage"": 1, ""last10_form"": 1, ""season_scoring"": 1, ""travel_km"": 1}"
824046,MLB,2026,regular,2026-04-20,2026-04-20,mlb-tor,mlb-laa,final,,,21,23,,,0.35,,,,,539.9,0.0,,,,,,,4,6,0,0.4,5,5,0,0.5,3.9524,5.1905,21,5.0,4.5217,23,,,,,,,,,5,2,7,-3,mlb-tor,"{""common_opponents"": 1, ""games_played"": 1, ""head_to_head"": 1, ""home_advantage"": 1, ""last10_form"": 1, ""season_scoring"": 1, ""travel_km"": 1}"
824125,MLB,2026,regular,2026-04-20,2026-04-20,mlb-bal,mlb-kc,final,,,22,22,,,0.35,,,,,1117.9,1759.3,,,,,,,4,6,0,0.4,2,8,0,0.2,4.1364,4.4545,22,3.2273,4.6818,22,3,10,3.6,3.7,3,10,3.3,3.7,7,5,12,-2,mlb-bal,"{""common_opponents"": 1, ""games_played"": 1, ""head_to_head"": 1, ""home_advantage"": 1, ""last10_form"": 1, ""season_scoring"": 1, ""travel_km"": 1}"
824370,MLB,2026,regular,2026-04-20,2026-04-20,mlb-lad,mlb-col,final,,,21,22,,,0.35,,,,,0.0,0.0,3,5.3333,4.6667,3,4.6667,5.3333,6,4,0,0.6,3,7,0,0.3,5.7619,3.4762,21,4.0455,4.5,22,1,3,7.0,2.3333,1,3,5.6667,3.6667,12,3,15,-9,mlb-lad,"{""common_opponents"": 1, ""games_played"": 1, ""head_to_head"": 1, ""home_advantage"": 1, ""last10_form"": 1, ""season_scoring"": 1, ""travel_km"": 1}"
824450,MLB,2026,regular,2026-04-20,2026-04-20,mlb-hou,mlb-cle,final,,,23,23,,,0.35,,,,,1792.9,0.0,,,,,,,2,8,0,0.2,5,5,0,0.5,5.2609,6.087,23,4.1304,4.1304,23,2,7,4.2857,7.4286,2,7,4.2857,5.1429,9,2,11,-7,mlb-hou,"{""common_opponents"": 1, ""games_played"": 1, ""head_to_head"": 1, ""home_advantage"": 1, ""last10_form"": 1, ""season_scoring"": 1, ""travel_km"": 1}"
824692,MLB,2026,regular,2026-04-20,2026-04-20,mlb-phi,mlb-chc,final,,,21,21,,,0.35,,,,,1072.5,0.0,3,6.3333,9.3333,3,9.3333,6.3333,2,8,0,0.2,7,3,0,0.7,3.5714,5.381,21,5.3333,3.9048,21,1,3,3.6667,6.6667,1,3,5.6667,6.0,1,5,6,4,mlb-chc,"{""common_opponents"": 1, ""games_played"": 1, ""head_to_head"": 1, ""home_advantage"": 1, ""last10_form"": 1, ""season_scoring"": 1, ""travel_km"": 1}"
824776,MLB,2026,regular,2026-04-20,2026-04-20,mlb-det,mlb-bos,final,,,22,21,,,0.35,,,,,0.0,0.0,3,3.3333,1.3333,3,1.3333,3.3333,8,2,0,0.8,5,5,0,0.5,4.2727,3.4091,22,3.8571,4.5714,21,3,10,4.3,4.0,3,9,5.1111,4.8889,6,8,14,2,mlb-bos,"{""common_opponents"": 1, ""games_played"": 1, ""head_to_head"": 1, ""home_advantage"": 1, ""last10_form"": 1, ""season_scoring"": 1, ""travel_km"": 1}"
822747,MLB,2026,regular,2026-04-21,2026-04-21,mlb-atl,mlb-wsh,final,,,23,23,,,0.35,,,,,0.0,0.0,1,9.0,4.0,1,4.0,9.0,8,2,0,0.8,5,5,0,0.5,5.6957,3.0,23,5.4348,6.2174,23,1,3,5.3333,1.0,1,3,6.6667,3.6667,4,11,15,7,mlb-wsh,"{""common_opponents"": 1, ""games_played"": 1, ""head_to_head"": 1, ""home_advantage"": 1, ""last10_form"": 1, ""season_scoring"": 1, ""travel_km"": 1}"
822914,MLB,2026,regular,2026-04-21,2026-04-21,mlb-pit,mlb-tex,final,,,22,22,,,0.35,,,,,1744.2,2686.0,,,,,,,6,4,0,0.6,4,6,0,0.4,5.1364,4.0,22,4.1818,3.7273,22,2,6,5.3333,2.6667,2,6,3.3333,4.0,1,5,6,4,mlb-tex,"{""common_opponents"": 1, ""games_played"": 1, ""head_to_head"": 1, ""home_advantage"": 1, ""last10_form"": 1, ""season_scoring"": 1, ""travel_km"": 1}"
822995,MLB,2026,regular,2026-04-21,2026-04-21,mlb-cin,mlb-tb,final,,,23,22,,,0.35,,,,,0.0,0.0,1,6.0,1.0,1,1.0,6.0,7,3,0,0.7,7,3,0,0.7,3.6522,3.7826,23,4.7273,5.2273,22,2,6,3.6667,4.1667,2,6,4.5,5.0,12,6,18,-6,mlb-cin,"{""common_opponents"": 1, ""games_played"": 1, ""head_to_head"": 1, ""home_advantage"": 1, ""last10_form"": 1, ""season_scoring"": 1, ""travel_km"": 1}"
823148,MLB,2026,regular,2026-04-21,2026-04-21,mlb-ath,mlb-sea,final,,,23,24,,,0.35,,,,,0.0,0.0,1,6.0,4.0,1,4.0,6.0,6,4,0,0.6,5,5,0,0.5,4.2174,4.9565,23,3.9167,3.75,24,3,10,4.5,5.5,3,13,3.7692,3.4615,5,2,7,-3,mlb-ath,"{""common_opponents"": 1, ""games_played"": 1, ""head_to_head"": 1, ""home_advantage"": 1, ""last10_form"": 1, ""season_scoring"": 1, ""travel_km"": 1}"
823236,MLB,2026,regular,2026-04-21,2026-04-21,mlb-lad,mlb-sf,final,,,22,22,,,0.35,,,,,1521.6,3919.2,,,,,,,7,3,0,0.7,5,5,0,0.5,6.0455,3.4545,22,3.4091,4.3636,22,2,6,7.5,3.3333,2,7,4.1429,5.7143,1,3,4,2,mlb-sf,"{""common_opponents"": 1, ""games_played"": 1, ""head_to_head"": 1, ""home_advantage"": 1, ""last10_form"": 1, ""season_scoring"": 1, ""travel_km"": 1}"
823640,MLB,2026,regular,2026-04-21,2026-04-21,mlb-min,mlb-nym,final,,,22,22,,,0.35,,,,,1647.2,1159.0,,,,,,,5,5,0,0.5,0,10,0,0.0,5.0909,4.5455,22,3.2727,4.4091,22,,,,,,,,,5,3,8,-2,mlb-min,"{""common_opponents"": 1, ""games_played"": 1, ""head_to_head"": 1, ""home_advantage"": 1, ""last10_form"": 1, ""season_scoring"": 1, ""travel_km"": 1}"
823880,MLB,2026,regular,2026-04-21,2026-04-21,mlb-stl,mlb-mia,final,,,22,23,,,0.35,,,,,0.0,0.0,1,3.0,5.0,1,5.0,3.0,6,4,0,0.6,3,7,0,0.3,4.8182,5.2727,22,4.5652,4.5217,23,1,3,3.6667,6.0,1,3,1.0,5.3333,5,3,8,-2,mlb-stl,"{""common_opponents"": 1, ""games_played"": 1, ""head_to_head"": 1, ""home_advantage"": 1, ""last10_form"": 1, ""season_scoring"": 1, ""travel_km"": 1}"
824045,MLB,2026,regular,2026-04-21,2026-04-21,mlb-tor,mlb-laa,final,,,22,24,,,0.35,,,,,0.0,0.0,1,5.0,2.0,1,2.0,5.0,4,6,0,0.4,4,6,0,0.4,4.0,5.0455,22,4.875,4.5417,24,,,,,,,,,4,2,6,-2,mlb-tor,"{""common_opponents"": 1, ""games_played"": 1, ""head_to_head"": 1, ""home_advantage"": 1, ""last10_form"": 1, ""season_scoring"": 1, ""travel_km"": 1}"
824127,MLB,2026,regular,2026-04-21,2026-04-21,mlb-bal,mlb-kc,final,,,23,23,,,0.35,,,,,0.0,0.0,1,7.0,5.0,1,5.0,7.0,5,5,0,0.5,2,8,0,0.2,4.2609,4.4783,23,3.3043,4.7826,23,3,10,3.6,3.7,3,10,3.3,3.7,5,6,11,1,mlb-kc,"{""common_opponents"": 1, ""games_played"": 1, ""head_to_head"": 1, ""home_advantage"": 1, ""last10_form"": 1, ""season_scoring"": 1, ""travel_km"": 1}"
824290,MLB,2026,regular,2026-04-21,2026-04-21,mlb-mil,mlb-det,final,,,21,23,,,0.35,,,,,1859.5,981.4,,,,,,,4,6,0,0.4,8,2,0,0.8,5.0476,4.1429,21,4.3478,3.6087,23,3,9,4.4444,4.5556,3,10,4.6,2.6,12,4,16,-8,mlb-mil,"{""common_opponents"": 1, ""games_played"": 1, ""head_to_head"": 1, ""home_advantage"": 1, ""last10_form"": 1, ""season_scoring"": 1, ""travel_km"": 1}"
824369,MLB,2026,regular,2026-04-21,2026-04-21,mlb-sd,mlb-col,final,,,22,23,,,0.35,,,,,1323.3,0.0,4,7.0,3.0,4,3.0,7.0,9,1,0,0.9,3,7,0,0.3,4.3636,3.5909,22,4.0,4.8261,23,,,,,,,,,1,0,1,-1,mlb-sd,"{""common_opponents"": 1, ""games_played"": 1, ""head_to_head"": 1, ""home_advantage"": 1, ""last10_form"": 1, ""season_scoring"": 1, ""travel_km"": 1}"
824448,MLB,2026,regular,2026-04-21,2026-04-21,mlb-hou,mlb-cle,final,,,24,24,,,0.35,,,,,0.0,0.0,1,9.0,2.0,1,2.0,9.0,3,7,0,0.3,5,5,0,0.5,5.4167,5.9167,24,4.0417,4.3333,24,2,7,4.2857,7.4286,2,7,4.2857,5.1429,5,8,13,3,mlb-cle,"{""common_opponents"": 1, ""games_played"": 1, ""head_to_head"": 1, ""home_advantage"": 1, ""last10_form"": 1, ""season_scoring"": 1, ""travel_km"": 1}"
824690,MLB,2026,regular,2026-04-21,2026-04-21,mlb-phi,mlb-chc,final,,,22,22,,,0.35,,,,,0.0,0.0,4,5.0,8.25,4,8.25,5.0,2,8,0,0.2,7,3,0,0.7,3.4545,5.3636,22,5.3182,3.7727,22,1,3,3.6667,6.6667,1,3,5.6667,6.0,4,7,11,3,mlb-chc,"{""common_opponents"": 1, ""games_played"": 1, ""head_to_head"": 1, ""home_advantage"": 1, ""last10_form"": 1, ""season_scoring"": 1, ""travel_km"": 1}"
824773,MLB,2026,regular,2026-04-21,2026-04-21,mlb-nyy,mlb-bos,final,,,22,22,,,0.35,,,,,289.5,0.0,,,,,,,5,5,0,0.5,5,5,0,0.5,5.0,3.7273,22,4.0455,4.6364,22,,,,,,,,,4,0,4,-4,mlb-nyy,"{""common_opponents"": 1, ""games_played"": 1, ""head_to_head"": 1, ""home_advantage"": 1, ""last10_form"": 1, ""season_scoring"": 1, ""travel_km"": 1}"
825099,MLB,2026,regular,2026-04-21,2026-04-21,mlb-cws,mlb-ari,final,,,22,22,,,0.35,,,,,1022.8,0.0,,,,,,,4,6,0,0.4,7,3,0,0.7,3.7273,5.1364,22,4.5,4.6364,22,2,6,3.3333,3.0,2,6,5.8333,5.3333,11,5,16,-6,mlb-cws,"{""common_opponents"": 1, ""games_played"": 1, ""head_to_head"": 1, ""home_advantage"": 1, ""last10_form"": 1, ""season_scoring"": 1, ""travel_km"": 1}"
822748,MLB,2026,regular,2026-04-22,2026-04-22,mlb-atl,mlb-wsh,final,,,24,24,,,0.35,,,,,0.0,0.0,2,6.5,7.5,2,7.5,6.5,7,3,0,0.7,5,5,0,0.5,5.625,3.3333,24,5.6667,6.125,24,1,3,5.3333,1.0,1,3,6.6667,3.6667,8,6,14,-2,mlb-atl,"{""common_opponents"": 1, ""games_played"": 1, ""head_to_head"": 1, ""home_advantage"": 1, ""last10_form"": 1, ""season_scoring"": 1, ""travel_km"": 1}"
822913,MLB,2026,regular,2026-04-22,2026-04-22,mlb-pit,mlb-tex,final,,,23,23,,,0.35,,,,,0.0,0.0,1,1.0,5.0,1,5.0,1.0,5,5,0,0.5,5,5,0,0.5,4.9565,4.0435,23,4.2174,3.6087,23,2,6,5.3333,2.6667,2,6,3.3333,4.0,8,4,12,-4,mlb-pit,"{""common_opponents"": 1, ""games_played"": 1, ""head_to_head"": 1, ""home_advantage"": 1, ""last10_form"": 1, ""season_scoring"": 1, ""travel_km"": 1}"
822993,MLB,2026,regular,2026-04-22,2026-04-22,mlb-cin,mlb-tb,final,,,24,23,,,0.35,,,,,0.0,0.0,2,9.0,3.5,2,3.5,9.0,8,2,0,0.8,6,4,0,0.6,4.0,3.875,24,4.7826,5.5217,23,2,6,3.6667,4.1667,2,6,4.5,5.0,1,6,7,5,mlb-tb,"{""common_opponents"": 1, ""games_played"": 1, ""head_to_head"": 1, ""home_advantage"": 1, ""last10_form"": 1, ""season_scoring"": 1, ""travel_km"": 1}"
823147,MLB,2026,regular,2026-04-22,2026-04-22,mlb-ath,mlb-sea,final,,,24,25,,,0.35,,,,,0.0,0.0,2,5.5,3.0,2,3.0,5.5,6,4,0,0.6,4,6,0,0.4,4.25,4.8333,24,3.84,3.8,25,3,10,4.5,5.5,3,13,3.7692,3.4615,4,5,9,1,mlb-sea,"{""common_opponents"": 1, ""games_played"": 1, ""head_to_head"": 1, ""home_advantage"": 1, ""last10_form"": 1, ""season_scoring"": 1, ""travel_km"": 1}"
823231,MLB,2026,regular,2026-04-22,2026-04-22,mlb-lad,mlb-sf,final,,,23,23,,,0.35,,,,,0.0,0.0,1,1.0,3.0,1,3.0,1.0,6,4,0,0.6,5,5,0,0.5,5.8261,3.4348,23,3.3913,4.2174,23,2,6,7.5,3.3333,2,7,4.1429,5.7143,0,3,3,3,mlb-sf,"{""common_opponents"": 1, ""games_played"": 1, ""head_to_head"": 1, ""home_advantage"": 1, ""last10_form"": 1, ""season_scoring"": 1, ""travel_km"": 1}"
823641,MLB,2026,regular,2026-04-22,2026-04-22,mlb-min,mlb-nym,final,,,23,23,,,0.35,,,,,0.0,0.0,1,5.0,3.0,1,3.0,5.0,5,5,0,0.5,0,10,0,0.0,5.087,4.4783,23,3.2609,4.4348,23,,,,,,,,,2,3,5,1,mlb-nym,"{""common_opponents"": 1, ""games_played"": 1, ""head_to_head"": 1, ""home_advantage"": 1, ""last10_form"": 1, ""season_scoring"": 1, ""travel_km"": 1}"
823878,MLB,2026,regular,2026-04-22,2026-04-22,mlb-stl,mlb-mia,final,,,23,24,,,0.35,,,,,0.0,0.0,2,4.0,4.0,2,4.0,4.0,6,4,0,0.6,3,7,0,0.3,4.8261,5.1739,23,4.5,4.5417,24,1,3,3.6667,6.0,1,3,1.0,5.3333,1,4,5,3,mlb-mia,"{""common_opponents"": 1, ""games_played"": 1, ""head_to_head"": 1, ""home_advantage"": 1, ""last10_form"": 1, ""season_scoring"": 1, ""travel_km"": 1}"
824044,MLB,2026,regular,2026-04-22,2026-04-22,mlb-tor,mlb-laa,final,,,23,25,,,0.35,,,,,0.0,0.0,2,4.5,2.0,2,2.0,4.5,4,6,0,0.4,4,6,0,0.4,4.0,4.913,23,4.76,4.52,25,,,,,,,,,3,7,10,4,mlb-laa,"{""common_opponents"": 1, ""games_played"": 1, ""head_to_head"": 1, ""home_advantage"": 1, ""last10_form"": 1, ""season_scoring"": 1, ""travel_km"": 1}"
824123,MLB,2026,regular,2026-04-22,2026-04-22,mlb-bal,mlb-kc,final,,,24,24,,,0.35,,,,,0.0,0.0,2,6.0,5.5,2,5.5,6.0,4,6,0,0.4,2,8,0,0.2,4.2917,4.5417,24,3.4167,4.7917,24,3,10,3.6,3.7,3,10,3.3,3.7,8,6,14,-2,mlb-bal,"{""common_opponents"": 1, ""games_played"": 1, ""head_to_head"": 1, ""home_advantage"": 1, ""last10_form"": 1, ""season_scoring"": 1, ""travel_km"": 1}"
824286,MLB,2026,regular,2026-04-22,2026-04-22,mlb-mil,mlb-det,final,,,22,24,,,0.35,,,,,0.0,0.0,1,12.0,4.0,1,4.0,12.0,5,5,0,0.5,7,3,0,0.7,5.3636,4.1364,22,4.3333,3.9583,24,3,9,4.4444,4.5556,3,10,4.6,2.6,2,5,7,3,mlb-det,"{""common_opponents"": 1, ""games_played"": 1, ""head_to_head"": 1, ""home_advantage"": 1, ""last10_form"": 1, ""season_scoring"": 1, ""travel_km"": 1}"
824367,MLB,2026,regular,2026-04-22,2026-04-22,mlb-sd,mlb-col,final,,,23,24,,,0.35,,,,,0.0,0.0,5,5.8,2.4,5,2.4,5.8,9,1,0,0.9,3,7,0,0.3,4.2174,3.4348,23,3.8333,4.6667,24,,,,,,,,,3,8,11,5,mlb-col,"{""common_opponents"": 1, ""games_played"": 1, ""head_to_head"": 1, ""home_advantage"": 1, ""last10_form"": 1, ""season_scoring"": 1, ""travel_km"": 1}"
824449,MLB,2026,regular,2026-04-22,2026-04-22,mlb-hou,mlb-cle,final,,,25,25,,,0.35,,,,,0.0,0.0,2,7.0,5.0,2,5.0,7.0,3,7,0,0.3,5,5,0,0.5,5.4,6.0,25,4.2,4.36,25,2,7,4.2857,7.4286,2,7,4.2857,5.1429,2,0,2,-2,mlb-hou,"{""common_opponents"": 1, ""games_played"": 1, ""head_to_head"": 1, ""home_advantage"": 1, ""last10_form"": 1, ""season_scoring"": 1, ""travel_km"": 1}"
824688,MLB,2026,regular,2026-04-22,2026-04-22,mlb-phi,mlb-chc,final,,,23,23,,,0.35,,,,,0.0,0.0,5,4.8,8.0,5,8.0,4.8,2,8,0,0.2,8,2,0,0.8,3.4783,5.4348,23,5.3913,3.7826,23,1,3,3.6667,6.6667,1,3,5.6667,6.0,2,7,9,5,mlb-chc,"{""common_opponents"": 1, ""games_played"": 1, ""head_to_head"": 1, ""home_advantage"": 1, ""last10_form"": 1, ""season_scoring"": 1, ""travel_km"": 1}"
824774,MLB,2026,regular,2026-04-22,2026-04-22,mlb-nyy,mlb-bos,final,,,23,23,,,0.35,,,,,0.0,0.0,1,4.0,0.0,1,0.0,4.0,6,4,0,0.6,5,5,0,0.5,4.9565,3.5652,23,3.8696,4.6087,23,,,,,,,,,4,1,5,-3,mlb-nyy,"{""common_opponents"": 1, ""games_played"": 1, ""head_to_head"": 1, ""home_advantage"": 1, ""last10_form"": 1, ""season_scoring"": 1, ""travel_km"": 1}"
825097,MLB,2026,regular,2026-04-22,2026-04-22,mlb-cws,mlb-ari,final,,,23,23,,,0.35,,,,,0.0,0.0,1,11.0,5.0,1,5.0,11.0,4,6,0,0.4,6,4,0,0.6,4.0435,5.1304,23,4.5217,4.913,23,2,6,3.3333,3.0,2,6,5.8333,5.3333,7,11,18,4,mlb-ari,"{""common_opponents"": 1, ""games_played"": 1, ""head_to_head"": 1, ""home_advantage"": 1, ""last10_form"": 1, ""season_scoring"": 1, ""travel_km"": 1}"
822745,MLB,2026,regular,2026-04-23,2026-04-23,mlb-atl,mlb-wsh,final,,,25,25,,,0.35,,,,,0.0,0.0,3,7.0,7.0,3,7.0,7.0,8,2,0,0.8,4,6,0,0.4,5.72,3.44,25,5.68,6.2,25,1,3,5.3333,1.0,1,3,6.6667,3.6667,7,2,9,-5,mlb-atl,"{""common_opponents"": 1, ""games_played"": 1, ""head_to_head"": 1, ""home_advantage"": 1, ""last10_form"": 1, ""season_scoring"": 1, ""travel_km"": 1}"
822912,MLB,2026,regular,2026-04-23,2026-04-23,mlb-pit,mlb-tex,final,,,24,24,,,0.35,,,,,0.0,0.0,2,4.5,4.5,2,4.5,4.5,5,5,0,0.5,5,5,0,0.5,5.0833,4.0417,24,4.2083,3.7917,24,2,6,5.3333,2.6667,2,6,3.3333,4.0,1,6,7,5,mlb-tex,"{""common_opponents"": 1, ""games_played"": 1, ""head_to_head"": 1, ""home_advantage"": 1, ""last10_form"": 1, ""season_scoring"": 1, ""travel_km"": 1}"
823233,MLB,2026,regular,2026-04-23,2026-04-23,mlb-lad,mlb-sf,final,,,24,24,,,0.35,,,,,0.0,0.0,2,0.5,3.0,2,3.0,0.5,5,5,0,0.5,5,5,0,0.5,5.5833,3.4167,24,3.375,4.0417,24,2,6,7.5,3.3333,2,7,4.1429,5.7143,3,0,3,-3,mlb-lad,"{""common_opponents"": 1, ""games_played"": 1, ""head_to_head"": 1, ""home_advantage"": 1, ""last10_form"": 1, ""season_scoring"": 1, ""travel_km"": 1}"
823639,MLB,2026,regular,2026-04-23,2026-04-23,mlb-min,mlb-nym,final,,,24,24,,,0.35,,,,,0.0,0.0,2,3.5,3.0,2,3.0,3.5,5,5,0,0.5,1,9,0,0.1,4.9583,4.4167,24,3.25,4.3333,24,,,,,,,,,8,10,18,2,mlb-nym,"{""common_opponents"": 1, ""games_played"": 1, ""head_to_head"": 1, ""home_advantage"": 1, ""last10_form"": 1, ""season_scoring"": 1, ""travel_km"": 1}"
824288,MLB,2026,regular,2026-04-23,2026-04-23,mlb-mil,mlb-det,final,,,23,25,,,0.35,,,,,0.0,0.0,2,7.0,4.5,2,4.5,7.0,5,5,0,0.5,7,3,0,0.7,5.2174,4.1739,23,4.36,3.88,25,3,9,4.4444,4.5556,3,10,4.6,2.6,4,5,9,1,mlb-det,"{""common_opponents"": 1, ""games_played"": 1, ""head_to_head"": 1, ""home_advantage"": 1, ""last10_form"": 1, ""season_scoring"": 1, ""travel_km"": 1}"
824368,MLB,2026,regular,2026-04-23,2026-04-23,mlb-sd,mlb-col,final,,,24,25,,,0.35,,,,,0.0,0.0,6,5.3333,3.3333,6,3.3333,5.3333,8,2,0,0.8,4,6,0,0.4,4.1667,3.625,24,4.0,4.6,25,,,,,,,,,10,8,18,-2,mlb-sd,"{""common_opponents"": 1, ""games_played"": 1, ""head_to_head"": 1, ""home_advantage"": 1, ""last10_form"": 1, ""season_scoring"": 1, ""travel_km"": 1}"
824689,MLB,2026,regular,2026-04-23,2026-04-23,mlb-phi,mlb-chc,final,,,24,24,,,0.35,,,,,0.0,0.0,6,4.3333,7.8333,6,7.8333,4.3333,1,9,0,0.1,9,1,0,0.9,3.4167,5.5,24,5.4583,3.7083,24,1,3,3.6667,6.6667,1,3,5.6667,6.0,7,8,15,1,mlb-chc,"{""common_opponents"": 1, ""games_played"": 1, ""head_to_head"": 1, ""home_advantage"": 1, ""last10_form"": 1, ""season_scoring"": 1, ""travel_km"": 1}"
824770,MLB,2026,regular,2026-04-23,2026-04-23,mlb-nyy,mlb-bos,final,,,24,24,,,0.35,,,,,0.0,0.0,2,4.0,0.5,2,0.5,4.0,7,3,0,0.7,4,6,0,0.4,4.9167,3.4583,24,3.75,4.5833,24,,,,,,,,,4,2,6,-2,mlb-nyy,"{""common_opponents"": 1, ""games_played"": 1, ""head_to_head"": 1, ""home_advantage"": 1, ""last10_form"": 1, ""season_scoring"": 1, ""travel_km"": 1}"
825096,MLB,2026,regular,2026-04-23,2026-04-23,mlb-cws,mlb-ari,final,,,24,24,,,0.35,,,,,0.0,0.0,2,9.0,8.0,2,8.0,9.0,4,6,0,0.4,6,4,0,0.6,4.1667,5.375,24,4.7917,5.0,24,2,6,3.3333,3.0,2,6,5.8333,5.3333,4,1,5,-3,mlb-cws,"{""common_opponents"": 1, ""games_played"": 1, ""head_to_head"": 1, ""home_advantage"": 1, ""last10_form"": 1, ""season_scoring"": 1, ""travel_km"": 1}"
822827,MLB,2026,regular,2026-04-24,2026-04-24,mlb-cle,mlb-tor,final,,,26,24,,,0.35,,,,,303.7,3478.7,,,,,,,5,5,0,0.5,4,6,0,0.4,4.0385,4.2692,26,3.9583,5.0,24,1,3,3.0,2.3333,1,3,2.3333,7.0,8,6,14,-2,mlb-cle,"{""common_opponents"": 1, ""games_played"": 1, ""head_to_head"": 1, ""home_advantage"": 1, ""last10_form"": 1, ""season_scoring"": 1, ""travel_km"": 1}"
822909,MLB,2026,regular,2026-04-24,2026-04-24,mlb-ath,mlb-tex,final,,,25,25,,,0.35,,,,,2686.0,0.0,4,3.75,5.75,4,5.75,3.75,5,5,0,0.5,5,5,0,0.5,4.24,4.84,25,4.28,3.68,25,1,3,5.0,3.6667,1,6,3.0,2.5,8,1,9,-7,mlb-ath,"{""common_opponents"": 1, ""games_played"": 1, ""head_to_head"": 1, ""home_advantage"": 1, ""last10_form"": 1, ""season_scoring"": 1, ""travel_km"": 1}"
822992,MLB,2026,regular,2026-04-24,2026-04-24,mlb-min,mlb-tb,final,,,25,24,,,0.35,,,,,1653.5,0.0,3,4.0,5.0,3,5.0,4.0,4,6,0,0.4,6,4,0,0.6,5.08,4.64,25,4.8333,5.3333,24,1,3,3.0,4.6667,1,3,4.3333,6.3333,2,6,8,4,mlb-tb,"{""common_opponents"": 1, ""games_played"": 1, ""head_to_head"": 1, ""home_advantage"": 1, ""last10_form"": 1, ""season_scoring"": 1, ""travel_km"": 1}"
823069,MLB,2026,regular,2026-04-24,2026-04-24,mlb-sea,mlb-stl,final,,,26,24,,,0.35,,,,,2769.0,1706.4,,,,,,,4,6,0,0.4,6,4,0,0.6,3.8846,3.8077,26,4.6667,5.125,24,2,8,6.375,3.625,2,6,6.1667,5.1667,3,2,5,-1,mlb-sea,"{""common_opponents"": 1, ""games_played"": 1, ""head_to_head"": 1, ""home_advantage"": 1, ""last10_form"": 1, ""season_scoring"": 1, ""travel_km"": 1}"
823232,MLB,2026,regular,2026-04-24,2026-04-24,mlb-mia,mlb-sf,final,,,25,25,,,0.35,,,,,4163.9,0.0,,,,,,,4,6,0,0.4,5,5,0,0.5,4.48,4.4,25,3.24,4.0,25,2,7,4.8571,5.1429,2,6,1.3333,3.8333,9,4,13,-5,mlb-mia,"{""common_opponents"": 1, ""games_played"": 1, ""head_to_head"": 1, ""home_advantage"": 1, ""last10_form"": 1, ""season_scoring"": 1, ""travel_km"": 1}"
823638,MLB,2026,regular,2026-04-24,2026-04-24,mlb-col,mlb-nym,final,,,26,25,,,0.35,,,,,2631.7,0.0,,,,,,,4,6,0,0.4,2,8,0,0.2,4.1538,4.8077,26,3.52,4.48,25,1,4,4.25,7.0,1,3,1.0,4.6667,4,3,7,-1,mlb-col,"{""common_opponents"": 1, ""games_played"": 1, ""head_to_head"": 1, ""home_advantage"": 1, ""last10_form"": 1, ""season_scoring"": 1, ""travel_km"": 1}"
823800,MLB,2026,regular,2026-04-24,2026-04-24,mlb-pit,mlb-mil,final,,,25,24,,,0.35,,,,,1393.2,409.5,,,,,,,5,5,0,0.5,5,5,0,0.5,4.92,4.12,25,5.1667,4.2083,24,2,7,6.7143,4.2857,2,6,4.3333,4.1667,6,0,6,-6,mlb-pit,"{""common_opponents"": 1, ""games_played"": 1, ""head_to_head"": 1, ""home_advantage"": 1, ""last10_form"": 1, ""season_scoring"": 1, ""travel_km"": 1}"
823962,MLB,2026,regular,2026-04-24,2026-04-24,mlb-chc,mlb-lad,final,,,25,25,,,0.35,,,,,2801.6,556.0,,,,,,,9,1,0,0.9,6,4,0,0.6,5.56,3.84,25,5.48,3.28,25,3,9,4.6667,3.8889,3,9,5.7778,3.2222,6,4,10,-2,mlb-chc,"{""common_opponents"": 1, ""games_played"": 1, ""head_to_head"": 1, ""home_advantage"": 1, ""last10_form"": 1, ""season_scoring"": 1, ""travel_km"": 1}"
824124,MLB,2026,regular,2026-04-24,2026-04-24,mlb-laa,mlb-kc,final,,,26,25,,,0.35,,,,,2166.9,0.0,,,,,,,4,6,0,0.4,1,9,0,0.1,4.8462,4.4615,26,3.52,4.92,25,2,7,6.0,5.4286,2,6,2.0,6.1667,3,6,9,3,mlb-kc,"{""common_opponents"": 1, ""games_played"": 1, ""head_to_head"": 1, ""home_advantage"": 1, ""last10_form"": 1, ""season_scoring"": 1, ""travel_km"": 1}"
824204,MLB,2026,regular,2026-04-24,2026-04-24,mlb-nyy,mlb-hou,final,,,25,26,,,0.35,,,,,2577.0,1792.9,,,,,,,8,2,0,0.8,4,6,0,0.4,4.88,3.4,25,5.2692,5.7692,26,4,13,3.9231,3.6154,4,14,6.1429,6.0,12,4,16,-8,mlb-nyy,"{""common_opponents"": 1, ""games_played"": 1, ""head_to_head"": 1, ""home_advantage"": 1, ""last10_form"": 1, ""season_scoring"": 1, ""travel_km"": 1}"
824529,MLB,2026,regular,2026-04-24,2026-04-24,mlb-det,mlb-cin,final,,,26,25,,,0.35,,,,,380.8,1271.3,,,,,,,7,3,0,0.7,7,3,0,0.7,4.3846,3.8846,26,3.88,3.96,25,3,11,4.0,3.3636,3,10,3.6,3.7,8,9,17,1,mlb-cin,"{""common_opponents"": 1, ""games_played"": 1, ""head_to_head"": 1, ""home_advantage"": 1, ""last10_form"": 1, ""season_scoring"": 1, ""travel_km"": 1}"
824611,MLB,2026,regular,2026-04-24,2026-04-24,mlb-wsh,mlb-cws,final,,,26,25,,,0.35,,,,,957.8,2334.2,,,,,,,4,6,0,0.4,5,5,0,0.5,5.5385,6.2308,26,4.16,5.2,25,1,3,6.0,3.3333,1,3,3.3333,9.6667,4,5,9,1,mlb-cws,"{""common_opponents"": 1, ""games_played"": 1, ""head_to_head"": 1, ""home_advantage"": 1, ""last10_form"": 1, ""season_scoring"": 1, ""travel_km"": 1}"
824854,MLB,2026,regular,2026-04-24,2026-04-24,mlb-bos,mlb-bal,final,,,25,25,,,0.35,,,,,576.1,1537.3,,,,,,,3,7,0,0.3,4,6,0,0.4,3.68,4.56,25,4.44,4.6,25,1,3,5.0,8.0,1,3,3.6667,3.6667,3,10,13,7,mlb-bal,"{""common_opponents"": 1, ""games_played"": 1, ""head_to_head"": 1, ""home_advantage"": 1, ""last10_form"": 1, ""season_scoring"": 1, ""travel_km"": 1}"
824932,MLB,2026,regular,2026-04-24,2026-04-24,mlb-phi,mlb-atl,final,,,25,26,,,0.35,,,,,938.4,867.2,3,1.0,5.3333,3,5.3333,1.0,1,9,0,0.1,8,2,0,0.8,3.56,5.6,25,5.7692,3.3846,26,2,6,3.6667,5.3333,2,8,6.625,4.125,3,5,8,2,mlb-atl,"{""common_opponents"": 1, ""games_played"": 1, ""head_to_head"": 1, ""home_advantage"": 1, ""last10_form"": 1, ""season_scoring"": 1, ""travel_km"": 1}"
822826,MLB,2026,regular,2026-04-25,2026-04-25,mlb-cle,mlb-tor,final,,,27,25,,,0.35,,,,,0.0,0.0,1,8.0,6.0,1,6.0,8.0,5,5,0,0.5,4,6,0,0.4,4.1852,4.3333,27,4.04,5.12,25,1,3,3.0,2.3333,1,3,2.3333,7.0,3,5,8,2,mlb-tor,"{""common_opponents"": 1, ""games_played"": 1, ""head_to_head"": 1, ""home_advantage"": 1, ""last10_form"": 1, ""season_scoring"": 1, ""travel_km"": 1}"
822910,MLB,2026,regular,2026-04-25,2026-04-25,mlb-ath,mlb-tex,final,,,26,26,,,0.35,,,,,0.0,0.0,5,4.6,4.8,5,4.8,4.6,6,4,0,0.6,4,6,0,0.4,4.3846,4.6923,26,4.1538,3.8462,26,1,3,5.0,3.6667,1,6,3.0,2.5,3,4,7,1,mlb-tex,"{""common_opponents"": 1, ""games_played"": 1, ""head_to_head"": 1, ""home_advantage"": 1, ""last10_form"": 1, ""season_scoring"": 1, ""travel_km"": 1}"
822989,MLB,2026,regular,2026-04-25,2026-04-25,mlb-min,mlb-tb,final,,,26,25,,,0.35,,,,,0.0,0.0,4,3.5,5.25,4,5.25,3.5,3,7,0,0.3,6,4,0,0.6,4.9615,4.6923,26,4.88,5.2,25,1,3,3.0,4.6667,1,3,4.3333,6.3333,1,6,7,5,mlb-tb,"{""common_opponents"": 1, ""games_played"": 1, ""head_to_head"": 1, ""home_advantage"": 1, ""last10_form"": 1, ""season_scoring"": 1, ""travel_km"": 1}"
823070,MLB,2026,regular,2026-04-25,2026-04-25,mlb-sea,mlb-stl,final,,,27,25,,,0.35,,,,,0.0,0.0,1,3.0,2.0,1,2.0,3.0,4,6,0,0.4,6,4,0,0.6,3.8519,3.7407,27,4.56,5.04,25,2,8,6.375,3.625,2,6,6.1667,5.1667,11,9,20,-2,mlb-sea,"{""common_opponents"": 1, ""games_played"": 1, ""head_to_head"": 1, ""home_advantage"": 1, ""last10_form"": 1, ""season_scoring"": 1, ""travel_km"": 1}"
823229,MLB,2026,regular,2026-04-25,2026-04-25,mlb-mia,mlb-sf,final,,,26,26,,,0.35,,,,,0.0,0.0,1,9.0,4.0,1,4.0,9.0,5,5,0,0.5,5,5,0,0.5,4.6538,4.3846,26,3.2692,4.1923,26,2,7,4.8571,5.1429,2,6,1.3333,3.8333,2,6,8,4,mlb-sf,"{""common_opponents"": 1, ""games_played"": 1, ""head_to_head"": 1, ""home_advantage"": 1, ""last10_form"": 1, ""season_scoring"": 1, ""travel_km"": 1}"
823799,MLB,2026,regular,2026-04-25,2026-04-25,mlb-pit,mlb-mil,final,,,26,25,,,0.35,,,,,0.0,0.0,1,6.0,0.0,1,0.0,6.0,5,5,0,0.5,5,5,0,0.5,4.9615,3.9615,26,4.96,4.28,25,2,7,6.7143,4.2857,2,6,4.3333,4.1667,6,3,9,-3,mlb-pit,"{""common_opponents"": 1, ""games_played"": 1, ""head_to_head"": 1, ""home_advantage"": 1, ""last10_form"": 1, ""season_scoring"": 1, ""travel_km"": 1}"
823960,MLB,2026,regular,2026-04-25,2026-04-25,mlb-chc,mlb-lad,final,,,26,26,,,0.35,,,,,0.0,0.0,1,6.0,4.0,1,4.0,6.0,10,0,0,1.0,5,5,0,0.5,5.5769,3.8462,26,5.4231,3.3846,26,3,9,4.6667,3.8889,3,9,5.7778,3.2222,4,12,16,8,mlb-lad,"{""common_opponents"": 1, ""games_played"": 1, ""head_to_head"": 1, ""home_advantage"": 1, ""last10_form"": 1, ""season_scoring"": 1, ""travel_km"": 1}"
824121,MLB,2026,regular,2026-04-25,2026-04-25,mlb-laa,mlb-kc,final,,,27,26,,,0.35,,,,,0.0,0.0,1,3.0,6.0,1,6.0,3.0,4,6,0,0.4,2,8,0,0.2,4.7778,4.5185,27,3.6154,4.8462,26,2,7,6.0,5.4286,2,6,2.0,6.1667,1,12,13,11,mlb-kc,"{""common_opponents"": 1, ""games_played"": 1, ""head_to_head"": 1, ""home_advantage"": 1, ""last10_form"": 1, ""season_scoring"": 1, ""travel_km"": 1}"
824203,MLB,2026,regular,2026-04-25,2026-04-25,mlb-nyy,mlb-hou,final,,,26,27,,,0.35,,,,,0.0,0.0,1,12.0,4.0,1,4.0,12.0,8,2,0,0.8,4,6,0,0.4,5.1538,3.4231,26,5.2222,6.0,27,4,13,3.9231,3.6154,4,14,6.1429,6.0,8,3,11,-5,mlb-nyy,"{""common_opponents"": 1, ""games_played"": 1, ""head_to_head"": 1, ""home_advantage"": 1, ""last10_form"": 1, ""season_scoring"": 1, ""travel_km"": 1}"
824527,MLB,2026,regular,2026-04-25,2026-04-25,mlb-det,mlb-cin,final,,,27,26,,,0.35,,,,,0.0,0.0,1,8.0,9.0,1,9.0,8.0,6,4,0,0.6,8,2,0,0.8,4.5185,4.0741,27,4.0769,4.1154,26,3,11,4.0,3.3636,3,10,3.6,3.7,2,9,11,7,mlb-cin,"{""common_opponents"": 1, ""games_played"": 1, ""head_to_head"": 1, ""home_advantage"": 1, ""last10_form"": 1, ""season_scoring"": 1, ""travel_km"": 1}"
824613,MLB,2026,regular,2026-04-25,2026-04-25,mlb-wsh,mlb-cws,final,,,27,26,,,0.35,,,,,0.0,0.0,1,4.0,5.0,1,5.0,4.0,3,7,0,0.3,5,5,0,0.5,5.4815,6.1852,27,4.1923,5.1538,26,1,3,6.0,3.3333,1,3,3.3333,9.6667,6,3,9,-3,mlb-wsh,"{""common_opponents"": 1, ""games_played"": 1, ""head_to_head"": 1, ""home_advantage"": 1, ""last10_form"": 1, ""season_scoring"": 1, ""travel_km"": 1}"
824851,MLB,2026,regular,2026-04-25,2026-04-25,mlb-bos,mlb-bal,final,,,26,26,,,0.35,,,,,0.0,0.0,1,3.0,10.0,1,10.0,3.0,3,7,0,0.3,4,6,0,0.4,3.6538,4.7692,26,4.6538,4.5385,26,1,3,5.0,8.0,1,3,3.6667,3.6667,17,1,18,-16,mlb-bos,"{""common_opponents"": 1, ""games_played"": 1, ""head_to_head"": 1, ""home_advantage"": 1, ""last10_form"": 1, ""season_scoring"": 1, ""travel_km"": 1}"
824933,MLB,2026,regular,2026-04-25,2026-04-25,mlb-phi,mlb-atl,final,,,26,27,,,0.35,,,,,0.0,0.0,4,1.5,5.25,4,5.25,1.5,0,10,0,0.0,9,1,0,0.9,3.5385,5.5769,26,5.7407,3.3704,27,2,6,3.6667,5.3333,2,8,6.625,4.125,8,5,13,-3,mlb-phi,"{""common_opponents"": 1, ""games_played"": 1, ""head_to_head"": 1, ""home_advantage"": 1, ""last10_form"": 1, ""season_scoring"": 1, ""travel_km"": 1}"
825093,MLB,2026,regular,2026-04-25,2026-04-25,mlb-sd,mlb-ari,final,,,25,25,,,0.35,,,,,943.3,0.0,,,,,,,8,2,0,0.8,6,4,0,0.6,4.4,3.8,25,4.64,4.96,25,1,3,2.3333,4.3333,1,3,5.6667,3.6667,6,4,10,-2,mlb-sd,"{""common_opponents"": 1, ""games_played"": 1, ""head_to_head"": 1, ""home_advantage"": 1, ""last10_form"": 1, ""season_scoring"": 1, ""travel_km"": 1}"
822824,MLB,2026,regular,2026-04-26,2026-04-26,mlb-cle,mlb-tor,final,,,28,26,,,0.35,,,,,0.0,0.0,2,5.5,5.5,2,5.5,5.5,5,5,0,0.5,4,6,0,0.4,4.1429,4.3571,28,4.0769,5.0385,26,1,3,3.0,2.3333,1,3,2.3333,7.0,2,4,6,2,mlb-tor,"{""common_opponents"": 1, ""games_played"": 1, ""head_to_head"": 1, ""home_advantage"": 1, ""last10_form"": 1, ""season_scoring"": 1, ""travel_km"": 1}"
822911,MLB,2026,regular,2026-04-26,2026-04-26,mlb-ath,mlb-tex,final,,,27,27,,,0.35,,,,,0.0,0.0,6,4.3333,4.6667,6,4.6667,4.3333,5,5,0,0.5,5,5,0,0.5,4.3333,4.6667,27,4.1481,3.8148,27,1,3,5.0,3.6667,1,6,3.0,2.5,2,1,3,-1,mlb-ath,"{""common_opponents"": 1, ""games_played"": 1, ""head_to_head"": 1, ""home_advantage"": 1, ""last10_form"": 1, ""season_scoring"": 1, ""travel_km"": 1}"
822991,MLB,2026,regular,2026-04-26,2026-04-26,mlb-min,mlb-tb,final,,,27,26,,,0.35,,,,,0.0,0.0,5,3.0,5.4,5,5.4,3.0,2,8,0,0.2,6,4,0,0.6,4.8148,4.7407,27,4.9231,5.0385,26,1,3,3.0,4.6667,1,3,4.3333,6.3333,2,4,6,2,mlb-tb,"{""common_opponents"": 1, ""games_played"": 1, ""head_to_head"": 1, ""home_advantage"": 1, ""last10_form"": 1, ""season_scoring"": 1, ""travel_km"": 1}"
823068,MLB,2026,regular,2026-04-26,2026-04-26,mlb-sea,mlb-stl,final,,,28,26,,,0.35,,,,,0.0,0.0,2,7.0,5.5,2,5.5,7.0,5,5,0,0.5,6,4,0,0.6,4.1071,3.9286,28,4.7308,5.2692,26,2,8,6.375,3.625,2,6,6.1667,5.1667,3,2,5,-1,mlb-sea,"{""common_opponents"": 1, ""games_played"": 1, ""head_to_head"": 1, ""home_advantage"": 1, ""last10_form"": 1, ""season_scoring"": 1, ""travel_km"": 1}"
823230,MLB,2026,regular,2026-04-26,2026-04-26,mlb-mia,mlb-sf,final,,,27,27,,,0.35,,,,,0.0,0.0,2,5.5,5.0,2,5.0,5.5,4,6,0,0.4,6,4,0,0.6,4.5556,4.4444,27,3.3704,4.1111,27,2,7,4.8571,5.1429,2,6,1.3333,3.8333,3,6,9,3,mlb-sf,"{""common_opponents"": 1, ""games_played"": 1, ""head_to_head"": 1, ""home_advantage"": 1, ""last10_form"": 1, ""season_scoring"": 1, ""travel_km"": 1}"
823635,MLB,2026,regular,2026-04-26,2026-04-26,mlb-col,mlb-nym,final,,,27,26,,,0.35,,,,,0.0,0.0,1,4.0,3.0,1,3.0,4.0,5,5,0,0.5,2,8,0,0.2,4.1481,4.7407,27,3.5,4.4615,26,1,4,4.25,7.0,1,3,1.0,4.6667,3,1,4,-2,mlb-col,"{""common_opponents"": 1, ""games_played"": 1, ""head_to_head"": 1, ""home_advantage"": 1, ""last10_form"": 1, ""season_scoring"": 1, ""travel_km"": 1}"
823637,MLB,2026,regular,2026-04-26,2026-04-26,mlb-col,mlb-nym,postponed,,,27,26,,,0.35,,,,,0.0,0.0,1,4.0,3.0,1,3.0,4.0,5,5,0,0.5,2,8,0,0.2,4.1481,4.7407,27,3.5,4.4615,26,1,4,4.25,7.0,1,3,1.0,4.6667,3,0,3,-3,mlb-col,"{""common_opponents"": 1, ""games_played"": 1, ""head_to_head"": 1, ""home_advantage"": 1, ""last10_form"": 1, ""season_scoring"": 1, ""travel_km"": 1}"
823637,MLB,2026,regular,2026-04-26,2026-04-26,mlb-col,mlb-nym,final,,,27,26,,,0.35,,,,,0.0,0.0,1,4.0,3.0,1,3.0,4.0,5,5,0,0.5,2,8,0,0.2,4.1481,4.7407,27,3.5,4.4615,26,1,4,4.25,7.0,1,3,1.0,4.6667,3,0,3,-3,mlb-col,"{""common_opponents"": 1, ""games_played"": 1, ""head_to_head"": 1, ""home_advantage"": 1, ""last10_form"": 1, ""season_scoring"": 1, ""travel_km"": 1}"
823797,MLB,2026,regular,2026-04-26,2026-04-26,mlb-pit,mlb-mil,final,,,27,26,,,0.35,,,,,0.0,0.0,2,6.0,1.5,2,1.5,6.0,6,4,0,0.6,5,5,0,0.5,5.0,3.9259,27,4.8846,4.3462,26,2,7,6.7143,4.2857,2,6,4.3333,4.1667,0,5,5,5,mlb-mil,"{""common_opponents"": 1, ""games_played"": 1, ""head_to_head"": 1, ""home_advantage"": 1, ""last10_form"": 1, ""season_scoring"": 1, ""travel_km"": 1}"
823959,MLB,2026,regular,2026-04-26,2026-04-26,mlb-chc,mlb-lad,final,,,27,27,,,0.35,,,,,0.0,0.0,2,5.0,8.0,2,8.0,5.0,9,1,0,0.9,5,5,0,0.5,5.5185,4.1481,27,5.6667,3.4074,27,3,9,4.6667,3.8889,3,9,5.7778,3.2222,0,6,6,6,mlb-lad,"{""common_opponents"": 1, ""games_played"": 1, ""head_to_head"": 1, ""home_advantage"": 1, ""last10_form"": 1, ""season_scoring"": 1, ""travel_km"": 1}"
824122,MLB,2026,regular,2026-04-26,2026-04-26,mlb-laa,mlb-kc,final,,,28,27,,,0.35,,,,,0.0,0.0,2,2.0,9.0,2,9.0,2.0,3,7,0,0.3,3,7,0,0.3,4.6429,4.7857,28,3.9259,4.7037,27,2,7,6.0,5.4286,2,6,2.0,6.1667,9,11,20,2,mlb-kc,"{""common_opponents"": 1, ""games_played"": 1, ""head_to_head"": 1, ""home_advantage"": 1, ""last10_form"": 1, ""season_scoring"": 1, ""travel_km"": 1}"
824202,MLB,2026,regular,2026-04-26,2026-04-26,mlb-nyy,mlb-hou,final,,,27,28,,,0.35,,,,,0.0,0.0,2,10.0,3.5,2,3.5,10.0,9,1,0,0.9,3,7,0,0.3,5.2593,3.4074,27,5.1429,6.0714,28,4,13,3.9231,3.6154,4,14,6.1429,6.0,4,7,11,3,mlb-hou,"{""common_opponents"": 1, ""games_played"": 1, ""head_to_head"": 1, ""home_advantage"": 1, ""last10_form"": 1, ""season_scoring"": 1, ""travel_km"": 1}"
824528,MLB,2026,regular,2026-04-26,2026-04-26,mlb-det,mlb-cin,final,,,28,27,,,0.35,,,,,0.0,0.0,2,5.0,9.0,2,9.0,5.0,5,5,0,0.5,8,2,0,0.8,4.4286,4.25,28,4.2593,4.037,27,3,11,4.0,3.3636,3,10,3.6,3.7,8,3,11,-5,mlb-det,"{""common_opponents"": 1, ""games_played"": 1, ""head_to_head"": 1, ""home_advantage"": 1, ""last10_form"": 1, ""season_scoring"": 1, ""travel_km"": 1}"
824612,MLB,2026,regular,2026-04-26,2026-04-26,mlb-wsh,mlb-cws,final,,,28,27,,,0.35,,,,,0.0,0.0,2,5.0,4.0,2,4.0,5.0,4,6,0,0.4,5,5,0,0.5,5.5,6.0714,28,4.1481,5.1852,27,1,3,6.0,3.3333,1,3,3.3333,9.6667,2,1,3,-1,mlb-wsh,"{""common_opponents"": 1, ""games_played"": 1, ""head_to_head"": 1, ""home_advantage"": 1, ""last10_form"": 1, ""season_scoring"": 1, ""travel_km"": 1}"
824852,MLB,2026,regular,2026-04-26,2026-04-26,mlb-bos,mlb-bal,final,,,27,27,,,0.35,,,,,0.0,0.0,2,10.0,5.5,2,5.5,10.0,4,6,0,0.4,4,6,0,0.4,4.1481,4.6296,27,4.5185,5.0,27,1,3,5.0,8.0,1,3,3.6667,3.6667,5,3,8,-2,mlb-bos,"{""common_opponents"": 1, ""games_played"": 1, ""head_to_head"": 1, ""home_advantage"": 1, ""last10_form"": 1, ""season_scoring"": 1, ""travel_km"": 1}"
824934,MLB,2026,regular,2026-04-26,2026-04-26,mlb-phi,mlb-atl,final,,,27,28,,,0.35,,,,,0.0,0.0,5,2.8,5.2,5,5.2,2.8,1,9,0,0.1,8,2,0,0.8,3.7037,5.5556,27,5.7143,3.5357,28,2,6,3.6667,5.3333,2,8,6.625,4.125,2,6,8,4,mlb-atl,"{""common_opponents"": 1, ""games_played"": 1, ""head_to_head"": 1, ""home_advantage"": 1, ""last10_form"": 1, ""season_scoring"": 1, ""travel_km"": 1}"
825094,MLB,2026,regular,2026-04-26,2026-04-26,mlb-sd,mlb-ari,final,,,26,26,,,0.35,,,,,0.0,0.0,1,6.0,4.0,1,4.0,6.0,8,2,0,0.8,5,5,0,0.5,4.4615,3.8077,26,4.6154,5.0,26,1,3,2.3333,4.3333,1,3,5.6667,3.6667,7,12,19,5,mlb-ari,"{""common_opponents"": 1, ""games_played"": 1, ""head_to_head"": 1, ""home_advantage"": 1, ""last10_form"": 1, ""season_scoring"": 1, ""travel_km"": 1}"
822825,MLB,2026,regular,2026-04-27,2026-04-27,mlb-bos,mlb-tor,final,,,28,27,,,0.35,,,,,536.5,0.0,,,,,,,4,6,0,0.4,5,5,0,0.5,4.1786,4.5714,28,4.0741,4.9259,27,2,6,4.8333,5.6667,2,6,4.5,5.0,5,0,5,-5,mlb-bos,"{""common_opponents"": 1, ""games_played"": 1, ""head_to_head"": 1, ""home_advantage"": 1, ""last10_form"": 1, ""season_scoring"": 1, ""travel_km"": 1}"
822906,MLB,2026,regular,2026-04-27,2026-04-27,mlb-nyy,mlb-tex,final,,,28,28,,,0.35,,,,,370.8,0.0,,,,,,,8,2,0,0.8,5,5,0,0.5,5.2143,3.5357,28,4.0357,3.75,28,2,6,3.0,2.0,2,13,3.6154,3.3077,4,2,6,-2,mlb-nyy,"{""common_opponents"": 1, ""games_played"": 1, ""head_to_head"": 1, ""home_advantage"": 1, ""last10_form"": 1, ""season_scoring"": 1, ""travel_km"": 1}"
823311,MLB,2026,regular,2026-04-27,2026-04-27,mlb-chc,mlb-sd,final,,,28,27,,,0.35,,,,,182.2,481.2,,,,,,,8,2,0,0.8,7,3,0,0.7,5.3214,4.2143,28,4.5556,4.1111,27,2,6,3.8333,3.0,2,6,3.3333,3.1667,7,9,16,2,mlb-sd,"{""common_opponents"": 1, ""games_played"": 1, ""head_to_head"": 1, ""home_advantage"": 1, ""last10_form"": 1, ""season_scoring"": 1, ""travel_km"": 1}"
823395,MLB,2026,regular,2026-04-27,2026-04-27,mlb-stl,mlb-pit,final,,,27,28,,,0.35,,,,,896.3,720.2,,,,,,,5,5,0,0.5,5,5,0,0.5,4.6296,5.1852,27,4.8214,3.9643,28,3,9,5.3333,4.8889,3,10,6.0,4.8,4,2,6,-2,mlb-stl,"{""common_opponents"": 1, ""games_played"": 1, ""head_to_head"": 1, ""home_advantage"": 1, ""last10_form"": 1, ""season_scoring"": 1, ""travel_km"": 1}"
823719,MLB,2026,regular,2026-04-27,2026-04-27,mlb-sea,mlb-min,final,,,29,28,,,0.35,,,,,751.8,2132.9,,,,,,,6,4,0,0.6,1,9,0,0.1,4.069,3.8621,29,4.7143,4.7143,28,,,,,,,,,4,11,15,7,mlb-min,"{""common_opponents"": 1, ""games_played"": 1, ""head_to_head"": 1, ""home_advantage"": 1, ""last10_form"": 1, ""season_scoring"": 1, ""travel_km"": 1}"
823961,MLB,2026,regular,2026-04-27,2026-04-27,mlb-mia,mlb-lad,final,,,28,28,,,0.35,,,,,556.0,0.0,,,,,,,4,6,0,0.4,5,5,0,0.5,4.5,4.5,28,5.6786,3.2857,28,2,6,4.0,3.8333,2,7,4.5714,3.2857,4,5,9,1,mlb-lad,"{""common_opponents"": 1, ""games_played"": 1, ""head_to_head"": 1, ""home_advantage"": 1, ""last10_form"": 1, ""season_scoring"": 1, ""travel_km"": 1}"
824446,MLB,2026,regular,2026-04-27,2026-04-27,mlb-tb,mlb-cle,final,,,27,29,,,0.35,,,,,1529.0,303.7,,,,,,,6,4,0,0.6,5,5,0,0.5,4.8889,4.9259,27,4.069,4.3448,29,2,6,5.5,6.8333,2,6,4.5,3.5,3,2,5,-1,mlb-tb,"{""common_opponents"": 1, ""games_played"": 1, ""head_to_head"": 1, ""home_advantage"": 1, ""last10_form"": 1, ""season_scoring"": 1, ""travel_km"": 1}"
824609,MLB,2026,regular,2026-04-27,2026-04-27,mlb-laa,mlb-cws,final,,,29,28,,,0.35,,,,,656.3,0.0,,,,,,,3,7,0,0.3,5,5,0,0.5,4.7931,5.0,29,4.0357,5.0714,28,2,6,4.0,6.8333,2,7,3.1429,2.2857,7,8,15,1,mlb-cws,"{""common_opponents"": 1, ""games_played"": 1, ""head_to_head"": 1, ""home_advantage"": 1, ""last10_form"": 1, ""season_scoring"": 1, ""travel_km"": 1}"
822823,MLB,2026,regular,2026-04-28,2026-04-28,mlb-bos,mlb-tor,final,,,29,28,,,0.35,,,,,0.0,0.0,1,5.0,0.0,1,0.0,5.0,4,6,0,0.4,5,5,0,0.5,4.2069,4.4138,29,3.9286,4.9286,28,2,6,4.8333,5.6667,2,6,4.5,5.0,0,3,3,3,mlb-tor,"{""common_opponents"": 1, ""games_played"": 1, ""head_to_head"": 1, ""home_advantage"": 1, ""last10_form"": 1, ""season_scoring"": 1, ""travel_km"": 1}"
822908,MLB,2026,regular,2026-04-28,2026-04-28,mlb-nyy,mlb-tex,final,,,29,29,,,0.35,,,,,0.0,0.0,1,4.0,2.0,1,2.0,4.0,9,1,0,0.9,4,6,0,0.4,5.1724,3.4828,29,3.9655,3.7586,29,2,6,3.0,2.0,2,13,3.6154,3.3077,3,2,5,-1,mlb-nyy,"{""common_opponents"": 1, ""games_played"": 1, ""head_to_head"": 1, ""home_advantage"": 1, ""last10_form"": 1, ""season_scoring"": 1, ""travel_km"": 1}"
823310,MLB,2026,regular,2026-04-28,2026-04-28,mlb-chc,mlb-sd,final,,,29,28,,,0.35,,,,,0.0,0.0,1,7.0,9.0,1,9.0,7.0,7,3,0,0.7,7,3,0,0.7,5.3793,4.3793,29,4.7143,4.2143,28,2,6,3.8333,3.0,2,6,3.3333,3.1667,8,3,11,-5,mlb-chc,"{""common_opponents"": 1, ""games_played"": 1, ""head_to_head"": 1, ""home_advantage"": 1, ""last10_form"": 1, ""season_scoring"": 1, ""travel_km"": 1}"
823390,MLB,2026,regular,2026-04-28,2026-04-28,mlb-stl,mlb-pit,final,,,28,29,,,0.35,,,,,0.0,0.0,1,4.0,2.0,1,2.0,4.0,5,5,0,0.5,5,5,0,0.5,4.6071,5.0714,28,4.7241,3.9655,29,3,9,5.3333,4.8889,3,10,6.0,4.8,11,7,18,-4,mlb-stl,"{""common_opponents"": 1, ""games_played"": 1, ""head_to_head"": 1, ""home_advantage"": 1, ""last10_form"": 1, ""season_scoring"": 1, ""travel_km"": 1}"
823473,MLB,2026,regular,2026-04-28,2026-04-28,mlb-sf,mlb-phi,final,,,28,28,,,0.35,,,,,4048.7,1062.7,3,5.0,2.0,3,2.0,5.0,7,3,0,0.7,1,9,0,0.1,3.4643,4.0714,28,3.6429,5.5714,28,1,3,5.6667,4.6667,1,3,3.6667,6.6667,0,7,7,7,mlb-phi,"{""common_opponents"": 1, ""games_played"": 1, ""head_to_head"": 1, ""home_advantage"": 1, ""last10_form"": 1, ""season_scoring"": 1, ""travel_km"": 1}"
823636,MLB,2026,regular,2026-04-28,2026-04-28,mlb-wsh,mlb-nym,final,,,29,28,,,0.35,,,,,1156.8,0.0,,,,,,,4,6,0,0.4,2,8,0,0.2,5.3793,5.8966,29,3.2857,4.3571,28,5,16,5.1875,7.0625,5,16,3.6875,4.0,0,8,8,8,mlb-nym,"{""common_opponents"": 1, ""games_played"": 1, ""head_to_head"": 1, ""home_advantage"": 1, ""last10_form"": 1, ""season_scoring"": 1, ""travel_km"": 1}"
823716,MLB,2026,regular,2026-04-28,2026-04-28,mlb-sea,mlb-min,final,,,30,29,,,0.35,,,,,0.0,0.0,1,4.0,11.0,1,11.0,4.0,6,4,0,0.6,2,8,0,0.2,4.0667,4.1,30,4.931,4.6897,29,,,,,,,,,7,1,8,-6,mlb-sea,"{""common_opponents"": 1, ""games_played"": 1, ""head_to_head"": 1, ""home_advantage"": 1, ""last10_form"": 1, ""season_scoring"": 1, ""travel_km"": 1}"
823798,MLB,2026,regular,2026-04-28,2026-04-28,mlb-ari,mlb-mil,final,,,27,27,,,0.35,,,,,2347.2,0.0,,,,,,,6,4,0,0.6,5,5,0,0.5,4.8889,5.0741,27,4.8889,4.1852,27,3,9,5.5556,5.3333,3,9,6.4444,3.8889,2,13,15,11,mlb-mil,"{""common_opponents"": 1, ""games_played"": 1, ""head_to_head"": 1, ""home_advantage"": 1, ""last10_form"": 1, ""season_scoring"": 1, ""travel_km"": 1}"
823956,MLB,2026,regular,2026-04-28,2026-04-28,mlb-mia,mlb-lad,final,,,29,29,,,0.35,,,,,0.0,0.0,1,4.0,5.0,1,5.0,4.0,4,6,0,0.4,5,5,0,0.5,4.4828,4.5172,29,5.6552,3.3103,29,2,6,4.0,3.8333,2,7,4.5714,3.2857,2,1,3,-1,mlb-mia,"{""common_opponents"": 1, ""games_played"": 1, ""head_to_head"": 1, ""home_advantage"": 1, ""last10_form"": 1, ""season_scoring"": 1, ""travel_km"": 1}"
824447,MLB,2026,regular,2026-04-28,2026-04-28,mlb-tb,mlb-cle,final,,,28,30,,,0.35,,,,,0.0,0.0,1,3.0,2.0,1,2.0,3.0,6,4,0,0.6,4,6,0,0.4,4.8214,4.8214,28,4.0,4.3,30,2,6,5.5,6.8333,2,6,4.5,3.5,1,0,1,-1,mlb-tb,"{""common_opponents"": 1, ""games_played"": 1, ""head_to_head"": 1, ""home_advantage"": 1, ""last10_form"": 1, ""season_scoring"": 1, ""travel_km"": 1}"
824526,MLB,2026,regular,2026-04-28,2026-04-28,mlb-col,mlb-cin,final,,,29,28,,,0.35,,,,,927.0,0.0,,,,,,,6,4,0,0.6,7,3,0,0.7,4.069,4.4483,29,4.2143,4.1786,28,1,3,2.3333,3.3333,1,4,3.25,4.5,2,7,9,5,mlb-cin,"{""common_opponents"": 1, ""games_played"": 1, ""head_to_head"": 1, ""home_advantage"": 1, ""last10_form"": 1, ""season_scoring"": 1, ""travel_km"": 1}"
824610,MLB,2026,regular,2026-04-28,2026-04-28,mlb-laa,mlb-cws,final,,,30,29,,,0.35,,,,,0.0,0.0,1,7.0,8.0,1,8.0,7.0,2,8,0,0.2,6,4,0,0.6,4.8667,5.1,30,4.1724,5.1379,29,2,6,4.0,6.8333,2,7,3.1429,2.2857,2,5,7,3,mlb-cws,"{""common_opponents"": 1, ""games_played"": 1, ""head_to_head"": 1, ""home_advantage"": 1, ""last10_form"": 1, ""season_scoring"": 1, ""travel_km"": 1}"
824849,MLB,2026,regular,2026-04-28,2026-04-28,mlb-hou,mlb-bal,final,,,29,28,,,0.35,,,,,2010.7,0.0,,,,,,,3,7,0,0.3,4,6,0,0.4,5.2069,6.0,29,4.4643,5.0,28,2,6,6.5,2.8333,2,7,4.0,6.4286,3,5,8,2,mlb-bal,"{""common_opponents"": 1, ""games_played"": 1, ""head_to_head"": 1, ""home_advantage"": 1, ""last10_form"": 1, ""season_scoring"": 1, ""travel_km"": 1}"
824931,MLB,2026,regular,2026-04-28,2026-04-28,mlb-det,mlb-atl,final,,,29,29,,,0.35,,,,,579.0,0.0,,,,,,,5,5,0,0.5,8,2,0,0.8,4.5517,4.2069,29,5.7241,3.4828,29,3,9,4.5556,3.4444,3,10,5.4,3.4,2,5,7,3,mlb-atl,"{""common_opponents"": 1, ""games_played"": 1, ""head_to_head"": 1, ""home_advantage"": 1, ""last10_form"": 1, ""season_scoring"": 1, ""travel_km"": 1}"
825017,MLB,2026,regular,2026-04-28,2026-04-28,mlb-kc,mlb-ath,final,,,28,28,,,0.35,,,,,2334.0,2292.4,,,,,,,4,6,0,0.4,5,5,0,0.5,4.1786,4.8571,28,4.25,4.5357,28,3,10,2.1,4.5,3,9,2.8889,4.4444,4,1,5,-3,mlb-kc,"{""common_opponents"": 1, ""games_played"": 1, ""head_to_head"": 1, ""home_advantage"": 1, ""last10_form"": 1, ""season_scoring"": 1, ""travel_km"": 1}"
822821,MLB,2026,regular,2026-04-29,2026-04-29,mlb-bos,mlb-tor,final,,,30,29,,,0.35,,,,,0.0,0.0,2,2.5,1.5,2,1.5,2.5,4,6,0,0.4,6,4,0,0.6,4.0667,4.3667,30,3.8966,4.7586,29,2,6,4.8333,5.6667,2,6,4.5,5.0,1,8,9,7,mlb-tor,"{""common_opponents"": 1, ""games_played"": 1, ""head_to_head"": 1, ""home_advantage"": 1, ""last10_form"": 1, ""season_scoring"": 1, ""travel_km"": 1}"
822907,MLB,2026,regular,2026-04-29,2026-04-29,mlb-nyy,mlb-tex,final,,,30,30,,,0.35,,,,,0.0,0.0,2,3.5,2.0,2,2.0,3.5,9,1,0,0.9,3,7,0,0.3,5.1,3.4333,30,3.9,3.7333,30,2,6,3.0,2.0,2,13,3.6154,3.3077,0,3,3,3,mlb-tex,"{""common_opponents"": 1, ""games_played"": 1, ""head_to_head"": 1, ""home_advantage"": 1, ""last10_form"": 1, ""season_scoring"": 1, ""travel_km"": 1}"
823312,MLB,2026,regular,2026-04-29,2026-04-29,mlb-chc,mlb-sd,final,,,30,29,,,0.35,,,,,0.0,0.0,2,7.5,6.0,2,6.0,7.5,7,3,0,0.7,6,4,0,0.6,5.4667,4.3333,30,4.6552,4.3448,29,2,6,3.8333,3.0,2,6,3.3333,3.1667,5,4,9,-1,mlb-chc,"{""common_opponents"": 1, ""games_played"": 1, ""head_to_head"": 1, ""home_advantage"": 1, ""last10_form"": 1, ""season_scoring"": 1, ""travel_km"": 1}"
823392,MLB,2026,regular,2026-04-29,2026-04-29,mlb-stl,mlb-pit,final,,,29,30,,,0.35,,,,,0.0,0.0,2,7.5,4.5,2,4.5,7.5,5,5,0,0.5,4,6,0,0.4,4.8276,5.1379,29,4.8,4.2,30,3,9,5.3333,4.8889,3,10,6.0,4.8,5,4,9,-1,mlb-stl,"{""common_opponents"": 1, ""games_played"": 1, ""head_to_head"": 1, ""home_advantage"": 1, ""last10_form"": 1, ""season_scoring"": 1, ""travel_km"": 1}"
823633,MLB,2026,regular,2026-04-29,2026-04-29,mlb-wsh,mlb-nym,final,,,30,29,,,0.35,,,,,0.0,0.0,1,0.0,8.0,1,8.0,0.0,4,6,0,0.4,3,7,0,0.3,5.2,5.9667,30,3.4483,4.2069,29,5,16,5.1875,7.0625,5,16,3.6875,4.0,14,2,16,-12,mlb-wsh,"{""common_opponents"": 1, ""games_played"": 1, ""head_to_head"": 1, ""home_advantage"": 1, ""last10_form"": 1, ""season_scoring"": 1, ""travel_km"": 1}"
823717,MLB,2026,regular,2026-04-29,2026-04-29,mlb-sea,mlb-min,final,,,31,30,,,0.35,,,,,0.0,0.0,2,5.5,6.0,2,6.0,5.5,7,3,0,0.7,2,8,0,0.2,4.1613,4.0,31,4.8,4.7667,30,,,,,,,,,5,3,8,-2,mlb-sea,"{""common_opponents"": 1, ""games_played"": 1, ""head_to_head"": 1, ""home_advantage"": 1, ""last10_form"": 1, ""season_scoring"": 1, ""travel_km"": 1}"
823796,MLB,2026,regular,2026-04-29,2026-04-29,mlb-ari,mlb-mil,final,,,28,28,,,0.35,,,,,0.0,0.0,1,2.0,13.0,1,13.0,2.0,5,5,0,0.5,5,5,0,0.5,4.7857,5.3571,28,5.1786,4.1071,28,3,9,5.5556,5.3333,3,9,6.4444,3.8889,6,2,8,-4,mlb-ari,"{""common_opponents"": 1, ""games_played"": 1, ""head_to_head"": 1, ""home_advantage"": 1, ""last10_form"": 1, ""season_scoring"": 1, ""travel_km"": 1}"
823958,MLB,2026,regular,2026-04-29,2026-04-29,mlb-mia,mlb-lad,final,,,30,30,,,0.35,,,,,0.0,0.0,2,3.0,3.0,2,3.0,3.0,5,5,0,0.5,5,5,0,0.5,4.4,4.4,30,5.5,3.2667,30,2,6,4.0,3.8333,2,7,4.5714,3.2857,3,2,5,-1,mlb-mia,"{""common_opponents"": 1, ""games_played"": 1, ""head_to_head"": 1, ""home_advantage"": 1, ""last10_form"": 1, ""season_scoring"": 1, ""travel_km"": 1}"
824445,MLB,2026,regular,2026-04-29,2026-04-29,mlb-tb,mlb-cle,final,,,29,31,,,0.35,,,,,0.0,0.0,2,2.0,1.0,2,1.0,2.0,7,3,0,0.7,4,6,0,0.4,4.6897,4.6552,29,3.871,4.1935,31,2,6,5.5,6.8333,2,6,4.5,3.5,1,3,4,2,mlb-cle,"{""common_opponents"": 1, ""games_played"": 1, ""head_to_head"": 1, ""home_advantage"": 1, ""last10_form"": 1, ""season_scoring"": 1, ""travel_km"": 1}"
824525,MLB,2026,regular,2026-04-29,2026-04-29,mlb-col,mlb-cin,final,,,30,29,,,0.35,,,,,0.0,0.0,1,2.0,7.0,1,7.0,2.0,6,4,0,0.6,8,2,0,0.8,4.0,4.5333,30,4.3103,4.1034,29,1,3,2.3333,3.3333,1,4,3.25,4.5,13,2,15,-11,mlb-col,"{""common_opponents"": 1, ""games_played"": 1, ""head_to_head"": 1, ""home_advantage"": 1, ""last10_form"": 1, ""season_scoring"": 1, ""travel_km"": 1}"
824608,MLB,2026,regular,2026-04-29,2026-04-29,mlb-laa,mlb-cws,final,,,31,30,,,0.35,,,,,0.0,0.0,2,4.5,6.5,2,6.5,4.5,1,9,0,0.1,6,4,0,0.6,4.7742,5.0968,31,4.2,5.0333,30,2,6,4.0,6.8333,2,7,3.1429,2.2857,2,3,5,1,mlb-cws,"{""common_opponents"": 1, ""games_played"": 1, ""head_to_head"": 1, ""home_advantage"": 1, ""last10_form"": 1, ""season_scoring"": 1, ""travel_km"": 1}"
824930,MLB,2026,regular,2026-04-29,2026-04-29,mlb-det,mlb-atl,final,,,30,30,,,0.35,,,,,0.0,0.0,1,2.0,5.0,1,5.0,2.0,5,5,0,0.5,8,2,0,0.8,4.4667,4.2333,30,5.7,3.4333,30,3,9,4.5556,3.4444,3,10,5.4,3.4,3,4,7,1,mlb-atl,"{""common_opponents"": 1, ""games_played"": 1, ""head_to_head"": 1, ""home_advantage"": 1, ""last10_form"": 1, ""season_scoring"": 1, ""travel_km"": 1}"
825015,MLB,2026,regular,2026-04-29,2026-04-29,mlb-kc,mlb-ath,final,,,29,29,,,0.35,,,,,0.0,0.0,1,4.0,1.0,1,1.0,4.0,5,5,0,0.5,5,5,0,0.5,4.1724,4.7241,29,4.1379,4.5172,29,3,10,2.1,4.5,3,9,2.8889,4.4444,2,5,7,3,mlb-ath,"{""common_opponents"": 1, ""games_played"": 1, ""head_to_head"": 1, ""home_advantage"": 1, ""last10_form"": 1, ""season_scoring"": 1, ""travel_km"": 1}"
823391,MLB,2026,regular,2026-04-30,2026-04-30,mlb-stl,mlb-pit,final,,,30,31,,,0.35,,,,,0.0,0.0,3,6.6667,4.3333,3,4.3333,6.6667,5,5,0,0.5,4,6,0,0.4,4.8333,5.1,30,4.7742,4.2258,31,3,9,5.3333,4.8889,3,10,6.0,4.8,10,5,15,-5,mlb-stl,"{""common_opponents"": 1, ""games_played"": 1, ""head_to_head"": 1, ""home_advantage"": 1, ""last10_form"": 1, ""season_scoring"": 1, ""travel_km"": 1}"
823471,MLB,2026,regular,2026-04-30,2026-04-30,mlb-sf,mlb-phi,postponed,,,29,29,,,0.35,,,,,0.0,0.0,4,3.75,3.25,4,3.25,3.75,6,4,0,0.6,2,8,0,0.2,3.3448,4.1724,29,3.7586,5.3793,29,1,3,5.6667,4.6667,1,3,3.6667,6.6667,5,6,11,1,mlb-phi,"{""common_opponents"": 1, ""games_played"": 1, ""head_to_head"": 1, ""home_advantage"": 1, ""last10_form"": 1, ""season_scoring"": 1, ""travel_km"": 1}"
823471,MLB,2026,regular,2026-04-30,2026-04-30,mlb-sf,mlb-phi,final,,,29,29,,,0.35,,,,,0.0,0.0,4,3.75,3.25,4,3.25,3.75,6,4,0,0.6,2,8,0,0.2,3.3448,4.1724,29,3.7586,5.3793,29,1,3,5.6667,4.6667,1,3,3.6667,6.6667,5,6,11,1,mlb-phi,"{""common_opponents"": 1, ""games_played"": 1, ""head_to_head"": 1, ""home_advantage"": 1, ""last10_form"": 1, ""season_scoring"": 1, ""travel_km"": 1}"
823472,MLB,2026,regular,2026-04-30,2026-04-30,mlb-sf,mlb-phi,final,,,29,29,,,0.35,,,,,0.0,0.0,4,3.75,3.25,4,3.25,3.75,6,4,0,0.6,2,8,0,0.2,3.3448,4.1724,29,3.7586,5.3793,29,1,3,5.6667,4.6667,1,3,3.6667,6.6667,2,3,5,1,mlb-phi,"{""common_opponents"": 1, ""games_played"": 1, ""head_to_head"": 1, ""home_advantage"": 1, ""last10_form"": 1, ""season_scoring"": 1, ""travel_km"": 1}"
823634,MLB,2026,regular,2026-04-30,2026-04-30,mlb-wsh,mlb-nym,final,,,31,30,,,0.35,,,,,0.0,0.0,2,7.0,5.0,2,5.0,7.0,5,5,0,0.5,3,7,0,0.3,5.4839,5.8387,31,3.4,4.5333,30,5,16,5.1875,7.0625,5,16,3.6875,4.0,5,4,9,-1,mlb-wsh,"{""common_opponents"": 1, ""games_played"": 1, ""head_to_head"": 1, ""home_advantage"": 1, ""last10_form"": 1, ""season_scoring"": 1, ""travel_km"": 1}"
823714,MLB,2026,regular,2026-04-30,2026-04-30,mlb-tor,mlb-min,final,,,30,31,,,0.35,,,,,1113.6,0.0,3,5.3333,6.3333,3,6.3333,5.3333,7,3,0,0.7,2,8,0,0.2,4.0333,4.6333,30,4.7419,4.7742,31,1,3,3.6667,2.0,1,3,8.0,5.0,1,7,8,6,mlb-min,"{""common_opponents"": 1, ""games_played"": 1, ""head_to_head"": 1, ""home_advantage"": 1, ""last10_form"": 1, ""season_scoring"": 1, ""travel_km"": 1}"
823795,MLB,2026,regular,2026-04-30,2026-04-30,mlb-ari,mlb-mil,final,,,29,29,,,0.35,,,,,0.0,0.0,2,4.0,7.5,2,7.5,4.0,5,5,0,0.5,4,6,0,0.4,4.8276,5.2414,29,5.069,4.1724,29,3,9,5.5556,5.3333,3,9,6.4444,3.8889,1,13,14,12,mlb-mil,"{""common_opponents"": 1, ""games_played"": 1, ""head_to_head"": 1, ""home_advantage"": 1, ""last10_form"": 1, ""season_scoring"": 1, ""travel_km"": 1}"
824524,MLB,2026,regular,2026-04-30,2026-04-30,mlb-col,mlb-cin,final,,,31,30,,,0.35,,,,,0.0,0.0,2,7.5,4.5,2,4.5,7.5,6,4,0,0.6,7,3,0,0.7,4.2903,4.4516,31,4.2333,4.4,30,1,3,2.3333,3.3333,1,4,3.25,4.5,4,6,10,2,mlb-cin,"{""common_opponents"": 1, ""games_played"": 1, ""head_to_head"": 1, ""home_advantage"": 1, ""last10_form"": 1, ""season_scoring"": 1, ""travel_km"": 1}"
824848,MLB,2026,regular,2026-04-30,2026-04-30,mlb-hou,mlb-bal,final,,,30,29,,,0.35,,,,,0.0,0.0,1,3.0,5.0,1,5.0,3.0,3,7,0,0.3,5,5,0,0.5,5.1333,5.9667,30,4.4828,4.931,29,2,6,6.5,2.8333,2,7,4.0,6.4286,3,10,13,7,mlb-bal,"{""common_opponents"": 1, ""games_played"": 1, ""head_to_head"": 1, ""home_advantage"": 1, ""last10_form"": 1, ""season_scoring"": 1, ""travel_km"": 1}"
824850,MLB,2026,regular,2026-04-30,2026-04-30,mlb-hou,mlb-bal,postponed,,,30,29,,,0.35,,,,,0.0,0.0,1,3.0,5.0,1,5.0,3.0,3,7,0,0.3,5,5,0,0.5,5.1333,5.9667,30,4.4828,4.931,29,2,6,6.5,2.8333,2,7,4.0,6.4286,11,5,16,-6,mlb-hou,"{""common_opponents"": 1, ""games_played"": 1, ""head_to_head"": 1, ""home_advantage"": 1, ""last10_form"": 1, ""season_scoring"": 1, ""travel_km"": 1}"
824850,MLB,2026,regular,2026-04-30,2026-04-30,mlb-hou,mlb-bal,final,,,30,29,,,0.35,,,,,0.0,0.0,1,3.0,5.0,1,5.0,3.0,3,7,0,0.3,5,5,0,0.5,5.1333,5.9667,30,4.4828,4.931,29,2,6,6.5,2.8333,2,7,4.0,6.4286,11,5,16,-6,mlb-hou,"{""common_opponents"": 1, ""games_played"": 1, ""head_to_head"": 1, ""home_advantage"": 1, ""last10_form"": 1, ""season_scoring"": 1, ""travel_km"": 1}"
824929,MLB,2026,regular,2026-04-30,2026-04-30,mlb-det,mlb-atl,final,,,31,31,,,0.35,,,,,0.0,0.0,2,2.5,4.5,2,4.5,2.5,4,6,0,0.4,8,2,0,0.8,4.4194,4.2258,31,5.6452,3.4194,31,3,9,4.5556,3.4444,3,10,5.4,3.4,5,2,7,-3,mlb-det,"{""common_opponents"": 1, ""games_played"": 1, ""head_to_head"": 1, ""home_advantage"": 1, ""last10_form"": 1, ""season_scoring"": 1, ""travel_km"": 1}"
825016,MLB,2026,regular,2026-04-30,2026-04-30,mlb-kc,mlb-ath,final,,,30,30,,,0.35,,,,,0.0,0.0,2,3.0,3.0,2,3.0,3.0,5,5,0,0.5,6,4,0,0.6,4.1,4.7333,30,4.1667,4.4333,30,3,10,2.1,4.5,3,9,2.8889,4.4444,3,6,9,3,mlb-ath,"{""common_opponents"": 1, ""games_played"": 1, ""head_to_head"": 1, ""home_advantage"": 1, ""last10_form"": 1, ""season_scoring"": 1, ""travel_km"": 1}"
822744,MLB,2026,regular,2026-05-01,2026-05-01,mlb-mil,mlb-wsh,final,,,30,32,,,0.35,,,,,1029.1,341.7,3,3.3333,6.0,3,6.0,3.3333,4,6,0,0.4,5,5,0,0.5,5.3333,4.0667,30,5.4688,5.7812,32,2,6,6.1667,3.6667,2,7,4.2857,5.4286,6,1,7,-5,mlb-mil,"{""common_opponents"": 1, ""games_played"": 1, ""head_to_head"": 1, ""home_advantage"": 1, ""last10_form"": 1, ""season_scoring"": 1, ""travel_km"": 1}"
822990,MLB,2026,regular,2026-05-01,2026-05-01,mlb-sf,mlb-tb,final,,,31,30,,,0.35,,,,,1515.0,1529.0,,,,,,,4,6,0,0.4,6,4,0,0.6,3.3548,4.1935,31,4.5667,4.6,30,2,6,1.3333,3.8333,2,6,4.6667,5.0,0,3,3,3,mlb-tb,"{""common_opponents"": 1, ""games_played"": 1, ""head_to_head"": 1, ""home_advantage"": 1, ""last10_form"": 1, ""season_scoring"": 1, ""travel_km"": 1}"
823066,MLB,2026,regular,2026-05-01,2026-05-01,mlb-lad,mlb-stl,final,,,31,31,,,0.35,,,,,2551.8,896.3,,,,,,,5,5,0,0.5,5,5,0,0.5,5.3871,3.2581,31,5.0,5.0968,31,4,12,5.0,3.1667,4,12,4.0833,4.1667,2,7,9,5,mlb-stl,"{""common_opponents"": 1, ""games_played"": 1, ""head_to_head"": 1, ""home_advantage"": 1, ""last10_form"": 1, ""season_scoring"": 1, ""travel_km"": 1}"
823146,MLB,2026,regular,2026-05-01,2026-05-01,mlb-kc,mlb-sea,final,,,31,32,,,0.35,,,,,1004.2,2238.1,,,,,,,5,5,0,0.5,7,3,0,0.7,4.0645,4.7742,31,4.1875,3.9688,32,5,15,4.5333,5.2,5,16,4.0,4.0,7,6,13,-1,mlb-kc,"{""common_opponents"": 1, ""games_played"": 1, ""head_to_head"": 1, ""home_advantage"": 1, ""last10_form"": 1, ""season_scoring"": 1, ""travel_km"": 1}"
823309,MLB,2026,regular,2026-05-01,2026-05-01,mlb-cws,mlb-sd,final,,,31,30,,,0.35,,,,,2785.4,0.0,,,,,,,7,3,0,0.7,6,4,0,0.6,4.1613,4.9355,31,4.6333,4.3667,30,2,6,6.3333,4.6667,2,5,3.8,5.2,8,2,10,-6,mlb-cws,"{""common_opponents"": 1, ""games_played"": 1, ""head_to_head"": 1, ""home_advantage"": 1, ""last10_form"": 1, ""season_scoring"": 1, ""travel_km"": 1}"
823389,MLB,2026,regular,2026-05-01,2026-05-01,mlb-cin,mlb-pit,final,,,31,32,,,0.35,,,,,412.8,0.0,3,2.6667,5.3333,3,5.3333,2.6667,7,3,0,0.7,3,7,0,0.3,4.2903,4.3871,31,4.7812,4.4062,32,2,6,4.6667,2.8333,2,6,4.6667,4.5,1,9,10,8,mlb-pit,"{""common_opponents"": 1, ""games_played"": 1, ""head_to_head"": 1, ""home_advantage"": 1, ""last10_form"": 1, ""season_scoring"": 1, ""travel_km"": 1}"
823557,MLB,2026,regular,2026-05-01,2026-05-01,mlb-bal,mlb-nyy,final,,,31,31,,,0.35,,,,,286.6,2240.7,,,,,,,5,5,0,0.5,8,2,0,0.8,4.6774,5.0645,31,4.9355,3.4194,31,5,15,5.6,5.6667,5,15,5.3333,2.0667,2,7,9,5,mlb-nyy,"{""common_opponents"": 1, ""games_played"": 1, ""head_to_head"": 1, ""home_advantage"": 1, ""last10_form"": 1, ""season_scoring"": 1, ""travel_km"": 1}"
823713,MLB,2026,regular,2026-05-01,2026-05-01,mlb-tor,mlb-min,final,,,31,32,,,0.35,,,,,0.0,0.0,4,4.25,6.5,4,6.5,4.25,6,4,0,0.6,3,7,0,0.3,3.9355,4.7097,31,4.8125,4.6562,32,1,3,3.6667,2.0,1,3,8.0,5.0,7,3,10,-4,mlb-tor,"{""common_opponents"": 1, ""games_played"": 1, ""head_to_head"": 1, ""home_advantage"": 1, ""last10_form"": 1, ""season_scoring"": 1, ""travel_km"": 1}"
823877,MLB,2026,regular,2026-05-01,2026-05-01,mlb-phi,mlb-mia,final,,,31,31,,,0.35,,,,,1639.6,3755.3,,,,,,,4,6,0,0.4,6,4,0,0.6,3.8065,5.2581,31,4.3548,4.3226,31,3,15,3.4,4.0,3,9,4.6667,4.3333,6,5,11,-1,mlb-phi,"{""common_opponents"": 1, ""games_played"": 1, ""head_to_head"": 1, ""home_advantage"": 1, ""last10_form"": 1, ""season_scoring"": 1, ""travel_km"": 1}"
824041,MLB,2026,regular,2026-05-01,2026-05-01,mlb-nym,mlb-laa,final,,,31,32,,,0.35,,,,,3930.1,2786.2,,,,,,,3,7,0,0.3,1,9,0,0.1,3.4194,4.5484,31,4.6875,5.0312,32,1,3,2.3333,6.0,1,3,2.0,4.3333,4,3,7,-1,mlb-nym,"{""common_opponents"": 1, ""games_played"": 1, ""head_to_head"": 1, ""home_advantage"": 1, ""last10_form"": 1, ""season_scoring"": 1, ""travel_km"": 1}"
824287,MLB,2026,regular,2026-05-01,2026-05-01,mlb-tex,mlb-det,final,,,31,32,,,0.35,,,,,1629.7,947.5,,,,,,,4,6,0,0.4,4,6,0,0.4,3.871,3.6129,31,4.4375,4.1562,32,1,3,1.3333,3.0,1,3,6.0,7.0,5,4,9,-1,mlb-tex,"{""common_opponents"": 1, ""games_played"": 1, ""head_to_head"": 1, ""home_advantage"": 1, ""last10_form"": 1, ""season_scoring"": 1, ""travel_km"": 1}"
824366,MLB,2026,regular,2026-05-01,2026-05-01,mlb-atl,mlb-col,final,,,32,32,,,0.35,,,,,1934.6,1757.4,,,,,,,7,3,0,0.7,5,5,0,0.5,5.5312,3.4688,32,4.2812,4.5,32,2,9,5.3333,3.7778,2,6,2.1667,3.8333,8,6,14,-2,mlb-atl,"{""common_opponents"": 1, ""games_played"": 1, ""head_to_head"": 1, ""home_advantage"": 1, ""last10_form"": 1, ""season_scoring"": 1, ""travel_km"": 1}"
824686,MLB,2026,regular,2026-05-01,2026-05-01,mlb-ari,mlb-chc,final,,,30,31,,,0.35,,,,,122.8,2786.3,,,,,,,4,6,0,0.4,7,3,0,0.7,4.7,5.5,30,5.4516,4.3226,31,4,11,4.8182,4.2727,4,16,6.4375,4.875,5,6,11,1,mlb-chc,"{""common_opponents"": 1, ""games_played"": 1, ""head_to_head"": 1, ""home_advantage"": 1, ""last10_form"": 1, ""season_scoring"": 1, ""travel_km"": 1}"
824772,MLB,2026,regular,2026-05-01,2026-05-01,mlb-hou,mlb-bos,final,,,32,31,,,0.35,,,,,576.1,689.3,3,7.6667,2.3333,3,2.3333,7.6667,4,6,0,0.4,4,6,0,0.4,5.25,6.0625,32,3.9677,4.4839,31,3,9,5.0,7.4444,3,9,5.1111,3.6667,1,3,4,2,mlb-bos,"{""common_opponents"": 1, ""games_played"": 1, ""head_to_head"": 1, ""home_advantage"": 1, ""last10_form"": 1, ""season_scoring"": 1, ""travel_km"": 1}"
825012,MLB,2026,regular,2026-05-01,2026-05-01,mlb-cle,mlb-ath,final,,,32,31,,,0.35,,,,,3376.1,0.0,,,,,,,4,6,0,0.4,6,4,0,0.6,3.8438,4.0938,32,4.2258,4.3871,31,5,16,3.875,5.25,5,15,4.4667,4.8,8,5,13,-3,mlb-cle,"{""common_opponents"": 1, ""games_played"": 1, ""head_to_head"": 1, ""home_advantage"": 1, ""last10_form"": 1, ""season_scoring"": 1, ""travel_km"": 1}"
822746,MLB,2026,regular,2026-05-02,2026-05-02,mlb-mil,mlb-wsh,final,,,31,33,,,0.35,,,,,0.0,0.0,4,4.0,4.75,4,4.75,4.0,5,5,0,0.5,5,5,0,0.5,5.3548,3.9677,31,5.3333,5.7879,33,2,6,6.1667,3.6667,2,7,4.2857,5.4286,4,1,5,-3,mlb-mil,"{""common_opponents"": 1, ""games_played"": 1, ""head_to_head"": 1, ""home_advantage"": 1, ""last10_form"": 1, ""season_scoring"": 1, ""travel_km"": 1}"
822988,MLB,2026,regular,2026-05-02,2026-05-02,mlb-sf,mlb-tb,final,,,32,31,,,0.35,,,,,0.0,0.0,1,0.0,3.0,1,3.0,0.0,4,6,0,0.4,7,3,0,0.7,3.25,4.1562,32,4.5161,4.4516,31,2,6,1.3333,3.8333,2,6,4.6667,5.0,1,5,6,4,mlb-tb,"{""common_opponents"": 1, ""games_played"": 1, ""head_to_head"": 1, ""home_advantage"": 1, ""last10_form"": 1, ""season_scoring"": 1, ""travel_km"": 1}"
823067,MLB,2026,regular,2026-05-02,2026-05-02,mlb-lad,mlb-stl,final,,,32,32,,,0.35,,,,,0.0,0.0,1,2.0,7.0,1,7.0,2.0,4,6,0,0.4,6,4,0,0.6,5.2812,3.375,32,5.0625,5.0,32,4,12,5.0,3.1667,4,12,4.0833,4.1667,2,3,5,1,mlb-stl,"{""common_opponents"": 1, ""games_played"": 1, ""head_to_head"": 1, ""home_advantage"": 1, ""last10_form"": 1, ""season_scoring"": 1, ""travel_km"": 1}"
823144,MLB,2026,regular,2026-05-02,2026-05-02,mlb-kc,mlb-sea,final,,,32,33,,,0.35,,,,,0.0,0.0,1,7.0,6.0,1,6.0,7.0,6,4,0,0.6,6,4,0,0.6,4.1562,4.8125,32,4.2424,4.0606,33,5,15,4.5333,5.2,5,16,4.0,4.0,3,2,5,-1,mlb-kc,"{""common_opponents"": 1, ""games_played"": 1, ""head_to_head"": 1, ""home_advantage"": 1, ""last10_form"": 1, ""season_scoring"": 1, ""travel_km"": 1}"
823308,MLB,2026,regular,2026-05-02,2026-05-02,mlb-cws,mlb-sd,final,,,32,31,,,0.35,,,,,0.0,0.0,1,8.0,2.0,1,2.0,8.0,7,3,0,0.7,5,5,0,0.5,4.2812,4.8438,32,4.5484,4.4839,31,2,6,6.3333,4.6667,2,5,3.8,5.2,4,0,4,-4,mlb-cws,"{""common_opponents"": 1, ""games_played"": 1, ""head_to_head"": 1, ""home_advantage"": 1, ""last10_form"": 1, ""season_scoring"": 1, ""travel_km"": 1}"
823388,MLB,2026,regular,2026-05-02,2026-05-02,mlb-cin,mlb-pit,final,,,32,33,,,0.35,,,,,0.0,0.0,4,2.25,6.25,4,6.25,2.25,6,4,0,0.6,4,6,0,0.4,4.1875,4.5312,32,4.9091,4.303,33,2,6,4.6667,2.8333,2,6,4.6667,4.5,7,17,24,10,mlb-pit,"{""common_opponents"": 1, ""games_played"": 1, ""head_to_head"": 1, ""home_advantage"": 1, ""last10_form"": 1, ""season_scoring"": 1, ""travel_km"": 1}"
823554,MLB,2026,regular,2026-05-02,2026-05-02,mlb-bal,mlb-nyy,final,,,32,32,,,0.35,,,,,0.0,0.0,1,2.0,7.0,1,7.0,2.0,5,5,0,0.5,8,2,0,0.8,4.5938,5.125,32,5.0,3.375,32,5,15,5.6,5.6667,5,15,5.3333,2.0667,4,9,13,5,mlb-nyy,"{""common_opponents"": 1, ""games_played"": 1, ""head_to_head"": 1, ""home_advantage"": 1, ""last10_form"": 1, ""season_scoring"": 1, ""travel_km"": 1}"
823715,MLB,2026,regular,2026-05-02,2026-05-02,mlb-tor,mlb-min,final,,,32,33,,,0.35,,,,,0.0,0.0,5,4.8,5.8,5,5.8,4.8,6,4,0,0.6,2,8,0,0.2,4.0312,4.6562,32,4.7576,4.7273,33,1,3,3.6667,2.0,1,3,8.0,5.0,11,4,15,-7,mlb-tor,"{""common_opponents"": 1, ""games_played"": 1, ""head_to_head"": 1, ""home_advantage"": 1, ""last10_form"": 1, ""season_scoring"": 1, ""travel_km"": 1}"
823876,MLB,2026,regular,2026-05-02,2026-05-02,mlb-phi,mlb-mia,final,,,32,32,,,0.35,,,,,0.0,0.0,1,6.0,5.0,1,5.0,6.0,5,5,0,0.5,5,5,0,0.5,3.875,5.25,32,4.375,4.375,32,3,15,3.4,4.0,3,9,4.6667,4.3333,0,4,4,4,mlb-mia,"{""common_opponents"": 1, ""games_played"": 1, ""head_to_head"": 1, ""home_advantage"": 1, ""last10_form"": 1, ""season_scoring"": 1, ""travel_km"": 1}"
824042,MLB,2026,regular,2026-05-02,2026-05-02,mlb-nym,mlb-laa,final,,,32,33,,,0.35,,,,,0.0,0.0,1,4.0,3.0,1,3.0,4.0,4,6,0,0.4,1,9,0,0.1,3.4375,4.5,32,4.6364,5.0,33,1,3,2.3333,6.0,1,3,2.0,4.3333,3,4,7,1,mlb-laa,"{""common_opponents"": 1, ""games_played"": 1, ""head_to_head"": 1, ""home_advantage"": 1, ""last10_form"": 1, ""season_scoring"": 1, ""travel_km"": 1}"
824284,MLB,2026,regular,2026-05-02,2026-05-02,mlb-tex,mlb-det,final,,,32,33,,,0.35,,,,,0.0,0.0,1,5.0,4.0,1,4.0,5.0,5,5,0,0.5,4,6,0,0.4,3.9062,3.625,32,4.4242,4.1818,33,1,3,1.3333,3.0,1,3,6.0,7.0,1,5,6,4,mlb-det,"{""common_opponents"": 1, ""games_played"": 1, ""head_to_head"": 1, ""home_advantage"": 1, ""last10_form"": 1, ""season_scoring"": 1, ""travel_km"": 1}"
824365,MLB,2026,regular,2026-05-02,2026-05-02,mlb-atl,mlb-col,final,,,33,33,,,0.35,,,,,0.0,0.0,1,8.0,6.0,1,6.0,8.0,7,3,0,0.7,5,5,0,0.5,5.6061,3.5455,33,4.3333,4.6061,33,2,9,5.3333,3.7778,2,6,2.1667,3.8333,9,1,10,-8,mlb-atl,"{""common_opponents"": 1, ""games_played"": 1, ""head_to_head"": 1, ""home_advantage"": 1, ""last10_form"": 1, ""season_scoring"": 1, ""travel_km"": 1}"
824685,MLB,2026,regular,2026-05-02,2026-05-02,mlb-ari,mlb-chc,final,,,31,32,,,0.35,,,,,0.0,0.0,1,5.0,6.0,1,6.0,5.0,3,7,0,0.3,7,3,0,0.7,4.7097,5.5161,31,5.4688,4.3438,32,4,11,4.8182,4.2727,4,16,6.4375,4.875,0,2,2,2,mlb-chc,"{""common_opponents"": 1, ""games_played"": 1, ""head_to_head"": 1, ""home_advantage"": 1, ""last10_form"": 1, ""season_scoring"": 1, ""travel_km"": 1}"
824771,MLB,2026,regular,2026-05-02,2026-05-02,mlb-hou,mlb-bos,final,,,33,32,,,0.35,,,,,0.0,0.0,4,6.0,2.5,4,2.5,6.0,4,6,0,0.4,4,6,0,0.4,5.1212,5.9697,33,3.9375,4.375,32,3,9,5.0,7.4444,3,9,5.1111,3.6667,6,3,9,-3,mlb-hou,"{""common_opponents"": 1, ""games_played"": 1, ""head_to_head"": 1, ""home_advantage"": 1, ""last10_form"": 1, ""season_scoring"": 1, ""travel_km"": 1}"
825014,MLB,2026,regular,2026-05-02,2026-05-02,mlb-cle,mlb-ath,final,,,33,32,,,0.35,,,,,0.0,0.0,1,8.0,5.0,1,5.0,8.0,4,6,0,0.4,6,4,0,0.6,3.9697,4.1212,33,4.25,4.5,32,5,16,3.875,5.25,5,15,4.4667,4.8,14,6,20,-8,mlb-cle,"{""common_opponents"": 1, ""games_played"": 1, ""head_to_head"": 1, ""home_advantage"": 1, ""last10_form"": 1, ""season_scoring"": 1, ""travel_km"": 1}"
822742,MLB,2026,regular,2026-05-03,2026-05-03,mlb-mil,mlb-wsh,final,,,32,34,,,0.35,,,,,0.0,0.0,5,4.0,4.0,5,4.0,4.0,5,5,0,0.5,4,6,0,0.4,5.3125,3.875,32,5.2059,5.7353,34,2,6,6.1667,3.6667,2,7,4.2857,5.4286,2,3,5,1,mlb-wsh,"{""common_opponents"": 1, ""games_played"": 1, ""head_to_head"": 1, ""home_advantage"": 1, ""last10_form"": 1, ""season_scoring"": 1, ""travel_km"": 1}"
822987,MLB,2026,regular,2026-05-03,2026-05-03,mlb-sf,mlb-tb,final,,,33,32,,,0.35,,,,,0.0,0.0,2,0.5,4.0,2,4.0,0.5,3,7,0,0.3,8,2,0,0.8,3.1818,4.1818,33,4.5312,4.3438,32,2,6,1.3333,3.8333,2,6,4.6667,5.0,1,2,3,1,mlb-tb,"{""common_opponents"": 1, ""games_played"": 1, ""head_to_head"": 1, ""home_advantage"": 1, ""last10_form"": 1, ""season_scoring"": 1, ""travel_km"": 1}"
823065,MLB,2026,regular,2026-05-03,2026-05-03,mlb-lad,mlb-stl,final,,,33,33,,,0.35,,,,,0.0,0.0,2,2.0,5.0,2,5.0,2.0,4,6,0,0.4,6,4,0,0.6,5.1818,3.3636,33,5.0,4.9091,33,4,12,5.0,3.1667,4,12,4.0833,4.1667,4,1,5,-3,mlb-lad,"{""common_opponents"": 1, ""games_played"": 1, ""head_to_head"": 1, ""home_advantage"": 1, ""last10_form"": 1, ""season_scoring"": 1, ""travel_km"": 1}"
823145,MLB,2026,regular,2026-05-03,2026-05-03,mlb-kc,mlb-sea,final,,,33,34,,,0.35,,,,,0.0,0.0,2,5.0,4.0,2,4.0,5.0,7,3,0,0.7,6,4,0,0.6,4.1212,4.7273,33,4.1765,4.0294,34,5,15,4.5333,5.2,5,16,4.0,4.0,4,1,5,-3,mlb-kc,"{""common_opponents"": 1, ""games_played"": 1, ""head_to_head"": 1, ""home_advantage"": 1, ""last10_form"": 1, ""season_scoring"": 1, ""travel_km"": 1}"
823307,MLB,2026,regular,2026-05-03,2026-05-03,mlb-cws,mlb-sd,final,,,33,32,,,0.35,,,,,0.0,0.0,2,6.0,1.0,2,1.0,6.0,7,3,0,0.7,4,6,0,0.4,4.2727,4.697,33,4.4062,4.4688,32,2,6,6.3333,4.6667,2,5,3.8,5.2,3,4,7,1,mlb-sd,"{""common_opponents"": 1, ""games_played"": 1, ""head_to_head"": 1, ""home_advantage"": 1, ""last10_form"": 1, ""season_scoring"": 1, ""travel_km"": 1}"
823387,MLB,2026,regular,2026-05-03,2026-05-03,mlb-cin,mlb-pit,final,,,33,34,,,0.35,,,,,0.0,0.0,5,3.2,8.4,5,8.4,3.2,5,5,0,0.5,4,6,0,0.4,4.2727,4.9091,33,5.2647,4.3824,34,2,6,4.6667,2.8333,2,6,4.6667,4.5,0,1,1,1,mlb-pit,"{""common_opponents"": 1, ""games_played"": 1, ""head_to_head"": 1, ""home_advantage"": 1, ""last10_form"": 1, ""season_scoring"": 1, ""travel_km"": 1}"
823555,MLB,2026,regular,2026-05-03,2026-05-03,mlb-bal,mlb-nyy,final,,,33,33,,,0.35,,,,,0.0,0.0,2,3.0,8.0,2,8.0,3.0,4,6,0,0.4,8,2,0,0.8,4.5758,5.2424,33,5.1212,3.3939,33,5,15,5.6,5.6667,5,15,5.3333,2.0667,3,11,14,8,mlb-nyy,"{""common_opponents"": 1, ""games_played"": 1, ""head_to_head"": 1, ""home_advantage"": 1, ""last10_form"": 1, ""season_scoring"": 1, ""travel_km"": 1}"
823711,MLB,2026,regular,2026-05-03,2026-05-03,mlb-tor,mlb-min,final,,,33,34,,,0.35,,,,,0.0,0.0,6,5.8333,5.5,6,5.5,5.8333,6,4,0,0.6,2,8,0,0.2,4.2424,4.6364,33,4.7353,4.9118,34,1,3,3.6667,2.0,1,3,8.0,5.0,3,4,7,1,mlb-min,"{""common_opponents"": 1, ""games_played"": 1, ""head_to_head"": 1, ""home_advantage"": 1, ""last10_form"": 1, ""season_scoring"": 1, ""travel_km"": 1}"
823875,MLB,2026,regular,2026-05-03,2026-05-03,mlb-phi,mlb-mia,final,,,33,33,,,0.35,,,,,0.0,0.0,2,3.0,4.5,2,4.5,3.0,5,5,0,0.5,5,5,0,0.5,3.7576,5.2121,33,4.3636,4.2424,33,3,15,3.4,4.0,3,9,4.6667,4.3333,7,2,9,-5,mlb-phi,"{""common_opponents"": 1, ""games_played"": 1, ""head_to_head"": 1, ""home_advantage"": 1, ""last10_form"": 1, ""season_scoring"": 1, ""travel_km"": 1}"
824043,MLB,2026,regular,2026-05-03,2026-05-03,mlb-nym,mlb-laa,final,,,33,34,,,0.35,,,,,0.0,0.0,2,3.5,3.5,2,3.5,3.5,4,6,0,0.4,2,8,0,0.2,3.4242,4.4848,33,4.6176,4.9412,34,1,3,2.3333,6.0,1,3,2.0,4.3333,5,1,6,-4,mlb-nym,"{""common_opponents"": 1, ""games_played"": 1, ""head_to_head"": 1, ""home_advantage"": 1, ""last10_form"": 1, ""season_scoring"": 1, ""travel_km"": 1}"
824285,MLB,2026,regular,2026-05-03,2026-05-03,mlb-tex,mlb-det,final,,,33,34,,,0.35,,,,,0.0,0.0,2,3.0,4.5,2,4.5,3.0,4,6,0,0.4,5,5,0,0.5,3.8182,3.6667,33,4.4412,4.0882,34,1,3,1.3333,3.0,1,3,6.0,7.0,1,7,8,6,mlb-det,"{""common_opponents"": 1, ""games_played"": 1, ""head_to_head"": 1, ""home_advantage"": 1, ""last10_form"": 1, ""season_scoring"": 1, ""travel_km"": 1}"
824364,MLB,2026,regular,2026-05-03,2026-05-03,mlb-atl,mlb-col,final,,,34,34,,,0.35,,,,,0.0,0.0,2,8.5,3.5,2,3.5,8.5,8,2,0,0.8,5,5,0,0.5,5.7059,3.4706,34,4.2353,4.7353,34,2,9,5.3333,3.7778,2,6,2.1667,3.8333,11,6,17,-5,mlb-atl,"{""common_opponents"": 1, ""games_played"": 1, ""head_to_head"": 1, ""home_advantage"": 1, ""last10_form"": 1, ""season_scoring"": 1, ""travel_km"": 1}"
824687,MLB,2026,regular,2026-05-03,2026-05-03,mlb-ari,mlb-chc,final,,,32,33,,,0.35,,,,,0.0,0.0,2,2.5,4.0,2,4.0,2.5,3,7,0,0.3,7,3,0,0.7,4.5625,5.4062,32,5.3636,4.2121,33,4,11,4.8182,4.2727,4,16,6.4375,4.875,4,8,12,4,mlb-chc,"{""common_opponents"": 1, ""games_played"": 1, ""head_to_head"": 1, ""home_advantage"": 1, ""last10_form"": 1, ""season_scoring"": 1, ""travel_km"": 1}"
824769,MLB,2026,regular,2026-05-03,2026-05-03,mlb-hou,mlb-bos,final,,,34,33,,,0.35,,,,,0.0,0.0,5,6.0,2.6,5,2.6,6.0,4,6,0,0.4,4,6,0,0.4,5.1471,5.8824,34,3.9091,4.4242,33,3,9,5.0,7.4444,3,9,5.1111,3.6667,3,1,4,-2,mlb-hou,"{""common_opponents"": 1, ""games_played"": 1, ""head_to_head"": 1, ""home_advantage"": 1, ""last10_form"": 1, ""season_scoring"": 1, ""travel_km"": 1}"
825013,MLB,2026,regular,2026-05-03,2026-05-03,mlb-cle,mlb-ath,final,,,34,33,,,0.35,,,,,0.0,0.0,2,11.0,5.5,2,5.5,11.0,5,5,0,0.5,5,5,0,0.5,4.2647,4.1765,34,4.303,4.7879,33,5,16,3.875,5.25,5,15,4.4667,4.8,1,7,8,6,mlb-ath,"{""common_opponents"": 1, ""games_played"": 1, ""head_to_head"": 1, ""home_advantage"": 1, ""last10_form"": 1, ""season_scoring"": 1, ""travel_km"": 1}"
822984,MLB,2026,regular,2026-05-04,2026-05-04,mlb-tor,mlb-tb,final,,,34,33,,,0.35,,,,,2132.9,0.0,,,,,,,6,4,0,0.6,9,1,0,0.9,4.2059,4.6176,34,4.4545,4.2424,33,4,16,4.4375,4.6875,4,15,4.2667,3.2667,1,5,6,4,mlb-tb,"{""common_opponents"": 1, ""games_played"": 1, ""head_to_head"": 1, ""home_advantage"": 1, ""last10_form"": 1, ""season_scoring"": 1, ""travel_km"": 1}"
823064,MLB,2026,regular,2026-05-04,2026-05-04,mlb-mil,mlb-stl,final,,,33,34,,,0.35,,,,,1142.8,0.0,,,,,,,5,5,0,0.5,6,4,0,0.6,5.2121,3.8485,33,4.8824,4.8824,34,6,21,4.2381,3.9048,6,19,5.1579,5.5263,3,6,9,3,mlb-stl,"{""common_opponents"": 1, ""games_played"": 1, ""head_to_head"": 1, ""home_advantage"": 1, ""last10_form"": 1, ""season_scoring"": 1, ""travel_km"": 1}"
823143,MLB,2026,regular,2026-05-04,2026-05-04,mlb-atl,mlb-sea,final,,,35,35,,,0.35,,,,,1638.6,0.0,,,,,,,8,2,0,0.8,6,4,0,0.6,5.8571,3.5429,35,4.0857,4.0286,35,4,12,5.4167,2.8333,4,13,4.0,4.0,4,5,9,1,mlb-sea,"{""common_opponents"": 1, ""games_played"": 1, ""head_to_head"": 1, ""home_advantage"": 1, ""last10_form"": 1, ""season_scoring"": 1, ""travel_km"": 1}"
823228,MLB,2026,regular,2026-05-04,2026-05-04,mlb-sd,mlb-sf,final,,,33,34,,,0.35,,,,,737.1,3846.4,3,4.0,4.3333,3,4.3333,4.0,4,6,0,0.4,2,8,0,0.2,4.3939,4.4242,33,3.1176,4.1176,34,,,,,,,,,2,3,5,1,mlb-sf,"{""common_opponents"": 1, ""games_played"": 1, ""head_to_head"": 1, ""home_advantage"": 1, ""last10_form"": 1, ""season_scoring"": 1, ""travel_km"": 1}"
823552,MLB,2026,regular,2026-05-04,2026-05-04,mlb-bal,mlb-nyy,final,,,34,34,,,0.35,,,,,0.0,0.0,3,3.0,9.0,3,9.0,3.0,4,6,0,0.4,8,2,0,0.8,4.5294,5.4118,34,5.2941,3.3824,34,5,15,5.6,5.6667,5,15,5.3333,2.0667,1,12,13,11,mlb-nyy,"{""common_opponents"": 1, ""games_played"": 1, ""head_to_head"": 1, ""home_advantage"": 1, ""last10_form"": 1, ""season_scoring"": 1, ""travel_km"": 1}"
823874,MLB,2026,regular,2026-05-04,2026-05-04,mlb-phi,mlb-mia,final,,,34,34,,,0.35,,,,,0.0,0.0,3,4.3333,3.6667,3,3.6667,4.3333,6,4,0,0.6,5,5,0,0.5,3.8529,5.1176,34,4.2941,4.3235,34,3,15,3.4,4.0,3,9,4.6667,4.3333,1,0,1,-1,mlb-phi,"{""common_opponents"": 1, ""games_played"": 1, ""head_to_head"": 1, ""home_advantage"": 1, ""last10_form"": 1, ""season_scoring"": 1, ""travel_km"": 1}"
824039,MLB,2026,regular,2026-05-04,2026-05-04,mlb-cws,mlb-laa,final,,,34,35,,,0.35,,,,,139.0,0.0,3,5.3333,3.6667,3,3.6667,5.3333,7,3,0,0.7,2,8,0,0.2,4.2353,4.6765,34,4.5143,4.9429,35,3,10,3.7,2.2,3,9,3.7778,5.2222,6,0,6,-6,mlb-cws,"{""common_opponents"": 1, ""games_played"": 1, ""head_to_head"": 1, ""home_advantage"": 1, ""last10_form"": 1, ""season_scoring"": 1, ""travel_km"": 1}"
824120,MLB,2026,regular,2026-05-04,2026-05-04,mlb-cle,mlb-kc,final,,,35,34,,,0.35,,,,,2334.0,2428.2,3,4.6667,2.3333,3,2.3333,4.6667,4,6,0,0.4,7,3,0,0.7,4.1714,4.2571,35,4.1176,4.6176,34,4,14,4.8571,5.5714,4,12,3.8333,4.5,2,6,8,4,mlb-kc,"{""common_opponents"": 1, ""games_played"": 1, ""head_to_head"": 1, ""home_advantage"": 1, ""last10_form"": 1, ""season_scoring"": 1, ""travel_km"": 1}"
824201,MLB,2026,regular,2026-05-04,2026-05-04,mlb-lad,mlb-hou,final,,,34,35,,,0.35,,,,,1093.7,2577.0,,,,,,,5,5,0,0.5,5,5,0,0.5,5.1471,3.2941,34,5.0857,5.7429,35,3,10,4.3,3.7,3,12,4.25,5.5,8,3,11,-5,mlb-lad,"{""common_opponents"": 1, ""games_played"": 1, ""head_to_head"": 1, ""home_advantage"": 1, ""last10_form"": 1, ""season_scoring"": 1, ""travel_km"": 1}"
824283,MLB,2026,regular,2026-05-04,2026-05-04,mlb-bos,mlb-det,final,,,34,35,,,0.35,,,,,981.4,0.0,4,3.0,4.0,4,4.0,3.0,4,6,0,0.4,5,5,0,0.5,3.8235,4.3824,34,4.5143,4.0,35,5,15,4.6667,4.2,5,16,4.6875,4.9375,5,4,9,-1,mlb-bos,"{""common_opponents"": 1, ""games_played"": 1, ""head_to_head"": 1, ""home_advantage"": 1, ""last10_form"": 1, ""season_scoring"": 1, ""travel_km"": 1}"
824363,MLB,2026,regular,2026-05-04,2026-05-04,mlb-nym,mlb-col,final,,,34,35,,,0.35,,,,,1323.3,0.0,3,1.3333,3.3333,3,3.3333,1.3333,4,6,0,0.4,4,6,0,0.4,3.4706,4.3824,34,4.2857,4.9143,35,1,3,1.0,4.6667,1,4,4.25,7.0,4,2,6,-2,mlb-nym,"{""common_opponents"": 1, ""games_played"": 1, ""head_to_head"": 1, ""home_advantage"": 1, ""last10_form"": 1, ""season_scoring"": 1, ""travel_km"": 1}"
824684,MLB,2026,regular,2026-05-04,2026-05-04,mlb-cin,mlb-chc,final,,,34,34,,,0.35,,,,,661.2,0.0,,,,,,,4,6,0,0.4,7,3,0,0.7,4.1471,4.7941,34,5.4412,4.2059,34,3,12,4.1667,6.5,3,9,4.6667,3.1111,4,5,9,1,mlb-chc,"{""common_opponents"": 1, ""games_played"": 1, ""head_to_head"": 1, ""home_advantage"": 1, ""last10_form"": 1, ""season_scoring"": 1, ""travel_km"": 1}"
822743,MLB,2026,regular,2026-05-05,2026-05-05,mlb-min,mlb-wsh,final,,,35,35,,,0.35,,,,,1503.9,0.0,,,,,,,3,7,0,0.3,5,5,0,0.5,4.7143,4.8571,35,5.1429,5.6286,35,1,3,5.0,5.3333,1,3,6.3333,4.6667,11,3,14,-8,mlb-min,"{""common_opponents"": 1, ""games_played"": 1, ""head_to_head"": 1, ""home_advantage"": 1, ""last10_form"": 1, ""season_scoring"": 1, ""travel_km"": 1}"
822986,MLB,2026,regular,2026-05-05,2026-05-05,mlb-tor,mlb-tb,final,,,35,34,,,0.35,,,,,0.0,0.0,1,1.0,5.0,1,5.0,1.0,6,4,0,0.6,9,1,0,0.9,4.1143,4.6286,35,4.4706,4.1471,34,4,16,4.4375,4.6875,4,15,4.2667,3.2667,3,4,7,1,mlb-tb,"{""common_opponents"": 1, ""games_played"": 1, ""head_to_head"": 1, ""home_advantage"": 1, ""last10_form"": 1, ""season_scoring"": 1, ""travel_km"": 1}"
823142,MLB,2026,regular,2026-05-05,2026-05-05,mlb-atl,mlb-sea,final,,,36,36,,,0.35,,,,,0.0,0.0,1,4.0,5.0,1,5.0,4.0,7,3,0,0.7,6,4,0,0.6,5.8056,3.5833,36,4.1111,4.0278,36,4,12,5.4167,2.8333,4,13,4.0,4.0,3,2,5,-1,mlb-atl,"{""common_opponents"": 1, ""games_played"": 1, ""head_to_head"": 1, ""home_advantage"": 1, ""last10_form"": 1, ""season_scoring"": 1, ""travel_km"": 1}"
823227,MLB,2026,regular,2026-05-05,2026-05-05,mlb-sd,mlb-sf,final,,,34,35,,,0.35,,,,,0.0,0.0,4,3.5,4.0,4,4.0,3.5,4,6,0,0.4,3,7,0,0.3,4.3235,4.3824,34,3.1143,4.0571,35,,,,,,,,,10,5,15,-5,mlb-sd,"{""common_opponents"": 1, ""games_played"": 1, ""head_to_head"": 1, ""home_advantage"": 1, ""last10_form"": 1, ""season_scoring"": 1, ""travel_km"": 1}"
823469,MLB,2026,regular,2026-05-05,2026-05-05,mlb-ath,mlb-phi,final,,,34,35,,,0.35,,,,,3948.6,1639.6,,,,,,,5,5,0,0.5,7,3,0,0.7,4.3824,4.6765,34,3.7714,4.9714,35,2,10,3.4,4.0,2,9,3.1111,5.3333,1,9,10,8,mlb-phi,"{""common_opponents"": 1, ""games_played"": 1, ""head_to_head"": 1, ""home_advantage"": 1, ""last10_form"": 1, ""season_scoring"": 1, ""travel_km"": 1}"
823553,MLB,2026,regular,2026-05-05,2026-05-05,mlb-tex,mlb-nyy,final,,,34,35,,,0.35,,,,,776.6,0.0,3,2.3333,2.3333,3,2.3333,2.3333,4,6,0,0.4,8,2,0,0.8,3.7353,3.7647,34,5.4857,3.3143,35,3,16,3.9375,3.625,3,10,5.7,2.2,4,7,11,3,mlb-nyy,"{""common_opponents"": 1, ""games_played"": 1, ""head_to_head"": 1, ""home_advantage"": 1, ""last10_form"": 1, ""season_scoring"": 1, ""travel_km"": 1}"
823873,MLB,2026,regular,2026-05-05,2026-05-05,mlb-bal,mlb-mia,final,,,35,35,,,0.35,,,,,1771.6,0.0,,,,,,,3,7,0,0.3,4,6,0,0.4,4.4286,5.6,35,4.1714,4.2286,35,3,10,3.6,5.5,3,9,5.8889,5.5556,9,7,16,-2,mlb-bal,"{""common_opponents"": 1, ""games_played"": 1, ""head_to_head"": 1, ""home_advantage"": 1, ""last10_form"": 1, ""season_scoring"": 1, ""travel_km"": 1}"
824040,MLB,2026,regular,2026-05-05,2026-05-05,mlb-cws,mlb-laa,final,,,35,36,,,0.35,,,,,0.0,0.0,4,5.5,2.75,4,2.75,5.5,7,3,0,0.7,1,9,0,0.1,4.2857,4.5429,35,4.3889,4.9722,36,3,10,3.7,2.2,3,9,3.7778,5.2222,3,4,7,1,mlb-laa,"{""common_opponents"": 1, ""games_played"": 1, ""head_to_head"": 1, ""home_advantage"": 1, ""last10_form"": 1, ""season_scoring"": 1, ""travel_km"": 1}"
824119,MLB,2026,regular,2026-05-05,2026-05-05,mlb-cle,mlb-kc,final,,,36,35,,,0.35,,,,,0.0,0.0,4,4.0,3.25,4,3.25,4.0,4,6,0,0.4,8,2,0,0.8,4.1111,4.3056,36,4.1714,4.5429,35,4,14,4.8571,5.5714,4,12,3.8333,4.5,3,5,8,2,mlb-kc,"{""common_opponents"": 1, ""games_played"": 1, ""head_to_head"": 1, ""home_advantage"": 1, ""last10_form"": 1, ""season_scoring"": 1, ""travel_km"": 1}"
824200,MLB,2026,regular,2026-05-05,2026-05-05,mlb-lad,mlb-hou,final,,,35,36,,,0.35,,,,,0.0,0.0,1,8.0,3.0,1,3.0,8.0,5,5,0,0.5,4,6,0,0.4,5.2286,3.2857,35,5.0278,5.8056,36,3,10,4.3,3.7,3,12,4.25,5.5,1,2,3,1,mlb-hou,"{""common_opponents"": 1, ""games_played"": 1, ""head_to_head"": 1, ""home_advantage"": 1, ""last10_form"": 1, ""season_scoring"": 1, ""travel_km"": 1}"
824281,MLB,2026,regular,2026-05-05,2026-05-05,mlb-bos,mlb-det,final,,,35,36,,,0.35,,,,,0.0,0.0,5,3.4,4.0,5,4.0,3.4,5,5,0,0.5,4,6,0,0.4,3.8571,4.3714,35,4.5,4.0278,36,5,15,4.6667,4.2,5,16,4.6875,4.9375,10,3,13,-7,mlb-bos,"{""common_opponents"": 1, ""games_played"": 1, ""head_to_head"": 1, ""home_advantage"": 1, ""last10_form"": 1, ""season_scoring"": 1, ""travel_km"": 1}"
824682,MLB,2026,regular,2026-05-05,2026-05-05,mlb-cin,mlb-chc,final,,,35,35,,,0.35,,,,,0.0,0.0,1,4.0,5.0,1,5.0,4.0,4,6,0,0.4,7,3,0,0.7,4.1429,4.8,35,5.4286,4.2,35,3,12,4.1667,6.5,3,9,4.6667,3.1111,2,3,5,1,mlb-chc,"{""common_opponents"": 1, ""games_played"": 1, ""head_to_head"": 1, ""home_advantage"": 1, ""last10_form"": 1, ""season_scoring"": 1, ""travel_km"": 1}"
825092,MLB,2026,regular,2026-05-05,2026-05-05,mlb-pit,mlb-ari,final,,,35,33,,,0.35,,,,,2935.8,2336.0,,,,,,,5,5,0,0.5,3,7,0,0.3,5.1429,4.2571,35,4.5455,5.4848,33,5,15,4.1333,3.8667,5,14,5.0,5.7857,0,9,9,9,mlb-ari,"{""common_opponents"": 1, ""games_played"": 1, ""head_to_head"": 1, ""home_advantage"": 1, ""last10_form"": 1, ""season_scoring"": 1, ""travel_km"": 1}"
822740,MLB,2026,regular,2026-05-06,2026-05-06,mlb-min,mlb-wsh,final,,,36,36,,,0.35,,,,,0.0,0.0,1,11.0,3.0,1,3.0,11.0,4,6,0,0.4,5,5,0,0.5,4.8889,4.8056,36,5.0833,5.7778,36,1,3,5.0,5.3333,1,3,6.3333,4.6667,2,15,17,13,mlb-wsh,"{""common_opponents"": 1, ""games_played"": 1, ""head_to_head"": 1, ""home_advantage"": 1, ""last10_form"": 1, ""season_scoring"": 1, ""travel_km"": 1}"
822985,MLB,2026,regular,2026-05-06,2026-05-06,mlb-tor,mlb-tb,final,,,36,35,,,0.35,,,,,0.0,0.0,2,2.0,4.5,2,4.5,2.0,5,5,0,0.5,9,1,0,0.9,4.0833,4.6111,36,4.4571,4.1143,35,4,16,4.4375,4.6875,4,15,4.2667,3.2667,0,3,3,3,mlb-tb,"{""common_opponents"": 1, ""games_played"": 1, ""head_to_head"": 1, ""home_advantage"": 1, ""last10_form"": 1, ""season_scoring"": 1, ""travel_km"": 1}"
823063,MLB,2026,regular,2026-05-06,2026-05-06,mlb-mil,mlb-stl,final,,,34,35,,,0.35,,,,,0.0,0.0,1,3.0,6.0,1,6.0,3.0,5,5,0,0.5,7,3,0,0.7,5.1471,3.9118,34,4.9143,4.8286,35,6,21,4.2381,3.9048,6,19,5.1579,5.5263,6,2,8,-4,mlb-mil,"{""common_opponents"": 1, ""games_played"": 1, ""head_to_head"": 1, ""home_advantage"": 1, ""last10_form"": 1, ""season_scoring"": 1, ""travel_km"": 1}"
823141,MLB,2026,regular,2026-05-06,2026-05-06,mlb-atl,mlb-sea,final,,,37,37,,,0.35,,,,,0.0,0.0,2,3.5,3.5,2,3.5,3.5,7,3,0,0.7,5,5,0,0.5,5.7297,3.5405,37,4.0541,4.0,37,4,12,5.4167,2.8333,4,13,4.0,4.0,1,3,4,2,mlb-sea,"{""common_opponents"": 1, ""games_played"": 1, ""head_to_head"": 1, ""home_advantage"": 1, ""last10_form"": 1, ""season_scoring"": 1, ""travel_km"": 1}"
823226,MLB,2026,regular,2026-05-06,2026-05-06,mlb-sd,mlb-sf,final,,,35,36,,,0.35,,,,,0.0,0.0,5,4.8,4.2,5,4.2,4.8,4,6,0,0.4,3,7,0,0.3,4.4857,4.4,35,3.1667,4.2222,36,,,,,,,,,5,1,6,-4,mlb-sd,"{""common_opponents"": 1, ""games_played"": 1, ""head_to_head"": 1, ""home_advantage"": 1, ""last10_form"": 1, ""season_scoring"": 1, ""travel_km"": 1}"
823470,MLB,2026,regular,2026-05-06,2026-05-06,mlb-ath,mlb-phi,final,,,35,36,,,0.35,,,,,0.0,0.0,1,1.0,9.0,1,9.0,1.0,5,5,0,0.5,8,2,0,0.8,4.2857,4.8,35,3.9167,4.8611,36,2,10,3.4,4.0,2,9,3.1111,5.3333,3,6,9,3,mlb-phi,"{""common_opponents"": 1, ""games_played"": 1, ""head_to_head"": 1, ""home_advantage"": 1, ""last10_form"": 1, ""season_scoring"": 1, ""travel_km"": 1}"
823550,MLB,2026,regular,2026-05-06,2026-05-06,mlb-tex,mlb-nyy,final,,,35,36,,,0.35,,,,,0.0,0.0,4,2.75,3.5,4,3.5,2.75,3,7,0,0.3,8,2,0,0.8,3.7429,3.8571,35,5.5278,3.3333,36,3,16,3.9375,3.625,3,10,5.7,2.2,6,1,7,-5,mlb-tex,"{""common_opponents"": 1, ""games_played"": 1, ""head_to_head"": 1, ""home_advantage"": 1, ""last10_form"": 1, ""season_scoring"": 1, ""travel_km"": 1}"
823872,MLB,2026,regular,2026-05-06,2026-05-06,mlb-bal,mlb-mia,final,,,36,36,,,0.35,,,,,0.0,0.0,1,9.0,7.0,1,7.0,9.0,3,7,0,0.3,3,7,0,0.3,4.5556,5.6389,36,4.25,4.3611,36,3,10,3.6,5.5,3,9,5.8889,5.5556,7,4,11,-3,mlb-bal,"{""common_opponents"": 1, ""games_played"": 1, ""head_to_head"": 1, ""home_advantage"": 1, ""last10_form"": 1, ""season_scoring"": 1, ""travel_km"": 1}"
824036,MLB,2026,regular,2026-05-06,2026-05-06,mlb-cws,mlb-laa,final,,,36,37,,,0.35,,,,,0.0,0.0,5,5.0,3.0,5,3.0,5.0,6,4,0,0.6,2,8,0,0.2,4.25,4.5278,36,4.3784,4.9189,37,3,10,3.7,2.2,3,9,3.7778,5.2222,2,8,10,6,mlb-laa,"{""common_opponents"": 1, ""games_played"": 1, ""head_to_head"": 1, ""home_advantage"": 1, ""last10_form"": 1, ""season_scoring"": 1, ""travel_km"": 1}"
824118,MLB,2026,regular,2026-05-06,2026-05-06,mlb-cle,mlb-kc,final,,,37,36,,,0.35,,,,,0.0,0.0,5,3.8,3.6,5,3.6,3.8,3,7,0,0.3,8,2,0,0.8,4.0811,4.3243,37,4.1944,4.5,36,4,14,4.8571,5.5714,4,12,3.8333,4.5,3,1,4,-2,mlb-cle,"{""common_opponents"": 1, ""games_played"": 1, ""head_to_head"": 1, ""home_advantage"": 1, ""last10_form"": 1, ""season_scoring"": 1, ""travel_km"": 1}"
824198,MLB,2026,regular,2026-05-06,2026-05-06,mlb-lad,mlb-hou,final,,,36,37,,,0.35,,,,,0.0,0.0,2,4.5,2.5,2,2.5,4.5,5,5,0,0.5,5,5,0,0.5,5.1111,3.25,36,4.9459,5.6757,37,3,10,4.3,3.7,3,12,4.25,5.5,12,2,14,-10,mlb-lad,"{""common_opponents"": 1, ""games_played"": 1, ""head_to_head"": 1, ""home_advantage"": 1, ""last10_form"": 1, ""season_scoring"": 1, ""travel_km"": 1}"
824282,MLB,2026,regular,2026-05-06,2026-05-06,mlb-bos,mlb-det,final,,,36,37,,,0.35,,,,,0.0,0.0,6,4.5,3.8333,6,3.8333,4.5,6,4,0,0.6,4,6,0,0.4,4.0278,4.3333,36,4.4595,4.1892,37,5,15,4.6667,4.2,5,16,4.6875,4.9375,4,0,4,-4,mlb-bos,"{""common_opponents"": 1, ""games_played"": 1, ""head_to_head"": 1, ""home_advantage"": 1, ""last10_form"": 1, ""season_scoring"": 1, ""travel_km"": 1}"
824361,MLB,2026,regular,2026-05-06,2026-05-06,mlb-nym,mlb-col,final,,,35,36,,,0.35,,,,,0.0,0.0,4,2.0,3.0,4,3.0,2.0,4,6,0,0.4,4,6,0,0.4,3.4857,4.3143,35,4.2222,4.8889,36,1,3,1.0,4.6667,1,4,4.25,7.0,10,5,15,-5,mlb-nym,"{""common_opponents"": 1, ""games_played"": 1, ""head_to_head"": 1, ""home_advantage"": 1, ""last10_form"": 1, ""season_scoring"": 1, ""travel_km"": 1}"
824683,MLB,2026,regular,2026-05-06,2026-05-06,mlb-cin,mlb-chc,final,,,36,36,,,0.35,,,,,0.0,0.0,2,3.0,4.0,2,4.0,3.0,3,7,0,0.3,7,3,0,0.7,4.0833,4.75,36,5.3611,4.1389,36,3,12,4.1667,6.5,3,9,4.6667,3.1111,6,7,13,1,mlb-chc,"{""common_opponents"": 1, ""games_played"": 1, ""head_to_head"": 1, ""home_advantage"": 1, ""last10_form"": 1, ""season_scoring"": 1, ""travel_km"": 1}"
825091,MLB,2026,regular,2026-05-06,2026-05-06,mlb-pit,mlb-ari,final,,,36,34,,,0.35,,,,,0.0,0.0,1,0.0,9.0,1,9.0,0.0,4,6,0,0.4,3,7,0,0.3,5.0,4.3889,36,4.6765,5.3235,34,5,15,4.1333,3.8667,5,14,5.0,5.7857,1,0,1,-1,mlb-pit,"{""common_opponents"": 1, ""games_played"": 1, ""head_to_head"": 1, ""home_advantage"": 1, ""last10_form"": 1, ""season_scoring"": 1, ""travel_km"": 1}"
822741,MLB,2026,regular,2026-05-07,2026-05-07,mlb-min,mlb-wsh,final,,,37,37,,,0.35,,,,,0.0,0.0,2,6.5,9.0,2,9.0,6.5,4,6,0,0.4,6,4,0,0.6,4.8108,5.0811,37,5.3514,5.6757,37,1,3,5.0,5.3333,1,3,6.3333,4.6667,5,7,12,2,mlb-wsh,"{""common_opponents"": 1, ""games_played"": 1, ""head_to_head"": 1, ""home_advantage"": 1, ""last10_form"": 1, ""season_scoring"": 1, ""travel_km"": 1}"
823306,MLB,2026,regular,2026-05-07,2026-05-07,mlb-stl,mlb-sd,final,,,36,36,,,0.35,,,,,2513.0,737.1,,,,,,,7,3,0,0.7,4,6,0,0.4,4.8333,4.8611,36,4.5,4.3056,36,4,13,4.6923,5.4615,4,12,4.1667,3.6667,2,1,3,-1,mlb-stl,"{""common_opponents"": 1, ""games_played"": 1, ""head_to_head"": 1, ""home_advantage"": 1, ""last10_form"": 1, ""season_scoring"": 1, ""travel_km"": 1}"
823467,MLB,2026,regular,2026-05-07,2026-05-07,mlb-ath,mlb-phi,final,,,36,37,,,0.35,,,,,0.0,0.0,2,2.0,7.5,2,7.5,2.0,4,6,0,0.4,8,2,0,0.8,4.25,4.8333,36,3.973,4.8108,37,2,10,3.4,4.0,2,9,3.1111,5.3333,12,1,13,-11,mlb-ath,"{""common_opponents"": 1, ""games_played"": 1, ""head_to_head"": 1, ""home_advantage"": 1, ""last10_form"": 1, ""season_scoring"": 1, ""travel_km"": 1}"
823551,MLB,2026,regular,2026-05-07,2026-05-07,mlb-tex,mlb-nyy,final,,,36,37,,,0.35,,,,,0.0,0.0,5,3.4,3.0,5,3.0,3.4,4,6,0,0.4,7,3,0,0.7,3.8056,3.7778,36,5.4054,3.4054,37,3,16,3.9375,3.625,3,10,5.7,2.2,2,9,11,7,mlb-nyy,"{""common_opponents"": 1, ""games_played"": 1, ""head_to_head"": 1, ""home_advantage"": 1, ""last10_form"": 1, ""season_scoring"": 1, ""travel_km"": 1}"
823870,MLB,2026,regular,2026-05-07,2026-05-07,mlb-bal,mlb-mia,final,,,37,37,,,0.35,,,,,0.0,0.0,2,8.0,5.5,2,5.5,8.0,4,6,0,0.4,3,7,0,0.3,4.6216,5.5946,37,4.2432,4.4324,37,3,10,3.6,5.5,3,9,5.8889,5.5556,3,4,7,1,mlb-mia,"{""common_opponents"": 1, ""games_played"": 1, ""head_to_head"": 1, ""home_advantage"": 1, ""last10_form"": 1, ""season_scoring"": 1, ""travel_km"": 1}"
824117,MLB,2026,regular,2026-05-07,2026-05-07,mlb-cle,mlb-kc,final,,,38,37,,,0.35,,,,,0.0,0.0,6,3.6667,3.1667,6,3.1667,3.6667,4,6,0,0.4,7,3,0,0.7,4.0526,4.2368,38,4.1081,4.4595,37,4,14,4.8571,5.5714,4,12,3.8333,4.5,8,5,13,-3,mlb-cle,"{""common_opponents"": 1, ""games_played"": 1, ""head_to_head"": 1, ""home_advantage"": 1, ""last10_form"": 1, ""season_scoring"": 1, ""travel_km"": 1}"
824362,MLB,2026,regular,2026-05-07,2026-05-07,mlb-nym,mlb-col,postponed,,,36,37,,,0.35,,,,,0.0,0.0,5,3.6,3.4,5,3.4,3.6,5,5,0,0.5,3,7,0,0.3,3.6667,4.3333,36,4.2432,5.027,37,1,3,1.0,4.6667,1,4,4.25,7.0,2,6,8,4,mlb-col,"{""common_opponents"": 1, ""games_played"": 1, ""head_to_head"": 1, ""home_advantage"": 1, ""last10_form"": 1, ""season_scoring"": 1, ""travel_km"": 1}"
824362,MLB,2026,regular,2026-05-07,2026-05-07,mlb-nym,mlb-col,final,,,36,37,,,0.35,,,,,0.0,0.0,5,3.6,3.4,5,3.4,3.6,5,5,0,0.5,3,7,0,0.3,3.6667,4.3333,36,4.2432,5.027,37,1,3,1.0,4.6667,1,4,4.25,7.0,2,6,8,4,mlb-col,"{""common_opponents"": 1, ""games_played"": 1, ""head_to_head"": 1, ""home_advantage"": 1, ""last10_form"": 1, ""season_scoring"": 1, ""travel_km"": 1}"
824681,MLB,2026,regular,2026-05-07,2026-05-07,mlb-cin,mlb-chc,final,,,37,37,,,0.35,,,,,0.0,0.0,3,4.0,5.0,3,5.0,4.0,2,8,0,0.2,8,2,0,0.8,4.1351,4.8108,37,5.4054,4.1892,37,3,12,4.1667,6.5,3,9,4.6667,3.1111,3,8,11,5,mlb-chc,"{""common_opponents"": 1, ""games_played"": 1, ""head_to_head"": 1, ""home_advantage"": 1, ""last10_form"": 1, ""season_scoring"": 1, ""travel_km"": 1}"
824767,MLB,2026,regular,2026-05-07,2026-05-07,mlb-tb,mlb-bos,final,,,36,37,,,0.35,,,,,1928.2,981.4,,,,,,,9,1,0,0.9,6,4,0,0.6,4.4167,4.0,36,4.027,4.2162,37,6,21,4.8095,4.2381,6,18,3.6667,4.0556,8,4,12,-4,mlb-tb,"{""common_opponents"": 1, ""games_played"": 1, ""head_to_head"": 1, ""home_advantage"": 1, ""last10_form"": 1, ""season_scoring"": 1, ""travel_km"": 1}"
825090,MLB,2026,regular,2026-05-07,2026-05-07,mlb-pit,mlb-ari,final,,,37,35,,,0.35,,,,,0.0,0.0,2,0.5,4.5,2,4.5,0.5,4,6,0,0.4,3,7,0,0.3,4.8919,4.2703,37,4.5429,5.2,35,5,15,4.1333,3.8667,5,14,5.0,5.7857,4,2,6,-2,mlb-pit,"{""common_opponents"": 1, ""games_played"": 1, ""head_to_head"": 1, ""home_advantage"": 1, ""last10_form"": 1, ""season_scoring"": 1, ""travel_km"": 1}"
822822,MLB,2026,regular,2026-05-08,2026-05-08,mlb-laa,mlb-tor,final,,,38,37,,,0.35,,,,,3478.7,1789.0,3,3.6667,4.0,3,4.0,3.6667,3,7,0,0.3,4,6,0,0.4,4.4737,4.8421,38,3.973,4.5676,37,1,6,3.8333,4.5,1,3,2.3333,4.6667,0,2,2,2,mlb-tor,"{""common_opponents"": 1, ""games_played"": 1, ""head_to_head"": 1, ""home_advantage"": 1, ""last10_form"": 1, ""season_scoring"": 1, ""travel_km"": 1}"
822904,MLB,2026,regular,2026-05-08,2026-05-08,mlb-chc,mlb-tex,final,,,38,37,,,0.35,,,,,1317.9,2240.7,,,,,,,9,1,0,0.9,3,7,0,0.3,5.4737,4.1579,38,3.7568,3.9189,37,4,17,5.7647,4.8235,4,12,4.1667,3.9167,7,1,8,-6,mlb-chc,"{""common_opponents"": 1, ""games_played"": 1, ""head_to_head"": 1, ""home_advantage"": 1, ""last10_form"": 1, ""season_scoring"": 1, ""travel_km"": 1}"
823225,MLB,2026,regular,2026-05-08,2026-05-08,mlb-pit,mlb-sf,final,,,38,37,,,0.35,,,,,1049.3,0.0,,,,,,,5,5,0,0.5,2,8,0,0.2,4.8684,4.2105,38,3.1081,4.2432,37,6,22,5.8182,3.9091,6,22,3.1818,4.7273,2,5,7,3,mlb-sf,"{""common_opponents"": 1, ""games_played"": 1, ""head_to_head"": 1, ""home_advantage"": 1, ""last10_form"": 1, ""season_scoring"": 1, ""travel_km"": 1}"
823303,MLB,2026,regular,2026-05-08,2026-05-08,mlb-stl,mlb-sd,final,,,37,37,,,0.35,,,,,0.0,0.0,1,2.0,1.0,1,1.0,2.0,8,2,0,0.8,4,6,0,0.4,4.7568,4.7568,37,4.4054,4.2432,37,4,13,4.6923,5.4615,4,12,4.1667,3.6667,6,0,6,-6,mlb-stl,"{""common_opponents"": 1, ""games_played"": 1, ""head_to_head"": 1, ""home_advantage"": 1, ""last10_form"": 1, ""season_scoring"": 1, ""travel_km"": 1}"
823466,MLB,2026,regular,2026-05-08,2026-05-08,mlb-col,mlb-phi,final,,,38,38,,,0.35,,,,,2535.1,0.0,3,2.0,4.3333,3,4.3333,2.0,3,7,0,0.3,8,2,0,0.8,4.2895,4.9474,38,3.8947,5.0,38,2,6,3.3333,6.3333,2,10,3.0,4.3,9,7,16,-2,mlb-col,"{""common_opponents"": 1, ""games_played"": 1, ""head_to_head"": 1, ""home_advantage"": 1, ""last10_form"": 1, ""season_scoring"": 1, ""travel_km"": 1}"
823794,MLB,2026,regular,2026-05-08,2026-05-08,mlb-nyy,mlb-mil,final,,,38,35,,,0.35,,,,,1185.8,524.3,,,,,,,8,2,0,0.8,6,4,0,0.6,5.5,3.3684,38,5.1714,3.8571,35,4,12,5.8333,3.3333,4,12,4.6667,4.0,0,6,6,6,mlb-mil,"{""common_opponents"": 1, ""games_played"": 1, ""head_to_head"": 1, ""home_advantage"": 1, ""last10_form"": 1, ""season_scoring"": 1, ""travel_km"": 1}"
823871,MLB,2026,regular,2026-05-08,2026-05-08,mlb-wsh,mlb-mia,final,,,38,38,,,0.35,,,,,1486.7,0.0,,,,,,,6,4,0,0.6,4,6,0,0.4,5.3947,5.6579,38,4.2368,4.3947,38,7,25,5.0,5.48,7,22,4.5,4.0455,3,2,5,-1,mlb-wsh,"{""common_opponents"": 1, ""games_played"": 1, ""head_to_head"": 1, ""home_advantage"": 1, ""last10_form"": 1, ""season_scoring"": 1, ""travel_km"": 1}"
823957,MLB,2026,regular,2026-05-08,2026-05-08,mlb-atl,mlb-lad,final,,,38,37,,,0.35,,,,,1541.4,2207.6,,,,,,,7,3,0,0.7,5,5,0,0.5,5.6053,3.5263,38,5.2973,3.2162,37,5,17,7.1176,4.4706,5,16,5.625,3.75,1,3,4,2,mlb-lad,"{""common_opponents"": 1, ""games_played"": 1, ""head_to_head"": 1, ""home_advantage"": 1, ""last10_form"": 1, ""season_scoring"": 1, ""travel_km"": 1}"
824116,MLB,2026,regular,2026-05-08,2026-05-08,mlb-det,mlb-kc,final,,,38,38,,,0.35,,,,,1029.7,0.0,3,4.6667,3.6667,3,3.6667,4.6667,4,6,0,0.4,6,4,0,0.6,4.3421,4.1842,38,4.1316,4.5526,38,3,10,3.6,5.1,3,9,4.2222,4.7778,3,4,7,1,mlb-kc,"{""common_opponents"": 1, ""games_played"": 1, ""head_to_head"": 1, ""home_advantage"": 1, ""last10_form"": 1, ""season_scoring"": 1, ""travel_km"": 1}"
824443,MLB,2026,regular,2026-05-08,2026-05-08,mlb-min,mlb-cle,final,,,38,39,,,0.35,,,,,492.8,1117.9,,,,,,,4,6,0,0.4,5,5,0,0.5,4.8158,5.1316,38,4.1538,4.2564,39,5,22,4.3182,5.1364,5,21,3.8571,3.8095,4,6,10,2,mlb-cle,"{""common_opponents"": 1, ""games_played"": 1, ""head_to_head"": 1, ""home_advantage"": 1, ""last10_form"": 1, ""season_scoring"": 1, ""travel_km"": 1}"
824522,MLB,2026,regular,2026-05-08,2026-05-08,mlb-hou,mlb-cin,final,,,38,38,,,0.35,,,,,1436.1,413.8,,,,,,,5,5,0,0.5,2,8,0,0.2,4.8684,5.8421,38,4.1053,4.8947,38,3,16,4.75,4.5,3,9,4.3333,5.6667,10,0,10,-10,mlb-hou,"{""common_opponents"": 1, ""games_played"": 1, ""head_to_head"": 1, ""home_advantage"": 1, ""last10_form"": 1, ""season_scoring"": 1, ""travel_km"": 1}"
824607,MLB,2026,regular,2026-05-08,2026-05-08,mlb-sea,mlb-cws,final,,,38,37,,,0.35,,,,,2790.9,2786.2,,,,,,,5,5,0,0.5,6,4,0,0.6,4.0263,3.9211,38,4.1892,4.6216,37,4,12,3.25,4.5833,4,16,4.5,3.1875,12,8,20,-4,mlb-sea,"{""common_opponents"": 1, ""games_played"": 1, ""head_to_head"": 1, ""home_advantage"": 1, ""last10_form"": 1, ""season_scoring"": 1, ""travel_km"": 1}"
824768,MLB,2026,regular,2026-05-08,2026-05-08,mlb-tb,mlb-bos,final,,,37,38,,,0.35,,,,,0.0,0.0,1,8.0,4.0,1,4.0,8.0,9,1,0,0.9,5,5,0,0.5,4.5135,4.0,37,4.0263,4.3158,38,6,21,4.8095,4.2381,6,18,3.6667,4.0556,0,2,2,2,mlb-bos,"{""common_opponents"": 1, ""games_played"": 1, ""head_to_head"": 1, ""home_advantage"": 1, ""last10_form"": 1, ""season_scoring"": 1, ""travel_km"": 1}"
824846,MLB,2026,regular,2026-05-08,2026-05-08,mlb-ath,mlb-bal,final,,,37,38,,,0.35,,,,,142.6,1538.8,,,,,,,5,5,0,0.5,4,6,0,0.4,4.4595,4.7297,37,4.5789,5.5526,38,6,22,4.5909,5.2273,6,20,4.5,5.75,4,3,7,-1,mlb-ath,"{""common_opponents"": 1, ""games_played"": 1, ""head_to_head"": 1, ""home_advantage"": 1, ""last10_form"": 1, ""season_scoring"": 1, ""travel_km"": 1}"
825088,MLB,2026,regular,2026-05-08,2026-05-08,mlb-nym,mlb-ari,final,,,37,36,,,0.35,,,,,943.3,0.0,3,2.3333,5.6667,3,5.6667,2.3333,5,5,0,0.5,3,7,0,0.3,3.6216,4.3784,37,4.4722,5.1667,36,3,9,3.1111,5.0,3,9,3.1111,4.1111,3,1,4,-2,mlb-nym,"{""common_opponents"": 1, ""games_played"": 1, ""head_to_head"": 1, ""home_advantage"": 1, ""last10_form"": 1, ""season_scoring"": 1, ""travel_km"": 1}"
822820,MLB,2026,regular,2026-05-09,2026-05-09,mlb-laa,mlb-tor,final,,,39,38,,,0.35,,,,,0.0,0.0,4,2.75,3.5,4,3.5,2.75,3,7,0,0.3,5,5,0,0.5,4.359,4.7692,39,3.9211,4.4474,38,1,6,3.8333,4.5,1,3,2.3333,4.6667,1,14,15,13,mlb-tor,"{""common_opponents"": 1, ""games_played"": 1, ""head_to_head"": 1, ""home_advantage"": 1, ""last10_form"": 1, ""season_scoring"": 1, ""travel_km"": 1}"
822905,MLB,2026,regular,2026-05-09,2026-05-09,mlb-chc,mlb-tex,final,,,39,38,,,0.35,,,,,0.0,0.0,1,7.0,1.0,1,1.0,7.0,10,0,0,1.0,3,7,0,0.3,5.5128,4.0769,39,3.6842,4.0,38,4,17,5.7647,4.8235,4,12,4.1667,3.9167,0,6,6,6,mlb-tex,"{""common_opponents"": 1, ""games_played"": 1, ""head_to_head"": 1, ""home_advantage"": 1, ""last10_form"": 1, ""season_scoring"": 1, ""travel_km"": 1}"
823224,MLB,2026,regular,2026-05-09,2026-05-09,mlb-pit,mlb-sf,final,,,39,38,,,0.35,,,,,0.0,0.0,1,2.0,5.0,1,5.0,2.0,5,5,0,0.5,2,8,0,0.2,4.7949,4.2308,39,3.1579,4.1842,38,6,22,5.8182,3.9091,6,22,3.1818,4.7273,13,3,16,-10,mlb-pit,"{""common_opponents"": 1, ""games_played"": 1, ""head_to_head"": 1, ""home_advantage"": 1, ""last10_form"": 1, ""season_scoring"": 1, ""travel_km"": 1}"
823304,MLB,2026,regular,2026-05-09,2026-05-09,mlb-stl,mlb-sd,final,,,38,38,,,0.35,,,,,0.0,0.0,2,4.0,0.5,2,0.5,4.0,8,2,0,0.8,3,7,0,0.3,4.7895,4.6316,38,4.2895,4.2895,38,4,13,4.6923,5.4615,4,12,4.1667,3.6667,2,4,6,2,mlb-sd,"{""common_opponents"": 1, ""games_played"": 1, ""head_to_head"": 1, ""home_advantage"": 1, ""last10_form"": 1, ""season_scoring"": 1, ""travel_km"": 1}"
823468,MLB,2026,regular,2026-05-09,2026-05-09,mlb-col,mlb-phi,final,,,39,39,,,0.35,,,,,0.0,0.0,4,3.75,5.0,4,5.0,3.75,3,7,0,0.3,7,3,0,0.7,4.4103,5.0,39,3.9744,5.1026,39,2,6,3.3333,6.3333,2,10,3.0,4.3,3,9,12,6,mlb-phi,"{""common_opponents"": 1, ""games_played"": 1, ""head_to_head"": 1, ""home_advantage"": 1, ""last10_form"": 1, ""season_scoring"": 1, ""travel_km"": 1}"
823792,MLB,2026,regular,2026-05-09,2026-05-09,mlb-nyy,mlb-mil,final,,,39,36,,,0.35,,,,,0.0,0.0,1,0.0,6.0,1,6.0,0.0,7,3,0,0.7,7,3,0,0.7,5.359,3.4359,39,5.1944,3.75,36,4,12,5.8333,3.3333,4,12,4.6667,4.0,3,4,7,1,mlb-mil,"{""common_opponents"": 1, ""games_played"": 1, ""head_to_head"": 1, ""home_advantage"": 1, ""last10_form"": 1, ""season_scoring"": 1, ""travel_km"": 1}"
823869,MLB,2026,regular,2026-05-09,2026-05-09,mlb-wsh,mlb-mia,final,,,39,39,,,0.35,,,,,0.0,0.0,1,3.0,2.0,1,2.0,3.0,6,4,0,0.6,4,6,0,0.4,5.3333,5.5641,39,4.1795,4.359,39,7,25,5.0,5.48,7,22,4.5,4.0455,7,8,15,1,mlb-mia,"{""common_opponents"": 1, ""games_played"": 1, ""head_to_head"": 1, ""home_advantage"": 1, ""last10_form"": 1, ""season_scoring"": 1, ""travel_km"": 1}"
823955,MLB,2026,regular,2026-05-09,2026-05-09,mlb-atl,mlb-lad,final,,,39,38,,,0.35,,,,,0.0,0.0,1,1.0,3.0,1,3.0,1.0,6,4,0,0.6,5,5,0,0.5,5.4872,3.5128,39,5.2368,3.1579,38,5,17,7.1176,4.4706,5,16,5.625,3.75,7,2,9,-5,mlb-atl,"{""common_opponents"": 1, ""games_played"": 1, ""head_to_head"": 1, ""home_advantage"": 1, ""last10_form"": 1, ""season_scoring"": 1, ""travel_km"": 1}"
824115,MLB,2026,regular,2026-05-09,2026-05-09,mlb-det,mlb-kc,final,,,39,39,,,0.35,,,,,0.0,0.0,4,4.25,3.75,4,3.75,4.25,3,7,0,0.3,6,4,0,0.6,4.3077,4.1795,39,4.1282,4.5128,39,3,10,3.6,5.1,3,9,4.2222,4.7778,1,5,6,4,mlb-kc,"{""common_opponents"": 1, ""games_played"": 1, ""head_to_head"": 1, ""home_advantage"": 1, ""last10_form"": 1, ""season_scoring"": 1, ""travel_km"": 1}"
824444,MLB,2026,regular,2026-05-09,2026-05-09,mlb-min,mlb-cle,final,,,39,40,,,0.35,,,,,0.0,0.0,1,4.0,6.0,1,6.0,4.0,3,7,0,0.3,6,4,0,0.6,4.7949,5.1538,39,4.2,4.25,40,5,22,4.3182,5.1364,5,21,3.8571,3.8095,2,1,3,-1,mlb-min,"{""common_opponents"": 1, ""games_played"": 1, ""head_to_head"": 1, ""home_advantage"": 1, ""last10_form"": 1, ""season_scoring"": 1, ""travel_km"": 1}"
824523,MLB,2026,regular,2026-05-09,2026-05-09,mlb-hou,mlb-cin,final,,,39,39,,,0.35,,,,,0.0,0.0,1,10.0,0.0,1,0.0,10.0,5,5,0,0.5,1,9,0,0.1,5.0,5.6923,39,4.0,5.0256,39,3,16,4.75,4.5,3,9,4.3333,5.6667,1,3,4,2,mlb-cin,"{""common_opponents"": 1, ""games_played"": 1, ""head_to_head"": 1, ""home_advantage"": 1, ""last10_form"": 1, ""season_scoring"": 1, ""travel_km"": 1}"
824606,MLB,2026,regular,2026-05-09,2026-05-09,mlb-sea,mlb-cws,final,,,39,38,,,0.35,,,,,0.0,0.0,1,12.0,8.0,1,8.0,12.0,5,5,0,0.5,6,4,0,0.6,4.2308,4.0256,39,4.2895,4.8158,38,4,12,3.25,4.5833,4,16,4.5,3.1875,1,6,7,5,mlb-cws,"{""common_opponents"": 1, ""games_played"": 1, ""head_to_head"": 1, ""home_advantage"": 1, ""last10_form"": 1, ""season_scoring"": 1, ""travel_km"": 1}"
824847,MLB,2026,regular,2026-05-09,2026-05-09,mlb-ath,mlb-bal,final,,,38,39,,,0.35,,,,,0.0,0.0,1,4.0,3.0,1,3.0,4.0,5,5,0,0.5,3,7,0,0.3,4.4474,4.6842,38,4.5385,5.5128,39,6,22,4.5909,5.2273,6,20,4.5,5.75,6,2,8,-4,mlb-ath,"{""common_opponents"": 1, ""games_played"": 1, ""head_to_head"": 1, ""home_advantage"": 1, ""last10_form"": 1, ""season_scoring"": 1, ""travel_km"": 1}"
825089,MLB,2026,regular,2026-05-09,2026-05-09,mlb-nym,mlb-ari,final,,,38,37,,,0.35,,,,,0.0,0.0,4,2.5,4.5,4,4.5,2.5,6,4,0,0.6,2,8,0,0.2,3.6053,4.2895,38,4.3784,5.1081,37,3,9,3.1111,5.0,3,9,3.1111,4.1111,1,2,3,1,mlb-ari,"{""common_opponents"": 1, ""games_played"": 1, ""head_to_head"": 1, ""home_advantage"": 1, ""last10_form"": 1, ""season_scoring"": 1, ""travel_km"": 1}"
822819,MLB,2026,regular,2026-05-10,2026-05-10,mlb-laa,mlb-tor,final,,,40,39,,,0.35,,,,,0.0,0.0,5,2.4,5.6,5,5.6,2.4,3,7,0,0.3,5,5,0,0.5,4.275,5.0,40,4.1795,4.359,39,1,6,3.8333,4.5,1,3,2.3333,4.6667,6,1,7,-5,mlb-laa,"{""common_opponents"": 1, ""games_played"": 1, ""head_to_head"": 1, ""home_advantage"": 1, ""last10_form"": 1, ""season_scoring"": 1, ""travel_km"": 1}"
822902,MLB,2026,regular,2026-05-10,2026-05-10,mlb-chc,mlb-tex,final,,,40,39,,,0.35,,,,,0.0,0.0,2,3.5,3.5,2,3.5,3.5,9,1,0,0.9,4,6,0,0.4,5.375,4.125,40,3.7436,3.8974,39,4,17,5.7647,4.8235,4,12,4.1667,3.9167,0,3,3,3,mlb-tex,"{""common_opponents"": 1, ""games_played"": 1, ""head_to_head"": 1, ""home_advantage"": 1, ""last10_form"": 1, ""season_scoring"": 1, ""travel_km"": 1}"
823221,MLB,2026,regular,2026-05-10,2026-05-10,mlb-pit,mlb-sf,final,,,40,39,,,0.35,,,,,0.0,0.0,2,7.5,4.0,2,4.0,7.5,6,4,0,0.6,2,8,0,0.2,5.0,4.2,40,3.1538,4.4103,39,6,22,5.8182,3.9091,6,22,3.1818,4.7273,6,7,13,1,mlb-sf,"{""common_opponents"": 1, ""games_played"": 1, ""head_to_head"": 1, ""home_advantage"": 1, ""last10_form"": 1, ""season_scoring"": 1, ""travel_km"": 1}"
823305,MLB,2026,regular,2026-05-10,2026-05-10,mlb-stl,mlb-sd,final,,,39,39,,,0.35,,,,,0.0,0.0,3,3.3333,1.6667,3,1.6667,3.3333,7,3,0,0.7,4,6,0,0.4,4.7179,4.6154,39,4.2821,4.2308,39,4,13,4.6923,5.4615,4,12,4.1667,3.6667,2,3,5,1,mlb-sd,"{""common_opponents"": 1, ""games_played"": 1, ""head_to_head"": 1, ""home_advantage"": 1, ""last10_form"": 1, ""season_scoring"": 1, ""travel_km"": 1}"
823463,MLB,2026,regular,2026-05-10,2026-05-10,mlb-col,mlb-phi,final,,,40,40,,,0.35,,,,,0.0,0.0,5,3.6,5.8,5,5.8,3.6,3,7,0,0.3,7,3,0,0.7,4.375,5.1,40,4.1,5.05,40,2,6,3.3333,6.3333,2,10,3.0,4.3,0,6,6,6,mlb-phi,"{""common_opponents"": 1, ""games_played"": 1, ""head_to_head"": 1, ""home_advantage"": 1, ""last10_form"": 1, ""season_scoring"": 1, ""travel_km"": 1}"
823793,MLB,2026,regular,2026-05-10,2026-05-10,mlb-nyy,mlb-mil,final,,,40,37,,,0.35,,,,,0.0,0.0,2,1.5,5.0,2,5.0,1.5,6,4,0,0.6,7,3,0,0.7,5.3,3.45,40,5.1622,3.7297,37,4,12,5.8333,3.3333,4,12,4.6667,4.0,3,4,7,1,mlb-mil,"{""common_opponents"": 1, ""games_played"": 1, ""head_to_head"": 1, ""home_advantage"": 1, ""last10_form"": 1, ""season_scoring"": 1, ""travel_km"": 1}"
823868,MLB,2026,regular,2026-05-10,2026-05-10,mlb-wsh,mlb-mia,final,,,40,40,,,0.35,,,,,0.0,0.0,2,5.0,5.0,2,5.0,5.0,6,4,0,0.6,4,6,0,0.4,5.375,5.625,40,4.275,4.425,40,7,25,5.0,5.48,7,22,4.5,4.0455,2,5,7,3,mlb-mia,"{""common_opponents"": 1, ""games_played"": 1, ""head_to_head"": 1, ""home_advantage"": 1, ""last10_form"": 1, ""season_scoring"": 1, ""travel_km"": 1}"
823954,MLB,2026,regular,2026-05-10,2026-05-10,mlb-atl,mlb-lad,final,,,40,39,,,0.35,,,,,0.0,0.0,2,4.0,2.5,2,2.5,4.0,6,4,0,0.6,4,6,0,0.4,5.525,3.475,40,5.1538,3.2564,39,5,17,7.1176,4.4706,5,16,5.625,3.75,7,2,9,-5,mlb-atl,"{""common_opponents"": 1, ""games_played"": 1, ""head_to_head"": 1, ""home_advantage"": 1, ""last10_form"": 1, ""season_scoring"": 1, ""travel_km"": 1}"
824113,MLB,2026,regular,2026-05-10,2026-05-10,mlb-det,mlb-kc,final,,,40,40,,,0.35,,,,,0.0,0.0,5,3.6,4.0,5,4.0,3.6,3,7,0,0.3,7,3,0,0.7,4.225,4.2,40,4.15,4.425,40,3,10,3.6,5.1,3,9,4.2222,4.7778,6,3,9,-3,mlb-det,"{""common_opponents"": 1, ""games_played"": 1, ""head_to_head"": 1, ""home_advantage"": 1, ""last10_form"": 1, ""season_scoring"": 1, ""travel_km"": 1}"
824440,MLB,2026,regular,2026-05-10,2026-05-10,mlb-min,mlb-cle,final,,,40,41,,,0.35,,,,,0.0,0.0,2,3.0,3.5,2,3.5,3.0,4,6,0,0.4,6,4,0,0.6,4.725,5.05,40,4.122,4.1951,41,5,22,4.3182,5.1364,5,21,3.8571,3.8095,5,4,9,-1,mlb-min,"{""common_opponents"": 1, ""games_played"": 1, ""head_to_head"": 1, ""home_advantage"": 1, ""last10_form"": 1, ""season_scoring"": 1, ""travel_km"": 1}"
824520,MLB,2026,regular,2026-05-10,2026-05-10,mlb-hou,mlb-cin,final,,,40,40,,,0.35,,,,,0.0,0.0,2,5.5,1.5,2,1.5,5.5,5,5,0,0.5,2,8,0,0.2,4.9,5.625,40,3.975,4.925,40,3,16,4.75,4.5,3,9,4.3333,5.6667,0,5,5,5,mlb-cin,"{""common_opponents"": 1, ""games_played"": 1, ""head_to_head"": 1, ""home_advantage"": 1, ""last10_form"": 1, ""season_scoring"": 1, ""travel_km"": 1}"
824605,MLB,2026,regular,2026-05-10,2026-05-10,mlb-sea,mlb-cws,final,,,40,39,,,0.35,,,,,0.0,0.0,2,6.5,7.0,2,7.0,6.5,5,5,0,0.5,6,4,0,0.6,4.15,4.075,40,4.3333,4.7179,39,4,12,3.25,4.5833,4,16,4.5,3.1875,1,2,3,1,mlb-cws,"{""common_opponents"": 1, ""games_played"": 1, ""head_to_head"": 1, ""home_advantage"": 1, ""last10_form"": 1, ""season_scoring"": 1, ""travel_km"": 1}"
824765,MLB,2026,regular,2026-05-10,2026-05-10,mlb-tb,mlb-bos,final,,,38,39,,,0.35,,,,,0.0,0.0,2,4.0,3.0,2,3.0,4.0,8,2,0,0.8,5,5,0,0.5,4.3947,3.9474,38,3.9744,4.2051,39,6,21,4.8095,4.2381,6,18,3.6667,4.0556,4,1,5,-3,mlb-tb,"{""common_opponents"": 1, ""games_played"": 1, ""head_to_head"": 1, ""home_advantage"": 1, ""last10_form"": 1, ""season_scoring"": 1, ""travel_km"": 1}"
824845,MLB,2026,regular,2026-05-10,2026-05-10,mlb-ath,mlb-bal,final,,,39,40,,,0.35,,,,,0.0,0.0,2,5.0,2.5,2,2.5,5.0,6,4,0,0.6,2,8,0,0.2,4.4872,4.6154,39,4.475,5.525,40,6,22,4.5909,5.2273,6,20,4.5,5.75,1,2,3,1,mlb-bal,"{""common_opponents"": 1, ""games_played"": 1, ""head_to_head"": 1, ""home_advantage"": 1, ""last10_form"": 1, ""season_scoring"": 1, ""travel_km"": 1}"
825085,MLB,2026,regular,2026-05-10,2026-05-10,mlb-nym,mlb-ari,final,,,39,38,,,0.35,,,,,0.0,0.0,5,2.2,4.0,5,4.0,2.2,5,5,0,0.5,3,7,0,0.3,3.5385,4.2308,39,4.3158,5.0,38,3,9,3.1111,5.0,3,9,3.1111,4.1111,1,5,6,4,mlb-ari,"{""common_opponents"": 1, ""games_played"": 1, ""head_to_head"": 1, ""home_advantage"": 1, ""last10_form"": 1, ""season_scoring"": 1, ""travel_km"": 1}"
822818,MLB,2026,regular,2026-05-11,2026-05-11,mlb-tb,mlb-tor,final,,,39,40,,,0.35,,,,,689.3,0.0,3,4.0,1.3333,3,1.3333,4.0,8,2,0,0.8,4,6,0,0.4,4.3846,3.8718,39,4.1,4.4,40,5,18,4.2222,3.1111,5,19,4.3158,4.2632,8,5,13,-3,mlb-tb,"{""common_opponents"": 1, ""games_played"": 1, ""head_to_head"": 1, ""home_advantage"": 1, ""last10_form"": 1, ""season_scoring"": 1, ""travel_km"": 1}"
822901,MLB,2026,regular,2026-05-11,2026-05-11,mlb-ari,mlb-tex,final,,,39,40,,,0.35,,,,,1396.6,0.0,,,,,,,3,7,0,0.3,5,5,0,0.5,4.3333,4.8974,39,3.725,3.8,40,6,18,4.2222,4.2222,6,18,4.3889,4.2222,1,0,1,-1,mlb-ari,"{""common_opponents"": 1, ""games_played"": 1, ""head_to_head"": 1, ""home_advantage"": 1, ""last10_form"": 1, ""season_scoring"": 1, ""travel_km"": 1}"
823953,MLB,2026,regular,2026-05-11,2026-05-11,mlb-sf,mlb-lad,final,,,40,40,,,0.35,,,,,556.0,0.0,3,2.0,1.3333,3,1.3333,2.0,3,7,0,0.3,4,6,0,0.4,3.25,4.45,40,5.075,3.35,40,3,10,4.5,5.4,3,9,5.8889,3.2222,9,3,12,-6,mlb-sf,"{""common_opponents"": 1, ""games_played"": 1, ""head_to_head"": 1, ""home_advantage"": 1, ""last10_form"": 1, ""season_scoring"": 1, ""travel_km"": 1}"
824199,MLB,2026,regular,2026-05-11,2026-05-11,mlb-sea,mlb-hou,final,,,41,41,,,0.35,,,,,1510.7,1436.1,4,7.25,4.0,4,4.0,7.25,4,6,0,0.4,5,5,0,0.5,4.0732,4.0244,41,4.7805,5.6098,41,5,16,4.0625,3.875,5,16,5.6875,6.5625,3,1,4,-2,mlb-sea,"{""common_opponents"": 1, ""games_played"": 1, ""head_to_head"": 1, ""home_advantage"": 1, ""last10_form"": 1, ""season_scoring"": 1, ""travel_km"": 1}"
824441,MLB,2026,regular,2026-05-11,2026-05-11,mlb-laa,mlb-cle,final,,,41,42,,,0.35,,,,,303.7,0.0,,,,,,,4,6,0,0.4,5,5,0,0.5,4.3171,4.9024,41,4.119,4.2143,42,6,22,3.7273,5.4545,6,23,3.8261,4.6957,2,7,9,5,mlb-cle,"{""common_opponents"": 1, ""games_played"": 1, ""head_to_head"": 1, ""home_advantage"": 1, ""last10_form"": 1, ""season_scoring"": 1, ""travel_km"": 1}"
824844,MLB,2026,regular,2026-05-11,2026-05-11,mlb-nyy,mlb-bal,final,,,41,41,,,0.35,,,,,1036.3,0.0,4,9.75,2.5,4,2.5,9.75,6,4,0,0.6,3,7,0,0.3,5.2439,3.4634,41,4.4146,5.4146,41,7,24,5.2917,2.75,7,21,5.2381,5.2857,2,3,5,1,mlb-bal,"{""common_opponents"": 1, ""games_played"": 1, ""head_to_head"": 1, ""home_advantage"": 1, ""last10_form"": 1, ""season_scoring"": 1, ""travel_km"": 1}"
822817,MLB,2026,regular,2026-05-12,2026-05-12,mlb-tb,mlb-tor,final,,,40,41,,,0.35,,,,,0.0,0.0,4,5.0,2.25,4,2.25,5.0,9,1,0,0.9,4,6,0,0.4,4.475,3.9,40,4.122,4.4878,41,5,18,4.2222,3.1111,5,19,4.3158,4.2632,7,6,13,-1,mlb-tb,"{""common_opponents"": 1, ""games_played"": 1, ""head_to_head"": 1, ""home_advantage"": 1, ""last10_form"": 1, ""season_scoring"": 1, ""travel_km"": 1}"
822903,MLB,2026,regular,2026-05-12,2026-05-12,mlb-ari,mlb-tex,final,,,40,41,,,0.35,,,,,0.0,0.0,1,1.0,0.0,1,0.0,1.0,4,6,0,0.4,4,6,0,0.4,4.25,4.775,40,3.6341,3.7317,41,6,18,4.2222,4.2222,6,18,4.3889,4.2222,4,7,11,3,mlb-tex,"{""common_opponents"": 1, ""games_played"": 1, ""head_to_head"": 1, ""home_advantage"": 1, ""last10_form"": 1, ""season_scoring"": 1, ""travel_km"": 1}"
823385,MLB,2026,regular,2026-05-12,2026-05-12,mlb-col,mlb-pit,final,,,41,41,,,0.35,,,,,415.5,3633.7,,,,,,,2,8,0,0.2,6,4,0,0.6,4.2683,5.122,41,5.0244,4.2683,41,3,16,4.375,4.8125,3,12,5.4167,4.0,1,3,4,2,mlb-pit,"{""common_opponents"": 1, ""games_played"": 1, ""head_to_head"": 1, ""home_advantage"": 1, ""last10_form"": 1, ""season_scoring"": 1, ""travel_km"": 1}"
823632,MLB,2026,regular,2026-05-12,2026-05-12,mlb-det,mlb-nym,final,,,41,40,,,0.35,,,,,1766.2,3456.8,,,,,,,4,6,0,0.4,5,5,0,0.5,4.2683,4.1707,41,3.475,4.25,40,3,10,4.1,5.0,3,12,2.75,3.9167,2,10,12,8,mlb-nym,"{""common_opponents"": 1, ""games_played"": 1, ""head_to_head"": 1, ""home_advantage"": 1, ""last10_form"": 1, ""season_scoring"": 1, ""travel_km"": 1}"
823712,MLB,2026,regular,2026-05-12,2026-05-12,mlb-mia,mlb-min,final,,,41,41,,,0.35,,,,,2434.3,1014.7,,,,,,,4,6,0,0.4,5,5,0,0.5,4.2927,4.3659,41,4.7317,5.0244,41,4,13,3.9231,4.6154,4,13,4.6154,4.7692,0,3,3,3,mlb-min,"{""common_opponents"": 1, ""games_played"": 1, ""head_to_head"": 1, ""home_advantage"": 1, ""last10_form"": 1, ""season_scoring"": 1, ""travel_km"": 1}"
823790,MLB,2026,regular,2026-05-12,2026-05-12,mlb-sd,mlb-mil,final,,,40,38,,,0.35,,,,,2788.6,0.0,,,,,,,5,5,0,0.5,7,3,0,0.7,4.25,4.175,40,5.1316,3.7105,38,6,18,3.3889,4.3333,6,17,6.0,3.9412,4,6,10,2,mlb-mil,"{""common_opponents"": 1, ""games_played"": 1, ""head_to_head"": 1, ""home_advantage"": 1, ""last10_form"": 1, ""season_scoring"": 1, ""travel_km"": 1}"
823951,MLB,2026,regular,2026-05-12,2026-05-12,mlb-sf,mlb-lad,final,,,41,41,,,0.35,,,,,0.0,0.0,4,3.75,1.75,4,1.75,3.75,4,6,0,0.4,4,6,0,0.4,3.3902,4.4146,41,5.0244,3.4878,41,3,10,4.5,5.4,3,9,5.8889,3.2222,6,2,8,-4,mlb-sf,"{""common_opponents"": 1, ""games_played"": 1, ""head_to_head"": 1, ""home_advantage"": 1, ""last10_form"": 1, ""season_scoring"": 1, ""travel_km"": 1}"
824197,MLB,2026,regular,2026-05-12,2026-05-12,mlb-sea,mlb-hou,final,,,42,42,,,0.35,,,,,0.0,0.0,5,6.4,3.4,5,3.4,6.4,4,6,0,0.4,4,6,0,0.4,4.0476,3.9524,42,4.6905,5.5476,42,5,16,4.0625,3.875,5,16,5.6875,6.5625,10,2,12,-8,mlb-sea,"{""common_opponents"": 1, ""games_played"": 1, ""head_to_head"": 1, ""home_advantage"": 1, ""last10_form"": 1, ""season_scoring"": 1, ""travel_km"": 1}"
824442,MLB,2026,regular,2026-05-12,2026-05-12,mlb-laa,mlb-cle,final,,,42,43,,,0.35,,,,,0.0,0.0,1,2.0,7.0,1,7.0,2.0,4,6,0,0.4,5,5,0,0.5,4.2619,4.9524,42,4.186,4.1628,43,6,22,3.7273,5.4545,6,23,3.8261,4.6957,2,3,5,1,mlb-cle,"{""common_opponents"": 1, ""games_played"": 1, ""head_to_head"": 1, ""home_advantage"": 1, ""last10_form"": 1, ""season_scoring"": 1, ""travel_km"": 1}"
824521,MLB,2026,regular,2026-05-12,2026-05-12,mlb-wsh,mlb-cin,final,,,41,41,,,0.35,,,,,1534.2,0.0,,,,,,,5,5,0,0.5,2,8,0,0.2,5.2927,5.6098,41,4.0,4.8049,41,5,16,5.4375,6.0,5,20,3.4,5.0,10,4,14,-6,mlb-wsh,"{""common_opponents"": 1, ""games_played"": 1, ""head_to_head"": 1, ""home_advantage"": 1, ""last10_form"": 1, ""season_scoring"": 1, ""travel_km"": 1}"
824604,MLB,2026,regular,2026-05-12,2026-05-12,mlb-kc,mlb-cws,final,,,41,40,,,0.35,,,,,656.3,0.0,4,2.25,2.0,4,2.0,2.25,7,3,0,0.7,6,4,0,0.6,4.122,4.4634,41,4.275,4.625,40,5,15,5.6,4.6,5,18,4.5,5.0,5,6,11,1,mlb-cws,"{""common_opponents"": 1, ""games_played"": 1, ""head_to_head"": 1, ""home_advantage"": 1, ""last10_form"": 1, ""season_scoring"": 1, ""travel_km"": 1}"
824764,MLB,2026,regular,2026-05-12,2026-05-12,mlb-phi,mlb-bos,final,,,41,40,,,0.35,,,,,435.6,0.0,,,,,,,7,3,0,0.7,5,5,0,0.5,4.1463,4.9268,41,3.9,4.2,40,,,,,,,,,2,1,3,-1,mlb-phi,"{""common_opponents"": 1, ""games_played"": 1, ""head_to_head"": 1, ""home_advantage"": 1, ""last10_form"": 1, ""season_scoring"": 1, ""travel_km"": 1}"
824843,MLB,2026,regular,2026-05-12,2026-05-12,mlb-nyy,mlb-bal,final,,,42,42,,,0.35,,,,,0.0,0.0,5,8.2,2.6,5,2.6,8.2,5,5,0,0.5,4,6,0,0.4,5.1667,3.4524,42,4.381,5.3333,42,7,24,5.2917,2.75,7,21,5.2381,5.2857,6,2,8,-4,mlb-nyy,"{""common_opponents"": 1, ""games_played"": 1, ""head_to_head"": 1, ""home_advantage"": 1, ""last10_form"": 1, ""season_scoring"": 1, ""travel_km"": 1}"
824927,MLB,2026,regular,2026-05-12,2026-05-12,mlb-chc,mlb-atl,final,,,41,41,,,0.35,,,,,1178.4,3099.6,,,,,,,8,2,0,0.8,6,4,0,0.6,5.2439,4.0976,41,5.561,3.439,41,6,22,5.3636,4.4545,6,23,6.1304,3.3913,2,5,7,3,mlb-atl,"{""common_opponents"": 1, ""games_played"": 1, ""head_to_head"": 1, ""home_advantage"": 1, ""last10_form"": 1, ""season_scoring"": 1, ""travel_km"": 1}"
825011,MLB,2026,regular,2026-05-12,2026-05-12,mlb-stl,mlb-ath,final,,,40,40,,,0.35,,,,,762.3,3843.1,,,,,,,6,4,0,0.6,5,5,0,0.5,4.65,4.575,40,4.4,4.55,40,4,12,4.75,4.4167,4,12,6.0,5.4167,6,4,10,-2,mlb-stl,"{""common_opponents"": 1, ""games_played"": 1, ""head_to_head"": 1, ""home_advantage"": 1, ""last10_form"": 1, ""season_scoring"": 1, ""travel_km"": 1}"
822815,MLB,2026,regular,2026-05-13,2026-05-13,mlb-tb,mlb-tor,final,,,41,42,,,0.35,,,,,0.0,0.0,5,5.4,3.0,5,3.0,5.4,9,1,0,0.9,3,7,0,0.3,4.5366,3.9512,41,4.1667,4.5476,42,5,18,4.2222,3.1111,5,19,4.3158,4.2632,3,5,8,2,mlb-tor,"{""common_opponents"": 1, ""games_played"": 1, ""head_to_head"": 1, ""home_advantage"": 1, ""last10_form"": 1, ""season_scoring"": 1, ""travel_km"": 1}"
822900,MLB,2026,regular,2026-05-13,2026-05-13,mlb-ari,mlb-tex,final,,,41,42,,,0.35,,,,,0.0,0.0,2,2.5,3.5,2,3.5,2.5,4,6,0,0.4,4,6,0,0.4,4.2439,4.8293,41,3.7143,3.7381,42,6,18,4.2222,4.2222,6,18,4.3889,4.2222,5,6,11,1,mlb-tex,"{""common_opponents"": 1, ""games_played"": 1, ""head_to_head"": 1, ""home_advantage"": 1, ""last10_form"": 1, ""season_scoring"": 1, ""travel_km"": 1}"
823386,MLB,2026,regular,2026-05-13,2026-05-13,mlb-col,mlb-pit,final,,,42,42,,,0.35,,,,,0.0,0.0,1,1.0,3.0,1,3.0,1.0,2,8,0,0.2,7,3,0,0.7,4.1905,5.0714,42,4.9762,4.1905,42,3,16,4.375,4.8125,3,12,5.4167,4.0,10,4,14,-6,mlb-col,"{""common_opponents"": 1, ""games_played"": 1, ""head_to_head"": 1, ""home_advantage"": 1, ""last10_form"": 1, ""season_scoring"": 1, ""travel_km"": 1}"
823631,MLB,2026,regular,2026-05-13,2026-05-13,mlb-det,mlb-nym,final,,,42,41,,,0.35,,,,,0.0,0.0,1,2.0,10.0,1,10.0,2.0,3,7,0,0.3,6,4,0,0.6,4.2143,4.3095,42,3.6341,4.1951,41,3,10,4.1,5.0,3,12,2.75,3.9167,2,3,5,1,mlb-nym,"{""common_opponents"": 1, ""games_played"": 1, ""head_to_head"": 1, ""home_advantage"": 1, ""last10_form"": 1, ""season_scoring"": 1, ""travel_km"": 1}"
823710,MLB,2026,regular,2026-05-13,2026-05-13,mlb-mia,mlb-min,final,,,42,42,,,0.35,,,,,0.0,0.0,1,0.0,3.0,1,3.0,0.0,4,6,0,0.4,5,5,0,0.5,4.1905,4.3333,42,4.6905,4.9048,42,4,13,3.9231,4.6154,4,13,4.6154,4.7692,9,5,14,-4,mlb-mia,"{""common_opponents"": 1, ""games_played"": 1, ""head_to_head"": 1, ""home_advantage"": 1, ""last10_form"": 1, ""season_scoring"": 1, ""travel_km"": 1}"
823791,MLB,2026,regular,2026-05-13,2026-05-13,mlb-sd,mlb-mil,final,,,41,39,,,0.35,,,,,0.0,0.0,1,4.0,6.0,1,6.0,4.0,5,5,0,0.5,8,2,0,0.8,4.2439,4.2195,41,5.1538,3.7179,39,6,18,3.3889,4.3333,6,17,6.0,3.9412,3,1,4,-2,mlb-sd,"{""common_opponents"": 1, ""games_played"": 1, ""head_to_head"": 1, ""home_advantage"": 1, ""last10_form"": 1, ""season_scoring"": 1, ""travel_km"": 1}"
823952,MLB,2026,regular,2026-05-13,2026-05-13,mlb-sf,mlb-lad,final,,,42,42,,,0.35,,,,,0.0,0.0,5,4.2,1.8,5,1.8,4.2,5,5,0,0.5,4,6,0,0.4,3.4524,4.3571,42,4.9524,3.5476,42,3,10,4.5,5.4,3,9,5.8889,3.2222,0,4,4,4,mlb-lad,"{""common_opponents"": 1, ""games_played"": 1, ""head_to_head"": 1, ""home_advantage"": 1, ""last10_form"": 1, ""season_scoring"": 1, ""travel_km"": 1}"
824195,MLB,2026,regular,2026-05-13,2026-05-13,mlb-sea,mlb-hou,final,,,43,43,,,0.35,,,,,0.0,0.0,6,7.0,3.1667,6,3.1667,7.0,5,5,0,0.5,4,6,0,0.4,4.186,3.907,43,4.6279,5.6512,43,5,16,4.0625,3.875,5,16,5.6875,6.5625,3,4,7,1,mlb-hou,"{""common_opponents"": 1, ""games_played"": 1, ""head_to_head"": 1, ""home_advantage"": 1, ""last10_form"": 1, ""season_scoring"": 1, ""travel_km"": 1}"
824438,MLB,2026,regular,2026-05-13,2026-05-13,mlb-laa,mlb-cle,final,,,43,44,,,0.35,,,,,0.0,0.0,2,2.0,5.0,2,5.0,2.0,4,6,0,0.4,5,5,0,0.5,4.2093,4.907,43,4.1591,4.1136,44,6,22,3.7273,5.4545,6,23,3.8261,4.6957,2,4,6,2,mlb-cle,"{""common_opponents"": 1, ""games_played"": 1, ""head_to_head"": 1, ""home_advantage"": 1, ""last10_form"": 1, ""season_scoring"": 1, ""travel_km"": 1}"
824519,MLB,2026,regular,2026-05-13,2026-05-13,mlb-wsh,mlb-cin,final,,,42,42,,,0.35,,,,,0.0,0.0,1,10.0,4.0,1,4.0,10.0,5,5,0,0.5,2,8,0,0.2,5.4048,5.5714,42,4.0,4.9286,42,5,16,5.4375,6.0,5,20,3.4,5.0,8,7,15,-1,mlb-wsh,"{""common_opponents"": 1, ""games_played"": 1, ""head_to_head"": 1, ""home_advantage"": 1, ""last10_form"": 1, ""season_scoring"": 1, ""travel_km"": 1}"
824603,MLB,2026,regular,2026-05-13,2026-05-13,mlb-kc,mlb-cws,final,,,42,41,,,0.35,,,,,0.0,0.0,5,2.8,2.8,5,2.8,2.8,6,4,0,0.6,6,4,0,0.6,4.1429,4.5,42,4.3171,4.6341,41,5,15,5.6,4.6,5,18,4.5,5.0,5,6,11,1,mlb-cws,"{""common_opponents"": 1, ""games_played"": 1, ""head_to_head"": 1, ""home_advantage"": 1, ""last10_form"": 1, ""season_scoring"": 1, ""travel_km"": 1}"
824763,MLB,2026,regular,2026-05-13,2026-05-13,mlb-phi,mlb-bos,final,,,42,41,,,0.35,,,,,0.0,0.0,1,2.0,1.0,1,1.0,2.0,7,3,0,0.7,5,5,0,0.5,4.0952,4.8333,42,3.8293,4.1463,41,,,,,,,,,1,3,4,2,mlb-bos,"{""common_opponents"": 1, ""games_played"": 1, ""head_to_head"": 1, ""home_advantage"": 1, ""last10_form"": 1, ""season_scoring"": 1, ""travel_km"": 1}"
824841,MLB,2026,regular,2026-05-13,2026-05-13,mlb-nyy,mlb-bal,final,,,43,43,,,0.35,,,,,0.0,0.0,6,7.8333,2.5,6,2.5,7.8333,5,5,0,0.5,4,6,0,0.4,5.186,3.4186,43,4.3256,5.3488,43,7,24,5.2917,2.75,7,21,5.2381,5.2857,0,7,7,7,mlb-bal,"{""common_opponents"": 1, ""games_played"": 1, ""head_to_head"": 1, ""home_advantage"": 1, ""last10_form"": 1, ""season_scoring"": 1, ""travel_km"": 1}"
824928,MLB,2026,regular,2026-05-13,2026-05-13,mlb-chc,mlb-atl,final,,,42,42,,,0.35,,,,,0.0,0.0,1,2.0,5.0,1,5.0,2.0,7,3,0,0.7,7,3,0,0.7,5.1667,4.119,42,5.5476,3.4048,42,6,22,5.3636,4.4545,6,23,6.1304,3.3913,1,4,5,3,mlb-atl,"{""common_opponents"": 1, ""games_played"": 1, ""head_to_head"": 1, ""home_advantage"": 1, ""last10_form"": 1, ""season_scoring"": 1, ""travel_km"": 1}"
825010,MLB,2026,regular,2026-05-13,2026-05-13,mlb-stl,mlb-ath,final,,,41,41,,,0.35,,,,,0.0,0.0,1,6.0,4.0,1,4.0,6.0,6,4,0,0.6,4,6,0,0.4,4.6829,4.561,41,4.3902,4.5854,41,4,12,4.75,4.4167,4,12,6.0,5.4167,2,6,8,4,mlb-ath,"{""common_opponents"": 1, ""games_played"": 1, ""head_to_head"": 1, ""home_advantage"": 1, ""last10_form"": 1, ""season_scoring"": 1, ""travel_km"": 1}"
823383,MLB,2026,regular,2026-05-14,2026-05-14,mlb-col,mlb-pit,final,,,43,43,,,0.35,,,,,0.0,0.0,2,5.5,3.5,2,3.5,5.5,3,7,0,0.3,6,4,0,0.6,4.3256,5.0465,43,4.9535,4.3256,43,3,16,4.375,4.8125,3,12,5.4167,4.0,2,7,9,5,mlb-pit,"{""common_opponents"": 1, ""games_played"": 1, ""head_to_head"": 1, ""home_advantage"": 1, ""last10_form"": 1, ""season_scoring"": 1, ""travel_km"": 1}"
823630,MLB,2026,regular,2026-05-14,2026-05-14,mlb-det,mlb-nym,final,,,43,42,,,0.35,,,,,0.0,0.0,2,2.0,6.5,2,6.5,2.0,3,7,0,0.3,6,4,0,0.6,4.1628,4.2791,43,3.619,4.1429,42,3,10,4.1,5.0,3,12,2.75,3.9167,4,9,13,5,mlb-nym,"{""common_opponents"": 1, ""games_played"": 1, ""head_to_head"": 1, ""home_advantage"": 1, ""last10_form"": 1, ""season_scoring"": 1, ""travel_km"": 1}"
823709,MLB,2026,regular,2026-05-14,2026-05-14,mlb-mia,mlb-min,final,,,43,43,,,0.35,,,,,0.0,0.0,2,4.5,4.0,2,4.0,4.5,4,6,0,0.4,5,5,0,0.5,4.3023,4.3488,43,4.6977,5.0,43,4,13,3.9231,4.6154,4,13,4.6154,4.7692,1,9,10,8,mlb-min,"{""common_opponents"": 1, ""games_played"": 1, ""head_to_head"": 1, ""home_advantage"": 1, ""last10_form"": 1, ""season_scoring"": 1, ""travel_km"": 1}"
823789,MLB,2026,regular,2026-05-14,2026-05-14,mlb-sd,mlb-mil,final,,,42,40,,,0.35,,,,,0.0,0.0,2,3.5,3.5,2,3.5,3.5,6,4,0,0.6,7,3,0,0.7,4.2143,4.1429,42,5.05,3.7,40,6,18,3.3889,4.3333,6,17,6.0,3.9412,1,7,8,6,mlb-mil,"{""common_opponents"": 1, ""games_played"": 1, ""head_to_head"": 1, ""home_advantage"": 1, ""last10_form"": 1, ""season_scoring"": 1, ""travel_km"": 1}"
823950,MLB,2026,regular,2026-05-14,2026-05-14,mlb-sf,mlb-lad,final,,,43,43,,,0.35,,,,,0.0,0.0,6,3.5,2.1667,6,2.1667,3.5,5,5,0,0.5,5,5,0,0.5,3.3721,4.3488,43,4.9302,3.4651,43,3,10,4.5,5.4,3,9,5.8889,3.2222,2,5,7,3,mlb-lad,"{""common_opponents"": 1, ""games_played"": 1, ""head_to_head"": 1, ""home_advantage"": 1, ""last10_form"": 1, ""season_scoring"": 1, ""travel_km"": 1}"
824196,MLB,2026,regular,2026-05-14,2026-05-14,mlb-sea,mlb-hou,final,,,44,44,,,0.35,,,,,0.0,0.0,7,6.4286,3.2857,7,3.2857,6.4286,5,5,0,0.5,4,6,0,0.4,4.1591,3.9091,44,4.6136,5.5909,44,5,16,4.0625,3.875,5,16,5.6875,6.5625,8,3,11,-5,mlb-sea,"{""common_opponents"": 1, ""games_played"": 1, ""head_to_head"": 1, ""home_advantage"": 1, ""last10_form"": 1, ""season_scoring"": 1, ""travel_km"": 1}"
824517,MLB,2026,regular,2026-05-14,2026-05-14,mlb-wsh,mlb-cin,final,,,43,43,,,0.35,,,,,0.0,0.0,2,9.0,5.5,2,5.5,9.0,6,4,0,0.6,2,8,0,0.2,5.4651,5.6047,43,4.0698,5.0,43,5,16,5.4375,6.0,5,20,3.4,5.0,1,15,16,14,mlb-cin,"{""common_opponents"": 1, ""games_played"": 1, ""head_to_head"": 1, ""home_advantage"": 1, ""last10_form"": 1, ""season_scoring"": 1, ""travel_km"": 1}"
824602,MLB,2026,regular,2026-05-14,2026-05-14,mlb-kc,mlb-cws,final,,,43,42,,,0.35,,,,,0.0,0.0,6,3.1667,3.3333,6,3.3333,3.1667,5,5,0,0.5,6,4,0,0.6,4.1628,4.5349,43,4.3571,4.6429,42,5,15,5.6,4.6,5,18,4.5,5.0,2,6,8,4,mlb-cws,"{""common_opponents"": 1, ""games_played"": 1, ""head_to_head"": 1, ""home_advantage"": 1, ""last10_form"": 1, ""season_scoring"": 1, ""travel_km"": 1}"
824762,MLB,2026,regular,2026-05-14,2026-05-14,mlb-phi,mlb-bos,final,,,43,42,,,0.35,,,,,0.0,0.0,2,1.5,2.0,2,2.0,1.5,7,3,0,0.7,5,5,0,0.5,4.0233,4.7907,43,3.8095,4.0714,42,,,,,,,,,3,1,4,-2,mlb-phi,"{""common_opponents"": 1, ""games_played"": 1, ""head_to_head"": 1, ""home_advantage"": 1, ""last10_form"": 1, ""season_scoring"": 1, ""travel_km"": 1}"
824926,MLB,2026,regular,2026-05-14,2026-05-14,mlb-chc,mlb-atl,final,,,43,43,,,0.35,,,,,0.0,0.0,2,1.5,4.5,2,4.5,1.5,6,4,0,0.6,7,3,0,0.7,5.0698,4.1163,43,5.5116,3.3488,43,6,22,5.3636,4.4545,6,23,6.1304,3.3913,2,0,2,-2,mlb-chc,"{""common_opponents"": 1, ""games_played"": 1, ""head_to_head"": 1, ""home_advantage"": 1, ""last10_form"": 1, ""season_scoring"": 1, ""travel_km"": 1}"
825008,MLB,2026,regular,2026-05-14,2026-05-14,mlb-stl,mlb-ath,final,,,42,42,,,0.35,,,,,0.0,0.0,2,4.0,5.0,2,5.0,4.0,5,5,0,0.5,5,5,0,0.5,4.619,4.5952,42,4.4286,4.5238,42,4,12,4.75,4.4167,4,12,6.0,5.4167,5,4,9,-1,mlb-stl,"{""common_opponents"": 1, ""games_played"": 1, ""head_to_head"": 1, ""home_advantage"": 1, ""last10_form"": 1, ""season_scoring"": 1, ""travel_km"": 1}"
822739,MLB,2026,regular,2026-05-15,2026-05-15,mlb-bal,mlb-wsh,final,,,44,44,,,0.35,,,,,56.5,648.5,,,,,,,5,5,0,0.5,6,4,0,0.6,4.3864,5.2273,44,5.3636,5.8182,44,5,15,4.2667,3.8667,5,16,5.0625,5.5,2,3,5,1,mlb-wsh,"{""common_opponents"": 1, ""games_played"": 1, ""head_to_head"": 1, ""home_advantage"": 1, ""last10_form"": 1, ""season_scoring"": 1, ""travel_km"": 1}"
822983,MLB,2026,regular,2026-05-15,2026-05-15,mlb-mia,mlb-tb,final,,,44,42,,,0.35,,,,,2132.9,1789.0,,,,,,,4,6,0,0.4,8,2,0,0.8,4.2273,4.4545,44,4.5,3.9762,42,7,22,4.7727,4.7273,7,24,5.0,4.0833,2,7,9,5,mlb-tb,"{""common_opponents"": 1, ""games_played"": 1, ""head_to_head"": 1, ""home_advantage"": 1, ""last10_form"": 1, ""season_scoring"": 1, ""travel_km"": 1}"
823061,MLB,2026,regular,2026-05-15,2026-05-15,mlb-kc,mlb-stl,final,,,44,43,,,0.35,,,,,417.5,2708.3,,,,,,,4,6,0,0.4,5,5,0,0.5,4.1136,4.5682,44,4.6279,4.5814,43,5,22,3.8636,4.0909,5,14,4.2143,5.3571,4,5,9,1,mlb-stl,"{""common_opponents"": 1, ""games_played"": 1, ""head_to_head"": 1, ""home_advantage"": 1, ""last10_form"": 1, ""season_scoring"": 1, ""travel_km"": 1}"
823140,MLB,2026,regular,2026-05-15,2026-05-15,mlb-sd,mlb-sea,final,,,43,45,,,0.35,,,,,2711.4,3040.9,3,5.3333,3.0,3,3.0,5.3333,5,5,0,0.5,6,4,0,0.6,4.1395,4.2093,43,4.2444,3.8889,45,3,10,2.0,3.7,3,9,4.5556,4.3333,2,0,2,-2,mlb-sd,"{""common_opponents"": 1, ""games_played"": 1, ""head_to_head"": 1, ""home_advantage"": 1, ""last10_form"": 1, ""season_scoring"": 1, ""travel_km"": 1}"
823384,MLB,2026,regular,2026-05-15,2026-05-15,mlb-phi,mlb-pit,final,,,44,44,,,0.35,,,,,772.1,0.0,,,,,,,7,3,0,0.7,6,4,0,0.6,4.0,4.7045,44,5.0,4.2727,44,6,28,4.4286,5.1071,6,19,4.7895,4.3158,11,9,20,-2,mlb-phi,"{""common_opponents"": 1, ""games_played"": 1, ""head_to_head"": 1, ""home_advantage"": 1, ""last10_form"": 1, ""season_scoring"": 1, ""travel_km"": 1}"
823629,MLB,2026,regular,2026-05-15,2026-05-15,mlb-nyy,mlb-nym,final,,,44,43,,,0.35,,,,,287.6,0.0,,,,,,,4,6,0,0.4,7,3,0,0.7,5.0682,3.5,44,3.7442,4.1395,43,3,10,4.1,4.0,3,10,4.4,3.6,5,2,7,-3,mlb-nyy,"{""common_opponents"": 1, ""games_played"": 1, ""head_to_head"": 1, ""home_advantage"": 1, ""last10_form"": 1, ""season_scoring"": 1, ""travel_km"": 1}"
823707,MLB,2026,regular,2026-05-15,2026-05-15,mlb-mil,mlb-min,final,,,41,44,,,0.35,,,,,476.6,0.0,,,,,,,7,3,0,0.7,6,4,0,0.6,5.0976,3.6341,41,4.7955,4.9091,44,7,24,4.4583,4.0,7,29,5.1724,5.1034,3,2,5,-1,mlb-mil,"{""common_opponents"": 1, ""games_played"": 1, ""head_to_head"": 1, ""home_advantage"": 1, ""last10_form"": 1, ""season_scoring"": 1, ""travel_km"": 1}"
824037,MLB,2026,regular,2026-05-15,2026-05-15,mlb-lad,mlb-laa,final,,,44,44,,,0.35,,,,,44.9,3273.7,,,,,,,5,5,0,0.5,3,7,0,0.3,4.9318,3.4318,44,4.1591,4.8864,44,6,18,5.1111,2.8333,6,22,3.3182,4.8636,6,0,6,-6,mlb-lad,"{""common_opponents"": 1, ""games_played"": 1, ""head_to_head"": 1, ""home_advantage"": 1, ""last10_form"": 1, ""season_scoring"": 1, ""travel_km"": 1}"
824194,MLB,2026,regular,2026-05-15,2026-05-15,mlb-tex,mlb-hou,final,,,43,45,,,0.35,,,,,370.8,0.0,,,,,,,5,5,0,0.5,3,7,0,0.3,3.7674,3.7674,43,4.5778,5.6444,45,6,28,3.6071,3.8214,6,23,4.3478,6.4783,0,2,2,2,mlb-hou,"{""common_opponents"": 1, ""games_played"": 1, ""head_to_head"": 1, ""home_advantage"": 1, ""last10_form"": 1, ""season_scoring"": 1, ""travel_km"": 1}"
824280,MLB,2026,regular,2026-05-15,2026-05-15,mlb-tor,mlb-det,final,,,43,44,,,0.35,,,,,330.9,785.3,,,,,,,3,7,0,0.3,2,8,0,0.2,4.186,4.5116,43,4.1591,4.3864,44,4,16,4.6875,4.375,4,17,3.5294,5.1765,2,3,5,1,mlb-det,"{""common_opponents"": 1, ""games_played"": 1, ""head_to_head"": 1, ""home_advantage"": 1, ""last10_form"": 1, ""season_scoring"": 1, ""travel_km"": 1}"
824360,MLB,2026,regular,2026-05-15,2026-05-15,mlb-ari,mlb-col,final,,,42,44,,,0.35,,,,,1052.9,2119.7,,,,,,,4,6,0,0.4,3,7,0,0.3,4.2619,4.8571,42,4.2727,5.0909,44,7,24,4.0833,4.0417,7,32,4.0312,5.5625,9,1,10,-8,mlb-ari,"{""common_opponents"": 1, ""games_played"": 1, ""head_to_head"": 1, ""home_advantage"": 1, ""last10_form"": 1, ""season_scoring"": 1, ""travel_km"": 1}"
824439,MLB,2026,regular,2026-05-15,2026-05-15,mlb-cin,mlb-cle,final,,,44,45,,,0.35,,,,,358.3,0.0,,,,,,,3,7,0,0.3,6,4,0,0.6,4.3182,4.9091,44,4.1556,4.0667,45,5,16,4.4375,4.875,5,15,3.3333,3.0,7,6,13,-1,mlb-cin,"{""common_opponents"": 1, ""games_played"": 1, ""head_to_head"": 1, ""home_advantage"": 1, ""last10_form"": 1, ""season_scoring"": 1, ""travel_km"": 1}"
824601,MLB,2026,regular,2026-05-15,2026-05-15,mlb-chc,mlb-cws,final,,,44,43,,,0.35,,,,,925.3,0.0,,,,,,,6,4,0,0.6,6,4,0,0.6,5.0,4.0227,44,4.3953,4.5814,43,5,15,5.6667,3.9333,5,18,4.6667,4.3889,10,5,15,-5,mlb-chc,"{""common_opponents"": 1, ""games_played"": 1, ""head_to_head"": 1, ""home_advantage"": 1, ""last10_form"": 1, ""season_scoring"": 1, ""travel_km"": 1}"
824925,MLB,2026,regular,2026-05-15,2026-05-15,mlb-bos,mlb-atl,final,,,43,44,,,0.35,,,,,1497.6,0.0,,,,,,,5,5,0,0.5,6,4,0,0.6,3.7442,4.0465,43,5.3864,3.3182,44,2,10,3.6,2.9,2,9,4.7778,2.8889,2,3,5,1,mlb-atl,"{""common_opponents"": 1, ""games_played"": 1, ""head_to_head"": 1, ""home_advantage"": 1, ""last10_form"": 1, ""season_scoring"": 1, ""travel_km"": 1}"
825009,MLB,2026,regular,2026-05-15,2026-05-15,mlb-sf,mlb-ath,final,,,44,43,,,0.35,,,,,580.5,0.0,,,,,,,5,5,0,0.5,5,5,0,0.5,3.3409,4.3636,44,4.4186,4.5349,43,4,16,2.8125,4.75,4,12,4.1667,3.0,2,5,7,3,mlb-ath,"{""common_opponents"": 1, ""games_played"": 1, ""head_to_head"": 1, ""home_advantage"": 1, ""last10_form"": 1, ""season_scoring"": 1, ""travel_km"": 1}"
822737,MLB,2026,regular,2026-05-16,2026-05-16,mlb-bal,mlb-wsh,final,,,45,45,,,0.35,,,,,0.0,0.0,1,2.0,3.0,1,3.0,2.0,5,5,0,0.5,6,4,0,0.6,4.3333,5.1778,45,5.3111,5.7333,45,5,15,4.2667,3.8667,5,16,5.0625,5.5,3,13,16,10,mlb-wsh,"{""common_opponents"": 1, ""games_played"": 1, ""head_to_head"": 1, ""home_advantage"": 1, ""last10_form"": 1, ""season_scoring"": 1, ""travel_km"": 1}"
822981,MLB,2026,regular,2026-05-16,2026-05-16,mlb-mia,mlb-tb,final,,,45,43,,,0.35,,,,,0.0,0.0,1,2.0,7.0,1,7.0,2.0,4,6,0,0.4,8,2,0,0.8,4.1778,4.5111,45,4.5581,3.9302,43,7,22,4.7727,4.7273,7,24,5.0,4.0833,10,5,15,-5,mlb-mia,"{""common_opponents"": 1, ""games_played"": 1, ""head_to_head"": 1, ""home_advantage"": 1, ""last10_form"": 1, ""season_scoring"": 1, ""travel_km"": 1}"
823060,MLB,2026,regular,2026-05-16,2026-05-16,mlb-kc,mlb-stl,final,,,45,44,,,0.35,,,,,0.0,0.0,1,4.0,5.0,1,5.0,4.0,3,7,0,0.3,6,4,0,0.6,4.1111,4.5778,45,4.6364,4.5682,44,5,22,3.8636,4.0909,5,14,4.2143,5.3571,2,4,6,2,mlb-stl,"{""common_opponents"": 1, ""games_played"": 1, ""head_to_head"": 1, ""home_advantage"": 1, ""last10_form"": 1, ""season_scoring"": 1, ""travel_km"": 1}"
823139,MLB,2026,regular,2026-05-16,2026-05-16,mlb-sd,mlb-sea,final,,,44,46,,,0.35,,,,,0.0,0.0,4,4.5,2.25,4,2.25,4.5,6,4,0,0.6,5,5,0,0.5,4.0909,4.1136,44,4.1522,3.8478,46,3,10,2.0,3.7,3,9,4.5556,4.3333,7,4,11,-3,mlb-sd,"{""common_opponents"": 1, ""games_played"": 1, ""head_to_head"": 1, ""home_advantage"": 1, ""last10_form"": 1, ""season_scoring"": 1, ""travel_km"": 1}"
823382,MLB,2026,regular,2026-05-16,2026-05-16,mlb-phi,mlb-pit,final,,,45,45,,,0.35,,,,,0.0,0.0,1,11.0,9.0,1,9.0,11.0,7,3,0,0.7,5,5,0,0.5,4.1556,4.8,45,5.0889,4.4222,45,6,28,4.4286,5.1071,6,19,4.7895,4.3158,6,0,6,-6,mlb-phi,"{""common_opponents"": 1, ""games_played"": 1, ""head_to_head"": 1, ""home_advantage"": 1, ""last10_form"": 1, ""season_scoring"": 1, ""travel_km"": 1}"
823627,MLB,2026,regular,2026-05-16,2026-05-16,mlb-nyy,mlb-nym,final,,,45,44,,,0.35,,,,,0.0,0.0,1,5.0,2.0,1,2.0,5.0,4,6,0,0.4,6,4,0,0.6,5.0667,3.4667,45,3.7045,4.1591,44,3,10,4.1,4.0,3,10,4.4,3.6,3,6,9,3,mlb-nym,"{""common_opponents"": 1, ""games_played"": 1, ""head_to_head"": 1, ""home_advantage"": 1, ""last10_form"": 1, ""season_scoring"": 1, ""travel_km"": 1}"
823706,MLB,2026,regular,2026-05-16,2026-05-16,mlb-mil,mlb-min,final,,,42,45,,,0.35,,,,,0.0,0.0,1,3.0,2.0,1,2.0,3.0,7,3,0,0.7,5,5,0,0.5,5.0476,3.5952,42,4.7333,4.8667,45,7,24,4.4583,4.0,7,29,5.1724,5.1034,2,1,3,-1,mlb-mil,"{""common_opponents"": 1, ""games_played"": 1, ""head_to_head"": 1, ""home_advantage"": 1, ""last10_form"": 1, ""season_scoring"": 1, ""travel_km"": 1}"
824038,MLB,2026,regular,2026-05-16,2026-05-16,mlb-lad,mlb-laa,final,,,45,45,,,0.35,,,,,0.0,0.0,1,6.0,0.0,1,0.0,6.0,5,5,0,0.5,3,7,0,0.3,4.9556,3.3556,45,4.0667,4.9111,45,6,18,5.1111,2.8333,6,22,3.3182,4.8636,15,2,17,-13,mlb-lad,"{""common_opponents"": 1, ""games_played"": 1, ""head_to_head"": 1, ""home_advantage"": 1, ""last10_form"": 1, ""season_scoring"": 1, ""travel_km"": 1}"
824193,MLB,2026,regular,2026-05-16,2026-05-16,mlb-tex,mlb-hou,final,,,44,46,,,0.35,,,,,0.0,0.0,1,0.0,2.0,1,2.0,0.0,5,5,0,0.5,4,6,0,0.4,3.6818,3.7273,44,4.5217,5.5217,46,6,28,3.6071,3.8214,6,23,4.3478,6.4783,1,4,5,3,mlb-hou,"{""common_opponents"": 1, ""games_played"": 1, ""head_to_head"": 1, ""home_advantage"": 1, ""last10_form"": 1, ""season_scoring"": 1, ""travel_km"": 1}"
824278,MLB,2026,regular,2026-05-16,2026-05-16,mlb-tor,mlb-det,final,,,44,45,,,0.35,,,,,0.0,0.0,1,2.0,3.0,1,3.0,2.0,3,7,0,0.3,2,8,0,0.2,4.1364,4.4773,44,4.1333,4.3333,45,4,16,4.6875,4.375,4,17,3.5294,5.1765,2,1,3,-1,mlb-tor,"{""common_opponents"": 1, ""games_played"": 1, ""head_to_head"": 1, ""home_advantage"": 1, ""last10_form"": 1, ""season_scoring"": 1, ""travel_km"": 1}"
824359,MLB,2026,regular,2026-05-16,2026-05-16,mlb-ari,mlb-col,final,,,43,45,,,0.35,,,,,0.0,0.0,1,9.0,1.0,1,1.0,9.0,5,5,0,0.5,3,7,0,0.3,4.3721,4.7674,43,4.2,5.1778,45,7,24,4.0833,4.0417,7,32,4.0312,5.5625,2,4,6,2,mlb-col,"{""common_opponents"": 1, ""games_played"": 1, ""head_to_head"": 1, ""home_advantage"": 1, ""last10_form"": 1, ""season_scoring"": 1, ""travel_km"": 1}"
824435,MLB,2026,regular,2026-05-16,2026-05-16,mlb-cin,mlb-cle,final,,,45,46,,,0.35,,,,,0.0,0.0,1,7.0,6.0,1,6.0,7.0,4,6,0,0.4,6,4,0,0.6,4.3778,4.9333,45,4.1957,4.1304,46,5,16,4.4375,4.875,5,15,3.3333,3.0,4,7,11,3,mlb-cle,"{""common_opponents"": 1, ""games_played"": 1, ""head_to_head"": 1, ""home_advantage"": 1, ""last10_form"": 1, ""season_scoring"": 1, ""travel_km"": 1}"
824600,MLB,2026,regular,2026-05-16,2026-05-16,mlb-chc,mlb-cws,final,,,45,44,,,0.35,,,,,0.0,0.0,1,10.0,5.0,1,5.0,10.0,6,4,0,0.6,6,4,0,0.6,5.1111,4.0444,45,4.4091,4.7045,44,5,15,5.6667,3.9333,5,18,4.6667,4.3889,3,8,11,5,mlb-cws,"{""common_opponents"": 1, ""games_played"": 1, ""head_to_head"": 1, ""home_advantage"": 1, ""last10_form"": 1, ""season_scoring"": 1, ""travel_km"": 1}"
824924,MLB,2026,regular,2026-05-16,2026-05-16,mlb-bos,mlb-atl,final,,,44,45,,,0.35,,,,,0.0,0.0,1,2.0,3.0,1,3.0,2.0,5,5,0,0.5,6,4,0,0.6,3.7045,4.0227,44,5.3333,3.2889,45,2,10,3.6,2.9,2,9,4.7778,2.8889,3,2,5,-1,mlb-bos,"{""common_opponents"": 1, ""games_played"": 1, ""head_to_head"": 1, ""home_advantage"": 1, ""last10_form"": 1, ""season_scoring"": 1, ""travel_km"": 1}"
825007,MLB,2026,regular,2026-05-16,2026-05-16,mlb-sf,mlb-ath,final,,,45,44,,,0.35,,,,,0.0,0.0,1,2.0,5.0,1,5.0,2.0,4,6,0,0.4,5,5,0,0.5,3.3111,4.3778,45,4.4318,4.4773,44,4,16,2.8125,4.75,4,12,4.1667,3.0,6,4,10,-2,mlb-sf,"{""common_opponents"": 1, ""games_played"": 1, ""head_to_head"": 1, ""home_advantage"": 1, ""last10_form"": 1, ""season_scoring"": 1, ""travel_km"": 1}"
822738,MLB,2026,regular,2026-05-17,2026-05-17,mlb-bal,mlb-wsh,final,,,46,46,,,0.35,,,,,0.0,0.0,2,2.5,8.0,2,8.0,2.5,4,6,0,0.4,7,3,0,0.7,4.3043,5.3478,46,5.4783,5.6739,46,5,15,4.2667,3.8667,5,16,5.0625,5.5,7,3,10,-4,mlb-bal,"{""common_opponents"": 1, ""games_played"": 1, ""head_to_head"": 1, ""home_advantage"": 1, ""last10_form"": 1, ""season_scoring"": 1, ""travel_km"": 1}"
822982,MLB,2026,regular,2026-05-17,2026-05-17,mlb-mia,mlb-tb,final,,,46,44,,,0.35,,,,,0.0,0.0,2,6.0,6.0,2,6.0,6.0,5,5,0,0.5,7,3,0,0.7,4.3043,4.5217,46,4.5682,4.0682,44,7,22,4.7727,4.7273,7,24,5.0,4.0833,3,6,9,3,mlb-tb,"{""common_opponents"": 1, ""games_played"": 1, ""head_to_head"": 1, ""home_advantage"": 1, ""last10_form"": 1, ""season_scoring"": 1, ""travel_km"": 1}"
823058,MLB,2026,regular,2026-05-17,2026-05-17,mlb-kc,mlb-stl,final,,,46,45,,,0.35,,,,,0.0,0.0,2,3.0,4.5,2,4.5,3.0,2,8,0,0.2,6,4,0,0.6,4.0652,4.5652,46,4.6222,4.5111,45,5,22,3.8636,4.0909,5,14,4.2143,5.3571,2,0,2,-2,mlb-kc,"{""common_opponents"": 1, ""games_played"": 1, ""head_to_head"": 1, ""home_advantage"": 1, ""last10_form"": 1, ""season_scoring"": 1, ""travel_km"": 1}"
823138,MLB,2026,regular,2026-05-17,2026-05-17,mlb-sd,mlb-sea,final,,,45,47,,,0.35,,,,,0.0,0.0,5,5.0,2.6,5,2.6,5.0,6,4,0,0.6,5,5,0,0.5,4.1556,4.1111,45,4.1489,3.9149,47,3,10,2.0,3.7,3,9,4.5556,4.3333,8,3,11,-5,mlb-sd,"{""common_opponents"": 1, ""games_played"": 1, ""head_to_head"": 1, ""home_advantage"": 1, ""last10_form"": 1, ""season_scoring"": 1, ""travel_km"": 1}"
823381,MLB,2026,regular,2026-05-17,2026-05-17,mlb-phi,mlb-pit,final,,,46,46,,,0.35,,,,,0.0,0.0,2,8.5,4.5,2,4.5,8.5,7,3,0,0.7,5,5,0,0.5,4.1957,4.6957,46,4.9783,4.4565,46,6,28,4.4286,5.1071,6,19,4.7895,4.3158,6,0,6,-6,mlb-phi,"{""common_opponents"": 1, ""games_played"": 1, ""head_to_head"": 1, ""home_advantage"": 1, ""last10_form"": 1, ""season_scoring"": 1, ""travel_km"": 1}"
823628,MLB,2026,regular,2026-05-17,2026-05-17,mlb-nyy,mlb-nym,final,,,46,45,,,0.35,,,,,0.0,0.0,2,4.0,4.0,2,4.0,4.0,3,7,0,0.3,6,4,0,0.6,5.0217,3.5217,46,3.7556,4.1333,45,3,10,4.1,4.0,3,10,4.4,3.6,6,7,13,1,mlb-nym,"{""common_opponents"": 1, ""games_played"": 1, ""head_to_head"": 1, ""home_advantage"": 1, ""last10_form"": 1, ""season_scoring"": 1, ""travel_km"": 1}"
823708,MLB,2026,regular,2026-05-17,2026-05-17,mlb-mil,mlb-min,final,,,43,46,,,0.35,,,,,0.0,0.0,2,2.5,1.5,2,1.5,2.5,8,2,0,0.8,4,6,0,0.4,4.9767,3.5349,43,4.6522,4.8043,46,7,24,4.4583,4.0,7,29,5.1724,5.1034,4,5,9,1,mlb-min,"{""common_opponents"": 1, ""games_played"": 1, ""head_to_head"": 1, ""home_advantage"": 1, ""last10_form"": 1, ""season_scoring"": 1, ""travel_km"": 1}"
824034,MLB,2026,regular,2026-05-17,2026-05-17,mlb-lad,mlb-laa,final,,,46,46,,,0.35,,,,,0.0,0.0,2,10.5,1.0,2,1.0,10.5,6,4,0,0.6,3,7,0,0.3,5.1739,3.3261,46,4.0217,5.1304,46,6,18,5.1111,2.8333,6,22,3.3182,4.8636,10,1,11,-9,mlb-lad,"{""common_opponents"": 1, ""games_played"": 1, ""head_to_head"": 1, ""home_advantage"": 1, ""last10_form"": 1, ""season_scoring"": 1, ""travel_km"": 1}"
824192,MLB,2026,regular,2026-05-17,2026-05-17,mlb-tex,mlb-hou,final,,,45,47,,,0.35,,,,,0.0,0.0,2,0.5,3.0,2,3.0,0.5,5,5,0,0.5,4,6,0,0.4,3.6222,3.7333,45,4.5106,5.4255,47,6,28,3.6071,3.8214,6,23,4.3478,6.4783,8,0,8,-8,mlb-tex,"{""common_opponents"": 1, ""games_played"": 1, ""head_to_head"": 1, ""home_advantage"": 1, ""last10_form"": 1, ""season_scoring"": 1, ""travel_km"": 1}"
824279,MLB,2026,regular,2026-05-17,2026-05-17,mlb-tor,mlb-det,final,,,45,46,,,0.35,,,,,0.0,0.0,2,2.0,2.0,2,2.0,2.0,4,6,0,0.4,2,8,0,0.2,4.0889,4.4,45,4.0652,4.2826,46,4,16,4.6875,4.375,4,17,3.5294,5.1765,4,1,5,-3,mlb-tor,"{""common_opponents"": 1, ""games_played"": 1, ""head_to_head"": 1, ""home_advantage"": 1, ""last10_form"": 1, ""season_scoring"": 1, ""travel_km"": 1}"
824358,MLB,2026,regular,2026-05-17,2026-05-17,mlb-ari,mlb-col,final,,,44,46,,,0.35,,,,,0.0,0.0,2,5.5,2.5,2,2.5,5.5,4,6,0,0.4,4,6,0,0.4,4.3182,4.75,44,4.1957,5.1087,46,7,24,4.0833,4.0417,7,32,4.0312,5.5625,8,6,14,-2,mlb-ari,"{""common_opponents"": 1, ""games_played"": 1, ""head_to_head"": 1, ""home_advantage"": 1, ""last10_form"": 1, ""season_scoring"": 1, ""travel_km"": 1}"
824436,MLB,2026,regular,2026-05-17,2026-05-17,mlb-cin,mlb-cle,final,,,46,47,,,0.35,,,,,0.0,0.0,2,5.5,6.5,2,6.5,5.5,4,6,0,0.4,7,3,0,0.7,4.3696,4.9783,46,4.2553,4.1277,47,5,16,4.4375,4.875,5,15,3.3333,3.0,3,10,13,7,mlb-cle,"{""common_opponents"": 1, ""games_played"": 1, ""head_to_head"": 1, ""home_advantage"": 1, ""last10_form"": 1, ""season_scoring"": 1, ""travel_km"": 1}"
824599,MLB,2026,regular,2026-05-17,2026-05-17,mlb-chc,mlb-cws,final,,,46,45,,,0.35,,,,,0.0,0.0,2,6.5,6.5,2,6.5,6.5,5,5,0,0.5,6,4,0,0.6,5.0652,4.1304,46,4.4889,4.6667,45,5,15,5.6667,3.9333,5,18,4.6667,4.3889,8,9,17,1,mlb-cws,"{""common_opponents"": 1, ""games_played"": 1, ""head_to_head"": 1, ""home_advantage"": 1, ""last10_form"": 1, ""season_scoring"": 1, ""travel_km"": 1}"
824923,MLB,2026,regular,2026-05-17,2026-05-17,mlb-bos,mlb-atl,final,,,45,46,,,0.35,,,,,0.0,0.0,2,2.5,2.5,2,2.5,2.5,5,5,0,0.5,6,4,0,0.6,3.6889,3.9778,45,5.2609,3.2826,46,2,10,3.6,2.9,2,9,4.7778,2.8889,1,8,9,7,mlb-atl,"{""common_opponents"": 1, ""games_played"": 1, ""head_to_head"": 1, ""home_advantage"": 1, ""last10_form"": 1, ""season_scoring"": 1, ""travel_km"": 1}"
825006,MLB,2026,regular,2026-05-17,2026-05-17,mlb-sf,mlb-ath,final,,,46,45,,,0.35,,,,,0.0,0.0,2,4.0,4.5,2,4.5,4.0,5,5,0,0.5,5,5,0,0.5,3.3696,4.3696,46,4.4222,4.5111,45,4,16,2.8125,4.75,4,12,4.1667,3.0,10,1,11,-9,mlb-sf,"{""common_opponents"": 1, ""games_played"": 1, ""head_to_head"": 1, ""home_advantage"": 1, ""last10_form"": 1, ""season_scoring"": 1, ""travel_km"": 1}"
822734,MLB,2026,regular,2026-05-18,2026-05-18,mlb-nym,mlb-wsh,final,,,46,47,,,0.35,,,,,341.7,0.0,3,4.6667,6.3333,3,6.3333,4.6667,6,4,0,0.6,6,4,0,0.6,3.8261,4.1739,46,5.4255,5.7021,47,6,19,3.9474,4.1579,6,19,5.6842,6.8947,16,7,23,-9,mlb-nym,"{""common_opponents"": 1, ""games_played"": 1, ""head_to_head"": 1, ""home_advantage"": 1, ""last10_form"": 1, ""season_scoring"": 1, ""travel_km"": 1}"
822980,MLB,2026,regular,2026-05-18,2026-05-18,mlb-bal,mlb-tb,final,,,47,45,,,0.35,,,,,1340.8,0.0,,,,,,,4,6,0,0.4,7,3,0,0.7,4.3617,5.2979,47,4.6,4.0444,45,8,29,3.931,5.1724,8,27,4.5926,3.1852,6,16,22,10,mlb-tb,"{""common_opponents"": 1, ""games_played"": 1, ""head_to_head"": 1, ""home_advantage"": 1, ""last10_form"": 1, ""season_scoring"": 1, ""travel_km"": 1}"
823137,MLB,2026,regular,2026-05-18,2026-05-18,mlb-cws,mlb-sea,final,,,46,48,,,0.35,,,,,2790.9,0.0,3,5.3333,4.6667,3,4.6667,5.3333,7,3,0,0.7,4,6,0,0.4,4.587,4.7391,46,4.125,4.0,48,4,19,4.7368,3.3158,4,15,3.0667,4.8,1,6,7,5,mlb-sea,"{""common_opponents"": 1, ""games_played"": 1, ""head_to_head"": 1, ""home_advantage"": 1, ""last10_form"": 1, ""season_scoring"": 1, ""travel_km"": 1}"
823301,MLB,2026,regular,2026-05-18,2026-05-18,mlb-lad,mlb-sd,final,,,47,46,,,0.35,,,,,139.0,1711.5,,,,,,,6,4,0,0.6,6,4,0,0.6,5.2766,3.2766,47,4.2391,4.087,46,6,23,5.3478,3.1304,6,25,4.56,4.32,0,1,1,1,mlb-sd,"{""common_opponents"": 1, ""games_played"": 1, ""head_to_head"": 1, ""home_advantage"": 1, ""last10_form"": 1, ""season_scoring"": 1, ""travel_km"": 1}"
823465,MLB,2026,regular,2026-05-18,2026-05-18,mlb-cin,mlb-phi,final,,,47,47,,,0.35,,,,,577.1,415.5,,,,,,,4,6,0,0.4,7,3,0,0.7,4.3404,5.0851,47,4.234,4.5957,47,8,29,3.8966,4.931,8,35,4.4571,4.4571,4,5,9,1,mlb-phi,"{""common_opponents"": 1, ""games_played"": 1, ""head_to_head"": 1, ""home_advantage"": 1, ""last10_form"": 1, ""season_scoring"": 1, ""travel_km"": 1}"
823549,MLB,2026,regular,2026-05-18,2026-05-18,mlb-tor,mlb-nyy,final,,,46,47,,,0.35,,,,,776.6,10.5,,,,,,,5,5,0,0.5,3,7,0,0.3,4.087,4.3261,46,5.0426,3.5957,47,5,21,4.1429,3.619,5,16,3.5625,4.4375,6,7,13,1,mlb-nyy,"{""common_opponents"": 1, ""games_played"": 1, ""head_to_head"": 1, ""home_advantage"": 1, ""last10_form"": 1, ""season_scoring"": 1, ""travel_km"": 1}"
823705,MLB,2026,regular,2026-05-18,2026-05-18,mlb-hou,mlb-min,final,,,48,47,,,0.35,,,,,1702.6,0.0,,,,,,,4,6,0,0.4,5,5,0,0.5,4.4167,5.4792,48,4.6596,4.7872,47,5,23,4.4783,4.5652,5,15,4.6667,4.4667,3,6,9,3,mlb-min,"{""common_opponents"": 1, ""games_played"": 1, ""head_to_head"": 1, ""home_advantage"": 1, ""last10_form"": 1, ""season_scoring"": 1, ""travel_km"": 1}"
823867,MLB,2026,regular,2026-05-18,2026-05-18,mlb-atl,mlb-mia,final,,,47,47,,,0.35,,,,,990.5,327.6,3,5.3333,6.0,3,6.0,5.3333,6,4,0,0.6,5,5,0,0.5,5.3191,3.234,47,4.2766,4.5532,47,5,19,6.0,3.6316,5,16,3.0,3.5625,0,12,12,12,mlb-mia,"{""common_opponents"": 1, ""games_played"": 1, ""head_to_head"": 1, ""home_advantage"": 1, ""last10_form"": 1, ""season_scoring"": 1, ""travel_km"": 1}"
824035,MLB,2026,regular,2026-05-18,2026-05-18,mlb-ath,mlb-laa,final,,,46,47,,,0.35,,,,,623.3,0.0,,,,,,,5,5,0,0.5,2,8,0,0.2,4.3478,4.6304,46,3.9574,5.234,47,9,27,4.4815,4.8148,9,35,4.1429,5.1714,1,2,3,1,mlb-laa,"{""common_opponents"": 1, ""games_played"": 1, ""head_to_head"": 1, ""home_advantage"": 1, ""last10_form"": 1, ""season_scoring"": 1, ""travel_km"": 1}"
824114,MLB,2026,regular,2026-05-18,2026-05-18,mlb-bos,mlb-kc,final,,,46,47,,,0.35,,,,,1062.4,374.4,,,,,,,4,6,0,0.4,3,7,0,0.3,3.6304,4.0652,46,4.0213,4.4681,47,7,25,4.48,4.12,7,24,3.8333,5.0,3,1,4,-2,mlb-bos,"{""common_opponents"": 1, ""games_played"": 1, ""head_to_head"": 1, ""home_advantage"": 1, ""last10_form"": 1, ""season_scoring"": 1, ""travel_km"": 1}"
824277,MLB,2026,regular,2026-05-18,2026-05-18,mlb-cle,mlb-det,final,,,48,47,,,0.35,,,,,146.6,0.0,,,,,,,7,3,0,0.7,2,8,0,0.2,4.375,4.1042,48,4.0,4.2766,47,6,22,4.8182,4.6364,6,22,3.9545,4.3636,8,2,10,-6,mlb-cle,"{""common_opponents"": 1, ""games_played"": 1, ""head_to_head"": 1, ""home_advantage"": 1, ""last10_form"": 1, ""season_scoring"": 1, ""travel_km"": 1}"
824357,MLB,2026,regular,2026-05-18,2026-05-18,mlb-tex,mlb-col,final,,,46,47,,,0.35,,,,,1416.3,0.0,,,,,,,5,5,0,0.5,4,6,0,0.4,3.7174,3.6522,46,4.234,5.1702,47,6,18,4.0,3.5,6,25,4.44,5.28,6,7,13,1,mlb-col,"{""common_opponents"": 1, ""games_played"": 1, ""head_to_head"": 1, ""home_advantage"": 1, ""last10_form"": 1, ""season_scoring"": 1, ""travel_km"": 1}"
824680,MLB,2026,regular,2026-05-18,2026-05-18,mlb-mil,mlb-chc,final,,,44,47,,,0.35,,,,,565.1,13.3,,,,,,,8,2,0,0.8,4,6,0,0.4,4.9545,3.5682,44,5.1277,4.234,47,6,21,5.5714,3.2857,6,18,5.7222,4.8333,9,3,12,-6,mlb-mil,"{""common_opponents"": 1, ""games_played"": 1, ""head_to_head"": 1, ""home_advantage"": 1, ""last10_form"": 1, ""season_scoring"": 1, ""travel_km"": 1}"
825087,MLB,2026,regular,2026-05-18,2026-05-18,mlb-sf,mlb-ari,final,,,47,45,,,0.35,,,,,1022.8,943.3,,,,,,,6,4,0,0.6,5,5,0,0.5,3.5106,4.2979,47,4.4,4.7778,45,6,29,3.5862,4.5172,6,20,4.55,3.7,2,12,14,10,mlb-ari,"{""common_opponents"": 1, ""games_played"": 1, ""head_to_head"": 1, ""home_advantage"": 1, ""last10_form"": 1, ""season_scoring"": 1, ""travel_km"": 1}"
822736,MLB,2026,regular,2026-05-19,2026-05-19,mlb-nym,mlb-wsh,final,,,47,48,,,0.35,,,,,0.0,0.0,4,7.5,6.5,4,6.5,7.5,7,3,0,0.7,5,5,0,0.5,4.0851,4.234,47,5.4583,5.9167,48,6,19,3.9474,4.1579,6,19,5.6842,6.8947,6,9,15,3,mlb-wsh,"{""common_opponents"": 1, ""games_played"": 1, ""head_to_head"": 1, ""home_advantage"": 1, ""last10_form"": 1, ""season_scoring"": 1, ""travel_km"": 1}"
822979,MLB,2026,regular,2026-05-19,2026-05-19,mlb-bal,mlb-tb,final,,,48,46,,,0.35,,,,,0.0,0.0,1,6.0,16.0,1,16.0,6.0,4,6,0,0.4,7,3,0,0.7,4.3958,5.5208,48,4.8478,4.087,46,8,29,3.931,5.1724,8,27,4.5926,3.1852,1,4,5,3,mlb-tb,"{""common_opponents"": 1, ""games_played"": 1, ""head_to_head"": 1, ""home_advantage"": 1, ""last10_form"": 1, ""season_scoring"": 1, ""travel_km"": 1}"
823059,MLB,2026,regular,2026-05-19,2026-05-19,mlb-pit,mlb-stl,final,,,47,46,,,0.35,,,,,896.3,0.0,4,4.5,7.5,4,7.5,4.5,4,6,0,0.4,6,4,0,0.6,4.8723,4.4894,47,4.5217,4.4565,46,5,16,5.0625,4.375,5,15,4.5333,4.0667,6,9,15,3,mlb-stl,"{""common_opponents"": 1, ""games_played"": 1, ""head_to_head"": 1, ""home_advantage"": 1, ""last10_form"": 1, ""season_scoring"": 1, ""travel_km"": 1}"
823136,MLB,2026,regular,2026-05-19,2026-05-19,mlb-cws,mlb-sea,final,,,47,49,,,0.35,,,,,0.0,0.0,4,4.25,5.0,4,5.0,4.25,7,3,0,0.7,4,6,0,0.4,4.5106,4.766,47,4.1633,3.9388,49,4,19,4.7368,3.3158,4,15,3.0667,4.8,2,1,3,-1,mlb-cws,"{""common_opponents"": 1, ""games_played"": 1, ""head_to_head"": 1, ""home_advantage"": 1, ""last10_form"": 1, ""season_scoring"": 1, ""travel_km"": 1}"
823302,MLB,2026,regular,2026-05-19,2026-05-19,mlb-lad,mlb-sd,final,,,48,47,,,0.35,,,,,0.0,0.0,1,0.0,1.0,1,1.0,0.0,5,5,0,0.5,7,3,0,0.7,5.1667,3.2292,48,4.1702,4.0,47,6,23,5.3478,3.1304,6,25,4.56,4.32,5,4,9,-1,mlb-lad,"{""common_opponents"": 1, ""games_played"": 1, ""head_to_head"": 1, ""home_advantage"": 1, ""last10_form"": 1, ""season_scoring"": 1, ""travel_km"": 1}"
823464,MLB,2026,regular,2026-05-19,2026-05-19,mlb-cin,mlb-phi,final,,,48,48,,,0.35,,,,,0.0,0.0,1,4.0,5.0,1,5.0,4.0,4,6,0,0.4,8,2,0,0.8,4.3333,5.0833,48,4.25,4.5833,48,8,29,3.8966,4.931,8,35,4.4571,4.4571,4,1,5,-3,mlb-cin,"{""common_opponents"": 1, ""games_played"": 1, ""head_to_head"": 1, ""home_advantage"": 1, ""last10_form"": 1, ""season_scoring"": 1, ""travel_km"": 1}"
823548,MLB,2026,regular,2026-05-19,2026-05-19,mlb-tor,mlb-nyy,final,,,47,48,,,0.35,,,,,0.0,0.0,1,6.0,7.0,1,7.0,6.0,5,5,0,0.5,3,7,0,0.3,4.1277,4.383,47,5.0833,3.6458,48,5,21,4.1429,3.619,5,16,3.5625,4.4375,4,5,9,1,mlb-nyy,"{""common_opponents"": 1, ""games_played"": 1, ""head_to_head"": 1, ""home_advantage"": 1, ""last10_form"": 1, ""season_scoring"": 1, ""travel_km"": 1}"
823704,MLB,2026,regular,2026-05-19,2026-05-19,mlb-hou,mlb-min,final,,,49,48,,,0.35,,,,,0.0,0.0,1,3.0,6.0,1,6.0,3.0,3,7,0,0.3,6,4,0,0.6,4.3878,5.4898,49,4.6875,4.75,48,5,23,4.4783,4.5652,5,15,4.6667,4.4667,2,1,3,-1,mlb-hou,"{""common_opponents"": 1, ""games_played"": 1, ""head_to_head"": 1, ""home_advantage"": 1, ""last10_form"": 1, ""season_scoring"": 1, ""travel_km"": 1}"
823865,MLB,2026,regular,2026-05-19,2026-05-19,mlb-atl,mlb-mia,final,,,48,48,,,0.35,,,,,0.0,0.0,4,4.0,7.5,4,7.5,4.0,6,4,0,0.6,5,5,0,0.5,5.2083,3.4167,48,4.4375,4.4583,48,5,19,6.0,3.6316,5,16,3.0,3.5625,8,4,12,-4,mlb-atl,"{""common_opponents"": 1, ""games_played"": 1, ""head_to_head"": 1, ""home_advantage"": 1, ""last10_form"": 1, ""season_scoring"": 1, ""travel_km"": 1}"
824033,MLB,2026,regular,2026-05-19,2026-05-19,mlb-ath,mlb-laa,final,,,47,48,,,0.35,,,,,0.0,0.0,1,1.0,2.0,1,2.0,1.0,4,6,0,0.4,2,8,0,0.2,4.2766,4.5745,47,3.9167,5.1458,48,9,27,4.4815,4.8148,9,35,4.1429,5.1714,14,6,20,-8,mlb-ath,"{""common_opponents"": 1, ""games_played"": 1, ""head_to_head"": 1, ""home_advantage"": 1, ""last10_form"": 1, ""season_scoring"": 1, ""travel_km"": 1}"
824112,MLB,2026,regular,2026-05-19,2026-05-19,mlb-bos,mlb-kc,final,,,47,48,,,0.35,,,,,0.0,0.0,1,3.0,1.0,1,1.0,3.0,4,6,0,0.4,3,7,0,0.3,3.617,4.0,47,3.9583,4.4375,48,7,25,4.48,4.12,7,24,3.8333,5.0,7,1,8,-6,mlb-bos,"{""common_opponents"": 1, ""games_played"": 1, ""head_to_head"": 1, ""home_advantage"": 1, ""last10_form"": 1, ""season_scoring"": 1, ""travel_km"": 1}"
824276,MLB,2026,regular,2026-05-19,2026-05-19,mlb-cle,mlb-det,final,,,49,48,,,0.35,,,,,0.0,0.0,1,8.0,2.0,1,2.0,8.0,7,3,0,0.7,2,8,0,0.2,4.449,4.0612,49,3.9583,4.3542,48,6,22,4.8182,4.6364,6,22,3.9545,4.3636,4,3,7,-1,mlb-cle,"{""common_opponents"": 1, ""games_played"": 1, ""head_to_head"": 1, ""home_advantage"": 1, ""last10_form"": 1, ""season_scoring"": 1, ""travel_km"": 1}"
824356,MLB,2026,regular,2026-05-19,2026-05-19,mlb-tex,mlb-col,final,,,47,48,,,0.35,,,,,0.0,0.0,1,6.0,7.0,1,7.0,6.0,5,5,0,0.5,4,6,0,0.4,3.766,3.7234,47,4.2917,5.1875,48,6,18,4.0,3.5,6,25,4.44,5.28,10,0,10,-10,mlb-tex,"{""common_opponents"": 1, ""games_played"": 1, ""head_to_head"": 1, ""home_advantage"": 1, ""last10_form"": 1, ""season_scoring"": 1, ""travel_km"": 1}"
824677,MLB,2026,regular,2026-05-19,2026-05-19,mlb-mil,mlb-chc,final,,,45,48,,,0.35,,,,,0.0,0.0,1,9.0,3.0,1,3.0,9.0,8,2,0,0.8,3,7,0,0.3,5.0444,3.5556,45,5.0833,4.3333,48,6,21,5.5714,3.2857,6,18,5.7222,4.8333,5,2,7,-3,mlb-mil,"{""common_opponents"": 1, ""games_played"": 1, ""head_to_head"": 1, ""home_advantage"": 1, ""last10_form"": 1, ""season_scoring"": 1, ""travel_km"": 1}"
825086,MLB,2026,regular,2026-05-19,2026-05-19,mlb-sf,mlb-ari,final,,,48,46,,,0.35,,,,,0.0,0.0,1,2.0,12.0,1,12.0,2.0,5,5,0,0.5,6,4,0,0.6,3.4792,4.4583,48,4.5652,4.7174,46,6,29,3.5862,4.5172,6,20,4.55,3.7,3,5,8,2,mlb-ari,"{""common_opponents"": 1, ""games_played"": 1, ""head_to_head"": 1, ""home_advantage"": 1, ""last10_form"": 1, ""season_scoring"": 1, ""travel_km"": 1}"
822735,MLB,2026,regular,2026-05-20,2026-05-20,mlb-nym,mlb-wsh,final,,,48,49,,,0.35,,,,,0.0,0.0,5,7.2,7.0,5,7.0,7.2,6,4,0,0.6,5,5,0,0.5,4.125,4.3333,48,5.5306,5.9184,49,6,19,3.9474,4.1579,6,19,5.6842,6.8947,4,8,12,4,mlb-wsh,"{""common_opponents"": 1, ""games_played"": 1, ""head_to_head"": 1, ""home_advantage"": 1, ""last10_form"": 1, ""season_scoring"": 1, ""travel_km"": 1}"
822977,MLB,2026,regular,2026-05-20,2026-05-20,mlb-bal,mlb-tb,final,,,49,47,,,0.35,,,,,0.0,0.0,2,3.5,10.0,2,10.0,3.5,4,6,0,0.4,7,3,0,0.7,4.3265,5.4898,49,4.8298,4.0213,47,8,29,3.931,5.1724,8,27,4.5926,3.1852,3,5,8,2,mlb-tb,"{""common_opponents"": 1, ""games_played"": 1, ""head_to_head"": 1, ""home_advantage"": 1, ""last10_form"": 1, ""season_scoring"": 1, ""travel_km"": 1}"
823057,MLB,2026,regular,2026-05-20,2026-05-20,mlb-pit,mlb-stl,final,,,48,47,,,0.35,,,,,0.0,0.0,5,4.8,7.8,5,7.8,4.8,3,7,0,0.3,6,4,0,0.6,4.8958,4.5833,48,4.617,4.4894,47,5,16,5.0625,4.375,5,15,4.5333,4.0667,7,0,7,-7,mlb-pit,"{""common_opponents"": 1, ""games_played"": 1, ""head_to_head"": 1, ""home_advantage"": 1, ""last10_form"": 1, ""season_scoring"": 1, ""travel_km"": 1}"
823134,MLB,2026,regular,2026-05-20,2026-05-20,mlb-cws,mlb-sea,final,,,48,50,,,0.35,,,,,0.0,0.0,5,3.8,4.2,5,4.2,3.8,8,2,0,0.8,4,6,0,0.4,4.4583,4.6875,48,4.1,3.9,50,4,19,4.7368,3.3158,4,15,3.0667,4.8,4,5,9,1,mlb-sea,"{""common_opponents"": 1, ""games_played"": 1, ""head_to_head"": 1, ""home_advantage"": 1, ""last10_form"": 1, ""season_scoring"": 1, ""travel_km"": 1}"
823299,MLB,2026,regular,2026-05-20,2026-05-20,mlb-lad,mlb-sd,final,,,49,48,,,0.35,,,,,0.0,0.0,2,2.5,2.5,2,2.5,2.5,6,4,0,0.6,7,3,0,0.7,5.1633,3.2449,49,4.1667,4.0208,48,6,23,5.3478,3.1304,6,25,4.56,4.32,4,0,4,-4,mlb-lad,"{""common_opponents"": 1, ""games_played"": 1, ""head_to_head"": 1, ""home_advantage"": 1, ""last10_form"": 1, ""season_scoring"": 1, ""travel_km"": 1}"
823462,MLB,2026,regular,2026-05-20,2026-05-20,mlb-cin,mlb-phi,final,,,49,49,,,0.35,,,,,0.0,0.0,2,4.0,3.0,2,3.0,4.0,5,5,0,0.5,8,2,0,0.8,4.3265,5.0,49,4.1837,4.5714,49,8,29,3.8966,4.931,8,35,4.4571,4.4571,9,4,13,-5,mlb-cin,"{""common_opponents"": 1, ""games_played"": 1, ""head_to_head"": 1, ""home_advantage"": 1, ""last10_form"": 1, ""season_scoring"": 1, ""travel_km"": 1}"
823547,MLB,2026,regular,2026-05-20,2026-05-20,mlb-tor,mlb-nyy,final,,,48,49,,,0.35,,,,,0.0,0.0,2,5.0,6.0,2,6.0,5.0,4,6,0,0.4,4,6,0,0.4,4.125,4.3958,48,5.0816,3.6531,49,5,21,4.1429,3.619,5,16,3.5625,4.4375,2,1,3,-1,mlb-tor,"{""common_opponents"": 1, ""games_played"": 1, ""head_to_head"": 1, ""home_advantage"": 1, ""last10_form"": 1, ""season_scoring"": 1, ""travel_km"": 1}"
823703,MLB,2026,regular,2026-05-20,2026-05-20,mlb-hou,mlb-min,final,,,50,49,,,0.35,,,,,0.0,0.0,2,2.5,3.5,2,3.5,2.5,4,6,0,0.4,6,4,0,0.6,4.34,5.4,50,4.6122,4.6939,49,5,23,4.4783,4.5652,5,15,4.6667,4.4667,1,4,5,3,mlb-min,"{""common_opponents"": 1, ""games_played"": 1, ""head_to_head"": 1, ""home_advantage"": 1, ""last10_form"": 1, ""season_scoring"": 1, ""travel_km"": 1}"
823866,MLB,2026,regular,2026-05-20,2026-05-20,mlb-atl,mlb-mia,final,,,49,49,,,0.35,,,,,0.0,0.0,5,4.8,6.8,5,6.8,4.8,7,3,0,0.7,5,5,0,0.5,5.2653,3.4286,49,4.4286,4.5306,49,5,19,6.0,3.6316,5,16,3.0,3.5625,9,1,10,-8,mlb-atl,"{""common_opponents"": 1, ""games_played"": 1, ""head_to_head"": 1, ""home_advantage"": 1, ""last10_form"": 1, ""season_scoring"": 1, ""travel_km"": 1}"
824032,MLB,2026,regular,2026-05-20,2026-05-20,mlb-ath,mlb-laa,final,,,48,49,,,0.35,,,,,0.0,0.0,2,7.5,4.0,2,4.0,7.5,4,6,0,0.4,2,8,0,0.2,4.4792,4.6042,48,3.9592,5.3265,49,9,27,4.4815,4.8148,9,35,4.1429,5.1714,6,5,11,-1,mlb-ath,"{""common_opponents"": 1, ""games_played"": 1, ""head_to_head"": 1, ""home_advantage"": 1, ""last10_form"": 1, ""season_scoring"": 1, ""travel_km"": 1}"
824111,MLB,2026,regular,2026-05-20,2026-05-20,mlb-bos,mlb-kc,final,,,48,49,,,0.35,,,,,0.0,0.0,2,5.0,1.0,2,1.0,5.0,5,5,0,0.5,2,8,0,0.2,3.6875,3.9375,48,3.898,4.4898,49,7,25,4.48,4.12,7,24,3.8333,5.0,4,3,7,-1,mlb-bos,"{""common_opponents"": 1, ""games_played"": 1, ""head_to_head"": 1, ""home_advantage"": 1, ""last10_form"": 1, ""season_scoring"": 1, ""travel_km"": 1}"
824273,MLB,2026,regular,2026-05-20,2026-05-20,mlb-cle,mlb-det,final,,,50,49,,,0.35,,,,,0.0,0.0,2,6.0,2.5,2,2.5,6.0,7,3,0,0.7,2,8,0,0.2,4.44,4.04,50,3.9388,4.3469,49,6,22,4.8182,4.6364,6,22,3.9545,4.3636,3,2,5,-1,mlb-cle,"{""common_opponents"": 1, ""games_played"": 1, ""head_to_head"": 1, ""home_advantage"": 1, ""last10_form"": 1, ""season_scoring"": 1, ""travel_km"": 1}"
824355,MLB,2026,regular,2026-05-20,2026-05-20,mlb-tex,mlb-col,final,,,48,49,,,0.35,,,,,0.0,0.0,2,8.0,3.5,2,3.5,8.0,6,4,0,0.6,3,7,0,0.3,3.8958,3.6458,48,4.2041,5.2857,49,6,18,4.0,3.5,6,25,4.44,5.28,5,4,9,-1,mlb-tex,"{""common_opponents"": 1, ""games_played"": 1, ""head_to_head"": 1, ""home_advantage"": 1, ""last10_form"": 1, ""season_scoring"": 1, ""travel_km"": 1}"
824678,MLB,2026,regular,2026-05-20,2026-05-20,mlb-mil,mlb-chc,final,,,46,49,,,0.35,,,,,0.0,0.0,2,7.0,2.5,2,2.5,7.0,8,2,0,0.8,2,8,0,0.2,5.0435,3.5217,46,5.0204,4.3469,49,6,21,5.5714,3.2857,6,18,5.7222,4.8333,5,0,5,-5,mlb-mil,"{""common_opponents"": 1, ""games_played"": 1, ""head_to_head"": 1, ""home_advantage"": 1, ""last10_form"": 1, ""season_scoring"": 1, ""travel_km"": 1}"
825084,MLB,2026,regular,2026-05-20,2026-05-20,mlb-sf,mlb-ari,final,,,49,47,,,0.35,,,,,0.0,0.0,2,2.5,8.5,2,8.5,2.5,5,5,0,0.5,7,3,0,0.7,3.4694,4.4694,49,4.5745,4.6809,47,6,29,3.5862,4.5172,6,20,4.55,3.7,3,6,9,3,mlb-ari,"{""common_opponents"": 1, ""games_played"": 1, ""head_to_head"": 1, ""home_advantage"": 1, ""last10_form"": 1, ""season_scoring"": 1, ""travel_km"": 1}"
822733,MLB,2026,regular,2026-05-21,2026-05-21,mlb-nym,mlb-wsh,final,,,49,50,,,0.35,,,,,0.0,0.0,6,6.6667,7.1667,6,7.1667,6.6667,6,4,0,0.6,6,4,0,0.6,4.1224,4.4082,49,5.58,5.88,50,6,19,3.9474,4.1579,6,19,5.6842,6.8947,2,1,3,-1,mlb-nym,"{""common_opponents"": 1, ""games_played"": 1, ""head_to_head"": 1, ""home_advantage"": 1, ""last10_form"": 1, ""season_scoring"": 1, ""travel_km"": 1}"
823056,MLB,2026,regular,2026-05-21,2026-05-21,mlb-pit,mlb-stl,final,,,49,48,,,0.35,,,,,0.0,0.0,6,5.1667,6.5,6,6.5,5.1667,4,6,0,0.4,5,5,0,0.5,4.9388,4.4898,49,4.5208,4.5417,48,5,16,5.0625,4.375,5,15,4.5333,4.0667,6,2,8,-4,mlb-pit,"{""common_opponents"": 1, ""games_played"": 1, ""head_to_head"": 1, ""home_advantage"": 1, ""last10_form"": 1, ""season_scoring"": 1, ""travel_km"": 1}"
823545,MLB,2026,regular,2026-05-21,2026-05-21,mlb-tor,mlb-nyy,final,,,49,50,,,0.35,,,,,0.0,0.0,3,4.0,4.3333,3,4.3333,4.0,4,6,0,0.4,4,6,0,0.4,4.0816,4.3265,49,5.0,3.62,50,5,21,4.1429,3.619,5,16,3.5625,4.4375,2,0,2,-2,mlb-tor,"{""common_opponents"": 1, ""games_played"": 1, ""head_to_head"": 1, ""home_advantage"": 1, ""last10_form"": 1, ""season_scoring"": 1, ""travel_km"": 1}"
823864,MLB,2026,regular,2026-05-21,2026-05-21,mlb-atl,mlb-mia,final,,,50,50,,,0.35,,,,,0.0,0.0,6,5.5,5.8333,6,5.8333,5.5,7,3,0,0.7,4,6,0,0.4,5.34,3.38,50,4.36,4.62,50,5,19,6.0,3.6316,5,16,3.0,3.5625,9,3,12,-6,mlb-atl,"{""common_opponents"": 1, ""games_played"": 1, ""head_to_head"": 1, ""home_advantage"": 1, ""last10_form"": 1, ""season_scoring"": 1, ""travel_km"": 1}"
824031,MLB,2026,regular,2026-05-21,2026-05-21,mlb-ath,mlb-laa,final,,,49,50,,,0.35,,,,,0.0,0.0,3,7.0,4.3333,3,4.3333,7.0,4,6,0,0.4,2,8,0,0.2,4.5102,4.6122,49,3.98,5.34,50,9,27,4.4815,4.8148,9,35,4.1429,5.1714,3,2,5,-1,mlb-ath,"{""common_opponents"": 1, ""games_played"": 1, ""head_to_head"": 1, ""home_advantage"": 1, ""last10_form"": 1, ""season_scoring"": 1, ""travel_km"": 1}"
824274,MLB,2026,regular,2026-05-21,2026-05-21,mlb-cle,mlb-det,final,,,51,50,,,0.35,,,,,0.0,0.0,3,5.0,2.3333,3,2.3333,5.0,8,2,0,0.8,2,8,0,0.2,4.4118,4.0,51,3.9,4.32,50,6,22,4.8182,4.6364,6,22,3.9545,4.3636,3,1,4,-2,mlb-cle,"{""common_opponents"": 1, ""games_played"": 1, ""head_to_head"": 1, ""home_advantage"": 1, ""last10_form"": 1, ""season_scoring"": 1, ""travel_km"": 1}"
825083,MLB,2026,regular,2026-05-21,2026-05-21,mlb-col,mlb-ari,final,,,50,48,,,0.35,,,,,943.3,0.0,3,3.6667,6.3333,3,6.3333,3.6667,3,7,0,0.3,7,3,0,0.7,4.2,5.28,50,4.6042,4.6458,48,8,35,4.0,5.6857,8,27,4.0,4.0741,1,2,3,1,mlb-ari,"{""common_opponents"": 1, ""games_played"": 1, ""head_to_head"": 1, ""home_advantage"": 1, ""last10_form"": 1, ""season_scoring"": 1, ""travel_km"": 1}"
822816,MLB,2026,regular,2026-05-22,2026-05-22,mlb-pit,mlb-tor,final,,,50,50,,,0.35,,,,,1061.8,547.6,,,,,,,4,6,0,0.4,5,5,0,0.5,4.96,4.44,50,4.04,4.24,50,4,12,4.0833,3.6667,4,15,3.8,4.9333,2,6,8,4,mlb-tor,"{""common_opponents"": 1, ""games_played"": 1, ""head_to_head"": 1, ""home_advantage"": 1, ""last10_form"": 1, ""season_scoring"": 1, ""travel_km"": 1}"
823223,MLB,2026,regular,2026-05-22,2026-05-22,mlb-cws,mlb-sf,final,,,49,50,,,0.35,,,,,1091.1,1049.3,,,,,,,7,3,0,0.7,4,6,0,0.4,4.449,4.6939,49,3.46,4.5,50,7,21,4.5714,4.9048,7,24,3.875,4.7917,9,4,13,-5,mlb-cws,"{""common_opponents"": 1, ""games_played"": 1, ""head_to_head"": 1, ""home_advantage"": 1, ""last10_form"": 1, ""season_scoring"": 1, ""travel_km"": 1}"
823298,MLB,2026,regular,2026-05-22,2026-05-22,mlb-ath,mlb-sd,final,,,50,49,,,0.35,,,,,139.0,0.0,,,,,,,5,5,0,0.5,6,4,0,0.6,4.48,4.56,50,4.0816,4.0204,49,5,16,4.75,4.9375,5,22,3.7273,3.4091,3,7,10,4,mlb-sd,"{""common_opponents"": 1, ""games_played"": 1, ""head_to_head"": 1, ""home_advantage"": 1, ""last10_form"": 1, ""season_scoring"": 1, ""travel_km"": 1}"
823461,MLB,2026,regular,2026-05-22,2026-05-22,mlb-cle,mlb-phi,final,,,52,50,,,0.35,,,,,713.1,0.0,,,,,,,9,1,0,0.9,7,3,0,0.7,4.3846,3.9423,52,4.18,4.66,50,4,12,5.6667,5.25,4,19,3.9474,6.3158,1,0,1,-1,mlb-cle,"{""common_opponents"": 1, ""games_played"": 1, ""head_to_head"": 1, ""home_advantage"": 1, ""last10_form"": 1, ""season_scoring"": 1, ""travel_km"": 1}"
823546,MLB,2026,regular,2026-05-22,2026-05-22,mlb-tb,mlb-nyy,final,,,48,51,,,0.35,,,,,1656.8,0.0,3,5.0,3.6667,3,3.6667,5.0,8,2,0,0.8,4,6,0,0.4,4.8333,4.0,48,4.902,3.5882,51,6,21,4.8571,3.3333,6,23,4.9565,3.0435,4,2,6,-2,mlb-tb,"{""common_opponents"": 1, ""games_played"": 1, ""head_to_head"": 1, ""home_advantage"": 1, ""last10_form"": 1, ""season_scoring"": 1, ""travel_km"": 1}"
823788,MLB,2026,regular,2026-05-22,2026-05-22,mlb-lad,mlb-mil,final,,,50,47,,,0.35,,,,,2788.6,122.8,,,,,,,7,3,0,0.7,8,2,0,0.8,5.14,3.18,50,5.0426,3.4468,47,7,21,5.4762,3.1905,7,23,5.1304,3.3043,1,5,6,4,mlb-mil,"{""common_opponents"": 1, ""games_played"": 1, ""head_to_head"": 1, ""home_advantage"": 1, ""last10_form"": 1, ""season_scoring"": 1, ""travel_km"": 1}"
823863,MLB,2026,regular,2026-05-22,2026-05-22,mlb-nym,mlb-mia,final,,,50,51,,,0.35,,,,,1486.7,0.0,,,,,,,7,3,0,0.7,3,7,0,0.3,4.08,4.34,50,4.3333,4.7059,51,8,32,4.6562,4.2812,8,24,3.7083,4.5,1,2,3,1,mlb-mia,"{""common_opponents"": 1, ""games_played"": 1, ""head_to_head"": 1, ""home_advantage"": 1, ""last10_form"": 1, ""season_scoring"": 1, ""travel_km"": 1}"
824029,MLB,2026,regular,2026-05-22,2026-05-22,mlb-tex,mlb-laa,final,,,49,51,,,0.35,,,,,1323.3,0.0,,,,,,,6,4,0,0.6,1,9,0,0.1,3.9184,3.6531,49,3.9412,5.2941,51,7,31,3.3548,3.3871,7,24,4.7083,5.6667,6,9,15,3,mlb-laa,"{""common_opponents"": 1, ""games_played"": 1, ""head_to_head"": 1, ""home_advantage"": 1, ""last10_form"": 1, ""season_scoring"": 1, ""travel_km"": 1}"
824110,MLB,2026,regular,2026-05-22,2026-05-22,mlb-sea,mlb-kc,final,,,51,50,,,0.35,,,,,2428.2,0.0,3,3.0,4.6667,3,4.6667,3.0,5,5,0,0.5,1,9,0,0.1,4.1176,3.902,51,3.88,4.48,50,8,28,4.1786,3.8571,8,32,3.75,4.4375,2,0,2,-2,mlb-sea,"{""common_opponents"": 1, ""games_played"": 1, ""head_to_head"": 1, ""home_advantage"": 1, ""last10_form"": 1, ""season_scoring"": 1, ""travel_km"": 1}"
824679,MLB,2026,regular,2026-05-22,2026-05-22,mlb-hou,mlb-chc,final,,,51,50,,,0.35,,,,,565.1,0.0,,,,,,,4,6,0,0.4,2,8,0,0.2,4.2745,5.3725,51,4.92,4.36,50,5,16,3.875,4.5625,5,16,3.75,3.9375,4,2,6,-2,mlb-hou,"{""common_opponents"": 1, ""games_played"": 1, ""head_to_head"": 1, ""home_advantage"": 1, ""last10_form"": 1, ""season_scoring"": 1, ""travel_km"": 1}"
824761,MLB,2026,regular,2026-05-22,2026-05-22,mlb-min,mlb-bos,final,,,50,49,,,0.35,,,,,1802.2,1998.4,3,8.0,5.0,3,5.0,8.0,6,4,0,0.6,5,5,0,0.5,4.6,4.62,50,3.6939,3.9184,49,8,32,4.0625,4.3125,8,31,3.9032,3.7742,8,6,14,-2,mlb-min,"{""common_opponents"": 1, ""games_played"": 1, ""head_to_head"": 1, ""home_advantage"": 1, ""last10_form"": 1, ""season_scoring"": 1, ""travel_km"": 1}"
824842,MLB,2026,regular,2026-05-22,2026-05-22,mlb-det,mlb-bal,final,,,51,50,,,0.35,,,,,638.4,1396.3,,,,,,,1,9,0,0.1,4,6,0,0.4,3.8431,4.2941,51,4.3,5.48,50,7,30,3.6667,4.0333,7,22,5.0,5.5909,4,7,11,3,mlb-bal,"{""common_opponents"": 1, ""games_played"": 1, ""head_to_head"": 1, ""home_advantage"": 1, ""last10_form"": 1, ""season_scoring"": 1, ""travel_km"": 1}"
824922,MLB,2026,regular,2026-05-22,2026-05-22,mlb-wsh,mlb-atl,final,,,51,51,,,0.35,,,,,867.2,990.5,4,5.75,7.0,4,7.0,5.75,6,4,0,0.6,7,3,0,0.7,5.4902,5.8039,51,5.4118,3.3725,51,4,12,5.5833,6.1667,4,19,5.1579,3.4737,4,5,9,1,mlb-atl,"{""common_opponents"": 1, ""games_played"": 1, ""head_to_head"": 1, ""home_advantage"": 1, ""last10_form"": 1, ""season_scoring"": 1, ""travel_km"": 1}"
825082,MLB,2026,regular,2026-05-22,2026-05-22,mlb-col,mlb-ari,final,,,51,49,,,0.35,,,,,0.0,0.0,4,3.0,5.25,4,5.25,3.0,3,7,0,0.3,7,3,0,0.7,4.1373,5.2157,51,4.551,4.5714,49,8,35,4.0,5.6857,8,27,4.0,4.0741,3,2,5,-1,mlb-col,"{""common_opponents"": 1, ""games_played"": 1, ""head_to_head"": 1, ""home_advantage"": 1, ""last10_form"": 1, ""season_scoring"": 1, ""travel_km"": 1}"
822814,MLB,2026,regular,2026-05-23,2026-05-23,mlb-pit,mlb-tor,final,,,51,51,,,0.35,,,,,0.0,0.0,1,2.0,6.0,1,6.0,2.0,4,6,0,0.4,6,4,0,0.6,4.902,4.4706,51,4.0784,4.1961,51,4,12,4.0833,3.6667,4,15,3.8,4.9333,2,5,7,3,mlb-tor,"{""common_opponents"": 1, ""games_played"": 1, ""head_to_head"": 1, ""home_advantage"": 1, ""last10_form"": 1, ""season_scoring"": 1, ""travel_km"": 1}"
823222,MLB,2026,regular,2026-05-23,2026-05-23,mlb-cws,mlb-sf,final,,,50,51,,,0.35,,,,,0.0,0.0,1,9.0,4.0,1,4.0,9.0,7,3,0,0.7,3,7,0,0.3,4.54,4.68,50,3.4706,4.5882,51,7,21,4.5714,4.9048,7,24,3.875,4.7917,3,10,13,7,mlb-sf,"{""common_opponents"": 1, ""games_played"": 1, ""head_to_head"": 1, ""home_advantage"": 1, ""last10_form"": 1, ""season_scoring"": 1, ""travel_km"": 1}"
823300,MLB,2026,regular,2026-05-23,2026-05-23,mlb-ath,mlb-sd,final,,,51,50,,,0.35,,,,,0.0,0.0,1,3.0,7.0,1,7.0,3.0,5,5,0,0.5,6,4,0,0.6,4.451,4.6078,51,4.14,4.0,50,5,16,4.75,4.9375,5,22,3.7273,3.4091,0,2,2,2,mlb-sd,"{""common_opponents"": 1, ""games_played"": 1, ""head_to_head"": 1, ""home_advantage"": 1, ""last10_form"": 1, ""season_scoring"": 1, ""travel_km"": 1}"
823458,MLB,2026,regular,2026-05-23,2026-05-23,mlb-cle,mlb-phi,final,,,53,51,,,0.35,,,,,0.0,0.0,1,1.0,0.0,1,0.0,1.0,9,1,0,0.9,6,4,0,0.6,4.3208,3.8679,53,4.098,4.5882,51,4,12,5.6667,5.25,4,19,3.9474,6.3158,0,3,3,3,mlb-phi,"{""common_opponents"": 1, ""games_played"": 1, ""head_to_head"": 1, ""home_advantage"": 1, ""last10_form"": 1, ""season_scoring"": 1, ""travel_km"": 1}"
823787,MLB,2026,regular,2026-05-23,2026-05-23,mlb-lad,mlb-mil,final,,,51,48,,,0.35,,,,,0.0,0.0,1,1.0,5.0,1,5.0,1.0,7,3,0,0.7,8,2,0,0.8,5.0588,3.2157,51,5.0417,3.3958,48,7,21,5.4762,3.1905,7,23,5.1304,3.3043,11,3,14,-8,mlb-lad,"{""common_opponents"": 1, ""games_played"": 1, ""head_to_head"": 1, ""home_advantage"": 1, ""last10_form"": 1, ""season_scoring"": 1, ""travel_km"": 1}"
823862,MLB,2026,regular,2026-05-23,2026-05-23,mlb-nym,mlb-mia,final,,,51,52,,,0.35,,,,,0.0,0.0,1,1.0,2.0,1,2.0,1.0,6,4,0,0.6,4,6,0,0.4,4.0196,4.2941,51,4.2885,4.6346,52,8,32,4.6562,4.2812,8,24,3.7083,4.5,1,4,5,3,mlb-mia,"{""common_opponents"": 1, ""games_played"": 1, ""head_to_head"": 1, ""home_advantage"": 1, ""last10_form"": 1, ""season_scoring"": 1, ""travel_km"": 1}"
824030,MLB,2026,regular,2026-05-23,2026-05-23,mlb-tex,mlb-laa,final,,,50,52,,,0.35,,,,,0.0,0.0,1,6.0,9.0,1,9.0,6.0,5,5,0,0.5,2,8,0,0.2,3.96,3.76,50,4.0385,5.3077,52,7,31,3.3548,3.3871,7,24,4.7083,5.6667,2,5,7,3,mlb-laa,"{""common_opponents"": 1, ""games_played"": 1, ""head_to_head"": 1, ""home_advantage"": 1, ""last10_form"": 1, ""season_scoring"": 1, ""travel_km"": 1}"
824109,MLB,2026,regular,2026-05-23,2026-05-23,mlb-sea,mlb-kc,final,,,52,51,,,0.35,,,,,0.0,0.0,4,2.75,3.5,4,3.5,2.75,5,5,0,0.5,1,9,0,0.1,4.0769,3.8269,52,3.8039,4.4314,51,8,28,4.1786,3.8571,8,32,3.75,4.4375,0,5,5,5,mlb-kc,"{""common_opponents"": 1, ""games_played"": 1, ""head_to_head"": 1, ""home_advantage"": 1, ""last10_form"": 1, ""season_scoring"": 1, ""travel_km"": 1}"
824516,MLB,2026,regular,2026-05-23,2026-05-23,mlb-stl,mlb-cin,final,,,49,50,,,0.35,,,,,495.1,806.0,,,,,,,5,5,0,0.5,5,5,0,0.5,4.4694,4.5714,49,4.42,4.98,50,8,28,5.2143,5.5357,8,28,4.5,5.5357,6,7,13,1,mlb-cin,"{""common_opponents"": 1, ""games_played"": 1, ""head_to_head"": 1, ""home_advantage"": 1, ""last10_form"": 1, ""season_scoring"": 1, ""travel_km"": 1}"
824518,MLB,2026,regular,2026-05-23,2026-05-23,mlb-stl,mlb-cin,postponed,,,49,50,,,0.35,,,,,495.1,806.0,,,,,,,5,5,0,0.5,5,5,0,0.5,4.4694,4.5714,49,4.42,4.98,50,8,28,5.2143,5.5357,8,28,4.5,5.5357,8,1,9,-7,mlb-stl,"{""common_opponents"": 1, ""games_played"": 1, ""head_to_head"": 1, ""home_advantage"": 1, ""last10_form"": 1, ""season_scoring"": 1, ""travel_km"": 1}"
824518,MLB,2026,regular,2026-05-23,2026-05-23,mlb-stl,mlb-cin,final,,,49,50,,,0.35,,,,,495.1,806.0,,,,,,,5,5,0,0.5,5,5,0,0.5,4.4694,4.5714,49,4.42,4.98,50,8,28,5.2143,5.5357,8,28,4.5,5.5357,8,1,9,-7,mlb-stl,"{""common_opponents"": 1, ""games_played"": 1, ""head_to_head"": 1, ""home_advantage"": 1, ""last10_form"": 1, ""season_scoring"": 1, ""travel_km"": 1}"
824674,MLB,2026,regular,2026-05-23,2026-05-23,mlb-hou,mlb-chc,final,,,52,51,,,0.35,,,,,0.0,0.0,1,4.0,2.0,1,2.0,4.0,5,5,0,0.5,2,8,0,0.2,4.2692,5.3077,52,4.8627,4.3529,51,5,16,3.875,4.5625,5,16,3.75,3.9375,3,0,3,-3,mlb-hou,"{""common_opponents"": 1, ""games_played"": 1, ""head_to_head"": 1, ""home_advantage"": 1, ""last10_form"": 1, ""season_scoring"": 1, ""travel_km"": 1}"
824760,MLB,2026,regular,2026-05-23,2026-05-23,mlb-min,mlb-bos,final,,,51,50,,,0.35,,,,,0.0,0.0,4,8.0,5.25,4,5.25,8.0,6,4,0,0.6,5,5,0,0.5,4.6667,4.6471,51,3.74,4.0,50,8,32,4.0625,4.3125,8,31,3.9032,3.7742,4,2,6,-2,mlb-min,"{""common_opponents"": 1, ""games_played"": 1, ""head_to_head"": 1, ""home_advantage"": 1, ""last10_form"": 1, ""season_scoring"": 1, ""travel_km"": 1}"
824920,MLB,2026,regular,2026-05-23,2026-05-23,mlb-wsh,mlb-atl,final,,,52,52,,,0.35,,,,,0.0,0.0,5,5.4,6.6,5,6.6,5.4,5,5,0,0.5,7,3,0,0.7,5.4615,5.7885,52,5.4038,3.3846,52,4,12,5.5833,6.1667,4,19,5.1579,3.4737,2,0,2,-2,mlb-wsh,"{""common_opponents"": 1, ""games_played"": 1, ""head_to_head"": 1, ""home_advantage"": 1, ""last10_form"": 1, ""season_scoring"": 1, ""travel_km"": 1}"
825080,MLB,2026,regular,2026-05-23,2026-05-23,mlb-col,mlb-ari,final,,,52,50,,,0.35,,,,,0.0,0.0,5,3.0,4.6,5,4.6,3.0,4,6,0,0.4,6,4,0,0.6,4.1154,5.1538,52,4.5,4.54,50,8,35,4.0,5.6857,8,27,4.0,4.0741,4,5,9,1,mlb-ari,"{""common_opponents"": 1, ""games_played"": 1, ""head_to_head"": 1, ""home_advantage"": 1, ""last10_form"": 1, ""season_scoring"": 1, ""travel_km"": 1}"
822813,MLB,2026,regular,2026-05-24,2026-05-24,mlb-pit,mlb-tor,final,,,52,52,,,0.35,,,,,0.0,0.0,2,2.0,5.5,2,5.5,2.0,3,7,0,0.3,7,3,0,0.7,4.8462,4.4808,52,4.0962,4.1538,52,4,12,4.0833,3.6667,4,15,3.8,4.9333,4,1,5,-3,mlb-pit,"{""common_opponents"": 1, ""games_played"": 1, ""head_to_head"": 1, ""home_advantage"": 1, ""last10_form"": 1, ""season_scoring"": 1, ""travel_km"": 1}"
823220,MLB,2026,regular,2026-05-24,2026-05-24,mlb-cws,mlb-sf,final,,,51,52,,,0.35,,,,,0.0,0.0,2,6.0,7.0,2,7.0,6.0,6,4,0,0.6,3,7,0,0.3,4.5098,4.7843,51,3.5962,4.5577,52,7,21,4.5714,4.9048,7,24,3.875,4.7917,5,8,13,3,mlb-sf,"{""common_opponents"": 1, ""games_played"": 1, ""head_to_head"": 1, ""home_advantage"": 1, ""last10_form"": 1, ""season_scoring"": 1, ""travel_km"": 1}"
823297,MLB,2026,regular,2026-05-24,2026-05-24,mlb-ath,mlb-sd,final,,,52,51,,,0.35,,,,,0.0,0.0,2,1.5,4.5,2,4.5,1.5,4,6,0,0.4,7,3,0,0.7,4.3654,4.5577,52,4.098,3.9216,51,5,16,4.75,4.9375,5,22,3.7273,3.4091,5,2,7,-3,mlb-ath,"{""common_opponents"": 1, ""games_played"": 1, ""head_to_head"": 1, ""home_advantage"": 1, ""last10_form"": 1, ""season_scoring"": 1, ""travel_km"": 1}"
823459,MLB,2026,regular,2026-05-24,2026-05-24,mlb-cle,mlb-phi,final,,,54,52,,,0.35,,,,,0.0,0.0,2,0.5,1.5,2,1.5,0.5,8,2,0,0.8,6,4,0,0.6,4.2407,3.8519,54,4.0769,4.5,52,4,12,5.6667,5.25,4,19,3.9474,6.3158,3,1,4,-2,mlb-cle,"{""common_opponents"": 1, ""games_played"": 1, ""head_to_head"": 1, ""home_advantage"": 1, ""last10_form"": 1, ""season_scoring"": 1, ""travel_km"": 1}"
823544,MLB,2026,regular,2026-05-24,2026-05-24,mlb-tb,mlb-nyy,final,,,49,52,,,0.35,,,,,0.0,0.0,4,4.75,3.25,4,3.25,4.75,8,2,0,0.8,4,6,0,0.4,4.8163,3.9592,49,4.8462,3.5962,52,6,21,4.8571,3.3333,6,23,4.9565,3.0435,0,2,2,2,mlb-nyy,"{""common_opponents"": 1, ""games_played"": 1, ""head_to_head"": 1, ""home_advantage"": 1, ""last10_form"": 1, ""season_scoring"": 1, ""travel_km"": 1}"
823786,MLB,2026,regular,2026-05-24,2026-05-24,mlb-lad,mlb-mil,final,,,52,49,,,0.35,,,,,0.0,0.0,2,6.0,4.0,2,4.0,6.0,8,2,0,0.8,7,3,0,0.7,5.1731,3.2115,52,5.0,3.551,49,7,21,5.4762,3.1905,7,23,5.1304,3.3043,5,1,6,-4,mlb-lad,"{""common_opponents"": 1, ""games_played"": 1, ""head_to_head"": 1, ""home_advantage"": 1, ""last10_form"": 1, ""season_scoring"": 1, ""travel_km"": 1}"
823861,MLB,2026,regular,2026-05-24,2026-05-24,mlb-nym,mlb-mia,final,,,52,53,,,0.35,,,,,0.0,0.0,2,1.0,3.0,2,3.0,1.0,5,5,0,0.5,4,6,0,0.4,3.9615,4.2885,52,4.283,4.566,53,8,32,4.6562,4.2812,8,24,3.7083,4.5,0,4,4,4,mlb-mia,"{""common_opponents"": 1, ""games_played"": 1, ""head_to_head"": 1, ""home_advantage"": 1, ""last10_form"": 1, ""season_scoring"": 1, ""travel_km"": 1}"
824028,MLB,2026,regular,2026-05-24,2026-05-24,mlb-tex,mlb-laa,final,,,51,53,,,0.35,,,,,0.0,0.0,2,4.0,7.0,2,7.0,4.0,5,5,0,0.5,3,7,0,0.3,3.9216,3.7843,51,4.0566,5.2453,53,7,31,3.3548,3.3871,7,24,4.7083,5.6667,1,2,3,1,mlb-laa,"{""common_opponents"": 1, ""games_played"": 1, ""head_to_head"": 1, ""home_advantage"": 1, ""last10_form"": 1, ""season_scoring"": 1, ""travel_km"": 1}"
824108,MLB,2026,regular,2026-05-24,2026-05-24,mlb-sea,mlb-kc,final,,,53,52,,,0.35,,,,,0.0,0.0,5,2.2,3.8,5,3.8,2.2,4,6,0,0.4,2,8,0,0.2,4.0,3.8491,53,3.8269,4.3462,52,8,28,4.1786,3.8571,8,32,3.75,4.4375,6,8,14,2,mlb-kc,"{""common_opponents"": 1, ""games_played"": 1, ""head_to_head"": 1, ""home_advantage"": 1, ""last10_form"": 1, ""season_scoring"": 1, ""travel_km"": 1}"
824676,MLB,2026,regular,2026-05-24,2026-05-24,mlb-hou,mlb-chc,final,,,53,52,,,0.35,,,,,0.0,0.0,2,3.5,1.0,2,1.0,3.5,6,4,0,0.6,2,8,0,0.2,4.2453,5.2075,53,4.7692,4.3269,52,5,16,3.875,4.5625,5,16,3.75,3.9375,8,5,13,-3,mlb-hou,"{""common_opponents"": 1, ""games_played"": 1, ""head_to_head"": 1, ""home_advantage"": 1, ""last10_form"": 1, ""season_scoring"": 1, ""travel_km"": 1}"
824759,MLB,2026,regular,2026-05-24,2026-05-24,mlb-min,mlb-bos,final,,,52,51,,,0.35,,,,,0.0,0.0,5,7.2,4.6,5,4.6,7.2,6,4,0,0.6,5,5,0,0.5,4.6538,4.5962,52,3.7059,4.0,51,8,32,4.0625,4.3125,8,31,3.9032,3.7742,6,5,11,-1,mlb-min,"{""common_opponents"": 1, ""games_played"": 1, ""head_to_head"": 1, ""home_advantage"": 1, ""last10_form"": 1, ""season_scoring"": 1, ""travel_km"": 1}"
824839,MLB,2026,regular,2026-05-24,2026-05-24,mlb-det,mlb-bal,final,,,52,51,,,0.35,,,,,0.0,0.0,1,4.0,7.0,1,7.0,4.0,1,9,0,0.1,4,6,0,0.4,3.8462,4.3462,52,4.3529,5.451,51,7,30,3.6667,4.0333,7,22,5.0,5.5909,3,5,8,2,mlb-bal,"{""common_opponents"": 1, ""games_played"": 1, ""head_to_head"": 1, ""home_advantage"": 1, ""last10_form"": 1, ""season_scoring"": 1, ""travel_km"": 1}"
824840,MLB,2026,regular,2026-05-24,2026-05-24,mlb-det,mlb-bal,postponed,,,52,51,,,0.35,,,,,0.0,0.0,1,4.0,7.0,1,7.0,4.0,1,9,0,0.1,4,6,0,0.4,3.8462,4.3462,52,4.3529,5.451,51,7,30,3.6667,4.0333,7,22,5.0,5.5909,4,1,5,-3,mlb-det,"{""common_opponents"": 1, ""games_played"": 1, ""head_to_head"": 1, ""home_advantage"": 1, ""last10_form"": 1, ""season_scoring"": 1, ""travel_km"": 1}"
824840,MLB,2026,regular,2026-05-24,2026-05-24,mlb-det,mlb-bal,final,,,52,51,,,0.35,,,,,0.0,0.0,1,4.0,7.0,1,7.0,4.0,1,9,0,0.1,4,6,0,0.4,3.8462,4.3462,52,4.3529,5.451,51,7,30,3.6667,4.0333,7,22,5.0,5.5909,4,1,5,-3,mlb-det,"{""common_opponents"": 1, ""games_played"": 1, ""head_to_head"": 1, ""home_advantage"": 1, ""last10_form"": 1, ""season_scoring"": 1, ""travel_km"": 1}"
824921,MLB,2026,regular,2026-05-24,2026-05-24,mlb-wsh,mlb-atl,final,,,53,53,,,0.35,,,,,0.0,0.0,6,4.8333,5.5,6,5.5,4.8333,5,5,0,0.5,6,4,0,0.6,5.3962,5.6792,53,5.3019,3.3585,53,4,12,5.5833,6.1667,4,19,5.1579,3.4737,2,1,3,-1,mlb-wsh,"{""common_opponents"": 1, ""games_played"": 1, ""head_to_head"": 1, ""home_advantage"": 1, ""last10_form"": 1, ""season_scoring"": 1, ""travel_km"": 1}"
825081,MLB,2026,regular,2026-05-24,2026-05-24,mlb-col,mlb-ari,final,,,53,51,,,0.35,,,,,0.0,0.0,6,3.1667,4.6667,6,4.6667,3.1667,3,7,0,0.3,7,3,0,0.7,4.1132,5.1509,53,4.5098,4.5294,51,8,35,4.0,5.6857,8,27,4.0,4.0741,1,9,10,8,mlb-ari,"{""common_opponents"": 1, ""games_played"": 1, ""head_to_head"": 1, ""home_advantage"": 1, ""last10_form"": 1, ""season_scoring"": 1, ""travel_km"": 1}"
822812,MLB,2026,regular,2026-05-25,2026-05-25,mlb-mia,mlb-tor,final,,,54,53,,,0.35,,,,,1987.7,0.0,,,,,,,5,5,0,0.5,6,4,0,0.6,4.2778,4.4815,54,4.0377,4.1509,53,8,24,4.0833,4.7917,8,32,3.625,4.625,8,2,10,-6,mlb-mia,"{""common_opponents"": 1, ""games_played"": 1, ""head_to_head"": 1, ""home_advantage"": 1, ""last10_form"": 1, ""season_scoring"": 1, ""travel_km"": 1}"
822899,MLB,2026,regular,2026-05-25,2026-05-25,mlb-hou,mlb-tex,final,,,54,52,,,0.35,,,,,1317.9,1933.8,3,2.0,3.0,3,3.0,2.0,6,4,0,0.6,4,6,0,0.4,4.3148,5.2037,54,3.8654,3.75,52,9,36,4.3889,5.9444,9,37,3.8108,3.8108,9,0,9,-9,mlb-hou,"{""common_opponents"": 1, ""games_played"": 1, ""head_to_head"": 1, ""home_advantage"": 1, ""last10_form"": 1, ""season_scoring"": 1, ""travel_km"": 1}"
823219,MLB,2026,regular,2026-05-25,2026-05-25,mlb-ari,mlb-sf,final,,,52,53,,,0.35,,,,,1049.3,0.0,3,7.6667,2.6667,3,2.6667,7.6667,8,2,0,0.8,4,6,0,0.4,4.5962,4.4615,52,3.6792,4.566,53,7,23,4.6957,4.1739,7,32,3.9375,4.625,6,2,8,-4,mlb-ari,"{""common_opponents"": 1, ""games_played"": 1, ""head_to_head"": 1, ""home_advantage"": 1, ""last10_form"": 1, ""season_scoring"": 1, ""travel_km"": 1}"
823296,MLB,2026,regular,2026-05-25,2026-05-25,mlb-phi,mlb-sd,final,,,53,52,,,0.35,,,,,3810.6,0.0,,,,,,,6,4,0,0.6,6,4,0,0.6,4.0189,4.4717,53,4.0577,3.9423,52,7,31,4.7097,4.4194,7,27,5.1111,4.2963,3,0,3,-3,mlb-phi,"{""common_opponents"": 1, ""games_played"": 1, ""head_to_head"": 1, ""home_advantage"": 1, ""last10_form"": 1, ""season_scoring"": 1, ""travel_km"": 1}"
823380,MLB,2026,regular,2026-05-25,2026-05-25,mlb-chc,mlb-pit,final,,,53,53,,,0.35,,,,,661.2,358.8,3,3.3333,4.0,3,4.0,3.3333,2,8,0,0.2,4,6,0,0.4,4.7736,4.3962,53,4.8302,4.4151,53,9,32,5.625,4.2812,9,31,4.7742,4.3548,1,2,3,1,mlb-pit,"{""common_opponents"": 1, ""games_played"": 1, ""head_to_head"": 1, ""home_advantage"": 1, ""last10_form"": 1, ""season_scoring"": 1, ""travel_km"": 1}"
823625,MLB,2026,regular,2026-05-25,2026-05-25,mlb-cin,mlb-nym,final,,,52,53,,,0.35,,,,,927.0,1766.5,,,,,,,5,5,0,0.5,4,6,0,0.4,4.4038,5.0577,52,3.8868,4.283,53,10,34,4.5,5.6471,10,38,4.4737,4.1579,7,2,9,-5,mlb-cin,"{""common_opponents"": 1, ""games_played"": 1, ""head_to_head"": 1, ""home_advantage"": 1, ""last10_form"": 1, ""season_scoring"": 1, ""travel_km"": 1}"
823784,MLB,2026,regular,2026-05-25,2026-05-25,mlb-stl,mlb-mil,final,,,51,50,,,0.35,,,,,524.7,0.0,2,4.0,4.5,2,4.5,4.0,5,5,0,0.5,7,3,0,0.7,4.5686,4.549,51,4.92,3.58,50,9,32,4.4062,4.625,9,30,4.2333,4.0667,1,5,6,4,mlb-mil,"{""common_opponents"": 1, ""games_played"": 1, ""head_to_head"": 1, ""home_advantage"": 1, ""last10_form"": 1, ""season_scoring"": 1, ""travel_km"": 1}"
823948,MLB,2026,regular,2026-05-25,2026-05-25,mlb-col,mlb-lad,final,,,54,53,,,0.35,,,,,574.9,2795.6,4,4.25,7.0,4,7.0,4.25,3,7,0,0.3,8,2,0,0.8,4.0556,5.2222,54,5.1698,3.1698,53,8,38,4.0,5.0,8,24,4.6667,2.875,3,5,8,2,mlb-lad,"{""common_opponents"": 1, ""games_played"": 1, ""head_to_head"": 1, ""home_advantage"": 1, ""last10_form"": 1, ""season_scoring"": 1, ""travel_km"": 1}"
824107,MLB,2026,regular,2026-05-25,2026-05-25,mlb-nyy,mlb-kc,final,,,53,53,,,0.35,,,,,1759.3,0.0,3,8.0,2.0,3,2.0,8.0,4,6,0,0.4,3,7,0,0.3,4.7925,3.5283,53,3.9057,4.3774,53,6,23,4.5217,3.6087,6,21,4.8571,4.3333,4,3,7,-1,mlb-nyy,"{""common_opponents"": 1, ""games_played"": 1, ""head_to_head"": 1, ""home_advantage"": 1, ""last10_form"": 1, ""season_scoring"": 1, ""travel_km"": 1}"
824437,MLB,2026,regular,2026-05-25,2026-05-25,mlb-wsh,mlb-cle,final,,,54,55,,,0.35,,,,,880.3,577.1,,,,,,,6,4,0,0.6,8,2,0,0.8,5.3333,5.5926,54,4.2182,3.8,55,8,28,5.8929,6.0,8,25,4.24,3.8,10,2,12,-8,mlb-wsh,"{""common_opponents"": 1, ""games_played"": 1, ""head_to_head"": 1, ""home_advantage"": 1, ""last10_form"": 1, ""season_scoring"": 1, ""travel_km"": 1}"
824598,MLB,2026,regular,2026-05-25,2026-05-25,mlb-min,mlb-cws,final,,,53,52,,,0.35,,,,,1363.6,2982.2,,,,,,,7,3,0,0.7,5,5,0,0.5,4.6792,4.6038,53,4.5192,4.8462,52,8,31,4.4516,5.0645,8,31,3.5484,4.8387,1,3,4,2,mlb-cws,"{""common_opponents"": 1, ""games_played"": 1, ""head_to_head"": 1, ""home_advantage"": 1, ""last10_form"": 1, ""season_scoring"": 1, ""travel_km"": 1}"
824838,MLB,2026,regular,2026-05-25,2026-05-25,mlb-tb,mlb-bal,final,,,50,53,,,0.35,,,,,286.6,0.0,3,8.3333,3.3333,3,3.3333,8.3333,7,3,0,0.7,4,6,0,0.4,4.72,3.92,50,4.3019,5.3774,53,8,29,4.4138,3.1034,8,29,3.931,5.1724,7,9,16,2,mlb-bal,"{""common_opponents"": 1, ""games_played"": 1, ""head_to_head"": 1, ""home_advantage"": 1, ""last10_form"": 1, ""season_scoring"": 1, ""travel_km"": 1}"
825005,MLB,2026,regular,2026-05-25,2026-05-25,mlb-sea,mlb-ath,final,,,54,53,,,0.35,,,,,2334.0,762.3,3,3.6667,5.0,3,5.0,3.6667,4,6,0,0.4,5,5,0,0.5,4.037,3.9259,54,4.3774,4.5094,53,10,48,3.9792,3.7917,10,35,4.3714,4.7143,9,2,11,-7,mlb-sea,"{""common_opponents"": 1, ""games_played"": 1, ""head_to_head"": 1, ""home_advantage"": 1, ""last10_form"": 1, ""season_scoring"": 1, ""travel_km"": 1}"
822811,MLB,2026,regular,2026-05-26,2026-05-26,mlb-mia,mlb-tor,final,,,55,54,,,0.35,,,,,0.0,0.0,1,8.0,2.0,1,2.0,8.0,6,4,0,0.6,6,4,0,0.6,4.3455,4.4364,55,4.0,4.2222,54,8,24,4.0833,4.7917,8,32,3.625,4.625,1,8,9,7,mlb-tor,"{""common_opponents"": 1, ""games_played"": 1, ""head_to_head"": 1, ""home_advantage"": 1, ""last10_form"": 1, ""season_scoring"": 1, ""travel_km"": 1}"
822898,MLB,2026,regular,2026-05-26,2026-05-26,mlb-hou,mlb-tex,final,,,55,53,,,0.35,,,,,0.0,0.0,4,3.75,2.25,4,2.25,3.75,7,3,0,0.7,3,7,0,0.3,4.4,5.1091,55,3.7925,3.8491,53,9,36,4.3889,5.9444,9,37,3.8108,3.8108,7,10,17,3,mlb-tex,"{""common_opponents"": 1, ""games_played"": 1, ""head_to_head"": 1, ""home_advantage"": 1, ""last10_form"": 1, ""season_scoring"": 1, ""travel_km"": 1}"
823216,MLB,2026,regular,2026-05-26,2026-05-26,mlb-ari,mlb-sf,final,,,53,54,,,0.35,,,,,0.0,0.0,4,7.25,2.5,4,2.5,7.25,8,2,0,0.8,4,6,0,0.4,4.6226,4.4151,53,3.6481,4.5926,54,7,23,4.6957,4.1739,7,32,3.9375,4.625,7,5,12,-2,mlb-ari,"{""common_opponents"": 1, ""games_played"": 1, ""head_to_head"": 1, ""home_advantage"": 1, ""last10_form"": 1, ""season_scoring"": 1, ""travel_km"": 1}"
823294,MLB,2026,regular,2026-05-26,2026-05-26,mlb-phi,mlb-sd,final,,,54,53,,,0.35,,,,,0.0,0.0,1,3.0,0.0,1,0.0,3.0,6,4,0,0.6,6,4,0,0.6,4.0,4.3889,54,3.9811,3.9245,53,7,31,4.7097,4.4194,7,27,5.1111,4.2963,4,3,7,-1,mlb-phi,"{""common_opponents"": 1, ""games_played"": 1, ""head_to_head"": 1, ""home_advantage"": 1, ""last10_form"": 1, ""season_scoring"": 1, ""travel_km"": 1}"
823379,MLB,2026,regular,2026-05-26,2026-05-26,mlb-chc,mlb-pit,final,,,54,54,,,0.35,,,,,0.0,0.0,4,2.75,3.5,4,3.5,2.75,1,9,0,0.1,4,6,0,0.4,4.7037,4.3519,54,4.7778,4.3519,54,9,32,5.625,4.2812,9,31,4.7742,4.3548,1,12,13,11,mlb-pit,"{""common_opponents"": 1, ""games_played"": 1, ""head_to_head"": 1, ""home_advantage"": 1, ""last10_form"": 1, ""season_scoring"": 1, ""travel_km"": 1}"
823624,MLB,2026,regular,2026-05-26,2026-05-26,mlb-cin,mlb-nym,final,,,53,54,,,0.35,,,,,0.0,0.0,1,7.0,2.0,1,2.0,7.0,6,4,0,0.6,4,6,0,0.4,4.4528,5.0,53,3.8519,4.3333,54,10,34,4.5,5.6471,10,38,4.4737,4.1579,7,2,9,-5,mlb-cin,"{""common_opponents"": 1, ""games_played"": 1, ""head_to_head"": 1, ""home_advantage"": 1, ""last10_form"": 1, ""season_scoring"": 1, ""travel_km"": 1}"
823785,MLB,2026,regular,2026-05-26,2026-05-26,mlb-stl,mlb-mil,final,,,52,51,,,0.35,,,,,0.0,0.0,3,3.0,4.6667,3,4.6667,3.0,5,5,0,0.5,7,3,0,0.7,4.5,4.5577,52,4.9216,3.5294,51,9,32,4.4062,4.625,9,30,4.2333,4.0667,0,6,6,6,mlb-mil,"{""common_opponents"": 1, ""games_played"": 1, ""head_to_head"": 1, ""home_advantage"": 1, ""last10_form"": 1, ""season_scoring"": 1, ""travel_km"": 1}"
823949,MLB,2026,regular,2026-05-26,2026-05-26,mlb-col,mlb-lad,final,,,55,54,,,0.35,,,,,0.0,0.0,5,4.0,6.6,5,6.6,4.0,3,7,0,0.3,8,2,0,0.8,4.0364,5.2182,55,5.1667,3.1667,54,8,38,4.0,5.0,8,24,4.6667,2.875,6,15,21,9,mlb-lad,"{""common_opponents"": 1, ""games_played"": 1, ""head_to_head"": 1, ""home_advantage"": 1, ""last10_form"": 1, ""season_scoring"": 1, ""travel_km"": 1}"
824106,MLB,2026,regular,2026-05-26,2026-05-26,mlb-nyy,mlb-kc,final,,,54,54,,,0.35,,,,,0.0,0.0,4,7.0,2.25,4,2.25,7.0,5,5,0,0.5,3,7,0,0.3,4.7778,3.5185,54,3.8889,4.3704,54,6,23,4.5217,3.6087,6,21,4.8571,4.3333,15,1,16,-14,mlb-nyy,"{""common_opponents"": 1, ""games_played"": 1, ""head_to_head"": 1, ""home_advantage"": 1, ""last10_form"": 1, ""season_scoring"": 1, ""travel_km"": 1}"
824275,MLB,2026,regular,2026-05-26,2026-05-26,mlb-laa,mlb-det,final,,,54,54,,,0.35,,,,,3168.6,638.4,,,,,,,4,6,0,0.4,2,8,0,0.2,4.0185,5.1667,54,3.8333,4.2963,54,8,27,3.8148,4.8519,8,28,3.6429,4.1786,10,6,16,-4,mlb-laa,"{""common_opponents"": 1, ""games_played"": 1, ""head_to_head"": 1, ""home_advantage"": 1, ""last10_form"": 1, ""season_scoring"": 1, ""travel_km"": 1}"
824434,MLB,2026,regular,2026-05-26,2026-05-26,mlb-wsh,mlb-cle,final,,,55,56,,,0.35,,,,,0.0,0.0,1,10.0,2.0,1,2.0,10.0,6,4,0,0.6,8,2,0,0.8,5.4182,5.5273,55,4.1786,3.9107,56,8,28,5.8929,6.0,8,25,4.24,3.8,6,3,9,-3,mlb-wsh,"{""common_opponents"": 1, ""games_played"": 1, ""head_to_head"": 1, ""home_advantage"": 1, ""last10_form"": 1, ""season_scoring"": 1, ""travel_km"": 1}"
824597,MLB,2026,regular,2026-05-26,2026-05-26,mlb-min,mlb-cws,final,,,54,53,,,0.35,,,,,0.0,0.0,1,1.0,3.0,1,3.0,1.0,6,4,0,0.6,5,5,0,0.5,4.6111,4.5741,54,4.4906,4.7736,53,8,31,4.4516,5.0645,8,31,3.5484,4.8387,5,3,8,-2,mlb-min,"{""common_opponents"": 1, ""games_played"": 1, ""head_to_head"": 1, ""home_advantage"": 1, ""last10_form"": 1, ""season_scoring"": 1, ""travel_km"": 1}"
824758,MLB,2026,regular,2026-05-26,2026-05-26,mlb-atl,mlb-bos,final,,,54,52,,,0.35,,,,,1497.6,0.0,3,4.3333,2.0,3,2.0,4.3333,6,4,0,0.6,4,6,0,0.4,5.2222,3.3333,54,3.7308,4.0385,52,3,12,4.6667,2.6667,3,13,3.8462,2.6154,7,6,13,-1,mlb-atl,"{""common_opponents"": 1, ""games_played"": 1, ""head_to_head"": 1, ""home_advantage"": 1, ""last10_form"": 1, ""season_scoring"": 1, ""travel_km"": 1}"
824837,MLB,2026,regular,2026-05-26,2026-05-26,mlb-tb,mlb-bal,final,,,51,54,,,0.35,,,,,0.0,0.0,4,8.0,4.75,4,4.75,8.0,6,4,0,0.6,4,6,0,0.4,4.7647,4.0196,51,4.3889,5.4074,54,8,29,4.4138,3.1034,8,29,3.931,5.1724,1,6,7,5,mlb-bal,"{""common_opponents"": 1, ""games_played"": 1, ""head_to_head"": 1, ""home_advantage"": 1, ""last10_form"": 1, ""season_scoring"": 1, ""travel_km"": 1}"
825004,MLB,2026,regular,2026-05-26,2026-05-26,mlb-sea,mlb-ath,final,,,55,54,,,0.35,,,,,0.0,0.0,4,5.0,4.25,4,4.25,5.0,4,6,0,0.4,4,6,0,0.4,4.1273,3.8909,55,4.3333,4.5926,54,10,48,3.9792,3.7917,10,35,4.3714,4.7143,4,1,5,-3,mlb-sea,"{""common_opponents"": 1, ""games_played"": 1, ""head_to_head"": 1, ""home_advantage"": 1, ""last10_form"": 1, ""season_scoring"": 1, ""travel_km"": 1}"
822809,MLB,2026,regular,2026-05-27,2026-05-27,mlb-mia,mlb-tor,final,,,56,55,,,0.35,,,,,0.0,0.0,2,4.5,5.0,2,5.0,4.5,5,5,0,0.5,6,4,0,0.6,4.2857,4.5,56,4.0727,4.1636,55,8,24,4.0833,4.7917,8,32,3.625,4.625,1,2,3,1,mlb-tor,"{""common_opponents"": 1, ""games_played"": 1, ""head_to_head"": 1, ""home_advantage"": 1, ""last10_form"": 1, ""season_scoring"": 1, ""travel_km"": 1}"
822897,MLB,2026,regular,2026-05-27,2026-05-27,mlb-hou,mlb-tex,final,,,56,54,,,0.35,,,,,0.0,0.0,5,4.4,3.8,5,3.8,4.4,6,4,0,0.6,4,6,0,0.4,4.4464,5.1964,56,3.9074,3.9074,54,9,36,4.3889,5.9444,9,37,3.8108,3.8108,4,3,7,-1,mlb-hou,"{""common_opponents"": 1, ""games_played"": 1, ""head_to_head"": 1, ""home_advantage"": 1, ""last10_form"": 1, ""season_scoring"": 1, ""travel_km"": 1}"
823217,MLB,2026,regular,2026-05-27,2026-05-27,mlb-ari,mlb-sf,final,,,54,55,,,0.35,,,,,0.0,0.0,5,7.2,3.0,5,3.0,7.2,9,1,0,0.9,4,6,0,0.4,4.6667,4.4259,54,3.6727,4.6364,55,7,23,4.6957,4.1739,7,32,3.9375,4.625,3,2,5,-1,mlb-ari,"{""common_opponents"": 1, ""games_played"": 1, ""head_to_head"": 1, ""home_advantage"": 1, ""last10_form"": 1, ""season_scoring"": 1, ""travel_km"": 1}"
823295,MLB,2026,regular,2026-05-27,2026-05-27,mlb-phi,mlb-sd,final,,,55,54,,,0.35,,,,,0.0,0.0,2,3.5,1.5,2,1.5,3.5,6,4,0,0.6,5,5,0,0.5,4.0,4.3636,55,3.963,3.9259,54,7,31,4.7097,4.4194,7,27,5.1111,4.2963,3,0,3,-3,mlb-phi,"{""common_opponents"": 1, ""games_played"": 1, ""head_to_head"": 1, ""home_advantage"": 1, ""last10_form"": 1, ""season_scoring"": 1, ""travel_km"": 1}"
823376,MLB,2026,regular,2026-05-27,2026-05-27,mlb-chc,mlb-pit,final,,,55,55,,,0.35,,,,,0.0,0.0,5,2.4,5.2,5,5.2,2.4,0,10,0,0.0,5,5,0,0.5,4.6364,4.4909,55,4.9091,4.2909,55,9,32,5.625,4.2812,9,31,4.7742,4.3548,10,4,14,-6,mlb-chc,"{""common_opponents"": 1, ""games_played"": 1, ""head_to_head"": 1, ""home_advantage"": 1, ""last10_form"": 1, ""season_scoring"": 1, ""travel_km"": 1}"
823626,MLB,2026,regular,2026-05-27,2026-05-27,mlb-cin,mlb-nym,final,,,54,55,,,0.35,,,,,0.0,0.0,2,7.0,2.0,2,2.0,7.0,6,4,0,0.6,3,7,0,0.3,4.5,4.9444,54,3.8182,4.3818,55,10,34,4.5,5.6471,10,38,4.4737,4.1579,2,4,6,2,mlb-nym,"{""common_opponents"": 1, ""games_played"": 1, ""head_to_head"": 1, ""home_advantage"": 1, ""last10_form"": 1, ""season_scoring"": 1, ""travel_km"": 1}"
823783,MLB,2026,regular,2026-05-27,2026-05-27,mlb-stl,mlb-mil,final,,,53,52,,,0.35,,,,,0.0,0.0,4,2.25,5.0,4,5.0,2.25,4,6,0,0.4,7,3,0,0.7,4.4151,4.5849,53,4.9423,3.4615,52,9,32,4.4062,4.625,9,30,4.2333,4.0667,1,2,3,1,mlb-mil,"{""common_opponents"": 1, ""games_played"": 1, ""head_to_head"": 1, ""home_advantage"": 1, ""last10_form"": 1, ""season_scoring"": 1, ""travel_km"": 1}"
823947,MLB,2026,regular,2026-05-27,2026-05-27,mlb-col,mlb-lad,final,,,56,55,,,0.35,,,,,0.0,0.0,6,4.3333,8.0,6,8.0,4.3333,2,8,0,0.2,8,2,0,0.8,4.0714,5.3929,56,5.3455,3.2182,55,8,38,4.0,5.0,8,24,4.6667,2.875,1,4,5,3,mlb-lad,"{""common_opponents"": 1, ""games_played"": 1, ""head_to_head"": 1, ""home_advantage"": 1, ""last10_form"": 1, ""season_scoring"": 1, ""travel_km"": 1}"
824104,MLB,2026,regular,2026-05-27,2026-05-27,mlb-nyy,mlb-kc,final,,,55,55,,,0.35,,,,,0.0,0.0,5,8.6,2.0,5,2.0,8.6,5,5,0,0.5,3,7,0,0.3,4.9636,3.4727,55,3.8364,4.5636,55,6,23,4.5217,3.6087,6,21,4.8571,4.3333,7,0,7,-7,mlb-nyy,"{""common_opponents"": 1, ""games_played"": 1, ""head_to_head"": 1, ""home_advantage"": 1, ""last10_form"": 1, ""season_scoring"": 1, ""travel_km"": 1}"
824270,MLB,2026,regular,2026-05-27,2026-05-27,mlb-laa,mlb-det,final,,,55,55,,,0.35,,,,,0.0,0.0,1,10.0,6.0,1,6.0,10.0,5,5,0,0.5,1,9,0,0.1,4.1273,5.1818,55,3.8727,4.4,55,8,27,3.8148,4.8519,8,28,3.6429,4.1786,0,4,4,4,mlb-det,"{""common_opponents"": 1, ""games_played"": 1, ""head_to_head"": 1, ""home_advantage"": 1, ""last10_form"": 1, ""season_scoring"": 1, ""travel_km"": 1}"
824432,MLB,2026,regular,2026-05-27,2026-05-27,mlb-wsh,mlb-cle,final,,,56,57,,,0.35,,,,,0.0,0.0,2,8.0,2.5,2,2.5,8.0,6,4,0,0.6,7,3,0,0.7,5.4286,5.4821,56,4.1579,3.9474,57,8,28,5.8929,6.0,8,25,4.24,3.8,2,3,5,1,mlb-cle,"{""common_opponents"": 1, ""games_played"": 1, ""head_to_head"": 1, ""home_advantage"": 1, ""last10_form"": 1, ""season_scoring"": 1, ""travel_km"": 1}"
824596,MLB,2026,regular,2026-05-27,2026-05-27,mlb-min,mlb-cws,final,,,55,54,,,0.35,,,,,0.0,0.0,2,3.0,3.0,2,3.0,3.0,7,3,0,0.7,5,5,0,0.5,4.6182,4.5455,55,4.463,4.7778,54,8,31,4.4516,5.0645,8,31,3.5484,4.8387,2,15,17,13,mlb-cws,"{""common_opponents"": 1, ""games_played"": 1, ""head_to_head"": 1, ""home_advantage"": 1, ""last10_form"": 1, ""season_scoring"": 1, ""travel_km"": 1}"
824756,MLB,2026,regular,2026-05-27,2026-05-27,mlb-atl,mlb-bos,final,,,55,53,,,0.35,,,,,0.0,0.0,4,5.0,3.0,4,3.0,5.0,6,4,0,0.6,4,6,0,0.4,5.2545,3.3818,55,3.7736,4.0943,53,3,12,4.6667,2.6667,3,13,3.8462,2.6154,0,8,8,8,mlb-bos,"{""common_opponents"": 1, ""games_played"": 1, ""head_to_head"": 1, ""home_advantage"": 1, ""last10_form"": 1, ""season_scoring"": 1, ""travel_km"": 1}"
824836,MLB,2026,regular,2026-05-27,2026-05-27,mlb-tb,mlb-bal,final,,,52,55,,,0.35,,,,,0.0,0.0,5,6.6,5.0,5,5.0,6.6,6,4,0,0.6,5,5,0,0.5,4.6923,4.0577,52,4.4182,5.3273,55,8,29,4.4138,3.1034,8,29,3.931,5.1724,2,11,13,9,mlb-bal,"{""common_opponents"": 1, ""games_played"": 1, ""head_to_head"": 1, ""home_advantage"": 1, ""last10_form"": 1, ""season_scoring"": 1, ""travel_km"": 1}"
825003,MLB,2026,regular,2026-05-27,2026-05-27,mlb-sea,mlb-ath,final,,,56,55,,,0.35,,,,,0.0,0.0,5,4.8,3.6,5,3.6,4.8,5,5,0,0.5,4,6,0,0.4,4.125,3.8393,56,4.2727,4.5818,55,10,48,3.9792,3.7917,10,35,4.3714,4.7143,9,1,10,-8,mlb-sea,"{""common_opponents"": 1, ""games_played"": 1, ""head_to_head"": 1, ""home_advantage"": 1, ""last10_form"": 1, ""season_scoring"": 1, ""travel_km"": 1}"
822896,MLB,2026,regular,2026-05-28,2026-05-28,mlb-hou,mlb-tex,final,,,57,55,,,0.35,,,,,0.0,0.0,6,4.3333,3.6667,6,3.6667,4.3333,6,4,0,0.6,4,6,0,0.4,4.4386,5.1579,57,3.8909,3.9091,55,9,36,4.3889,5.9444,9,37,3.8108,3.8108,5,1,6,-4,mlb-hou,"{""common_opponents"": 1, ""games_played"": 1, ""head_to_head"": 1, ""home_advantage"": 1, ""last10_form"": 1, ""season_scoring"": 1, ""travel_km"": 1}"
823378,MLB,2026,regular,2026-05-28,2026-05-28,mlb-chc,mlb-pit,final,,,56,56,,,0.35,,,,,0.0,0.0,6,3.6667,5.0,6,5.0,3.6667,1,9,0,0.1,5,5,0,0.5,4.7321,4.4821,56,4.8929,4.3929,56,9,32,5.625,4.2812,9,31,4.7742,4.3548,7,2,9,-5,mlb-chc,"{""common_opponents"": 1, ""games_played"": 1, ""head_to_head"": 1, ""home_advantage"": 1, ""last10_form"": 1, ""season_scoring"": 1, ""travel_km"": 1}"
824272,MLB,2026,regular,2026-05-28,2026-05-28,mlb-laa,mlb-det,final,,,56,56,,,0.35,,,,,0.0,0.0,2,5.0,5.0,2,5.0,5.0,5,5,0,0.5,2,8,0,0.2,4.0536,5.1607,56,3.875,4.3214,56,8,27,3.8148,4.8519,8,28,3.6429,4.1786,7,1,8,-6,mlb-laa,"{""common_opponents"": 1, ""games_played"": 1, ""head_to_head"": 1, ""home_advantage"": 1, ""last10_form"": 1, ""season_scoring"": 1, ""travel_km"": 1}"
824595,MLB,2026,regular,2026-05-28,2026-05-28,mlb-min,mlb-cws,final,,,56,55,,,0.35,,,,,0.0,0.0,3,2.6667,7.0,3,7.0,2.6667,7,3,0,0.7,5,5,0,0.5,4.5714,4.7321,56,4.6545,4.7273,55,8,31,4.4516,5.0645,8,31,3.5484,4.8387,2,6,8,4,mlb-cws,"{""common_opponents"": 1, ""games_played"": 1, ""head_to_head"": 1, ""home_advantage"": 1, ""last10_form"": 1, ""season_scoring"": 1, ""travel_km"": 1}"
824757,MLB,2026,regular,2026-05-28,2026-05-28,mlb-atl,mlb-bos,final,,,56,54,,,0.35,,,,,0.0,0.0,5,4.0,4.0,5,4.0,4.0,6,4,0,0.6,5,5,0,0.5,5.1607,3.4643,56,3.8519,4.0185,54,3,12,4.6667,2.6667,3,13,3.8462,2.6154,10,2,12,-8,mlb-atl,"{""common_opponents"": 1, ""games_played"": 1, ""head_to_head"": 1, ""home_advantage"": 1, ""last10_form"": 1, ""season_scoring"": 1, ""travel_km"": 1}"
824834,MLB,2026,regular,2026-05-28,2026-05-28,mlb-tor,mlb-bal,final,,,56,56,,,0.35,,,,,536.5,0.0,,,,,,,6,4,0,0.6,6,4,0,0.6,4.0357,4.1071,56,4.5357,5.2679,56,11,41,4.0976,3.9756,11,41,4.1951,5.2683,2,1,3,-1,mlb-tor,"{""common_opponents"": 1, ""games_played"": 1, ""head_to_head"": 1, ""home_advantage"": 1, ""last10_form"": 1, ""season_scoring"": 1, ""travel_km"": 1}"
822732,MLB,2026,regular,2026-05-29,2026-05-29,mlb-sd,mlb-wsh,final,,,55,57,,,0.35,,,,,3655.6,492.8,,,,,,,4,6,0,0.4,6,4,0,0.6,3.8909,3.9091,55,5.3684,5.4386,57,8,28,3.1786,3.9643,8,28,4.9286,5.5357,7,5,12,-2,mlb-sd,"{""common_opponents"": 1, ""games_played"": 1, ""head_to_head"": 1, ""home_advantage"": 1, ""last10_form"": 1, ""season_scoring"": 1, ""travel_km"": 1}"
822894,MLB,2026,regular,2026-05-29,2026-05-29,mlb-kc,mlb-tex,final,,,56,56,,,0.35,,,,,739.1,0.0,,,,,,,3,7,0,0.3,3,7,0,0.3,3.7679,4.6071,56,3.8393,3.9286,56,6,27,4.2593,5.037,6,28,3.5,4.0714,1,9,10,8,mlb-tex,"{""common_opponents"": 1, ""games_played"": 1, ""head_to_head"": 1, ""home_advantage"": 1, ""last10_form"": 1, ""season_scoring"": 1, ""travel_km"": 1}"
822978,MLB,2026,regular,2026-05-29,2026-05-29,mlb-laa,mlb-tb,final,,,57,53,,,0.35,,,,,1620.6,1396.3,,,,,,,6,4,0,0.6,5,5,0,0.5,4.1053,5.0877,57,4.6415,4.1887,53,6,25,4.28,4.76,6,23,4.2609,3.8696,5,8,13,3,mlb-tb,"{""common_opponents"": 1, ""games_played"": 1, ""head_to_head"": 1, ""home_advantage"": 1, ""last10_form"": 1, ""season_scoring"": 1, ""travel_km"": 1}"
823055,MLB,2026,regular,2026-05-29,2026-05-29,mlb-chc,mlb-stl,final,,,57,54,,,0.35,,,,,896.3,524.3,,,,,,,2,8,0,0.2,3,7,0,0.3,4.7719,4.4386,57,4.3519,4.537,54,10,35,4.4286,4.6857,10,36,4.8056,4.3889,5,6,11,1,mlb-stl,"{""common_opponents"": 1, ""games_played"": 1, ""head_to_head"": 1, ""home_advantage"": 1, ""last10_form"": 1, ""season_scoring"": 1, ""travel_km"": 1}"
823135,MLB,2026,regular,2026-05-29,2026-05-29,mlb-ari,mlb-sea,final,,,55,57,,,0.35,,,,,1091.1,1004.2,,,,,,,9,1,0,0.9,6,4,0,0.6,4.6364,4.3818,55,4.2105,3.7895,57,4,12,4.4167,6.0833,4,21,3.1905,3.9048,6,7,13,1,mlb-sea,"{""common_opponents"": 1, ""games_played"": 1, ""head_to_head"": 1, ""home_advantage"": 1, ""last10_form"": 1, ""season_scoring"": 1, ""travel_km"": 1}"
823377,MLB,2026,regular,2026-05-29,2026-05-29,mlb-min,mlb-pit,final,,,57,57,,,0.35,,,,,656.8,0.0,,,,,,,6,4,0,0.6,5,5,0,0.5,4.5263,4.7544,57,4.8421,4.4386,57,7,28,4.1071,5.1429,7,25,5.56,3.68,5,6,11,1,mlb-pit,"{""common_opponents"": 1, ""games_played"": 1, ""head_to_head"": 1, ""home_advantage"": 1, ""last10_form"": 1, ""season_scoring"": 1, ""travel_km"": 1}"
823623,MLB,2026,regular,2026-05-29,2026-05-29,mlb-mia,mlb-nym,final,,,57,56,,,0.35,,,,,557.8,0.0,3,3.3333,0.6667,3,0.6667,3.3333,5,5,0,0.5,3,7,0,0.3,4.2281,4.4561,57,3.8214,4.3393,56,9,28,3.8214,4.3214,9,35,4.4857,4.3714,7,9,16,2,mlb-nym,"{""common_opponents"": 1, ""games_played"": 1, ""head_to_head"": 1, ""home_advantage"": 1, ""last10_form"": 1, ""season_scoring"": 1, ""travel_km"": 1}"
823946,MLB,2026,regular,2026-05-29,2026-05-29,mlb-phi,mlb-lad,final,,,56,56,,,0.35,,,,,182.2,0.0,,,,,,,6,4,0,0.6,8,2,0,0.8,3.9821,4.2857,56,5.3214,3.1786,56,10,44,3.8182,4.3864,10,38,4.8947,3.6316,2,4,6,2,mlb-lad,"{""common_opponents"": 1, ""games_played"": 1, ""head_to_head"": 1, ""home_advantage"": 1, ""last10_form"": 1, ""season_scoring"": 1, ""travel_km"": 1}"
824191,MLB,2026,regular,2026-05-29,2026-05-29,mlb-mil,mlb-hou,final,,,53,58,,,0.35,,,,,1615.2,370.8,,,,,,,7,3,0,0.7,7,3,0,0.7,4.8868,3.4151,53,4.4483,5.0862,58,6,20,4.15,3.0,6,21,4.2381,4.7619,5,4,9,-1,mlb-mil,"{""common_opponents"": 1, ""games_played"": 1, ""head_to_head"": 1, ""home_advantage"": 1, ""last10_form"": 1, ""season_scoring"": 1, ""travel_km"": 1}"
824353,MLB,2026,regular,2026-05-29,2026-05-29,mlb-sf,mlb-col,final,,,56,57,,,0.35,,,,,1521.6,1334.4,,,,,,,3,7,0,0.3,2,8,0,0.2,3.6429,4.6071,56,4.0175,5.3684,57,8,38,3.5263,4.7105,8,42,3.6905,5.3571,6,8,14,2,mlb-col,"{""common_opponents"": 1, ""games_played"": 1, ""head_to_head"": 1, ""home_advantage"": 1, ""last10_form"": 1, ""season_scoring"": 1, ""travel_km"": 1}"
824433,MLB,2026,regular,2026-05-29,2026-05-29,mlb-bos,mlb-cle,final,,,55,58,,,0.35,,,,,880.5,0.0,,,,,,,4,6,0,0.4,7,3,0,0.7,3.8182,4.1273,55,4.1379,3.9138,58,11,46,3.913,4.1739,11,39,4.1795,3.8205,3,4,7,1,mlb-cle,"{""common_opponents"": 1, ""games_played"": 1, ""head_to_head"": 1, ""home_advantage"": 1, ""last10_form"": 1, ""season_scoring"": 1, ""travel_km"": 1}"
824515,MLB,2026,regular,2026-05-29,2026-05-29,mlb-atl,mlb-cin,final,,,57,55,,,0.35,,,,,1184.9,927.0,,,,,,,6,4,0,0.6,5,5,0,0.5,5.2456,3.4386,57,4.4545,4.9273,55,9,41,5.5366,3.8293,9,29,5.0,5.5862,8,3,11,-5,mlb-atl,"{""common_opponents"": 1, ""games_played"": 1, ""head_to_head"": 1, ""home_advantage"": 1, ""last10_form"": 1, ""season_scoring"": 1, ""travel_km"": 1}"
824594,MLB,2026,regular,2026-05-29,2026-05-29,mlb-det,mlb-cws,final,,,57,56,,,0.35,,,,,382.6,0.0,,,,,,,2,8,0,0.2,5,5,0,0.5,3.8246,4.3684,57,4.6786,4.6786,56,9,31,3.7742,4.129,9,35,4.5143,4.2,3,4,7,1,mlb-cws,"{""common_opponents"": 1, ""games_played"": 1, ""head_to_head"": 1, ""home_advantage"": 1, ""last10_form"": 1, ""season_scoring"": 1, ""travel_km"": 1}"
824835,MLB,2026,regular,2026-05-29,2026-05-29,mlb-tor,mlb-bal,final,,,57,57,,,0.35,,,,,0.0,0.0,1,2.0,1.0,1,1.0,2.0,7,3,0,0.7,5,5,0,0.5,4.0,4.0526,57,4.4737,5.2105,57,11,41,4.0976,3.9756,11,41,4.1951,5.2683,6,5,11,-1,mlb-tor,"{""common_opponents"": 1, ""games_played"": 1, ""head_to_head"": 1, ""home_advantage"": 1, ""last10_form"": 1, ""season_scoring"": 1, ""travel_km"": 1}"
825002,MLB,2026,regular,2026-05-29,2026-05-29,mlb-nyy,mlb-ath,final,,,56,56,,,0.35,,,,,2334.0,0.0,3,2.3333,2.3333,3,2.3333,2.3333,6,4,0,0.6,4,6,0,0.4,5.0,3.4107,56,4.2143,4.6607,56,9,39,5.5641,3.3846,9,35,4.4,4.5143,8,2,10,-6,mlb-nyy,"{""common_opponents"": 1, ""games_played"": 1, ""head_to_head"": 1, ""home_advantage"": 1, ""last10_form"": 1, ""season_scoring"": 1, ""travel_km"": 1}"
822731,MLB,2026,regular,2026-05-30,2026-05-30,mlb-sd,mlb-wsh,final,,,56,58,,,0.35,,,,,0.0,0.0,1,7.0,5.0,1,5.0,7.0,4,6,0,0.4,6,4,0,0.6,3.9464,3.9286,56,5.3621,5.4655,58,8,28,3.1786,3.9643,8,28,4.9286,5.5357,4,9,13,5,mlb-wsh,"{""common_opponents"": 1, ""games_played"": 1, ""head_to_head"": 1, ""home_advantage"": 1, ""last10_form"": 1, ""season_scoring"": 1, ""travel_km"": 1}"
822893,MLB,2026,regular,2026-05-30,2026-05-30,mlb-kc,mlb-tex,final,,,57,57,,,0.35,,,,,0.0,0.0,1,1.0,9.0,1,9.0,1.0,2,8,0,0.2,4,6,0,0.4,3.7193,4.6842,57,3.9298,3.8772,57,6,27,4.2593,5.037,6,28,3.5,4.0714,6,7,13,1,mlb-tex,"{""common_opponents"": 1, ""games_played"": 1, ""head_to_head"": 1, ""home_advantage"": 1, ""last10_form"": 1, ""season_scoring"": 1, ""travel_km"": 1}"
822975,MLB,2026,regular,2026-05-30,2026-05-30,mlb-laa,mlb-tb,final,,,58,54,,,0.35,,,,,0.0,0.0,1,5.0,8.0,1,8.0,5.0,5,5,0,0.5,6,4,0,0.6,4.1207,5.1379,58,4.7037,4.2037,54,6,25,4.28,4.76,6,23,4.2609,3.8696,14,3,17,-11,mlb-laa,"{""common_opponents"": 1, ""games_played"": 1, ""head_to_head"": 1, ""home_advantage"": 1, ""last10_form"": 1, ""season_scoring"": 1, ""travel_km"": 1}"
823054,MLB,2026,regular,2026-05-30,2026-05-30,mlb-chc,mlb-stl,final,,,58,55,,,0.35,,,,,0.0,0.0,1,5.0,6.0,1,6.0,5.0,2,8,0,0.2,3,7,0,0.3,4.7759,4.4655,58,4.3818,4.5455,55,10,35,4.4286,4.6857,10,36,4.8056,4.3889,6,1,7,-5,mlb-chc,"{""common_opponents"": 1, ""games_played"": 1, ""head_to_head"": 1, ""home_advantage"": 1, ""last10_form"": 1, ""season_scoring"": 1, ""travel_km"": 1}"
823132,MLB,2026,regular,2026-05-30,2026-05-30,mlb-ari,mlb-sea,final,,,56,58,,,0.35,,,,,0.0,0.0,1,6.0,7.0,1,7.0,6.0,8,2,0,0.8,7,3,0,0.7,4.6607,4.4286,56,4.2586,3.8276,58,4,12,4.4167,6.0833,4,21,3.1905,3.9048,1,5,6,4,mlb-sea,"{""common_opponents"": 1, ""games_played"": 1, ""head_to_head"": 1, ""home_advantage"": 1, ""last10_form"": 1, ""season_scoring"": 1, ""travel_km"": 1}"
823375,MLB,2026,regular,2026-05-30,2026-05-30,mlb-min,mlb-pit,final,,,58,58,,,0.35,,,,,0.0,0.0,1,5.0,6.0,1,6.0,5.0,5,5,0,0.5,6,4,0,0.6,4.5345,4.7759,58,4.8621,4.4483,58,7,28,4.1071,5.1429,7,25,5.56,3.68,9,10,19,1,mlb-pit,"{""common_opponents"": 1, ""games_played"": 1, ""head_to_head"": 1, ""home_advantage"": 1, ""last10_form"": 1, ""season_scoring"": 1, ""travel_km"": 1}"
823622,MLB,2026,regular,2026-05-30,2026-05-30,mlb-mia,mlb-nym,final,,,58,57,,,0.35,,,,,0.0,0.0,4,4.25,2.75,4,2.75,4.25,4,6,0,0.4,3,7,0,0.3,4.2759,4.5345,58,3.9123,4.386,57,9,28,3.8214,4.3214,9,35,4.4857,4.3714,1,6,7,5,mlb-nym,"{""common_opponents"": 1, ""games_played"": 1, ""head_to_head"": 1, ""home_advantage"": 1, ""last10_form"": 1, ""season_scoring"": 1, ""travel_km"": 1}"
823945,MLB,2026,regular,2026-05-30,2026-05-30,mlb-phi,mlb-lad,final,,,57,57,,,0.35,,,,,0.0,0.0,1,2.0,4.0,1,4.0,2.0,5,5,0,0.5,8,2,0,0.8,3.9474,4.2807,57,5.2982,3.1579,57,10,44,3.8182,4.3864,10,38,4.8947,3.6316,4,3,7,-1,mlb-phi,"{""common_opponents"": 1, ""games_played"": 1, ""head_to_head"": 1, ""home_advantage"": 1, ""last10_form"": 1, ""season_scoring"": 1, ""travel_km"": 1}"
824190,MLB,2026,regular,2026-05-30,2026-05-30,mlb-mil,mlb-hou,final,,,54,59,,,0.35,,,,,0.0,0.0,1,5.0,4.0,1,4.0,5.0,8,2,0,0.8,7,3,0,0.7,4.8889,3.4259,54,4.4407,5.0847,59,6,20,4.15,3.0,6,21,4.2381,4.7619,2,9,11,7,mlb-hou,"{""common_opponents"": 1, ""games_played"": 1, ""head_to_head"": 1, ""home_advantage"": 1, ""last10_form"": 1, ""season_scoring"": 1, ""travel_km"": 1}"
824352,MLB,2026,regular,2026-05-30,2026-05-30,mlb-sf,mlb-col,final,,,57,58,,,0.35,,,,,0.0,0.0,1,6.0,8.0,1,8.0,6.0,2,8,0,0.2,2,8,0,0.2,3.6842,4.6667,57,4.0862,5.3793,58,8,38,3.5263,4.7105,8,42,3.6905,5.3571,3,8,11,5,mlb-col,"{""common_opponents"": 1, ""games_played"": 1, ""head_to_head"": 1, ""home_advantage"": 1, ""last10_form"": 1, ""season_scoring"": 1, ""travel_km"": 1}"
824431,MLB,2026,regular,2026-05-30,2026-05-30,mlb-bos,mlb-cle,final,,,56,59,,,0.35,,,,,0.0,0.0,1,3.0,4.0,1,4.0,3.0,4,6,0,0.4,7,3,0,0.7,3.8036,4.125,56,4.1356,3.8983,59,11,46,3.913,4.1739,11,39,4.1795,3.8205,9,1,10,-8,mlb-bos,"{""common_opponents"": 1, ""games_played"": 1, ""head_to_head"": 1, ""home_advantage"": 1, ""last10_form"": 1, ""season_scoring"": 1, ""travel_km"": 1}"
824513,MLB,2026,regular,2026-05-30,2026-05-30,mlb-atl,mlb-cin,final,,,58,56,,,0.35,,,,,0.0,0.0,1,8.0,3.0,1,3.0,8.0,7,3,0,0.7,5,5,0,0.5,5.2931,3.431,58,4.4286,4.9821,56,9,41,5.5366,3.8293,9,29,5.0,5.5862,5,2,7,-3,mlb-atl,"{""common_opponents"": 1, ""games_played"": 1, ""head_to_head"": 1, ""home_advantage"": 1, ""last10_form"": 1, ""season_scoring"": 1, ""travel_km"": 1}"
824593,MLB,2026,regular,2026-05-30,2026-05-30,mlb-det,mlb-cws,final,,,58,57,,,0.35,,,,,0.0,0.0,1,3.0,4.0,1,4.0,3.0,2,8,0,0.2,6,4,0,0.6,3.8103,4.3621,58,4.6667,4.6491,57,9,31,3.7742,4.129,9,35,4.5143,4.2,1,7,8,6,mlb-cws,"{""common_opponents"": 1, ""games_played"": 1, ""head_to_head"": 1, ""home_advantage"": 1, ""last10_form"": 1, ""season_scoring"": 1, ""travel_km"": 1}"
824833,MLB,2026,regular,2026-05-30,2026-05-30,mlb-tor,mlb-bal,final,,,58,58,,,0.35,,,,,0.0,0.0,2,4.0,3.0,2,3.0,4.0,8,2,0,0.8,5,5,0,0.5,4.0345,4.069,58,4.4828,5.2241,58,11,41,4.0976,3.9756,11,41,4.1951,5.2683,5,6,11,1,mlb-bal,"{""common_opponents"": 1, ""games_played"": 1, ""head_to_head"": 1, ""home_advantage"": 1, ""last10_form"": 1, ""season_scoring"": 1, ""travel_km"": 1}"
825000,MLB,2026,regular,2026-05-30,2026-05-30,mlb-nyy,mlb-ath,final,,,57,57,,,0.35,,,,,0.0,0.0,4,3.75,2.25,4,2.25,3.75,7,3,0,0.7,4,6,0,0.4,5.0526,3.386,57,4.1754,4.7193,57,9,39,5.5641,3.3846,9,35,4.4,4.5143,4,6,10,2,mlb-ath,"{""common_opponents"": 1, ""games_played"": 1, ""head_to_head"": 1, ""home_advantage"": 1, ""last10_form"": 1, ""season_scoring"": 1, ""travel_km"": 1}"
822729,MLB,2026,regular,2026-05-31,2026-05-31,mlb-sd,mlb-wsh,final,,,57,59,,,0.35,,,,,0.0,0.0,2,5.5,7.0,2,7.0,5.5,3,7,0,0.3,6,4,0,0.6,3.9474,4.0175,57,5.4237,5.4407,59,8,28,3.1786,3.9643,8,28,4.9286,5.5357,2,4,6,2,mlb-wsh,"{""common_opponents"": 1, ""games_played"": 1, ""head_to_head"": 1, ""home_advantage"": 1, ""last10_form"": 1, ""season_scoring"": 1, ""travel_km"": 1}"
822895,MLB,2026,regular,2026-05-31,2026-05-31,mlb-kc,mlb-tex,final,,,58,58,,,0.35,,,,,0.0,0.0,2,3.5,8.0,2,8.0,3.5,2,8,0,0.2,4,6,0,0.4,3.7586,4.7241,58,3.9828,3.9138,58,6,27,4.2593,5.037,6,28,3.5,4.0714,3,6,9,3,mlb-tex,"{""common_opponents"": 1, ""games_played"": 1, ""head_to_head"": 1, ""home_advantage"": 1, ""last10_form"": 1, ""season_scoring"": 1, ""travel_km"": 1}"
822976,MLB,2026,regular,2026-05-31,2026-05-31,mlb-laa,mlb-tb,final,,,59,55,,,0.35,,,,,0.0,0.0,2,9.5,5.5,2,5.5,9.5,6,4,0,0.6,5,5,0,0.5,4.2881,5.1017,59,4.6727,4.3818,55,6,25,4.28,4.76,6,23,4.2609,3.8696,2,5,7,3,mlb-tb,"{""common_opponents"": 1, ""games_played"": 1, ""head_to_head"": 1, ""home_advantage"": 1, ""last10_form"": 1, ""season_scoring"": 1, ""travel_km"": 1}"
823053,MLB,2026,regular,2026-05-31,2026-05-31,mlb-chc,mlb-stl,final,,,59,56,,,0.35,,,,,0.0,0.0,2,5.5,3.5,2,3.5,5.5,3,7,0,0.3,3,7,0,0.3,4.7966,4.4068,59,4.3214,4.5714,56,10,35,4.4286,4.6857,10,36,4.8056,4.3889,1,5,6,4,mlb-stl,"{""common_opponents"": 1, ""games_played"": 1, ""head_to_head"": 1, ""home_advantage"": 1, ""last10_form"": 1, ""season_scoring"": 1, ""travel_km"": 1}"
823133,MLB,2026,regular,2026-05-31,2026-05-31,mlb-ari,mlb-sea,final,,,57,59,,,0.35,,,,,0.0,0.0,2,3.5,6.0,2,6.0,3.5,7,3,0,0.7,7,3,0,0.7,4.5965,4.4386,57,4.2712,3.7797,59,4,12,4.4167,6.0833,4,21,3.1905,3.9048,2,3,5,1,mlb-sea,"{""common_opponents"": 1, ""games_played"": 1, ""head_to_head"": 1, ""home_advantage"": 1, ""last10_form"": 1, ""season_scoring"": 1, ""travel_km"": 1}"
823373,MLB,2026,regular,2026-05-31,2026-05-31,mlb-min,mlb-pit,final,,,59,59,,,0.35,,,,,0.0,0.0,2,7.0,8.0,2,8.0,7.0,5,5,0,0.5,6,4,0,0.6,4.6102,4.8644,59,4.9492,4.5254,59,7,28,4.1071,5.1429,7,25,5.56,3.68,3,9,12,6,mlb-pit,"{""common_opponents"": 1, ""games_played"": 1, ""head_to_head"": 1, ""home_advantage"": 1, ""last10_form"": 1, ""season_scoring"": 1, ""travel_km"": 1}"
823621,MLB,2026,regular,2026-05-31,2026-05-31,mlb-mia,mlb-nym,final,,,59,58,,,0.35,,,,,0.0,0.0,5,3.6,3.4,5,3.4,3.6,4,6,0,0.4,4,6,0,0.4,4.2203,4.5593,59,3.9483,4.3276,58,9,28,3.8214,4.3214,9,35,4.4857,4.3714,1,10,11,9,mlb-nym,"{""common_opponents"": 1, ""games_played"": 1, ""head_to_head"": 1, ""home_advantage"": 1, ""last10_form"": 1, ""season_scoring"": 1, ""travel_km"": 1}"
823944,MLB,2026,regular,2026-05-31,2026-05-31,mlb-phi,mlb-lad,final,,,58,58,,,0.35,,,,,0.0,0.0,2,3.0,3.5,2,3.5,3.0,5,5,0,0.5,8,2,0,0.8,3.9483,4.2586,58,5.2586,3.1724,58,10,44,3.8182,4.3864,10,38,4.8947,3.6316,1,9,10,8,mlb-lad,"{""common_opponents"": 1, ""games_played"": 1, ""head_to_head"": 1, ""home_advantage"": 1, ""last10_form"": 1, ""season_scoring"": 1, ""travel_km"": 1}"
824187,MLB,2026,regular,2026-05-31,2026-05-31,mlb-mil,mlb-hou,final,,,55,60,,,0.35,,,,,0.0,0.0,2,3.5,6.5,2,6.5,3.5,7,3,0,0.7,7,3,0,0.7,4.8364,3.5273,55,4.5167,5.0333,60,6,20,4.15,3.0,6,21,4.2381,4.7619,2,0,2,-2,mlb-mil,"{""common_opponents"": 1, ""games_played"": 1, ""head_to_head"": 1, ""home_advantage"": 1, ""last10_form"": 1, ""season_scoring"": 1, ""travel_km"": 1}"
824354,MLB,2026,regular,2026-05-31,2026-05-31,mlb-sf,mlb-col,final,,,58,59,,,0.35,,,,,0.0,0.0,2,4.5,8.0,2,8.0,4.5,2,8,0,0.2,3,7,0,0.3,3.6724,4.7241,58,4.1525,5.339,59,8,38,3.5263,4.7105,8,42,3.6905,5.3571,19,6,25,-13,mlb-sf,"{""common_opponents"": 1, ""games_played"": 1, ""head_to_head"": 1, ""home_advantage"": 1, ""last10_form"": 1, ""season_scoring"": 1, ""travel_km"": 1}"
824430,MLB,2026,regular,2026-05-31,2026-05-31,mlb-bos,mlb-cle,final,,,57,60,,,0.35,,,,,0.0,0.0,2,6.0,2.5,2,2.5,6.0,4,6,0,0.4,6,4,0,0.6,3.8947,4.0702,57,4.0833,3.9833,60,11,46,3.913,4.1739,11,39,4.1795,3.8205,9,4,13,-5,mlb-bos,"{""common_opponents"": 1, ""games_played"": 1, ""head_to_head"": 1, ""home_advantage"": 1, ""last10_form"": 1, ""season_scoring"": 1, ""travel_km"": 1}"
824512,MLB,2026,regular,2026-05-31,2026-05-31,mlb-atl,mlb-cin,final,,,59,57,,,0.35,,,,,0.0,0.0,2,6.5,2.5,2,2.5,6.5,7,3,0,0.7,5,5,0,0.5,5.2881,3.4068,59,4.386,4.9825,57,9,41,5.5366,3.8293,9,29,5.0,5.5862,4,6,10,2,mlb-cin,"{""common_opponents"": 1, ""games_played"": 1, ""head_to_head"": 1, ""home_advantage"": 1, ""last10_form"": 1, ""season_scoring"": 1, ""travel_km"": 1}"
824592,MLB,2026,regular,2026-05-31,2026-05-31,mlb-det,mlb-cws,final,,,59,58,,,0.35,,,,,0.0,0.0,2,2.0,5.5,2,5.5,2.0,2,8,0,0.2,6,4,0,0.6,3.7627,4.4068,59,4.7069,4.5862,58,9,31,3.7742,4.129,9,35,4.5143,4.2,1,2,3,1,mlb-cws,"{""common_opponents"": 1, ""games_played"": 1, ""head_to_head"": 1, ""home_advantage"": 1, ""last10_form"": 1, ""season_scoring"": 1, ""travel_km"": 1}"
824832,MLB,2026,regular,2026-05-31,2026-05-31,mlb-tor,mlb-bal,final,,,59,59,,,0.35,,,,,0.0,0.0,3,4.3333,4.0,3,4.0,4.3333,7,3,0,0.7,6,4,0,0.6,4.0508,4.1017,59,4.5085,5.2203,59,11,41,4.0976,3.9756,11,41,4.1951,5.2683,5,9,14,4,mlb-bal,"{""common_opponents"": 1, ""games_played"": 1, ""head_to_head"": 1, ""home_advantage"": 1, ""last10_form"": 1, ""season_scoring"": 1, ""travel_km"": 1}"
825001,MLB,2026,regular,2026-05-31,2026-05-31,mlb-nyy,mlb-ath,final,,,58,58,,,0.35,,,,,0.0,0.0,5,3.8,3.0,5,3.0,3.8,6,4,0,0.6,4,6,0,0.4,5.0345,3.431,58,4.2069,4.7069,58,9,39,5.5641,3.3846,9,35,4.4,4.5143,13,8,21,-5,mlb-nyy,"{""common_opponents"": 1, ""games_played"": 1, ""head_to_head"": 1, ""home_advantage"": 1, ""last10_form"": 1, ""season_scoring"": 1, ""travel_km"": 1}"
822730,MLB,2026,regular,2026-06-01,2026-06-01,mlb-mia,mlb-wsh,final,,,60,60,,,0.35,,,,,341.7,0.0,3,5.0,4.0,3,4.0,5.0,4,6,0,0.4,6,4,0,0.6,4.1667,4.65,60,5.4,5.3833,60,11,42,4.3095,4.5476,11,44,5.4545,5.4773,7,3,10,-4,mlb-mia,"{""common_opponents"": 1, ""games_played"": 1, ""head_to_head"": 1, ""home_advantage"": 1, ""last10_form"": 1, ""season_scoring"": 1, ""travel_km"": 1}"
822974,MLB,2026,regular,2026-06-01,2026-06-01,mlb-det,mlb-tb,final,,,60,56,,,0.35,,,,,1627.6,0.0,,,,,,,2,8,0,0.2,5,5,0,0.5,3.7167,4.3667,60,4.6786,4.3393,56,11,39,3.6154,4.4872,11,42,5.0238,4.5,10,9,19,-1,mlb-det,"{""common_opponents"": 1, ""games_played"": 1, ""head_to_head"": 1, ""home_advantage"": 1, ""last10_form"": 1, ""season_scoring"": 1, ""travel_km"": 1}"
823050,MLB,2026,regular,2026-06-01,2026-06-01,mlb-tex,mlb-stl,final,,,59,57,,,0.35,,,,,901.8,0.0,,,,,,,4,6,0,0.4,3,7,0,0.3,4.0169,3.8983,59,4.3333,4.5088,57,9,38,3.7632,3.7368,9,30,4.9,4.5333,2,1,3,-1,mlb-tex,"{""common_opponents"": 1, ""games_played"": 1, ""head_to_head"": 1, ""home_advantage"": 1, ""last10_form"": 1, ""season_scoring"": 1, ""travel_km"": 1}"
823131,MLB,2026,regular,2026-06-01,2026-06-01,mlb-nym,mlb-sea,final,,,59,60,,,0.35,,,,,3875.4,0.0,,,,,,,5,5,0,0.5,8,2,0,0.8,4.0508,4.2712,59,4.25,3.75,60,6,21,3.1429,4.0476,6,21,4.5714,3.6667,2,3,5,1,mlb-sea,"{""common_opponents"": 1, ""games_played"": 1, ""head_to_head"": 1, ""home_advantage"": 1, ""last10_form"": 1, ""season_scoring"": 1, ""travel_km"": 1}"
823702,MLB,2026,regular,2026-06-01,2026-06-01,mlb-cws,mlb-min,final,,,59,60,,,0.35,,,,,574.8,1193.9,4,6.75,2.5,4,2.5,6.75,7,3,0,0.7,4,6,0,0.4,4.661,4.5254,59,4.5833,4.9333,60,9,34,3.6176,4.5588,9,35,4.5714,4.8286,6,9,15,3,mlb-min,"{""common_opponents"": 1, ""games_played"": 1, ""head_to_head"": 1, ""home_advantage"": 1, ""last10_form"": 1, ""season_scoring"": 1, ""travel_km"": 1}"
823781,MLB,2026,regular,2026-06-01,2026-06-01,mlb-sf,mlb-mil,final,,,59,56,,,0.35,,,,,1463.1,1615.2,,,,,,,3,7,0,0.3,7,3,0,0.7,3.9322,4.7458,59,4.7857,3.4643,56,9,37,3.6486,4.7297,9,30,5.1667,3.4667,2,16,18,14,mlb-mil,"{""common_opponents"": 1, ""games_played"": 1, ""head_to_head"": 1, ""home_advantage"": 1, ""last10_form"": 1, ""season_scoring"": 1, ""travel_km"": 1}"
824027,MLB,2026,regular,2026-06-01,2026-06-01,mlb-col,mlb-laa,final,,,60,60,,,0.35,,,,,1323.3,3414.4,,,,,,,3,7,0,0.3,6,4,0,0.6,4.1833,5.5667,60,4.25,5.1,60,8,38,4.5,5.5263,8,28,4.0,5.0357,9,8,17,-1,mlb-col,"{""common_opponents"": 1, ""games_played"": 1, ""head_to_head"": 1, ""home_advantage"": 1, ""last10_form"": 1, ""season_scoring"": 1, ""travel_km"": 1}"
824510,MLB,2026,regular,2026-06-01,2026-06-01,mlb-kc,mlb-cin,final,,,59,58,,,0.35,,,,,1332.7,0.0,,,,,,,2,8,0,0.2,6,4,0,0.6,3.7458,4.7458,59,4.4138,4.9655,58,8,31,3.9355,4.5161,8,23,4.3913,5.087,9,2,11,-7,mlb-kc,"{""common_opponents"": 1, ""games_played"": 1, ""head_to_head"": 1, ""home_advantage"": 1, ""last10_form"": 1, ""season_scoring"": 1, ""travel_km"": 1}"
825078,MLB,2026,regular,2026-06-01,2026-06-01,mlb-lad,mlb-ari,final,,,59,58,,,0.35,,,,,574.9,1792.8,3,5.3333,2.6667,3,2.6667,5.3333,8,2,0,0.8,6,4,0,0.6,5.322,3.1356,59,4.5517,4.4138,58,10,38,5.0526,3.1842,10,40,4.575,4.25,1,4,5,3,mlb-ari,"{""common_opponents"": 1, ""games_played"": 1, ""head_to_head"": 1, ""home_advantage"": 1, ""last10_form"": 1, ""season_scoring"": 1, ""travel_km"": 1}"
822728,MLB,2026,regular,2026-06-02,2026-06-02,mlb-mia,mlb-wsh,final,,,61,61,,,0.35,,,,,0.0,0.0,4,5.5,3.75,4,3.75,5.5,5,5,0,0.5,6,4,0,0.6,4.2131,4.623,61,5.3607,5.4098,61,11,42,4.3095,4.5476,11,44,5.4545,5.4773,7,3,10,-4,mlb-mia,"{""common_opponents"": 1, ""games_played"": 1, ""head_to_head"": 1, ""home_advantage"": 1, ""last10_form"": 1, ""season_scoring"": 1, ""travel_km"": 1}"
822971,MLB,2026,regular,2026-06-02,2026-06-02,mlb-det,mlb-tb,final,,,61,57,,,0.35,,,,,0.0,0.0,1,10.0,9.0,1,9.0,10.0,3,7,0,0.3,4,6,0,0.4,3.8197,4.4426,61,4.7544,4.4386,57,11,39,3.6154,4.4872,11,42,5.0238,4.5,8,0,8,-8,mlb-det,"{""common_opponents"": 1, ""games_played"": 1, ""head_to_head"": 1, ""home_advantage"": 1, ""last10_form"": 1, ""season_scoring"": 1, ""travel_km"": 1}"
823052,MLB,2026,regular,2026-06-02,2026-06-02,mlb-tex,mlb-stl,final,,,60,58,,,0.35,,,,,0.0,0.0,1,2.0,1.0,1,1.0,2.0,5,5,0,0.5,3,7,0,0.3,3.9833,3.85,60,4.2759,4.4655,58,9,38,3.7632,3.7368,9,30,4.9,4.5333,7,4,11,-3,mlb-tex,"{""common_opponents"": 1, ""games_played"": 1, ""head_to_head"": 1, ""home_advantage"": 1, ""last10_form"": 1, ""season_scoring"": 1, ""travel_km"": 1}"
823129,MLB,2026,regular,2026-06-02,2026-06-02,mlb-nym,mlb-sea,final,,,60,61,,,0.35,,,,,0.0,0.0,1,2.0,3.0,1,3.0,2.0,4,6,0,0.4,8,2,0,0.8,4.0167,4.25,60,4.2295,3.7213,61,6,21,3.1429,4.0476,6,21,4.5714,3.6667,3,8,11,5,mlb-sea,"{""common_opponents"": 1, ""games_played"": 1, ""head_to_head"": 1, ""home_advantage"": 1, ""last10_form"": 1, ""season_scoring"": 1, ""travel_km"": 1}"
823460,MLB,2026,regular,2026-06-02,2026-06-02,mlb-sd,mlb-phi,final,,,58,59,,,0.35,,,,,195.5,3842.5,3,1.0,3.3333,3,3.3333,1.0,3,7,0,0.3,5,5,0,0.5,3.9138,4.0172,58,3.8983,4.339,59,9,33,4.7273,4.3333,9,37,4.4324,4.6757,2,3,5,1,mlb-phi,"{""common_opponents"": 1, ""games_played"": 1, ""head_to_head"": 1, ""home_advantage"": 1, ""last10_form"": 1, ""season_scoring"": 1, ""travel_km"": 1}"
823541,MLB,2026,regular,2026-06-02,2026-06-02,mlb-cle,mlb-nyy,final,,,61,59,,,0.35,,,,,653.5,4028.3,,,,,,,5,5,0,0.5,6,4,0,0.6,4.082,4.0656,61,5.1695,3.5085,59,9,33,4.1515,4.2727,9,41,5.4878,3.4634,9,4,13,-5,mlb-cle,"{""common_opponents"": 1, ""games_played"": 1, ""head_to_head"": 1, ""home_advantage"": 1, ""last10_form"": 1, ""season_scoring"": 1, ""travel_km"": 1}"
823700,MLB,2026,regular,2026-06-02,2026-06-02,mlb-cws,mlb-min,final,,,60,61,,,0.35,,,,,0.0,0.0,5,6.6,3.8,5,3.8,6.6,6,4,0,0.6,4,6,0,0.4,4.6833,4.6,60,4.6557,4.9508,61,9,34,3.6176,4.5588,9,35,4.5714,4.8286,4,6,10,2,mlb-min,"{""common_opponents"": 1, ""games_played"": 1, ""head_to_head"": 1, ""home_advantage"": 1, ""last10_form"": 1, ""season_scoring"": 1, ""travel_km"": 1}"
823782,MLB,2026,regular,2026-06-02,2026-06-02,mlb-sf,mlb-mil,final,,,60,57,,,0.35,,,,,0.0,0.0,1,2.0,16.0,1,16.0,2.0,3,7,0,0.3,7,3,0,0.7,3.9,4.9333,60,4.9825,3.4386,57,9,37,3.6486,4.7297,9,30,5.1667,3.4667,3,8,11,5,mlb-mil,"{""common_opponents"": 1, ""games_played"": 1, ""head_to_head"": 1, ""home_advantage"": 1, ""last10_form"": 1, ""season_scoring"": 1, ""travel_km"": 1}"
824026,MLB,2026,regular,2026-06-02,2026-06-02,mlb-col,mlb-laa,final,,,61,61,,,0.35,,,,,0.0,0.0,1,9.0,8.0,1,8.0,9.0,4,6,0,0.4,6,4,0,0.6,4.2623,5.6066,61,4.3115,5.1639,61,8,38,4.5,5.5263,8,28,4.0,5.0357,8,2,10,-6,mlb-col,"{""common_opponents"": 1, ""games_played"": 1, ""head_to_head"": 1, ""home_advantage"": 1, ""last10_form"": 1, ""season_scoring"": 1, ""travel_km"": 1}"
824189,MLB,2026,regular,2026-06-02,2026-06-02,mlb-pit,mlb-hou,final,,,60,61,,,0.35,,,,,1828.9,0.0,,,,,,,6,4,0,0.6,7,3,0,0.7,5.0167,4.5,60,4.4426,4.9836,61,8,35,5.4,4.2,8,31,4.129,4.3226,10,6,16,-4,mlb-pit,"{""common_opponents"": 1, ""games_played"": 1, ""head_to_head"": 1, ""home_advantage"": 1, ""last10_form"": 1, ""season_scoring"": 1, ""travel_km"": 1}"
824511,MLB,2026,regular,2026-06-02,2026-06-02,mlb-kc,mlb-cin,final,,,60,59,,,0.35,,,,,0.0,0.0,1,9.0,2.0,1,2.0,9.0,3,7,0,0.3,5,5,0,0.5,3.8333,4.7,60,4.3729,5.0339,59,8,31,3.9355,4.5161,8,23,4.3913,5.087,3,4,7,1,mlb-cin,"{""common_opponents"": 1, ""games_played"": 1, ""head_to_head"": 1, ""home_advantage"": 1, ""last10_form"": 1, ""season_scoring"": 1, ""travel_km"": 1}"
824675,MLB,2026,regular,2026-06-02,2026-06-02,mlb-ath,mlb-chc,final,,,59,60,,,0.35,,,,,2878.2,427.8,,,,,,,3,7,0,0.3,3,7,0,0.3,4.2712,4.8475,59,4.7333,4.4167,60,10,35,4.7429,4.8857,10,34,4.8529,4.1176,2,1,3,-1,mlb-ath,"{""common_opponents"": 1, ""games_played"": 1, ""head_to_head"": 1, ""home_advantage"": 1, ""last10_form"": 1, ""season_scoring"": 1, ""travel_km"": 1}"
824754,MLB,2026,regular,2026-06-02,2026-06-02,mlb-bal,mlb-bos,final,,,60,58,,,0.35,,,,,576.1,880.5,3,4.6667,8.3333,3,8.3333,4.6667,7,3,0,0.7,4,6,0,0.4,4.5833,5.2167,60,3.9828,4.069,58,8,33,4.7576,5.3333,8,34,3.6471,4.3235,4,2,6,-2,mlb-bal,"{""common_opponents"": 1, ""games_played"": 1, ""head_to_head"": 1, ""home_advantage"": 1, ""last10_form"": 1, ""season_scoring"": 1, ""travel_km"": 1}"
824918,MLB,2026,regular,2026-06-02,2026-06-02,mlb-tor,mlb-atl,final,,,60,60,,,0.35,,,,,921.5,579.0,,,,,,,6,4,0,0.6,6,4,0,0.6,4.0667,4.1833,60,5.2667,3.45,60,9,30,4.1333,3.9,9,35,5.8,3.6571,3,4,7,1,mlb-atl,"{""common_opponents"": 1, ""games_played"": 1, ""head_to_head"": 1, ""home_advantage"": 1, ""last10_form"": 1, ""season_scoring"": 1, ""travel_km"": 1}"
825079,MLB,2026,regular,2026-06-02,2026-06-02,mlb-lad,mlb-ari,final,,,60,59,,,0.35,,,,,0.0,0.0,4,4.25,3.0,4,3.0,4.25,7,3,0,0.7,6,4,0,0.6,5.25,3.15,60,4.5424,4.3559,59,10,38,5.0526,3.1842,10,40,4.575,4.25,6,5,11,-1,mlb-lad,"{""common_opponents"": 1, ""games_played"": 1, ""head_to_head"": 1, ""home_advantage"": 1, ""last10_form"": 1, ""season_scoring"": 1, ""travel_km"": 1}"
822727,MLB,2026,regular,2026-06-03,2026-06-03,mlb-mia,mlb-wsh,final,,,62,62,,,0.35,,,,,0.0,0.0,5,5.8,3.6,5,3.6,5.8,5,5,0,0.5,6,4,0,0.6,4.2581,4.5968,62,5.3226,5.4355,62,11,42,4.3095,4.5476,11,44,5.4545,5.4773,4,1,5,-3,mlb-mia,"{""common_opponents"": 1, ""games_played"": 1, ""head_to_head"": 1, ""home_advantage"": 1, ""last10_form"": 1, ""season_scoring"": 1, ""travel_km"": 1}"
822973,MLB,2026,regular,2026-06-03,2026-06-03,mlb-det,mlb-tb,final,,,62,58,,,0.35,,,,,0.0,0.0,2,9.0,4.5,2,4.5,9.0,4,6,0,0.4,3,7,0,0.3,3.8871,4.371,62,4.6724,4.5,58,11,39,3.6154,4.4872,11,42,5.0238,4.5,7,2,9,-5,mlb-det,"{""common_opponents"": 1, ""games_played"": 1, ""head_to_head"": 1, ""home_advantage"": 1, ""last10_form"": 1, ""season_scoring"": 1, ""travel_km"": 1}"
823051,MLB,2026,regular,2026-06-03,2026-06-03,mlb-tex,mlb-stl,final,,,61,59,,,0.35,,,,,0.0,0.0,2,4.5,2.5,2,2.5,4.5,6,4,0,0.6,3,7,0,0.3,4.0328,3.8525,61,4.2712,4.5085,59,9,38,3.7632,3.7368,9,30,4.9,4.5333,3,5,8,2,mlb-stl,"{""common_opponents"": 1, ""games_played"": 1, ""head_to_head"": 1, ""home_advantage"": 1, ""last10_form"": 1, ""season_scoring"": 1, ""travel_km"": 1}"
823130,MLB,2026,regular,2026-06-03,2026-06-03,mlb-nym,mlb-sea,final,,,61,62,,,0.35,,,,,0.0,0.0,2,2.5,5.5,2,5.5,2.5,4,6,0,0.4,8,2,0,0.8,4.0,4.3115,61,4.2903,3.7097,62,6,21,3.1429,4.0476,6,21,4.5714,3.6667,7,1,8,-6,mlb-nym,"{""common_opponents"": 1, ""games_played"": 1, ""head_to_head"": 1, ""home_advantage"": 1, ""last10_form"": 1, ""season_scoring"": 1, ""travel_km"": 1}"
823456,MLB,2026,regular,2026-06-03,2026-06-03,mlb-sd,mlb-phi,final,,,59,60,,,0.35,,,,,0.0,0.0,4,1.25,3.25,4,3.25,1.25,3,7,0,0.3,6,4,0,0.6,3.8814,4.0,59,3.8833,4.3,60,9,33,4.7273,4.3333,9,37,4.4324,4.6757,2,3,5,1,mlb-phi,"{""common_opponents"": 1, ""games_played"": 1, ""head_to_head"": 1, ""home_advantage"": 1, ""last10_form"": 1, ""season_scoring"": 1, ""travel_km"": 1}"
823540,MLB,2026,regular,2026-06-03,2026-06-03,mlb-cle,mlb-nyy,final,,,62,60,,,0.35,,,,,0.0,0.0,1,9.0,4.0,1,4.0,9.0,5,5,0,0.5,6,4,0,0.6,4.1613,4.0645,62,5.15,3.6,60,9,33,4.1515,4.2727,9,41,5.4878,3.4634,5,4,9,-1,mlb-cle,"{""common_opponents"": 1, ""games_played"": 1, ""head_to_head"": 1, ""home_advantage"": 1, ""last10_form"": 1, ""season_scoring"": 1, ""travel_km"": 1}"
823701,MLB,2026,regular,2026-06-03,2026-06-03,mlb-cws,mlb-min,final,,,61,62,,,0.35,,,,,0.0,0.0,6,6.1667,4.1667,6,4.1667,6.1667,6,4,0,0.6,4,6,0,0.4,4.6721,4.623,61,4.6774,4.9355,62,9,34,3.6176,4.5588,9,35,4.5714,4.8286,8,0,8,-8,mlb-cws,"{""common_opponents"": 1, ""games_played"": 1, ""head_to_head"": 1, ""home_advantage"": 1, ""last10_form"": 1, ""season_scoring"": 1, ""travel_km"": 1}"
823780,MLB,2026,regular,2026-06-03,2026-06-03,mlb-sf,mlb-mil,final,,,61,58,,,0.35,,,,,0.0,0.0,2,2.5,12.0,2,12.0,2.5,3,7,0,0.3,7,3,0,0.7,3.8852,4.9836,61,5.0345,3.431,58,9,37,3.6486,4.7297,9,30,5.1667,3.4667,1,0,1,-1,mlb-sf,"{""common_opponents"": 1, ""games_played"": 1, ""head_to_head"": 1, ""home_advantage"": 1, ""last10_form"": 1, ""season_scoring"": 1, ""travel_km"": 1}"
824024,MLB,2026,regular,2026-06-03,2026-06-03,mlb-col,mlb-laa,final,,,62,62,,,0.35,,,,,0.0,0.0,2,8.5,5.0,2,5.0,8.5,4,6,0,0.4,5,5,0,0.5,4.3226,5.5484,62,4.2742,5.2097,62,8,38,4.5,5.5263,8,28,4.0,5.0357,4,11,15,7,mlb-laa,"{""common_opponents"": 1, ""games_played"": 1, ""head_to_head"": 1, ""home_advantage"": 1, ""last10_form"": 1, ""season_scoring"": 1, ""travel_km"": 1}"
824188,MLB,2026,regular,2026-06-03,2026-06-03,mlb-pit,mlb-hou,final,,,61,62,,,0.35,,,,,0.0,0.0,1,10.0,6.0,1,6.0,10.0,7,3,0,0.7,6,4,0,0.6,5.0984,4.5246,61,4.4677,5.0645,62,8,35,5.4,4.2,8,31,4.129,4.3226,9,11,20,2,mlb-hou,"{""common_opponents"": 1, ""games_played"": 1, ""head_to_head"": 1, ""home_advantage"": 1, ""last10_form"": 1, ""season_scoring"": 1, ""travel_km"": 1}"
824509,MLB,2026,regular,2026-06-03,2026-06-03,mlb-kc,mlb-cin,final,,,61,60,,,0.35,,,,,0.0,0.0,2,6.0,3.0,2,3.0,6.0,3,7,0,0.3,5,5,0,0.5,3.8197,4.6885,61,4.3667,5.0,60,8,31,3.9355,4.5161,8,23,4.3913,5.087,5,2,7,-3,mlb-kc,"{""common_opponents"": 1, ""games_played"": 1, ""head_to_head"": 1, ""home_advantage"": 1, ""last10_form"": 1, ""season_scoring"": 1, ""travel_km"": 1}"
824671,MLB,2026,regular,2026-06-03,2026-06-03,mlb-ath,mlb-chc,final,,,60,61,,,0.35,,,,,0.0,0.0,1,2.0,1.0,1,1.0,2.0,3,7,0,0.3,3,7,0,0.3,4.2333,4.7833,60,4.6721,4.377,61,10,35,4.7429,4.8857,10,34,4.8529,4.1176,5,4,9,-1,mlb-ath,"{""common_opponents"": 1, ""games_played"": 1, ""head_to_head"": 1, ""home_advantage"": 1, ""last10_form"": 1, ""season_scoring"": 1, ""travel_km"": 1}"
824755,MLB,2026,regular,2026-06-03,2026-06-03,mlb-bal,mlb-bos,final,,,61,59,,,0.35,,,,,0.0,0.0,4,4.5,6.75,4,6.75,4.5,7,3,0,0.7,3,7,0,0.3,4.5738,5.1639,61,3.9492,4.0678,59,8,33,4.7576,5.3333,8,34,3.6471,4.3235,1,8,9,7,mlb-bos,"{""common_opponents"": 1, ""games_played"": 1, ""head_to_head"": 1, ""home_advantage"": 1, ""last10_form"": 1, ""season_scoring"": 1, ""travel_km"": 1}"
824917,MLB,2026,regular,2026-06-03,2026-06-03,mlb-tor,mlb-atl,final,,,61,61,,,0.35,,,,,0.0,0.0,1,3.0,4.0,1,4.0,3.0,5,5,0,0.5,6,4,0,0.6,4.0492,4.1803,61,5.2459,3.4426,61,9,30,4.1333,3.9,9,35,5.8,3.6571,3,7,10,4,mlb-atl,"{""common_opponents"": 1, ""games_played"": 1, ""head_to_head"": 1, ""home_advantage"": 1, ""last10_form"": 1, ""season_scoring"": 1, ""travel_km"": 1}"
825077,MLB,2026,regular,2026-06-03,2026-06-03,mlb-lad,mlb-ari,final,,,61,60,,,0.35,,,,,0.0,0.0,5,4.6,3.4,5,3.4,4.6,8,2,0,0.8,6,4,0,0.6,5.2623,3.1803,61,4.55,4.3833,60,10,38,5.0526,3.1842,10,40,4.575,4.25,7,0,7,-7,mlb-lad,"{""common_opponents"": 1, ""games_played"": 1, ""head_to_head"": 1, ""home_advantage"": 1, ""last10_form"": 1, ""season_scoring"": 1, ""travel_km"": 1}"
823457,MLB,2026,regular,2026-06-04,2026-06-04,mlb-sd,mlb-phi,final,,,60,61,,,0.35,,,,,0.0,0.0,5,1.4,3.2,5,3.2,1.4,2,8,0,0.2,7,3,0,0.7,3.85,3.9833,60,3.8689,4.2623,61,9,33,4.7273,4.3333,9,37,4.4324,4.6757,4,6,10,2,mlb-phi,"{""common_opponents"": 1, ""games_played"": 1, ""head_to_head"": 1, ""home_advantage"": 1, ""last10_form"": 1, ""season_scoring"": 1, ""travel_km"": 1}"
823542,MLB,2026,regular,2026-06-04,2026-06-04,mlb-cle,mlb-nyy,final,,,63,61,,,0.35,,,,,0.0,0.0,2,7.0,4.0,2,4.0,7.0,5,5,0,0.5,6,4,0,0.6,4.1746,4.0635,63,5.1311,3.623,61,9,33,4.1515,4.2727,9,41,5.4878,3.4634,1,2,3,1,mlb-nyy,"{""common_opponents"": 1, ""games_played"": 1, ""head_to_head"": 1, ""home_advantage"": 1, ""last10_form"": 1, ""season_scoring"": 1, ""travel_km"": 1}"
823698,MLB,2026,regular,2026-06-04,2026-06-04,mlb-kc,mlb-min,final,,,62,63,,,0.35,,,,,975.0,0.0,3,5.6667,5.0,3,5.0,5.6667,3,7,0,0.3,3,7,0,0.3,3.8387,4.6452,62,4.6032,4.9841,63,8,38,3.9211,4.0526,8,32,4.4688,4.5625,8,6,14,-2,mlb-kc,"{""common_opponents"": 1, ""games_played"": 1, ""head_to_head"": 1, ""home_advantage"": 1, ""last10_form"": 1, ""season_scoring"": 1, ""travel_km"": 1}"
823779,MLB,2026,regular,2026-06-04,2026-06-04,mlb-sf,mlb-mil,final,,,62,59,,,0.35,,,,,0.0,0.0,3,2.0,8.0,3,8.0,2.0,3,7,0,0.3,7,3,0,0.7,3.8387,4.9032,62,4.9492,3.3898,59,9,37,3.6486,4.7297,9,30,5.1667,3.4667,12,9,21,-3,mlb-sf,"{""common_opponents"": 1, ""games_played"": 1, ""head_to_head"": 1, ""home_advantage"": 1, ""last10_form"": 1, ""season_scoring"": 1, ""travel_km"": 1}"
824185,MLB,2026,regular,2026-06-04,2026-06-04,mlb-pit,mlb-hou,final,,,62,63,,,0.35,,,,,0.0,0.0,2,9.5,8.5,2,8.5,9.5,7,3,0,0.7,6,4,0,0.6,5.1613,4.629,62,4.5714,5.127,63,8,35,5.4,4.2,8,31,4.129,4.3226,5,1,6,-4,mlb-pit,"{""common_opponents"": 1, ""games_played"": 1, ""head_to_head"": 1, ""home_advantage"": 1, ""last10_form"": 1, ""season_scoring"": 1, ""travel_km"": 1}"
824672,MLB,2026,regular,2026-06-04,2026-06-04,mlb-ath,mlb-chc,final,,,61,62,,,0.35,,,,,0.0,0.0,2,3.5,2.5,2,2.5,3.5,4,6,0,0.4,3,7,0,0.3,4.2459,4.7705,61,4.6613,4.3871,62,10,35,4.7429,4.8857,10,34,4.8529,4.1176,6,7,13,1,mlb-chc,"{""common_opponents"": 1, ""games_played"": 1, ""head_to_head"": 1, ""home_advantage"": 1, ""last10_form"": 1, ""season_scoring"": 1, ""travel_km"": 1}"
824753,MLB,2026,regular,2026-06-04,2026-06-04,mlb-bal,mlb-bos,final,,,62,60,,,0.35,,,,,0.0,0.0,5,3.8,7.0,5,7.0,3.8,6,4,0,0.6,4,6,0,0.4,4.5161,5.2097,62,4.0167,4.0167,60,8,33,4.7576,5.3333,8,34,3.6471,4.3235,8,2,10,-6,mlb-bal,"{""common_opponents"": 1, ""games_played"": 1, ""head_to_head"": 1, ""home_advantage"": 1, ""last10_form"": 1, ""season_scoring"": 1, ""travel_km"": 1}"
824919,MLB,2026,regular,2026-06-04,2026-06-04,mlb-tor,mlb-atl,final,,,62,62,,,0.35,,,,,0.0,0.0,2,3.0,5.5,2,5.5,3.0,4,6,0,0.4,6,4,0,0.6,4.0323,4.2258,62,5.2742,3.4355,62,9,30,4.1333,3.9,9,35,5.8,3.6571,7,2,9,-5,mlb-tor,"{""common_opponents"": 1, ""games_played"": 1, ""head_to_head"": 1, ""home_advantage"": 1, ""last10_form"": 1, ""season_scoring"": 1, ""travel_km"": 1}"
825076,MLB,2026,regular,2026-06-04,2026-06-04,mlb-lad,mlb-ari,final,,,62,61,,,0.35,,,,,0.0,0.0,6,5.0,2.8333,6,2.8333,5.0,8,2,0,0.8,5,5,0,0.5,5.2903,3.129,62,4.4754,4.4262,61,10,38,5.0526,3.1842,10,40,4.575,4.25,2,3,5,1,mlb-ari,"{""common_opponents"": 1, ""games_played"": 1, ""head_to_head"": 1, ""home_advantage"": 1, ""last10_form"": 1, ""season_scoring"": 1, ""travel_km"": 1}"
822810,MLB,2026,regular,2026-06-05,2026-06-05,mlb-bal,mlb-tor,final,,,63,63,,,0.35,,,,,689.3,1169.6,4,5.25,4.5,4,4.5,5.25,7,3,0,0.7,5,5,0,0.5,4.5714,5.1587,63,4.0794,4.1905,63,11,44,4.2045,5.1818,11,41,4.0976,3.9756,13,3,16,-10,mlb-bal,"{""common_opponents"": 1, ""games_played"": 1, ""head_to_head"": 1, ""home_advantage"": 1, ""last10_form"": 1, ""season_scoring"": 1, ""travel_km"": 1}"
822892,MLB,2026,regular,2026-06-05,2026-06-05,mlb-cle,mlb-tex,final,,,64,62,,,0.35,,,,,2240.7,901.8,,,,,,,5,5,0,0.5,6,4,0,0.6,4.125,4.0312,64,4.0161,3.871,62,13,46,4.4783,3.5652,13,53,3.7736,3.9434,2,3,5,1,mlb-tex,"{""common_opponents"": 1, ""games_played"": 1, ""head_to_head"": 1, ""home_advantage"": 1, ""last10_form"": 1, ""season_scoring"": 1, ""travel_km"": 1}"
823049,MLB,2026,regular,2026-06-05,2026-06-05,mlb-cin,mlb-stl,final,,,61,60,,,0.35,,,,,495.1,0.0,2,4.0,7.0,2,7.0,4.0,5,5,0,0.5,3,7,0,0.3,4.3279,5.0,61,4.2833,4.4833,60,12,41,4.2439,5.0488,12,40,4.6,4.8,3,10,13,7,mlb-stl,"{""common_opponents"": 1, ""games_played"": 1, ""head_to_head"": 1, ""home_advantage"": 1, ""last10_form"": 1, ""season_scoring"": 1, ""travel_km"": 1}"
823293,MLB,2026,regular,2026-06-05,2026-06-05,mlb-nym,mlb-sd,final,,,62,61,,,0.35,,,,,1711.5,3810.6,,,,,,,5,5,0,0.5,1,9,0,0.1,4.0484,4.2581,62,3.8525,4.0164,61,12,47,3.9362,4.2553,12,46,4.2826,3.9348,5,0,5,-5,mlb-nym,"{""common_opponents"": 1, ""games_played"": 1, ""head_to_head"": 1, ""home_advantage"": 1, ""last10_form"": 1, ""season_scoring"": 1, ""travel_km"": 1}"
823455,MLB,2026,regular,2026-06-05,2026-06-05,mlb-cws,mlb-phi,final,,,62,62,,,0.35,,,,,1585.4,0.0,,,,,,,7,3,0,0.7,7,3,0,0.7,4.7258,4.5484,62,3.9032,4.2581,62,7,21,5.619,5.4286,7,32,4.0312,4.5938,6,8,14,2,mlb-phi,"{""common_opponents"": 1, ""games_played"": 1, ""head_to_head"": 1, ""home_advantage"": 1, ""last10_form"": 1, ""season_scoring"": 1, ""travel_km"": 1}"
823538,MLB,2026,regular,2026-06-05,2026-06-05,mlb-bos,mlb-nyy,final,,,61,62,,,0.35,,,,,289.5,0.0,3,1.0,4.0,3,4.0,1.0,4,6,0,0.4,7,3,0,0.7,3.9836,4.082,61,5.0806,3.5806,62,7,27,4.1852,3.963,7,31,5.3226,3.4839,5,3,8,-2,mlb-bos,"{""common_opponents"": 1, ""games_played"": 1, ""head_to_head"": 1, ""home_advantage"": 1, ""last10_form"": 1, ""season_scoring"": 1, ""travel_km"": 1}"
823699,MLB,2026,regular,2026-06-05,2026-06-05,mlb-kc,mlb-min,final,,,63,64,,,0.35,,,,,0.0,0.0,4,6.25,5.25,4,5.25,6.25,3,7,0,0.3,3,7,0,0.3,3.9048,4.6667,63,4.625,5.0312,64,8,38,3.9211,4.0526,8,32,4.4688,4.5625,3,5,8,2,mlb-min,"{""common_opponents"": 1, ""games_played"": 1, ""head_to_head"": 1, ""home_advantage"": 1, ""last10_form"": 1, ""season_scoring"": 1, ""travel_km"": 1}"
823860,MLB,2026,regular,2026-06-05,2026-06-05,mlb-tb,mlb-mia,final,,,59,63,,,0.35,,,,,327.6,1486.7,3,6.0,5.0,3,5.0,6.0,2,8,0,0.2,5,5,0,0.5,4.6271,4.5424,59,4.254,4.5397,63,10,41,4.878,4.4634,10,31,4.2903,4.871,6,0,6,-6,mlb-tb,"{""common_opponents"": 1, ""games_played"": 1, ""head_to_head"": 1, ""home_advantage"": 1, ""last10_form"": 1, ""season_scoring"": 1, ""travel_km"": 1}"
823943,MLB,2026,regular,2026-06-05,2026-06-05,mlb-laa,mlb-lad,final,,,63,63,,,0.35,,,,,44.9,574.9,3,1.0,10.3333,3,10.3333,1.0,5,5,0,0.5,7,3,0,0.7,4.381,5.1905,63,5.2381,3.127,63,9,31,3.871,4.6129,9,31,5.4516,3.1613,0,1,1,1,mlb-lad,"{""common_opponents"": 1, ""games_played"": 1, ""head_to_head"": 1, ""home_advantage"": 1, ""last10_form"": 1, ""season_scoring"": 1, ""travel_km"": 1}"
824186,MLB,2026,regular,2026-06-05,2026-06-05,mlb-ath,mlb-hou,final,,,62,64,,,0.35,,,,,1521.3,0.0,3,7.6667,8.3333,3,8.3333,7.6667,4,6,0,0.4,5,5,0,0.5,4.2742,4.8065,62,4.5156,5.125,64,8,35,4.2857,4.6857,8,34,4.5588,5.4412,1,5,6,4,mlb-hou,"{""common_opponents"": 1, ""games_played"": 1, ""head_to_head"": 1, ""home_advantage"": 1, ""last10_form"": 1, ""season_scoring"": 1, ""travel_km"": 1}"
824271,MLB,2026,regular,2026-06-05,2026-06-05,mlb-sea,mlb-det,final,,,63,63,,,0.35,,,,,3110.8,1620.6,,,,,,,8,2,0,0.8,5,5,0,0.5,4.2381,3.7619,63,3.9365,4.3333,63,11,46,3.8261,3.9348,11,38,3.5789,4.4211,3,7,10,4,mlb-det,"{""common_opponents"": 1, ""games_played"": 1, ""head_to_head"": 1, ""home_advantage"": 1, ""last10_form"": 1, ""season_scoring"": 1, ""travel_km"": 1}"
824350,MLB,2026,regular,2026-06-05,2026-06-05,mlb-mil,mlb-col,final,,,60,63,,,0.35,,,,,1463.1,1323.3,,,,,,,7,3,0,0.7,4,6,0,0.4,5.0167,3.5333,60,4.3175,5.6349,63,8,25,5.08,4.0,8,39,4.2821,5.5128,9,7,16,-2,mlb-mil,"{""common_opponents"": 1, ""games_played"": 1, ""head_to_head"": 1, ""home_advantage"": 1, ""last10_form"": 1, ""season_scoring"": 1, ""travel_km"": 1}"
824673,MLB,2026,regular,2026-06-05,2026-06-05,mlb-sf,mlb-chc,final,,,63,63,,,0.35,,,,,122.8,0.0,,,,,,,3,7,0,0.3,4,6,0,0.4,3.9683,4.9683,63,4.6984,4.4127,63,12,51,3.8235,4.8824,12,45,5.4444,4.8,18,3,21,-15,mlb-sf,"{""common_opponents"": 1, ""games_played"": 1, ""head_to_head"": 1, ""home_advantage"": 1, ""last10_form"": 1, ""season_scoring"": 1, ""travel_km"": 1}"
824914,MLB,2026,regular,2026-06-05,2026-06-05,mlb-pit,mlb-atl,final,,,63,63,,,0.35,,,,,1125.8,0.0,,,,,,,7,3,0,0.7,6,4,0,0.6,5.1587,4.5714,63,5.2222,3.4921,63,7,29,4.8276,4.2069,7,29,5.4483,3.4138,3,6,9,3,mlb-atl,"{""common_opponents"": 1, ""games_played"": 1, ""head_to_head"": 1, ""home_advantage"": 1, ""last10_form"": 1, ""season_scoring"": 1, ""travel_km"": 1}"
825073,MLB,2026,regular,2026-06-05,2026-06-05,mlb-wsh,mlb-ari,final,,,63,62,,,0.35,,,,,3184.6,0.0,,,,,,,5,5,0,0.5,5,5,0,0.5,5.254,5.4127,63,4.4516,4.3871,62,11,45,5.2,5.2667,11,43,4.3488,4.6047,14,1,15,-13,mlb-wsh,"{""common_opponents"": 1, ""games_played"": 1, ""head_to_head"": 1, ""home_advantage"": 1, ""last10_form"": 1, ""season_scoring"": 1, ""travel_km"": 1}"
822808,MLB,2026,regular,2026-06-06,2026-06-06,mlb-bal,mlb-tor,final,,,64,64,,,0.35,,,,,0.0,0.0,5,6.8,4.2,5,4.2,6.8,7,3,0,0.7,5,5,0,0.5,4.7031,5.125,64,4.0625,4.3281,64,11,44,4.2045,5.1818,11,41,4.0976,3.9756,4,6,10,2,mlb-tor,"{""common_opponents"": 1, ""games_played"": 1, ""head_to_head"": 1, ""home_advantage"": 1, ""last10_form"": 1, ""season_scoring"": 1, ""travel_km"": 1}"
822891,MLB,2026,regular,2026-06-06,2026-06-06,mlb-cle,mlb-tex,final,,,65,63,,,0.35,,,,,0.0,0.0,1,2.0,3.0,1,3.0,2.0,4,6,0,0.4,7,3,0,0.7,4.0923,4.0154,65,4.0,3.8413,63,13,46,4.4783,3.5652,13,53,3.7736,3.9434,6,0,6,-6,mlb-cle,"{""common_opponents"": 1, ""games_played"": 1, ""head_to_head"": 1, ""home_advantage"": 1, ""last10_form"": 1, ""season_scoring"": 1, ""travel_km"": 1}"
823048,MLB,2026,regular,2026-06-06,2026-06-06,mlb-cin,mlb-stl,final,,,62,61,,,0.35,,,,,0.0,0.0,3,3.6667,8.0,3,8.0,3.6667,4,6,0,0.4,4,6,0,0.4,4.3065,5.0806,62,4.377,4.459,61,12,41,4.2439,5.0488,12,40,4.6,4.8,5,6,11,1,mlb-stl,"{""common_opponents"": 1, ""games_played"": 1, ""head_to_head"": 1, ""home_advantage"": 1, ""last10_form"": 1, ""season_scoring"": 1, ""travel_km"": 1}"
823292,MLB,2026,regular,2026-06-06,2026-06-06,mlb-nym,mlb-sd,final,,,63,62,,,0.35,,,,,0.0,0.0,1,5.0,0.0,1,0.0,5.0,6,4,0,0.6,1,9,0,0.1,4.0635,4.1905,63,3.7903,4.0323,62,12,47,3.9362,4.2553,12,46,4.2826,3.9348,2,3,5,1,mlb-sd,"{""common_opponents"": 1, ""games_played"": 1, ""head_to_head"": 1, ""home_advantage"": 1, ""last10_form"": 1, ""season_scoring"": 1, ""travel_km"": 1}"
823454,MLB,2026,regular,2026-06-06,2026-06-06,mlb-cws,mlb-phi,final,,,63,63,,,0.35,,,,,0.0,0.0,1,6.0,8.0,1,8.0,6.0,6,4,0,0.6,8,2,0,0.8,4.746,4.6032,63,3.9683,4.2857,63,7,21,5.619,5.4286,7,32,4.0312,4.5938,6,3,9,-3,mlb-cws,"{""common_opponents"": 1, ""games_played"": 1, ""head_to_head"": 1, ""home_advantage"": 1, ""last10_form"": 1, ""season_scoring"": 1, ""travel_km"": 1}"
823697,MLB,2026,regular,2026-06-06,2026-06-06,mlb-kc,mlb-min,final,,,64,65,,,0.35,,,,,0.0,0.0,5,5.6,5.2,5,5.2,5.6,3,7,0,0.3,3,7,0,0.3,3.8906,4.6719,64,4.6308,5.0,65,8,38,3.9211,4.0526,8,32,4.4688,4.5625,3,2,5,-1,mlb-kc,"{""common_opponents"": 1, ""games_played"": 1, ""head_to_head"": 1, ""home_advantage"": 1, ""last10_form"": 1, ""season_scoring"": 1, ""travel_km"": 1}"
823859,MLB,2026,regular,2026-06-06,2026-06-06,mlb-tb,mlb-mia,final,,,60,64,,,0.35,,,,,0.0,0.0,4,6.0,3.75,4,3.75,6.0,3,7,0,0.3,4,6,0,0.4,4.65,4.4667,60,4.1875,4.5625,64,10,41,4.878,4.4634,10,31,4.2903,4.871,3,4,7,1,mlb-mia,"{""common_opponents"": 1, ""games_played"": 1, ""head_to_head"": 1, ""home_advantage"": 1, ""last10_form"": 1, ""season_scoring"": 1, ""travel_km"": 1}"
823942,MLB,2026,regular,2026-06-06,2026-06-06,mlb-laa,mlb-lad,final,,,64,64,,,0.35,,,,,0.0,0.0,4,0.75,8.0,4,8.0,0.75,4,6,0,0.4,7,3,0,0.7,4.3125,5.125,64,5.1719,3.0781,64,9,31,3.871,4.6129,9,31,5.4516,3.1613,2,9,11,7,mlb-lad,"{""common_opponents"": 1, ""games_played"": 1, ""head_to_head"": 1, ""home_advantage"": 1, ""last10_form"": 1, ""season_scoring"": 1, ""travel_km"": 1}"
824184,MLB,2026,regular,2026-06-06,2026-06-06,mlb-ath,mlb-hou,final,,,63,65,,,0.35,,,,,0.0,0.0,4,6.0,7.5,4,7.5,6.0,3,7,0,0.3,5,5,0,0.5,4.2222,4.8095,63,4.5231,5.0615,65,8,35,4.2857,4.6857,8,34,4.5588,5.4412,2,13,15,11,mlb-hou,"{""common_opponents"": 1, ""games_played"": 1, ""head_to_head"": 1, ""home_advantage"": 1, ""last10_form"": 1, ""season_scoring"": 1, ""travel_km"": 1}"
824269,MLB,2026,regular,2026-06-06,2026-06-06,mlb-sea,mlb-det,final,,,64,64,,,0.35,,,,,0.0,0.0,1,3.0,7.0,1,7.0,3.0,8,2,0,0.8,5,5,0,0.5,4.2188,3.8125,64,3.9844,4.3125,64,11,46,3.8261,3.9348,11,38,3.5789,4.4211,4,0,4,-4,mlb-sea,"{""common_opponents"": 1, ""games_played"": 1, ""head_to_head"": 1, ""home_advantage"": 1, ""last10_form"": 1, ""season_scoring"": 1, ""travel_km"": 1}"
824351,MLB,2026,regular,2026-06-06,2026-06-06,mlb-mil,mlb-col,final,,,61,64,,,0.35,,,,,0.0,0.0,1,9.0,7.0,1,7.0,9.0,7,3,0,0.7,4,6,0,0.4,5.082,3.5902,61,4.3594,5.6875,64,8,25,5.08,4.0,8,39,4.2821,5.5128,7,1,8,-6,mlb-mil,"{""common_opponents"": 1, ""games_played"": 1, ""head_to_head"": 1, ""home_advantage"": 1, ""last10_form"": 1, ""season_scoring"": 1, ""travel_km"": 1}"
824669,MLB,2026,regular,2026-06-06,2026-06-06,mlb-sf,mlb-chc,final,,,64,64,,,0.35,,,,,0.0,0.0,1,18.0,3.0,1,3.0,18.0,4,6,0,0.4,4,6,0,0.4,4.1875,4.9375,64,4.6719,4.625,64,12,51,3.8235,4.8824,12,45,5.4444,4.8,2,3,5,1,mlb-chc,"{""common_opponents"": 1, ""games_played"": 1, ""head_to_head"": 1, ""home_advantage"": 1, ""last10_form"": 1, ""season_scoring"": 1, ""travel_km"": 1}"
824915,MLB,2026,regular,2026-06-06,2026-06-06,mlb-pit,mlb-atl,final,,,64,64,,,0.35,,,,,0.0,0.0,1,3.0,6.0,1,6.0,3.0,6,4,0,0.6,7,3,0,0.7,5.125,4.5938,64,5.2344,3.4844,64,7,29,4.8276,4.2069,7,29,5.4483,3.4138,3,6,9,3,mlb-atl,"{""common_opponents"": 1, ""games_played"": 1, ""head_to_head"": 1, ""home_advantage"": 1, ""last10_form"": 1, ""season_scoring"": 1, ""travel_km"": 1}"
825075,MLB,2026,regular,2026-06-06,2026-06-06,mlb-wsh,mlb-ari,final,,,64,63,,,0.35,,,,,0.0,0.0,1,14.0,1.0,1,1.0,14.0,5,5,0,0.5,4,6,0,0.4,5.3906,5.3438,64,4.3968,4.5397,63,11,45,5.2,5.2667,11,43,4.3488,4.6047,6,1,7,-5,mlb-wsh,"{""common_opponents"": 1, ""games_played"": 1, ""head_to_head"": 1, ""home_advantage"": 1, ""last10_form"": 1, ""season_scoring"": 1, ""travel_km"": 1}"
822807,MLB,2026,regular,2026-06-07,2026-06-07,mlb-bal,mlb-tor,final,,,65,65,,,0.35,,,,,0.0,0.0,6,6.3333,4.5,6,4.5,6.3333,6,4,0,0.6,5,5,0,0.5,4.6923,5.1385,65,4.0923,4.3231,65,11,44,4.2045,5.1818,11,41,4.0976,3.9756,4,6,10,2,mlb-tor,"{""common_opponents"": 1, ""games_played"": 1, ""head_to_head"": 1, ""home_advantage"": 1, ""last10_form"": 1, ""season_scoring"": 1, ""travel_km"": 1}"
822890,MLB,2026,regular,2026-06-07,2026-06-07,mlb-cle,mlb-tex,final,,,66,64,,,0.35,,,,,0.0,0.0,2,4.0,1.5,2,1.5,4.0,5,5,0,0.5,6,4,0,0.6,4.1212,3.9545,66,3.9375,3.875,64,13,46,4.4783,3.5652,13,53,3.7736,3.9434,0,10,10,10,mlb-tex,"{""common_opponents"": 1, ""games_played"": 1, ""head_to_head"": 1, ""home_advantage"": 1, ""last10_form"": 1, ""season_scoring"": 1, ""travel_km"": 1}"
823047,MLB,2026,regular,2026-06-07,2026-06-07,mlb-cin,mlb-stl,final,,,63,62,,,0.35,,,,,0.0,0.0,4,4.0,7.5,4,7.5,4.0,3,7,0,0.3,5,5,0,0.5,4.3175,5.0952,63,4.4032,4.4677,62,12,41,4.2439,5.0488,12,40,4.6,4.8,3,5,8,2,mlb-stl,"{""common_opponents"": 1, ""games_played"": 1, ""head_to_head"": 1, ""home_advantage"": 1, ""last10_form"": 1, ""season_scoring"": 1, ""travel_km"": 1}"
823291,MLB,2026,regular,2026-06-07,2026-06-07,mlb-nym,mlb-sd,final,,,64,63,,,0.35,,,,,0.0,0.0,2,3.5,1.5,2,1.5,3.5,6,4,0,0.6,2,8,0,0.2,4.0312,4.1719,64,3.7778,4.0,63,12,47,3.9362,4.2553,12,46,4.2826,3.9348,7,3,10,-4,mlb-nym,"{""common_opponents"": 1, ""games_played"": 1, ""head_to_head"": 1, ""home_advantage"": 1, ""last10_form"": 1, ""season_scoring"": 1, ""travel_km"": 1}"
823453,MLB,2026,regular,2026-06-07,2026-06-07,mlb-cws,mlb-phi,final,,,64,64,,,0.35,,,,,0.0,0.0,2,6.0,5.5,2,5.5,6.0,7,3,0,0.7,7,3,0,0.7,4.7656,4.5781,64,3.9531,4.3125,64,7,21,5.619,5.4286,7,32,4.0312,4.5938,5,9,14,4,mlb-phi,"{""common_opponents"": 1, ""games_played"": 1, ""head_to_head"": 1, ""home_advantage"": 1, ""last10_form"": 1, ""season_scoring"": 1, ""travel_km"": 1}"
823537,MLB,2026,regular,2026-06-07,2026-06-07,mlb-bos,mlb-nyy,final,,,62,63,,,0.35,,,,,0.0,0.0,4,2.0,3.75,4,3.75,2.0,5,5,0,0.5,6,4,0,0.6,4.0,4.0645,62,5.0476,3.6032,63,7,27,4.1852,3.963,7,31,5.3226,3.4839,1,6,7,5,mlb-nyy,"{""common_opponents"": 1, ""games_played"": 1, ""head_to_head"": 1, ""home_advantage"": 1, ""last10_form"": 1, ""season_scoring"": 1, ""travel_km"": 1}"
823696,MLB,2026,regular,2026-06-07,2026-06-07,mlb-kc,mlb-min,final,,,65,66,,,0.35,,,,,0.0,0.0,6,5.1667,4.6667,6,4.6667,5.1667,4,6,0,0.4,3,7,0,0.3,3.8769,4.6308,65,4.5909,4.9697,66,8,38,3.9211,4.0526,8,32,4.4688,4.5625,6,5,11,-1,mlb-kc,"{""common_opponents"": 1, ""games_played"": 1, ""head_to_head"": 1, ""home_advantage"": 1, ""last10_form"": 1, ""season_scoring"": 1, ""travel_km"": 1}"
823857,MLB,2026,regular,2026-06-07,2026-06-07,mlb-tb,mlb-mia,final,,,61,65,,,0.35,,,,,0.0,0.0,5,5.4,3.8,5,3.8,5.4,3,7,0,0.3,4,6,0,0.4,4.623,4.459,61,4.1846,4.5385,65,10,41,4.878,4.4634,10,31,4.2903,4.871,1,4,5,3,mlb-mia,"{""common_opponents"": 1, ""games_played"": 1, ""head_to_head"": 1, ""home_advantage"": 1, ""last10_form"": 1, ""season_scoring"": 1, ""travel_km"": 1}"
823941,MLB,2026,regular,2026-06-07,2026-06-07,mlb-laa,mlb-lad,final,,,65,65,,,0.35,,,,,0.0,0.0,5,1.0,8.2,5,8.2,1.0,3,7,0,0.3,7,3,0,0.7,4.2769,5.1846,65,5.2308,3.0615,65,9,31,3.871,4.6129,9,31,5.4516,3.1613,13,5,18,-8,mlb-laa,"{""common_opponents"": 1, ""games_played"": 1, ""head_to_head"": 1, ""home_advantage"": 1, ""last10_form"": 1, ""season_scoring"": 1, ""travel_km"": 1}"
824183,MLB,2026,regular,2026-06-07,2026-06-07,mlb-ath,mlb-hou,final,,,64,66,,,0.35,,,,,0.0,0.0,5,5.2,8.6,5,8.6,5.2,3,7,0,0.3,6,4,0,0.6,4.1875,4.9375,64,4.6515,5.0152,66,8,35,4.2857,4.6857,8,34,4.5588,5.4412,5,0,5,-5,mlb-ath,"{""common_opponents"": 1, ""games_played"": 1, ""head_to_head"": 1, ""home_advantage"": 1, ""last10_form"": 1, ""season_scoring"": 1, ""travel_km"": 1}"
824268,MLB,2026,regular,2026-06-07,2026-06-07,mlb-sea,mlb-det,final,,,65,65,,,0.35,,,,,0.0,0.0,2,3.5,3.5,2,3.5,3.5,8,2,0,0.8,5,5,0,0.5,4.2154,3.7538,65,3.9231,4.3077,65,11,46,3.8261,3.9348,11,38,3.5789,4.4211,4,5,9,1,mlb-det,"{""common_opponents"": 1, ""games_played"": 1, ""head_to_head"": 1, ""home_advantage"": 1, ""last10_form"": 1, ""season_scoring"": 1, ""travel_km"": 1}"
824349,MLB,2026,regular,2026-06-07,2026-06-07,mlb-mil,mlb-col,final,,,62,65,,,0.35,,,,,0.0,0.0,2,8.0,4.0,2,4.0,8.0,7,3,0,0.7,4,6,0,0.4,5.1129,3.5484,62,4.3077,5.7077,65,8,25,5.08,4.0,8,39,4.2821,5.5128,12,4,16,-8,mlb-mil,"{""common_opponents"": 1, ""games_played"": 1, ""head_to_head"": 1, ""home_advantage"": 1, ""last10_form"": 1, ""season_scoring"": 1, ""travel_km"": 1}"
824670,MLB,2026,regular,2026-06-07,2026-06-07,mlb-sf,mlb-chc,final,,,65,65,,,0.35,,,,,0.0,0.0,2,10.0,3.0,2,3.0,10.0,4,6,0,0.4,5,5,0,0.5,4.1538,4.9077,65,4.6462,4.5846,65,12,51,3.8235,4.8824,12,45,5.4444,4.8,2,1,3,-1,mlb-sf,"{""common_opponents"": 1, ""games_played"": 1, ""head_to_head"": 1, ""home_advantage"": 1, ""last10_form"": 1, ""season_scoring"": 1, ""travel_km"": 1}"
824916,MLB,2026,regular,2026-06-07,2026-06-07,mlb-pit,mlb-atl,final,,,65,65,,,0.35,,,,,0.0,0.0,2,3.0,6.0,2,6.0,3.0,5,5,0,0.5,7,3,0,0.7,5.0923,4.6154,65,5.2462,3.4769,65,7,29,4.8276,4.2069,7,29,5.4483,3.4138,2,3,5,1,mlb-atl,"{""common_opponents"": 1, ""games_played"": 1, ""head_to_head"": 1, ""home_advantage"": 1, ""last10_form"": 1, ""season_scoring"": 1, ""travel_km"": 1}"
825074,MLB,2026,regular,2026-06-07,2026-06-07,mlb-wsh,mlb-ari,final,,,65,64,,,0.35,,,,,0.0,0.0,2,10.0,1.0,2,1.0,10.0,5,5,0,0.5,3,7,0,0.3,5.4,5.2769,65,4.3438,4.5625,64,11,45,5.2,5.2667,11,43,4.3488,4.6047,1,5,6,4,mlb-ari,"{""common_opponents"": 1, ""games_played"": 1, ""head_to_head"": 1, ""home_advantage"": 1, ""last10_form"": 1, ""season_scoring"": 1, ""travel_km"": 1}"
822806,MLB,2026,regular,2026-06-08,2026-06-08,mlb-phi,mlb-tor,final,,,65,66,,,0.35,,,,,543.1,0.0,,,,,,,7,3,0,0.7,5,5,0,0.5,4.0308,4.3231,65,4.1212,4.3182,66,10,37,4.1081,3.7838,10,30,3.9667,4.3,5,2,7,-3,mlb-phi,"{""common_opponents"": 1, ""games_played"": 1, ""head_to_head"": 1, ""home_advantage"": 1, ""last10_form"": 1, ""season_scoring"": 1, ""travel_km"": 1}"
822972,MLB,2026,regular,2026-06-08,2026-06-08,mlb-bos,mlb-tb,final,,,63,62,,,0.35,,,,,1656.8,327.6,3,2.3333,4.0,3,4.0,2.3333,5,5,0,0.5,3,7,0,0.3,3.9524,4.0952,63,4.5645,4.4516,62,9,39,4.4615,4.0769,9,38,4.5789,4.6053,1,3,4,2,mlb-tb,"{""common_opponents"": 1, ""games_played"": 1, ""head_to_head"": 1, ""home_advantage"": 1, ""last10_form"": 1, ""season_scoring"": 1, ""travel_km"": 1}"
823218,MLB,2026,regular,2026-06-08,2026-06-08,mlb-wsh,mlb-sf,final,,,66,66,,,0.35,,,,,1049.3,2979.8,3,4.6667,5.6667,3,5.6667,4.6667,4,6,0,0.4,5,5,0,0.5,5.3333,5.2727,66,4.1212,4.8485,66,12,47,5.2766,5.3617,12,51,4.0392,4.9216,4,3,7,-1,mlb-wsh,"{""common_opponents"": 1, ""games_played"": 1, ""head_to_head"": 1, ""home_advantage"": 1, ""last10_form"": 1, ""season_scoring"": 1, ""travel_km"": 1}"
823289,MLB,2026,regular,2026-06-08,2026-06-08,mlb-cin,mlb-sd,final,,,64,64,,,0.35,,,,,2513.0,0.0,,,,,,,2,8,0,0.2,2,8,0,0.2,4.2969,5.0938,64,3.7656,4.0469,64,11,39,4.5897,5.4872,11,44,3.75,4.1136,2,6,8,4,mlb-sd,"{""common_opponents"": 1, ""games_played"": 1, ""head_to_head"": 1, ""home_advantage"": 1, ""last10_form"": 1, ""season_scoring"": 1, ""travel_km"": 1}"
824025,MLB,2026,regular,2026-06-08,2026-06-08,mlb-hou,mlb-laa,final,,,67,66,,,0.35,,,,,2171.6,44.9,4,5.5,6.25,4,6.25,5.5,5,5,0,0.5,4,6,0,0.4,4.5821,5.0149,67,4.4091,5.1818,66,9,42,4.381,5.0,9,32,4.5625,5.4062,5,4,9,-1,mlb-hou,"{""common_opponents"": 1, ""games_played"": 1, ""head_to_head"": 1, ""home_advantage"": 1, ""last10_form"": 1, ""season_scoring"": 1, ""travel_km"": 1}"
824427,MLB,2026,regular,2026-06-08,2026-06-08,mlb-nyy,mlb-cle,final,,,64,67,,,0.35,,,,,653.5,1672.3,3,3.3333,5.0,3,5.0,3.3333,6,4,0,0.6,5,5,0,0.5,5.0625,3.5625,64,4.0597,4.0448,67,10,49,5.2653,3.4082,10,36,4.0278,4.2778,7,5,12,-2,mlb-nyy,"{""common_opponents"": 1, ""games_played"": 1, ""head_to_head"": 1, ""home_advantage"": 1, ""last10_form"": 1, ""season_scoring"": 1, ""travel_km"": 1}"
824829,MLB,2026,regular,2026-06-08,2026-06-08,mlb-sea,mlb-bal,final,,,66,66,,,0.35,,,,,638.4,536.5,,,,,,,7,3,0,0.7,5,5,0,0.5,4.2121,3.7727,66,4.6818,5.1515,66,10,48,4.4375,3.6042,10,35,4.2857,5.0,6,3,9,-3,mlb-sea,"{""common_opponents"": 1, ""games_played"": 1, ""head_to_head"": 1, ""home_advantage"": 1, ""last10_form"": 1, ""season_scoring"": 1, ""travel_km"": 1}"
824998,MLB,2026,regular,2026-06-08,2026-06-08,mlb-mil,mlb-ath,final,,,63,65,,,0.35,,,,,1428.0,2587.4,,,,,,,7,3,0,0.7,4,6,0,0.4,5.2222,3.5556,63,4.2,4.8615,65,9,30,5.5333,3.2,9,33,4.0909,5.3333,15,14,29,-1,mlb-mil,"{""common_opponents"": 1, ""games_played"": 1, ""head_to_head"": 1, ""home_advantage"": 1, ""last10_form"": 1, ""season_scoring"": 1, ""travel_km"": 1}"
822805,MLB,2026,regular,2026-06-09,2026-06-09,mlb-phi,mlb-tor,final,,,66,67,,,0.35,,,,,0.0,0.0,1,5.0,2.0,1,2.0,5.0,7,3,0,0.7,4,6,0,0.4,4.0455,4.2879,66,4.0896,4.3284,67,10,37,4.1081,3.7838,10,30,3.9667,4.3,2,3,5,1,mlb-tor,"{""common_opponents"": 1, ""games_played"": 1, ""head_to_head"": 1, ""home_advantage"": 1, ""last10_form"": 1, ""season_scoring"": 1, ""travel_km"": 1}"
822969,MLB,2026,regular,2026-06-09,2026-06-09,mlb-bos,mlb-tb,final,,,64,63,,,0.35,,,,,0.0,0.0,4,2.0,3.75,4,3.75,2.0,4,6,0,0.4,4,6,0,0.4,3.9062,4.0781,64,4.5397,4.3968,63,9,39,4.4615,4.0769,9,38,4.5789,4.6053,3,4,7,1,mlb-tb,"{""common_opponents"": 1, ""games_played"": 1, ""head_to_head"": 1, ""home_advantage"": 1, ""last10_form"": 1, ""season_scoring"": 1, ""travel_km"": 1}"
823214,MLB,2026,regular,2026-06-09,2026-06-09,mlb-wsh,mlb-sf,final,,,67,67,,,0.35,,,,,0.0,0.0,4,4.5,5.0,4,5.0,4.5,5,5,0,0.5,5,5,0,0.5,5.3134,5.2388,67,4.1045,4.8358,67,12,47,5.2766,5.3617,12,51,4.0392,4.9216,6,3,9,-3,mlb-wsh,"{""common_opponents"": 1, ""games_played"": 1, ""head_to_head"": 1, ""home_advantage"": 1, ""last10_form"": 1, ""season_scoring"": 1, ""travel_km"": 1}"
823290,MLB,2026,regular,2026-06-09,2026-06-09,mlb-cin,mlb-sd,final,,,65,65,,,0.35,,,,,0.0,0.0,1,2.0,6.0,1,6.0,2.0,2,8,0,0.2,3,7,0,0.3,4.2615,5.1077,65,3.8,4.0154,65,11,39,4.5897,5.4872,11,44,3.75,4.1136,5,3,8,-2,mlb-cin,"{""common_opponents"": 1, ""games_played"": 1, ""head_to_head"": 1, ""home_advantage"": 1, ""last10_form"": 1, ""season_scoring"": 1, ""travel_km"": 1}"
823374,MLB,2026,regular,2026-06-09,2026-06-09,mlb-lad,mlb-pit,final,,,66,66,,,0.35,,,,,3429.3,829.0,,,,,,,6,4,0,0.6,5,5,0,0.5,5.2273,3.2121,66,5.0455,4.5909,66,14,54,5.2593,3.2593,14,51,4.5294,4.902,12,3,15,-9,mlb-lad,"{""common_opponents"": 1, ""games_played"": 1, ""head_to_head"": 1, ""home_advantage"": 1, ""last10_form"": 1, ""season_scoring"": 1, ""travel_km"": 1}"
823620,MLB,2026,regular,2026-06-09,2026-06-09,mlb-stl,mlb-nym,final,,,63,65,,,0.35,,,,,1416.6,3920.6,3,2.3333,1.6667,3,1.6667,2.3333,6,4,0,0.6,7,3,0,0.7,4.4127,4.4444,63,4.0769,4.1538,65,10,37,4.7568,4.3514,10,37,4.2973,4.4865,7,0,7,-7,mlb-stl,"{""common_opponents"": 1, ""games_played"": 1, ""head_to_head"": 1, ""home_advantage"": 1, ""last10_form"": 1, ""season_scoring"": 1, ""travel_km"": 1}"
823858,MLB,2026,regular,2026-06-09,2026-06-09,mlb-ari,mlb-mia,final,,,65,66,,,0.35,,,,,3180.7,0.0,,,,,,,3,7,0,0.3,5,5,0,0.5,4.3538,4.5077,65,4.1818,4.4848,66,12,51,4.4706,4.5294,12,47,4.1915,4.383,6,10,16,4,mlb-mia,"{""common_opponents"": 1, ""games_played"": 1, ""head_to_head"": 1, ""home_advantage"": 1, ""last10_form"": 1, ""season_scoring"": 1, ""travel_km"": 1}"
824023,MLB,2026,regular,2026-06-09,2026-06-09,mlb-hou,mlb-laa,final,,,68,67,,,0.35,,,,,0.0,0.0,5,5.4,5.8,5,5.8,5.4,5,5,0,0.5,3,7,0,0.3,4.5882,5.0,68,4.403,5.1791,67,9,42,4.381,5.0,9,32,4.5625,5.4062,1,10,11,9,mlb-laa,"{""common_opponents"": 1, ""games_played"": 1, ""head_to_head"": 1, ""home_advantage"": 1, ""last10_form"": 1, ""season_scoring"": 1, ""travel_km"": 1}"
824105,MLB,2026,regular,2026-06-09,2026-06-09,mlb-tex,mlb-kc,final,,,65,66,,,0.35,,,,,739.1,666.8,3,7.3333,3.3333,3,3.3333,7.3333,7,3,0,0.7,5,5,0,0.5,4.0308,3.8154,65,3.9091,4.6364,66,9,37,3.4324,3.8108,9,40,4.1,4.575,3,5,8,2,mlb-kc,"{""common_opponents"": 1, ""games_played"": 1, ""head_to_head"": 1, ""home_advantage"": 1, ""last10_form"": 1, ""season_scoring"": 1, ""travel_km"": 1}"
824267,MLB,2026,regular,2026-06-09,2026-06-09,mlb-min,mlb-det,final,,,67,66,,,0.35,,,,,873.0,0.0,4,5.5,3.0,4,3.0,5.5,3,7,0,0.3,5,5,0,0.5,4.597,4.9851,67,3.9394,4.303,66,12,54,4.4444,4.9259,12,44,3.8409,4.3636,4,10,14,6,mlb-det,"{""common_opponents"": 1, ""games_played"": 1, ""head_to_head"": 1, ""home_advantage"": 1, ""last10_form"": 1, ""season_scoring"": 1, ""travel_km"": 1}"
824347,MLB,2026,regular,2026-06-09,2026-06-09,mlb-chc,mlb-col,final,,,66,66,,,0.35,,,,,1475.9,0.0,,,,,,,4,6,0,0.4,4,6,0,0.4,4.5909,4.5455,66,4.303,5.803,66,13,48,4.4792,4.4792,13,60,4.3333,6.0333,3,7,10,4,mlb-col,"{""common_opponents"": 1, ""games_played"": 1, ""head_to_head"": 1, ""home_advantage"": 1, ""last10_form"": 1, ""season_scoring"": 1, ""travel_km"": 1}"
824429,MLB,2026,regular,2026-06-09,2026-06-09,mlb-nyy,mlb-cle,final,,,65,68,,,0.35,,,,,0.0,0.0,4,4.25,5.0,4,5.0,4.25,6,4,0,0.6,4,6,0,0.4,5.0923,3.5846,65,4.0735,4.0882,68,10,49,5.2653,3.4082,10,36,4.0278,4.2778,3,2,5,-1,mlb-nyy,"{""common_opponents"": 1, ""games_played"": 1, ""head_to_head"": 1, ""home_advantage"": 1, ""last10_form"": 1, ""season_scoring"": 1, ""travel_km"": 1}"
824591,MLB,2026,regular,2026-06-09,2026-06-09,mlb-atl,mlb-cws,final,,,66,65,,,0.35,,,,,925.3,1068.9,,,,,,,8,2,0,0.8,6,4,0,0.6,5.2121,3.4545,66,4.7692,4.6462,65,11,45,4.7778,3.4444,11,43,4.7907,4.3721,5,6,11,1,mlb-cws,"{""common_opponents"": 1, ""games_played"": 1, ""head_to_head"": 1, ""home_advantage"": 1, ""last10_form"": 1, ""season_scoring"": 1, ""travel_km"": 1}"
824830,MLB,2026,regular,2026-06-09,2026-06-09,mlb-sea,mlb-bal,final,,,67,67,,,0.35,,,,,0.0,0.0,1,6.0,3.0,1,3.0,6.0,7,3,0,0.7,5,5,0,0.5,4.2388,3.7612,67,4.6567,5.1642,67,10,48,4.4375,3.6042,10,35,4.2857,5.0,6,5,11,-1,mlb-sea,"{""common_opponents"": 1, ""games_played"": 1, ""head_to_head"": 1, ""home_advantage"": 1, ""last10_form"": 1, ""season_scoring"": 1, ""travel_km"": 1}"
824999,MLB,2026,regular,2026-06-09,2026-06-09,mlb-mil,mlb-ath,final,,,64,66,,,0.35,,,,,0.0,0.0,1,15.0,14.0,1,14.0,15.0,7,3,0,0.7,4,6,0,0.4,5.375,3.7188,64,4.3485,5.0152,66,9,30,5.5333,3.2,9,33,4.0909,5.3333,5,7,12,2,mlb-ath,"{""common_opponents"": 1, ""games_played"": 1, ""head_to_head"": 1, ""home_advantage"": 1, ""last10_form"": 1, ""season_scoring"": 1, ""travel_km"": 1}"
822804,MLB,2026,regular,2026-06-10,2026-06-10,mlb-phi,mlb-tor,final,,,67,68,,,0.35,,,,,0.0,0.0,2,3.5,2.5,2,2.5,3.5,7,3,0,0.7,4,6,0,0.4,4.0149,4.2687,67,4.0735,4.2941,68,10,37,4.1081,3.7838,10,30,3.9667,4.3,7,4,11,-3,mlb-phi,"{""common_opponents"": 1, ""games_played"": 1, ""head_to_head"": 1, ""home_advantage"": 1, ""last10_form"": 1, ""season_scoring"": 1, ""travel_km"": 1}"
822970,MLB,2026,regular,2026-06-10,2026-06-10,mlb-bos,mlb-tb,final,,,65,64,,,0.35,,,,,0.0,0.0,5,2.2,3.8,5,3.8,2.2,4,6,0,0.4,4,6,0,0.4,3.8923,4.0769,65,4.5312,4.375,64,9,39,4.4615,4.0769,9,38,4.5789,4.6053,5,7,12,2,mlb-tb,"{""common_opponents"": 1, ""games_played"": 1, ""head_to_head"": 1, ""home_advantage"": 1, ""last10_form"": 1, ""season_scoring"": 1, ""travel_km"": 1}"
823215,MLB,2026,regular,2026-06-10,2026-06-10,mlb-wsh,mlb-sf,final,,,68,68,,,0.35,,,,,0.0,0.0,5,4.8,4.6,5,4.6,4.8,6,4,0,0.6,5,5,0,0.5,5.3235,5.2059,68,4.0882,4.8529,68,12,47,5.2766,5.3617,12,51,4.0392,4.9216,10,11,21,1,mlb-sf,"{""common_opponents"": 1, ""games_played"": 1, ""head_to_head"": 1, ""home_advantage"": 1, ""last10_form"": 1, ""season_scoring"": 1, ""travel_km"": 1}"
823287,MLB,2026,regular,2026-06-10,2026-06-10,mlb-cin,mlb-sd,final,,,66,66,,,0.35,,,,,0.0,0.0,2,3.5,4.5,2,4.5,3.5,3,7,0,0.3,2,8,0,0.2,4.2727,5.0758,66,3.7879,4.0303,66,11,39,4.5897,5.4872,11,44,3.75,4.1136,4,5,9,1,mlb-sd,"{""common_opponents"": 1, ""games_played"": 1, ""head_to_head"": 1, ""home_advantage"": 1, ""last10_form"": 1, ""season_scoring"": 1, ""travel_km"": 1}"
823372,MLB,2026,regular,2026-06-10,2026-06-10,mlb-lad,mlb-pit,final,,,67,67,,,0.35,,,,,0.0,0.0,1,12.0,3.0,1,3.0,12.0,6,4,0,0.6,5,5,0,0.5,5.3284,3.209,67,5.0149,4.7015,67,14,54,5.2593,3.2593,14,51,4.5294,4.902,8,9,17,1,mlb-pit,"{""common_opponents"": 1, ""games_played"": 1, ""head_to_head"": 1, ""home_advantage"": 1, ""last10_form"": 1, ""season_scoring"": 1, ""travel_km"": 1}"
823618,MLB,2026,regular,2026-06-10,2026-06-10,mlb-stl,mlb-nym,final,,,64,66,,,0.35,,,,,0.0,0.0,4,3.5,1.25,4,1.25,3.5,7,3,0,0.7,6,4,0,0.6,4.4531,4.375,64,4.0152,4.197,66,10,37,4.7568,4.3514,10,37,4.2973,4.4865,9,2,11,-7,mlb-stl,"{""common_opponents"": 1, ""games_played"": 1, ""head_to_head"": 1, ""home_advantage"": 1, ""last10_form"": 1, ""season_scoring"": 1, ""travel_km"": 1}"
823856,MLB,2026,regular,2026-06-10,2026-06-10,mlb-ari,mlb-mia,final,,,66,67,,,0.35,,,,,0.0,0.0,1,6.0,10.0,1,10.0,6.0,3,7,0,0.3,6,4,0,0.6,4.3788,4.5909,66,4.2687,4.5075,67,12,51,4.4706,4.5294,12,47,4.1915,4.383,0,8,8,8,mlb-mia,"{""common_opponents"": 1, ""games_played"": 1, ""head_to_head"": 1, ""home_advantage"": 1, ""last10_form"": 1, ""season_scoring"": 1, ""travel_km"": 1}"
824022,MLB,2026,regular,2026-06-10,2026-06-10,mlb-hou,mlb-laa,final,,,69,68,,,0.35,,,,,0.0,0.0,6,4.6667,6.5,6,6.5,4.6667,5,5,0,0.5,4,6,0,0.4,4.5362,5.0725,69,4.4853,5.1176,68,9,42,4.381,5.0,9,32,4.5625,5.4062,2,3,5,1,mlb-laa,"{""common_opponents"": 1, ""games_played"": 1, ""head_to_head"": 1, ""home_advantage"": 1, ""last10_form"": 1, ""season_scoring"": 1, ""travel_km"": 1}"
824103,MLB,2026,regular,2026-06-10,2026-06-10,mlb-tex,mlb-kc,final,,,66,67,,,0.35,,,,,0.0,0.0,4,6.25,3.75,4,3.75,6.25,7,3,0,0.7,6,4,0,0.6,4.0152,3.8333,66,3.9254,4.6119,67,9,37,3.4324,3.8108,9,40,4.1,4.575,6,4,10,-2,mlb-tex,"{""common_opponents"": 1, ""games_played"": 1, ""head_to_head"": 1, ""home_advantage"": 1, ""last10_form"": 1, ""season_scoring"": 1, ""travel_km"": 1}"
824266,MLB,2026,regular,2026-06-10,2026-06-10,mlb-min,mlb-det,final,,,68,67,,,0.35,,,,,0.0,0.0,5,5.2,4.4,5,4.4,5.2,3,7,0,0.3,6,4,0,0.6,4.5882,5.0588,68,4.0299,4.2985,67,12,54,4.4444,4.9259,12,44,3.8409,4.3636,6,4,10,-2,mlb-min,"{""common_opponents"": 1, ""games_played"": 1, ""head_to_head"": 1, ""home_advantage"": 1, ""last10_form"": 1, ""season_scoring"": 1, ""travel_km"": 1}"
824348,MLB,2026,regular,2026-06-10,2026-06-10,mlb-chc,mlb-col,final,,,67,67,,,0.35,,,,,0.0,0.0,1,3.0,7.0,1,7.0,3.0,3,7,0,0.3,5,5,0,0.5,4.5672,4.5821,67,4.3433,5.7612,67,13,48,4.4792,4.4792,13,60,4.3333,6.0333,2,3,5,1,mlb-col,"{""common_opponents"": 1, ""games_played"": 1, ""head_to_head"": 1, ""home_advantage"": 1, ""last10_form"": 1, ""season_scoring"": 1, ""travel_km"": 1}"
824428,MLB,2026,regular,2026-06-10,2026-06-10,mlb-nyy,mlb-cle,final,,,66,69,,,0.35,,,,,0.0,0.0,5,4.0,4.4,5,4.4,4.0,6,4,0,0.6,3,7,0,0.3,5.0606,3.5606,66,4.0435,4.0725,69,10,49,5.2653,3.4082,10,36,4.0278,4.2778,8,4,12,-4,mlb-nyy,"{""common_opponents"": 1, ""games_played"": 1, ""head_to_head"": 1, ""home_advantage"": 1, ""last10_form"": 1, ""season_scoring"": 1, ""travel_km"": 1}"
824590,MLB,2026,regular,2026-06-10,2026-06-10,mlb-atl,mlb-cws,final,,,67,66,,,0.35,,,,,0.0,0.0,1,5.0,6.0,1,6.0,5.0,7,3,0,0.7,6,4,0,0.6,5.209,3.4925,67,4.7879,4.6515,66,11,45,4.7778,3.4444,11,43,4.7907,4.3721,1,2,3,1,mlb-cws,"{""common_opponents"": 1, ""games_played"": 1, ""head_to_head"": 1, ""home_advantage"": 1, ""last10_form"": 1, ""season_scoring"": 1, ""travel_km"": 1}"
824831,MLB,2026,regular,2026-06-10,2026-06-10,mlb-sea,mlb-bal,final,,,68,68,,,0.35,,,,,0.0,0.0,2,6.0,4.0,2,4.0,6.0,7,3,0,0.7,5,5,0,0.5,4.2647,3.7794,68,4.6618,5.1765,68,10,48,4.4375,3.6042,10,35,4.2857,5.0,2,7,9,5,mlb-bal,"{""common_opponents"": 1, ""games_played"": 1, ""head_to_head"": 1, ""home_advantage"": 1, ""last10_form"": 1, ""season_scoring"": 1, ""travel_km"": 1}"
824996,MLB,2026,regular,2026-06-10,2026-06-10,mlb-mil,mlb-ath,final,,,65,67,,,0.35,,,,,0.0,0.0,2,10.0,10.5,2,10.5,10.0,7,3,0,0.7,5,5,0,0.5,5.3692,3.7692,65,4.3881,5.0149,67,9,30,5.5333,3.2,9,33,4.0909,5.3333,3,4,7,1,mlb-ath,"{""common_opponents"": 1, ""games_played"": 1, ""head_to_head"": 1, ""home_advantage"": 1, ""last10_form"": 1, ""season_scoring"": 1, ""travel_km"": 1}"
823371,MLB,2026,regular,2026-06-11,2026-06-11,mlb-lad,mlb-pit,final,,,68,68,,,0.35,,,,,0.0,0.0,2,10.0,6.0,2,6.0,10.0,6,4,0,0.6,5,5,0,0.5,5.3676,3.2941,68,5.0735,4.75,68,14,54,5.2593,3.2593,14,51,4.5294,4.902,8,6,14,-2,mlb-lad,"{""common_opponents"": 1, ""games_played"": 1, ""head_to_head"": 1, ""home_advantage"": 1, ""last10_form"": 1, ""season_scoring"": 1, ""travel_km"": 1}"
823619,MLB,2026,regular,2026-06-11,2026-06-11,mlb-stl,mlb-nym,final,,,65,67,,,0.35,,,,,0.0,0.0,5,4.6,1.4,5,1.4,4.6,7,3,0,0.7,5,5,0,0.5,4.5231,4.3385,65,3.9851,4.2687,67,10,37,4.7568,4.3514,10,37,4.2973,4.4865,4,5,9,1,mlb-nym,"{""common_opponents"": 1, ""games_played"": 1, ""head_to_head"": 1, ""home_advantage"": 1, ""last10_form"": 1, ""season_scoring"": 1, ""travel_km"": 1}"
823855,MLB,2026,regular,2026-06-11,2026-06-11,mlb-ari,mlb-mia,final,,,67,68,,,0.35,,,,,0.0,0.0,2,3.0,9.0,2,9.0,3.0,3,7,0,0.3,7,3,0,0.7,4.3134,4.6418,67,4.3235,4.4412,68,12,51,4.4706,4.5294,12,47,4.1915,4.383,0,2,2,2,mlb-mia,"{""common_opponents"": 1, ""games_played"": 1, ""head_to_head"": 1, ""home_advantage"": 1, ""last10_form"": 1, ""season_scoring"": 1, ""travel_km"": 1}"
824101,MLB,2026,regular,2026-06-11,2026-06-11,mlb-tex,mlb-kc,final,,,67,68,,,0.35,,,,,0.0,0.0,5,6.2,3.8,5,3.8,6.2,7,3,0,0.7,6,4,0,0.6,4.0448,3.8358,67,3.9265,4.6324,68,9,37,3.4324,3.8108,9,40,4.1,4.575,4,2,6,-2,mlb-tex,"{""common_opponents"": 1, ""games_played"": 1, ""head_to_head"": 1, ""home_advantage"": 1, ""last10_form"": 1, ""season_scoring"": 1, ""travel_km"": 1}"
824265,MLB,2026,regular,2026-06-11,2026-06-11,mlb-min,mlb-det,final,,,69,68,,,0.35,,,,,0.0,0.0,6,5.3333,4.3333,6,4.3333,5.3333,4,6,0,0.4,6,4,0,0.6,4.6087,5.0435,69,4.0294,4.3235,68,12,54,4.4444,4.9259,12,44,3.8409,4.3636,0,11,11,11,mlb-det,"{""common_opponents"": 1, ""games_played"": 1, ""head_to_head"": 1, ""home_advantage"": 1, ""last10_form"": 1, ""season_scoring"": 1, ""travel_km"": 1}"
824346,MLB,2026,regular,2026-06-11,2026-06-11,mlb-chc,mlb-col,final,,,68,68,,,0.35,,,,,0.0,0.0,2,2.5,5.0,2,5.0,2.5,3,7,0,0.3,5,5,0,0.5,4.5294,4.5588,68,4.3235,5.7059,68,13,48,4.4792,4.4792,13,60,4.3333,6.0333,9,3,12,-6,mlb-chc,"{""common_opponents"": 1, ""games_played"": 1, ""head_to_head"": 1, ""home_advantage"": 1, ""last10_form"": 1, ""season_scoring"": 1, ""travel_km"": 1}"
824827,MLB,2026,regular,2026-06-11,2026-06-11,mlb-sea,mlb-bal,final,,,69,69,,,0.35,,,,,0.0,0.0,3,4.6667,5.0,3,5.0,4.6667,6,4,0,0.6,5,5,0,0.5,4.2319,3.8261,69,4.6957,5.1304,69,10,48,4.4375,3.6042,10,35,4.2857,5.0,5,7,12,2,mlb-bal,"{""common_opponents"": 1, ""games_played"": 1, ""head_to_head"": 1, ""home_advantage"": 1, ""last10_form"": 1, ""season_scoring"": 1, ""travel_km"": 1}"
822726,MLB,2026,regular,2026-06-12,2026-06-12,mlb-sea,mlb-wsh,final,,,70,69,,,0.35,,,,,56.5,3919.2,,,,,,,5,5,0,0.5,5,5,0,0.5,4.2429,3.8714,70,5.3913,5.2899,69,9,35,4.3714,4.2286,9,35,5.8286,4.6286,10,2,12,-8,mlb-sea,"{""common_opponents"": 1, ""games_played"": 1, ""head_to_head"": 1, ""home_advantage"": 1, ""last10_form"": 1, ""season_scoring"": 1, ""travel_km"": 1}"
822803,MLB,2026,regular,2026-06-12,2026-06-12,mlb-nyy,mlb-tor,final,,,67,69,,,0.35,,,,,303.7,0.0,4,3.25,3.5,4,3.5,3.25,6,4,0,0.6,4,6,0,0.4,5.1045,3.5672,67,4.0725,4.3333,69,8,39,4.9487,4.1282,8,34,4.3235,4.1471,5,8,13,3,mlb-tor,"{""common_opponents"": 1, ""games_played"": 1, ""head_to_head"": 1, ""home_advantage"": 1, ""last10_form"": 1, ""season_scoring"": 1, ""travel_km"": 1}"
823211,MLB,2026,regular,2026-06-12,2026-06-12,mlb-chc,mlb-sf,final,,,69,69,,,0.35,,,,,1521.6,0.0,3,2.3333,7.3333,3,7.3333,2.3333,3,7,0,0.3,5,5,0,0.5,4.5942,4.5362,69,4.1884,4.9275,69,13,48,5.3958,4.7708,13,57,4.2105,5.1053,5,1,6,-4,mlb-chc,"{""common_opponents"": 1, ""games_played"": 1, ""head_to_head"": 1, ""home_advantage"": 1, ""last10_form"": 1, ""season_scoring"": 1, ""travel_km"": 1}"
823370,MLB,2026,regular,2026-06-12,2026-06-12,mlb-mia,mlb-pit,final,,,69,69,,,0.35,,,,,1631.2,0.0,,,,,,,8,2,0,0.8,4,6,0,0.4,4.2899,4.3768,69,5.087,4.7971,69,15,60,4.2333,4.2,15,53,5.2075,4.8113,8,3,11,-5,mlb-mia,"{""common_opponents"": 1, ""games_played"": 1, ""head_to_head"": 1, ""home_advantage"": 1, ""last10_form"": 1, ""season_scoring"": 1, ""travel_km"": 1}"
823617,MLB,2026,regular,2026-06-12,2026-06-12,mlb-atl,mlb-nym,final,,,68,68,,,0.35,,,,,1156.8,0.0,,,,,,,6,4,0,0.6,5,5,0,0.5,5.1471,3.4706,68,4.0,4.2647,68,12,45,5.1556,3.5333,12,49,3.8571,4.4082,5,7,12,2,mlb-nym,"{""common_opponents"": 1, ""games_played"": 1, ""head_to_head"": 1, ""home_advantage"": 1, ""last10_form"": 1, ""season_scoring"": 1, ""travel_km"": 1}"
823695,MLB,2026,regular,2026-06-12,2026-06-12,mlb-stl,mlb-min,final,,,66,70,,,0.35,,,,,1647.2,873.0,,,,,,,7,3,0,0.7,4,6,0,0.4,4.5152,4.3485,66,4.5429,5.1286,70,13,50,4.8,4.66,13,53,4.6226,5.0,8,9,17,1,mlb-min,"{""common_opponents"": 1, ""games_played"": 1, ""head_to_head"": 1, ""home_advantage"": 1, ""last10_form"": 1, ""season_scoring"": 1, ""travel_km"": 1}"
823778,MLB,2026,regular,2026-06-12,2026-06-12,mlb-phi,mlb-mil,final,,,68,66,,,0.35,,,,,697.1,2846.6,,,,,,,7,3,0,0.7,6,4,0,0.6,4.0588,4.2647,68,5.3333,3.7727,66,13,53,4.4151,4.1698,13,43,5.7907,4.093,0,6,6,6,mlb-mil,"{""common_opponents"": 1, ""games_played"": 1, ""head_to_head"": 1, ""home_advantage"": 1, ""last10_form"": 1, ""season_scoring"": 1, ""travel_km"": 1}"
824020,MLB,2026,regular,2026-06-12,2026-06-12,mlb-tb,mlb-laa,final,,,65,69,,,0.35,,,,,3414.4,0.0,3,5.3333,7.0,3,7.0,5.3333,5,5,0,0.5,4,6,0,0.4,4.5692,4.3846,65,4.4638,5.0725,69,7,26,4.1923,4.3846,7,28,4.4286,4.6429,3,4,7,1,mlb-laa,"{""common_opponents"": 1, ""games_played"": 1, ""head_to_head"": 1, ""home_advantage"": 1, ""last10_form"": 1, ""season_scoring"": 1, ""travel_km"": 1}"
824102,MLB,2026,regular,2026-06-12,2026-06-12,mlb-hou,mlb-kc,final,,,70,69,,,0.35,,,,,2166.9,0.0,,,,,,,4,6,0,0.4,6,4,0,0.6,4.5,5.0429,70,3.8986,4.6232,69,12,55,4.6182,4.8727,12,53,4.1321,4.8302,10,8,18,-2,mlb-hou,"{""common_opponents"": 1, ""games_played"": 1, ""head_to_head"": 1, ""home_advantage"": 1, ""last10_form"": 1, ""season_scoring"": 1, ""travel_km"": 1}"
824425,MLB,2026,regular,2026-06-12,2026-06-12,mlb-det,mlb-cle,final,,,69,70,,,0.35,,,,,146.6,0.0,4,2.0,4.5,4,4.5,2.0,7,3,0,0.7,3,7,0,0.3,4.1304,4.2609,69,4.0429,4.1286,70,12,47,4.4681,4.1702,12,42,4.1667,4.3571,2,3,5,1,mlb-cle,"{""common_opponents"": 1, ""games_played"": 1, ""head_to_head"": 1, ""home_advantage"": 1, ""last10_form"": 1, ""season_scoring"": 1, ""travel_km"": 1}"
824507,MLB,2026,regular,2026-06-12,2026-06-12,mlb-ari,mlb-cin,final,,,68,67,,,0.35,,,,,1534.2,3008.0,,,,,,,3,7,0,0.3,3,7,0,0.3,4.25,4.6029,68,4.2687,5.0746,67,12,46,4.3261,4.0,12,41,4.3902,4.878,5,2,7,-3,mlb-ari,"{""common_opponents"": 1, ""games_played"": 1, ""head_to_head"": 1, ""home_advantage"": 1, ""last10_form"": 1, ""season_scoring"": 1, ""travel_km"": 1}"
824588,MLB,2026,regular,2026-06-12,2026-06-12,mlb-lad,mlb-cws,final,,,69,67,,,0.35,,,,,656.8,0.0,,,,,,,6,4,0,0.6,6,4,0,0.6,5.4058,3.3333,69,4.7463,4.597,67,11,44,5.1591,3.1818,11,35,4.9143,5.3143,2,8,10,6,mlb-cws,"{""common_opponents"": 1, ""games_played"": 1, ""head_to_head"": 1, ""home_advantage"": 1, ""last10_form"": 1, ""season_scoring"": 1, ""travel_km"": 1}"
824752,MLB,2026,regular,2026-06-12,2026-06-12,mlb-tex,mlb-bos,final,,,68,66,,,0.35,,,,,1998.4,1928.2,,,,,,,7,3,0,0.7,4,6,0,0.4,4.0441,3.8088,68,3.9091,4.1212,66,9,37,3.9189,3.9459,9,39,4.0769,3.5897,1,10,11,9,mlb-bos,"{""common_opponents"": 1, ""games_played"": 1, ""head_to_head"": 1, ""home_advantage"": 1, ""last10_form"": 1, ""season_scoring"": 1, ""travel_km"": 1}"
824826,MLB,2026,regular,2026-06-12,2026-06-12,mlb-sd,mlb-bal,final,,,67,70,,,0.35,,,,,3687.6,0.0,,,,,,,3,7,0,0.3,5,5,0,0.5,3.806,4.0299,67,4.7286,5.1286,70,9,32,4.3438,4.0625,9,31,4.2581,4.7742,3,7,10,4,mlb-bal,"{""common_opponents"": 1, ""games_played"": 1, ""head_to_head"": 1, ""home_advantage"": 1, ""last10_form"": 1, ""season_scoring"": 1, ""travel_km"": 1}"
824997,MLB,2026,regular,2026-06-12,2026-06-12,mlb-col,mlb-ath,final,,,69,68,,,0.35,,,,,1428.0,0.0,,,,,,,4,6,0,0.4,5,5,0,0.5,4.3043,5.7536,69,4.3824,4.9853,68,11,46,4.587,5.8478,11,41,4.5854,4.878,4,6,10,2,mlb-ath,"{""common_opponents"": 1, ""games_played"": 1, ""head_to_head"": 1, ""home_advantage"": 1, ""last10_form"": 1, ""season_scoring"": 1, ""travel_km"": 1}"
822725,MLB,2026,regular,2026-06-13,2026-06-13,mlb-sea,mlb-wsh,final,,,71,70,,,0.35,,,,,0.0,0.0,1,10.0,2.0,1,2.0,10.0,5,5,0,0.5,4,6,0,0.4,4.3239,3.8451,71,5.3429,5.3571,70,9,35,4.3714,4.2286,9,35,5.8286,4.6286,3,8,11,5,mlb-wsh,"{""common_opponents"": 1, ""games_played"": 1, ""head_to_head"": 1, ""home_advantage"": 1, ""last10_form"": 1, ""season_scoring"": 1, ""travel_km"": 1}"
822802,MLB,2026,regular,2026-06-13,2026-06-13,mlb-nyy,mlb-tor,final,,,68,70,,,0.35,,,,,0.0,0.0,5,3.6,4.4,5,4.4,3.6,6,4,0,0.6,5,5,0,0.5,5.1029,3.6324,68,4.1286,4.3429,70,8,39,4.9487,4.1282,8,34,4.3235,4.1471,3,1,4,-2,mlb-nyy,"{""common_opponents"": 1, ""games_played"": 1, ""head_to_head"": 1, ""home_advantage"": 1, ""last10_form"": 1, ""season_scoring"": 1, ""travel_km"": 1}"
823213,MLB,2026,regular,2026-06-13,2026-06-13,mlb-chc,mlb-sf,final,,,70,70,,,0.35,,,,,0.0,0.0,4,3.0,5.75,4,5.75,3.0,4,6,0,0.4,5,5,0,0.5,4.6,4.4857,70,4.1429,4.9286,70,13,48,5.3958,4.7708,13,57,4.2105,5.1053,6,1,7,-5,mlb-chc,"{""common_opponents"": 1, ""games_played"": 1, ""head_to_head"": 1, ""home_advantage"": 1, ""last10_form"": 1, ""season_scoring"": 1, ""travel_km"": 1}"
823369,MLB,2026,regular,2026-06-13,2026-06-13,mlb-mia,mlb-pit,final,,,70,70,,,0.35,,,,,0.0,0.0,1,8.0,3.0,1,3.0,8.0,9,1,0,0.9,3,7,0,0.3,4.3429,4.3571,70,5.0571,4.8429,70,15,60,4.2333,4.2,15,53,5.2075,4.8113,2,3,5,1,mlb-pit,"{""common_opponents"": 1, ""games_played"": 1, ""head_to_head"": 1, ""home_advantage"": 1, ""last10_form"": 1, ""season_scoring"": 1, ""travel_km"": 1}"
823616,MLB,2026,regular,2026-06-13,2026-06-13,mlb-atl,mlb-nym,final,,,69,69,,,0.35,,,,,0.0,0.0,1,5.0,7.0,1,7.0,5.0,5,5,0,0.5,5,5,0,0.5,5.1449,3.5217,69,4.0435,4.2754,69,12,45,5.1556,3.5333,12,49,3.8571,4.4082,3,1,4,-2,mlb-atl,"{""common_opponents"": 1, ""games_played"": 1, ""head_to_head"": 1, ""home_advantage"": 1, ""last10_form"": 1, ""season_scoring"": 1, ""travel_km"": 1}"
823694,MLB,2026,regular,2026-06-13,2026-06-13,mlb-stl,mlb-min,final,,,67,71,,,0.35,,,,,0.0,0.0,1,8.0,9.0,1,9.0,8.0,6,4,0,0.6,4,6,0,0.4,4.5672,4.4179,67,4.6056,5.169,71,13,50,4.8,4.66,13,53,4.6226,5.0,9,6,15,-3,mlb-stl,"{""common_opponents"": 1, ""games_played"": 1, ""head_to_head"": 1, ""home_advantage"": 1, ""last10_form"": 1, ""season_scoring"": 1, ""travel_km"": 1}"
823776,MLB,2026,regular,2026-06-13,2026-06-13,mlb-phi,mlb-mil,final,,,69,67,,,0.35,,,,,0.0,0.0,1,0.0,6.0,1,6.0,0.0,7,3,0,0.7,6,4,0,0.6,4.0,4.2899,69,5.3433,3.7164,67,13,53,4.4151,4.1698,13,43,5.7907,4.093,9,8,17,-1,mlb-phi,"{""common_opponents"": 1, ""games_played"": 1, ""head_to_head"": 1, ""home_advantage"": 1, ""last10_form"": 1, ""season_scoring"": 1, ""travel_km"": 1}"
824019,MLB,2026,regular,2026-06-13,2026-06-13,mlb-tb,mlb-laa,final,,,66,70,,,0.35,,,,,0.0,0.0,4,4.75,6.25,4,6.25,4.75,4,6,0,0.4,5,5,0,0.5,4.5455,4.3788,66,4.4571,5.0429,70,7,26,4.1923,4.3846,7,28,4.4286,4.6429,0,8,8,8,mlb-laa,"{""common_opponents"": 1, ""games_played"": 1, ""head_to_head"": 1, ""home_advantage"": 1, ""last10_form"": 1, ""season_scoring"": 1, ""travel_km"": 1}"
824100,MLB,2026,regular,2026-06-13,2026-06-13,mlb-hou,mlb-kc,final,,,71,70,,,0.35,,,,,0.0,0.0,1,10.0,8.0,1,8.0,10.0,5,5,0,0.5,5,5,0,0.5,4.5775,5.0845,71,3.9571,4.7,70,12,55,4.6182,4.8727,12,53,4.1321,4.8302,8,7,15,-1,mlb-hou,"{""common_opponents"": 1, ""games_played"": 1, ""head_to_head"": 1, ""home_advantage"": 1, ""last10_form"": 1, ""season_scoring"": 1, ""travel_km"": 1}"
824426,MLB,2026,regular,2026-06-13,2026-06-13,mlb-det,mlb-cle,final,,,70,71,,,0.35,,,,,0.0,0.0,5,2.0,4.2,5,4.2,2.0,7,3,0,0.7,4,6,0,0.4,4.1,4.2429,70,4.0282,4.0986,71,12,47,4.4681,4.1702,12,42,4.1667,4.3571,1,3,4,2,mlb-cle,"{""common_opponents"": 1, ""games_played"": 1, ""head_to_head"": 1, ""home_advantage"": 1, ""last10_form"": 1, ""season_scoring"": 1, ""travel_km"": 1}"
824508,MLB,2026,regular,2026-06-13,2026-06-13,mlb-ari,mlb-cin,final,,,69,68,,,0.35,,,,,0.0,0.0,1,5.0,2.0,1,2.0,5.0,3,7,0,0.3,2,8,0,0.2,4.2609,4.5652,69,4.2353,5.0735,68,12,46,4.3261,4.0,12,41,4.3902,4.878,1,2,3,1,mlb-cin,"{""common_opponents"": 1, ""games_played"": 1, ""head_to_head"": 1, ""home_advantage"": 1, ""last10_form"": 1, ""season_scoring"": 1, ""travel_km"": 1}"
824587,MLB,2026,regular,2026-06-13,2026-06-13,mlb-lad,mlb-cws,final,,,70,68,,,0.35,,,,,0.0,0.0,1,2.0,8.0,1,8.0,2.0,6,4,0,0.6,6,4,0,0.6,5.3571,3.4,70,4.7941,4.5588,68,11,44,5.1591,3.1818,11,35,4.9143,5.3143,7,1,8,-6,mlb-lad,"{""common_opponents"": 1, ""games_played"": 1, ""head_to_head"": 1, ""home_advantage"": 1, ""last10_form"": 1, ""season_scoring"": 1, ""travel_km"": 1}"
824749,MLB,2026,regular,2026-06-13,2026-06-13,mlb-tex,mlb-bos,final,,,69,67,,,0.35,,,,,0.0,0.0,1,1.0,10.0,1,10.0,1.0,6,4,0,0.6,4,6,0,0.4,4.0,3.8986,69,4.0,4.0746,67,9,37,3.9189,3.9459,9,39,4.0769,3.5897,3,6,9,3,mlb-bos,"{""common_opponents"": 1, ""games_played"": 1, ""head_to_head"": 1, ""home_advantage"": 1, ""last10_form"": 1, ""season_scoring"": 1, ""travel_km"": 1}"
824828,MLB,2026,regular,2026-06-13,2026-06-13,mlb-sd,mlb-bal,final,,,68,71,,,0.35,,,,,0.0,0.0,1,3.0,7.0,1,7.0,3.0,3,7,0,0.3,5,5,0,0.5,3.7941,4.0735,68,4.7606,5.0986,71,9,32,4.3438,4.0625,9,31,4.2581,4.7742,9,3,12,-6,mlb-sd,"{""common_opponents"": 1, ""games_played"": 1, ""head_to_head"": 1, ""home_advantage"": 1, ""last10_form"": 1, ""season_scoring"": 1, ""travel_km"": 1}"
824995,MLB,2026,regular,2026-06-13,2026-06-13,mlb-col,mlb-ath,final,,,70,69,,,0.35,,,,,0.0,0.0,1,4.0,6.0,1,6.0,4.0,4,6,0,0.4,6,4,0,0.6,4.3,5.7571,70,4.4058,4.971,69,11,46,4.587,5.8478,11,41,4.5854,4.878,5,7,12,2,mlb-ath,"{""common_opponents"": 1, ""games_played"": 1, ""head_to_head"": 1, ""home_advantage"": 1, ""last10_form"": 1, ""season_scoring"": 1, ""travel_km"": 1}"
822722,MLB,2026,regular,2026-06-14,2026-06-14,mlb-sea,mlb-wsh,final,,,72,71,,,0.35,,,,,0.0,0.0,2,6.5,5.0,2,5.0,6.5,4,6,0,0.4,5,5,0,0.5,4.3056,3.9028,72,5.3803,5.3239,71,9,35,4.3714,4.2286,9,35,5.8286,4.6286,1,10,11,9,mlb-wsh,"{""common_opponents"": 1, ""games_played"": 1, ""head_to_head"": 1, ""home_advantage"": 1, ""last10_form"": 1, ""season_scoring"": 1, ""travel_km"": 1}"
822801,MLB,2026,regular,2026-06-14,2026-06-14,mlb-nyy,mlb-tor,final,,,69,71,,,0.35,,,,,0.0,0.0,6,3.5,3.8333,6,3.8333,3.5,6,4,0,0.6,5,5,0,0.5,5.0725,3.5942,69,4.0845,4.3239,71,8,39,4.9487,4.1282,8,34,4.3235,4.1471,8,3,11,-5,mlb-nyy,"{""common_opponents"": 1, ""games_played"": 1, ""head_to_head"": 1, ""home_advantage"": 1, ""last10_form"": 1, ""season_scoring"": 1, ""travel_km"": 1}"
823212,MLB,2026,regular,2026-06-14,2026-06-14,mlb-chc,mlb-sf,final,,,71,71,,,0.35,,,,,0.0,0.0,5,3.6,4.8,5,4.8,3.6,5,5,0,0.5,5,5,0,0.5,4.6197,4.4366,71,4.0986,4.9437,71,13,48,5.3958,4.7708,13,57,4.2105,5.1053,1,5,6,4,mlb-sf,"{""common_opponents"": 1, ""games_played"": 1, ""head_to_head"": 1, ""home_advantage"": 1, ""last10_form"": 1, ""season_scoring"": 1, ""travel_km"": 1}"
823368,MLB,2026,regular,2026-06-14,2026-06-14,mlb-mia,mlb-pit,final,,,71,71,,,0.35,,,,,0.0,0.0,2,5.0,3.0,2,3.0,5.0,8,2,0,0.8,3,7,0,0.3,4.3099,4.338,71,5.0282,4.8028,71,15,60,4.2333,4.2,15,53,5.2075,4.8113,4,2,6,-2,mlb-mia,"{""common_opponents"": 1, ""games_played"": 1, ""head_to_head"": 1, ""home_advantage"": 1, ""last10_form"": 1, ""season_scoring"": 1, ""travel_km"": 1}"
823615,MLB,2026,regular,2026-06-14,2026-06-14,mlb-atl,mlb-nym,final,,,70,70,,,0.35,,,,,0.0,0.0,2,4.0,4.0,2,4.0,4.0,6,4,0,0.6,5,5,0,0.5,5.1143,3.4857,70,4.0,4.2571,70,12,45,5.1556,3.5333,12,49,3.8571,4.4082,1,8,9,7,mlb-nym,"{""common_opponents"": 1, ""games_played"": 1, ""head_to_head"": 1, ""home_advantage"": 1, ""last10_form"": 1, ""season_scoring"": 1, ""travel_km"": 1}"
823693,MLB,2026,regular,2026-06-14,2026-06-14,mlb-stl,mlb-min,final,,,68,72,,,0.35,,,,,0.0,0.0,2,8.5,7.5,2,7.5,8.5,7,3,0,0.7,3,7,0,0.3,4.6324,4.4412,68,4.625,5.2222,72,13,50,4.8,4.66,13,53,4.6226,5.0,4,5,9,1,mlb-min,"{""common_opponents"": 1, ""games_played"": 1, ""head_to_head"": 1, ""home_advantage"": 1, ""last10_form"": 1, ""season_scoring"": 1, ""travel_km"": 1}"
823777,MLB,2026,regular,2026-06-14,2026-06-14,mlb-phi,mlb-mil,final,,,70,68,,,0.35,,,,,0.0,0.0,2,4.5,7.0,2,7.0,4.5,7,3,0,0.7,5,5,0,0.5,4.0714,4.3429,70,5.3824,3.7941,68,13,53,4.4151,4.1698,13,43,5.7907,4.093,0,4,4,4,mlb-mil,"{""common_opponents"": 1, ""games_played"": 1, ""head_to_head"": 1, ""home_advantage"": 1, ""last10_form"": 1, ""season_scoring"": 1, ""travel_km"": 1}"
824021,MLB,2026,regular,2026-06-14,2026-06-14,mlb-tb,mlb-laa,final,,,67,71,,,0.35,,,,,0.0,0.0,5,3.8,6.6,5,6.6,3.8,4,6,0,0.4,6,4,0,0.6,4.4776,4.4328,67,4.507,4.9718,71,7,26,4.1923,4.3846,7,28,4.4286,4.6429,8,3,11,-5,mlb-tb,"{""common_opponents"": 1, ""games_played"": 1, ""head_to_head"": 1, ""home_advantage"": 1, ""last10_form"": 1, ""season_scoring"": 1, ""travel_km"": 1}"
824099,MLB,2026,regular,2026-06-14,2026-06-14,mlb-hou,mlb-kc,final,,,72,71,,,0.35,,,,,0.0,0.0,2,9.0,7.5,2,7.5,9.0,6,4,0,0.6,5,5,0,0.5,4.625,5.1111,72,4.0,4.7465,71,12,55,4.6182,4.8727,12,53,4.1321,4.8302,0,4,4,4,mlb-kc,"{""common_opponents"": 1, ""games_played"": 1, ""head_to_head"": 1, ""home_advantage"": 1, ""last10_form"": 1, ""season_scoring"": 1, ""travel_km"": 1}"
824506,MLB,2026,regular,2026-06-14,2026-06-14,mlb-ari,mlb-cin,final,,,70,69,,,0.35,,,,,0.0,0.0,2,3.0,2.0,2,2.0,3.0,3,7,0,0.3,3,7,0,0.3,4.2143,4.5286,70,4.2029,5.0145,69,12,46,4.3261,4.0,12,41,4.3902,4.878,5,3,8,-2,mlb-ari,"{""common_opponents"": 1, ""games_played"": 1, ""head_to_head"": 1, ""home_advantage"": 1, ""last10_form"": 1, ""season_scoring"": 1, ""travel_km"": 1}"
824586,MLB,2026,regular,2026-06-14,2026-06-14,mlb-lad,mlb-cws,final,,,71,69,,,0.35,,,,,0.0,0.0,2,4.5,4.5,2,4.5,4.5,6,4,0,0.6,5,5,0,0.5,5.3803,3.3662,71,4.7391,4.5942,69,11,44,5.1591,3.1818,11,35,4.9143,5.3143,4,6,10,2,mlb-cws,"{""common_opponents"": 1, ""games_played"": 1, ""head_to_head"": 1, ""home_advantage"": 1, ""last10_form"": 1, ""season_scoring"": 1, ""travel_km"": 1}"
824751,MLB,2026,regular,2026-06-14,2026-06-14,mlb-tex,mlb-bos,final,,,70,68,,,0.35,,,,,0.0,0.0,2,2.0,8.0,2,8.0,2.0,5,5,0,0.5,4,6,0,0.4,3.9857,3.9286,70,4.0294,4.0588,68,9,37,3.9189,3.9459,9,39,4.0769,3.5897,6,4,10,-2,mlb-tex,"{""common_opponents"": 1, ""games_played"": 1, ""head_to_head"": 1, ""home_advantage"": 1, ""last10_form"": 1, ""season_scoring"": 1, ""travel_km"": 1}"
824823,MLB,2026,regular,2026-06-14,2026-06-14,mlb-sd,mlb-bal,final,,,69,72,,,0.35,,,,,0.0,0.0,2,6.0,5.0,2,5.0,6.0,4,6,0,0.4,5,5,0,0.5,3.8696,4.058,69,4.7361,5.1528,72,9,32,4.3438,4.0625,9,31,4.2581,4.7742,5,2,7,-3,mlb-sd,"{""common_opponents"": 1, ""games_played"": 1, ""head_to_head"": 1, ""home_advantage"": 1, ""last10_form"": 1, ""season_scoring"": 1, ""travel_km"": 1}"
824994,MLB,2026,regular,2026-06-14,2026-06-14,mlb-col,mlb-ath,final,,,71,70,,,0.35,,,,,0.0,0.0,2,4.5,6.5,2,6.5,4.5,3,7,0,0.3,6,4,0,0.6,4.3099,5.7746,71,4.4429,4.9714,70,11,46,4.587,5.8478,11,41,4.5854,4.878,23,9,32,-14,mlb-col,"{""common_opponents"": 1, ""games_played"": 1, ""head_to_head"": 1, ""home_advantage"": 1, ""last10_form"": 1, ""season_scoring"": 1, ""travel_km"": 1}"
822724,MLB,2026,regular,2026-06-15,2026-06-15,mlb-kc,mlb-wsh,final,,,72,72,,,0.35,,,,,1508.5,0.0,,,,,,,5,5,0,0.5,6,4,0,0.6,4.0,4.6806,72,5.4444,5.2639,72,9,42,4.0952,4.0714,9,34,5.3824,4.7647,3,7,10,4,mlb-wsh,"{""common_opponents"": 1, ""games_played"": 1, ""head_to_head"": 1, ""home_advantage"": 1, ""last10_form"": 1, ""season_scoring"": 1, ""travel_km"": 1}"
822887,MLB,2026,regular,2026-06-15,2026-06-15,mlb-min,mlb-tex,final,,,73,71,,,0.35,,,,,1399.3,2514.0,,,,,,,4,6,0,0.4,5,5,0,0.5,4.6301,5.2055,73,4.0141,3.9296,71,10,41,4.9024,5.0244,10,40,3.825,3.875,4,2,6,-2,mlb-min,"{""common_opponents"": 1, ""games_played"": 1, ""head_to_head"": 1, ""home_advantage"": 1, ""last10_form"": 1, ""season_scoring"": 1, ""travel_km"": 1}"
823046,MLB,2026,regular,2026-06-15,2026-06-15,mlb-sd,mlb-stl,final,,,70,69,,,0.35,,,,,1174.7,751.8,4,2.0,3.0,4,3.0,2.0,5,5,0,0.5,7,3,0,0.7,3.8857,4.0286,70,4.6232,4.4493,69,11,36,3.8889,4.0278,11,44,4.5227,4.3864,0,3,3,3,mlb-stl,"{""common_opponents"": 1, ""games_played"": 1, ""head_to_head"": 1, ""home_advantage"": 1, ""last10_form"": 1, ""season_scoring"": 1, ""travel_km"": 1}"
823452,MLB,2026,regular,2026-06-15,2026-06-15,mlb-mia,mlb-phi,final,,,72,71,,,0.35,,,,,415.5,1120.6,4,2.75,3.5,4,3.5,2.75,8,2,0,0.8,6,4,0,0.6,4.3056,4.3056,72,4.0141,4.338,71,11,41,4.9024,3.8293,11,42,4.2381,4.5238,0,7,7,7,mlb-phi,"{""common_opponents"": 1, ""games_played"": 1, ""head_to_head"": 1, ""home_advantage"": 1, ""last10_form"": 1, ""season_scoring"": 1, ""travel_km"": 1}"
823938,MLB,2026,regular,2026-06-15,2026-06-15,mlb-tb,mlb-lad,final,,,68,72,,,0.35,,,,,44.9,2801.5,,,,,,,5,5,0,0.5,5,5,0,0.5,4.5294,4.4118,68,5.3611,3.4028,72,10,39,4.4359,4.4103,10,37,5.0811,3.4865,3,4,7,1,mlb-lad,"{""common_opponents"": 1, ""games_played"": 1, ""head_to_head"": 1, ""home_advantage"": 1, ""last10_form"": 1, ""season_scoring"": 1, ""travel_km"": 1}"
824181,MLB,2026,regular,2026-06-15,2026-06-15,mlb-det,mlb-hou,final,,,71,73,,,0.35,,,,,1792.9,1036.6,,,,,,,6,4,0,0.6,5,5,0,0.5,4.0563,4.2254,71,4.5616,5.0959,73,11,47,4.1489,4.4255,11,49,4.3878,4.7347,9,3,12,-6,mlb-det,"{""common_opponents"": 1, ""games_played"": 1, ""head_to_head"": 1, ""home_advantage"": 1, ""last10_form"": 1, ""season_scoring"": 1, ""travel_km"": 1}"
824505,MLB,2026,regular,2026-06-15,2026-06-15,mlb-nym,mlb-cin,final,,,71,70,,,0.35,,,,,927.0,0.0,3,2.6667,5.3333,3,5.3333,2.6667,6,4,0,0.6,2,8,0,0.2,4.0563,4.2113,71,4.1857,5.0143,70,13,56,4.3571,4.0536,13,46,4.1957,5.5435,0,12,12,12,mlb-cin,"{""common_opponents"": 1, ""games_played"": 1, ""head_to_head"": 1, ""home_advantage"": 1, ""last10_form"": 1, ""season_scoring"": 1, ""travel_km"": 1}"
824666,MLB,2026,regular,2026-06-15,2026-06-15,mlb-col,mlb-chc,final,,,72,72,,,0.35,,,,,2878.2,2979.8,3,4.3333,4.6667,3,4.6667,4.3333,3,7,0,0.3,5,5,0,0.5,4.5694,5.8194,72,4.5694,4.4444,72,14,63,4.6349,6.0952,14,54,4.4259,4.3519,4,5,9,1,mlb-chc,"{""common_opponents"": 1, ""games_played"": 1, ""head_to_head"": 1, ""home_advantage"": 1, ""last10_form"": 1, ""season_scoring"": 1, ""travel_km"": 1}"
824993,MLB,2026,regular,2026-06-15,2026-06-15,mlb-pit,mlb-ath,final,,,72,71,,,0.35,,,,,3533.9,0.0,,,,,,,3,7,0,0.3,5,5,0,0.5,4.9861,4.7917,72,4.507,5.2254,71,13,47,4.5319,4.8723,13,46,4.587,5.1522,2,11,13,9,mlb-ath,"{""common_opponents"": 1, ""games_played"": 1, ""head_to_head"": 1, ""home_advantage"": 1, ""last10_form"": 1, ""season_scoring"": 1, ""travel_km"": 1}"
825071,MLB,2026,regular,2026-06-15,2026-06-15,mlb-laa,mlb-ari,final,,,72,71,,,0.35,,,,,539.9,2538.6,,,,,,,6,4,0,0.6,4,6,0,0.4,4.4861,5.0139,72,4.2254,4.507,71,12,45,3.9778,4.8,12,47,4.1915,4.2766,3,4,7,1,mlb-ari,"{""common_opponents"": 1, ""games_played"": 1, ""head_to_head"": 1, ""home_advantage"": 1, ""last10_form"": 1, ""season_scoring"": 1, ""travel_km"": 1}"
822723,MLB,2026,regular,2026-06-16,2026-06-16,mlb-kc,mlb-wsh,final,,,73,73,,,0.35,,,,,0.0,0.0,1,3.0,7.0,1,7.0,3.0,4,6,0,0.4,7,3,0,0.7,3.9863,4.7123,73,5.4658,5.2329,73,9,42,4.0952,4.0714,9,34,5.3824,4.7647,4,6,10,2,mlb-wsh,"{""common_opponents"": 1, ""games_played"": 1, ""head_to_head"": 1, ""home_advantage"": 1, ""last10_form"": 1, ""season_scoring"": 1, ""travel_km"": 1}"
822888,MLB,2026,regular,2026-06-16,2026-06-16,mlb-min,mlb-tex,final,,,74,72,,,0.35,,,,,0.0,0.0,1,4.0,2.0,1,2.0,4.0,5,5,0,0.5,5,5,0,0.5,4.6216,5.1622,74,3.9861,3.9306,72,10,41,4.9024,5.0244,10,40,3.825,3.875,12,2,14,-10,mlb-min,"{""common_opponents"": 1, ""games_played"": 1, ""head_to_head"": 1, ""home_advantage"": 1, ""last10_form"": 1, ""season_scoring"": 1, ""travel_km"": 1}"
823045,MLB,2026,regular,2026-06-16,2026-06-16,mlb-sd,mlb-stl,final,,,71,70,,,0.35,,,,,0.0,0.0,5,1.6,3.0,5,3.0,1.6,5,5,0,0.5,7,3,0,0.7,3.831,4.0141,71,4.6,4.3857,70,11,36,3.8889,4.0278,11,44,4.5227,4.3864,2,3,5,1,mlb-stl,"{""common_opponents"": 1, ""games_played"": 1, ""head_to_head"": 1, ""home_advantage"": 1, ""last10_form"": 1, ""season_scoring"": 1, ""travel_km"": 1}"
823128,MLB,2026,regular,2026-06-16,2026-06-16,mlb-bal,mlb-sea,final,,,73,73,,,0.35,,,,,3746.7,3740.5,4,5.5,4.75,4,4.75,5.5,4,6,0,0.4,4,6,0,0.4,4.6986,5.1507,73,4.2603,3.9863,73,12,41,4.2439,5.1463,12,57,4.2632,3.9649,1,3,4,2,mlb-sea,"{""common_opponents"": 1, ""games_played"": 1, ""head_to_head"": 1, ""home_advantage"": 1, ""last10_form"": 1, ""season_scoring"": 1, ""travel_km"": 1}"
823451,MLB,2026,regular,2026-06-16,2026-06-16,mlb-mia,mlb-phi,final,,,73,72,,,0.35,,,,,0.0,0.0,5,2.2,4.2,5,4.2,2.2,7,3,0,0.7,6,4,0,0.6,4.2466,4.3425,73,4.0556,4.2778,72,11,41,4.9024,3.8293,11,42,4.2381,4.5238,2,8,10,6,mlb-phi,"{""common_opponents"": 1, ""games_played"": 1, ""head_to_head"": 1, ""home_advantage"": 1, ""last10_form"": 1, ""season_scoring"": 1, ""travel_km"": 1}"
823535,MLB,2026,regular,2026-06-16,2026-06-16,mlb-cws,mlb-nyy,final,,,70,70,,,0.35,,,,,1148.7,547.6,,,,,,,6,4,0,0.6,7,3,0,0.7,4.7571,4.5857,70,5.1143,3.5857,70,10,40,4.175,4.9,10,47,5.2553,3.5745,2,12,14,10,mlb-nyy,"{""common_opponents"": 1, ""games_played"": 1, ""head_to_head"": 1, ""home_advantage"": 1, ""last10_form"": 1, ""season_scoring"": 1, ""travel_km"": 1}"
823775,MLB,2026,regular,2026-06-16,2026-06-16,mlb-cle,mlb-mil,final,,,72,69,,,0.35,,,,,544.5,0.0,,,,,,,4,6,0,0.4,6,4,0,0.6,4.0139,4.0556,72,5.3623,3.7391,69,14,52,3.8269,3.8269,14,47,4.5745,3.766,1,2,3,1,mlb-mil,"{""common_opponents"": 1, ""games_played"": 1, ""head_to_head"": 1, ""home_advantage"": 1, ""last10_form"": 1, ""season_scoring"": 1, ""travel_km"": 1}"
823939,MLB,2026,regular,2026-06-16,2026-06-16,mlb-tb,mlb-lad,final,,,69,73,,,0.35,,,,,0.0,0.0,1,3.0,4.0,1,4.0,3.0,5,5,0,0.5,6,4,0,0.6,4.5072,4.4058,69,5.3425,3.3973,73,10,39,4.4359,4.4103,10,37,5.0811,3.4865,0,1,1,1,mlb-lad,"{""common_opponents"": 1, ""games_played"": 1, ""head_to_head"": 1, ""home_advantage"": 1, ""last10_form"": 1, ""season_scoring"": 1, ""travel_km"": 1}"
824182,MLB,2026,regular,2026-06-16,2026-06-16,mlb-det,mlb-hou,final,,,72,74,,,0.35,,,,,0.0,0.0,1,9.0,3.0,1,3.0,9.0,6,4,0,0.6,5,5,0,0.5,4.125,4.2083,72,4.5405,5.1486,74,11,47,4.1489,4.4255,11,49,4.3878,4.7347,2,4,6,2,mlb-hou,"{""common_opponents"": 1, ""games_played"": 1, ""head_to_head"": 1, ""home_advantage"": 1, ""last10_form"": 1, ""season_scoring"": 1, ""travel_km"": 1}"
824504,MLB,2026,regular,2026-06-16,2026-06-16,mlb-nym,mlb-cin,final,,,72,71,,,0.35,,,,,0.0,0.0,4,2.0,7.0,4,7.0,2.0,5,5,0,0.5,3,7,0,0.3,4.0,4.3194,72,4.2958,4.9437,71,13,56,4.3571,4.0536,13,46,4.1957,5.5435,3,5,8,2,mlb-cin,"{""common_opponents"": 1, ""games_played"": 1, ""head_to_head"": 1, ""home_advantage"": 1, ""last10_form"": 1, ""season_scoring"": 1, ""travel_km"": 1}"
824667,MLB,2026,regular,2026-06-16,2026-06-16,mlb-col,mlb-chc,final,,,73,73,,,0.35,,,,,0.0,0.0,4,4.25,4.75,4,4.75,4.25,3,7,0,0.3,5,5,0,0.5,4.5616,5.8082,73,4.5753,4.4384,73,14,63,4.6349,6.0952,14,54,4.4259,4.3519,5,2,7,-3,mlb-col,"{""common_opponents"": 1, ""games_played"": 1, ""head_to_head"": 1, ""home_advantage"": 1, ""last10_form"": 1, ""season_scoring"": 1, ""travel_km"": 1}"
824750,MLB,2026,regular,2026-06-16,2026-06-16,mlb-tor,mlb-bos,final,,,72,69,,,0.35,,,,,689.3,0.0,3,3.6667,2.0,3,2.0,3.6667,5,5,0,0.5,4,6,0,0.4,4.0694,4.375,72,4.029,4.087,69,9,42,4.119,4.619,9,45,4.0667,4.3111,6,1,7,-5,mlb-tor,"{""common_opponents"": 1, ""games_played"": 1, ""head_to_head"": 1, ""home_advantage"": 1, ""last10_form"": 1, ""season_scoring"": 1, ""travel_km"": 1}"
824912,MLB,2026,regular,2026-06-16,2026-06-16,mlb-sf,mlb-atl,final,,,72,71,,,0.35,,,,,3422.3,1208.8,,,,,,,5,5,0,0.5,5,5,0,0.5,4.1111,4.8889,72,5.0563,3.5493,71,12,53,4.5849,4.7547,12,47,5.1702,3.5957,7,2,9,-5,mlb-sf,"{""common_opponents"": 1, ""games_played"": 1, ""head_to_head"": 1, ""home_advantage"": 1, ""last10_form"": 1, ""season_scoring"": 1, ""travel_km"": 1}"
824912,MLB,2026,regular,2026-06-16,2026-06-16,mlb-sf,mlb-atl,final,,,72,71,,,0.35,,,,,3422.3,1208.8,,,,,,,5,5,0,0.5,5,5,0,0.5,4.1111,4.8889,72,5.0563,3.5493,71,12,53,4.5849,4.7547,12,47,5.1702,3.5957,7,2,9,-5,mlb-sf,"{""common_opponents"": 1, ""games_played"": 1, ""head_to_head"": 1, ""home_advantage"": 1, ""last10_form"": 1, ""season_scoring"": 1, ""travel_km"": 1}"
824991,MLB,2026,regular,2026-06-16,2026-06-16,mlb-pit,mlb-ath,final,,,73,72,,,0.35,,,,,0.0,0.0,1,2.0,11.0,1,11.0,2.0,2,8,0,0.2,6,4,0,0.6,4.9452,4.8767,73,4.5972,5.1806,72,13,47,4.5319,4.8723,13,46,4.587,5.1522,6,5,11,-1,mlb-pit,"{""common_opponents"": 1, ""games_played"": 1, ""head_to_head"": 1, ""home_advantage"": 1, ""last10_form"": 1, ""season_scoring"": 1, ""travel_km"": 1}"
825070,MLB,2026,regular,2026-06-16,2026-06-16,mlb-laa,mlb-ari,final,,,73,72,,,0.35,,,,,0.0,0.0,1,3.0,4.0,1,4.0,3.0,5,5,0,0.5,4,6,0,0.4,4.4658,5.0,73,4.2222,4.4861,72,12,45,3.9778,4.8,12,47,4.1915,4.2766,7,0,7,-7,mlb-laa,"{""common_opponents"": 1, ""games_played"": 1, ""head_to_head"": 1, ""home_advantage"": 1, ""last10_form"": 1, ""season_scoring"": 1, ""travel_km"": 1}"
822721,MLB,2026,regular,2026-06-17,2026-06-17,mlb-kc,mlb-wsh,final,,,74,74,,,0.35,,,,,0.0,0.0,2,3.5,6.5,2,6.5,3.5,4,6,0,0.4,7,3,0,0.7,3.9865,4.7297,74,5.473,5.2162,74,9,42,4.0952,4.0714,9,34,5.3824,4.7647,6,2,8,-4,mlb-kc,"{""common_opponents"": 1, ""games_played"": 1, ""head_to_head"": 1, ""home_advantage"": 1, ""last10_form"": 1, ""season_scoring"": 1, ""travel_km"": 1}"
823044,MLB,2026,regular,2026-06-17,2026-06-17,mlb-sd,mlb-stl,final,,,72,71,,,0.35,,,,,0.0,0.0,6,1.6667,3.0,6,3.0,1.6667,5,5,0,0.5,7,3,0,0.7,3.8056,4.0,72,4.5775,4.3521,71,11,36,3.8889,4.0278,11,44,4.5227,4.3864,6,1,7,-5,mlb-sd,"{""common_opponents"": 1, ""games_played"": 1, ""head_to_head"": 1, ""home_advantage"": 1, ""last10_form"": 1, ""season_scoring"": 1, ""travel_km"": 1}"
823127,MLB,2026,regular,2026-06-17,2026-06-17,mlb-bal,mlb-sea,final,,,74,74,,,0.35,,,,,0.0,0.0,5,4.6,4.4,5,4.4,4.6,3,7,0,0.3,5,5,0,0.5,4.6486,5.1216,74,4.2432,3.9459,74,12,41,4.2439,5.1463,12,57,4.2632,3.9649,5,3,8,-2,mlb-bal,"{""common_opponents"": 1, ""games_played"": 1, ""head_to_head"": 1, ""home_advantage"": 1, ""last10_form"": 1, ""season_scoring"": 1, ""travel_km"": 1}"
823450,MLB,2026,regular,2026-06-17,2026-06-17,mlb-mia,mlb-phi,final,,,74,73,,,0.35,,,,,0.0,0.0,6,2.1667,4.8333,6,4.8333,2.1667,7,3,0,0.7,6,4,0,0.6,4.2162,4.3919,74,4.1096,4.2466,73,11,41,4.9024,3.8293,11,42,4.2381,4.5238,12,4,16,-8,mlb-mia,"{""common_opponents"": 1, ""games_played"": 1, ""head_to_head"": 1, ""home_advantage"": 1, ""last10_form"": 1, ""season_scoring"": 1, ""travel_km"": 1}"
823536,MLB,2026,regular,2026-06-17,2026-06-17,mlb-cws,mlb-nyy,final,,,71,71,,,0.35,,,,,0.0,0.0,1,2.0,12.0,1,12.0,2.0,6,4,0,0.6,8,2,0,0.8,4.7183,4.6901,71,5.2113,3.5634,71,10,40,4.175,4.9,10,47,5.2553,3.5745,5,10,15,5,mlb-nyy,"{""common_opponents"": 1, ""games_played"": 1, ""head_to_head"": 1, ""home_advantage"": 1, ""last10_form"": 1, ""season_scoring"": 1, ""travel_km"": 1}"
823774,MLB,2026,regular,2026-06-17,2026-06-17,mlb-cle,mlb-mil,final,,,73,70,,,0.35,,,,,0.0,0.0,1,1.0,2.0,1,2.0,1.0,3,7,0,0.3,7,3,0,0.7,3.9726,4.0274,73,5.3143,3.7,70,14,52,3.8269,3.8269,14,47,4.5745,3.766,4,9,13,5,mlb-mil,"{""common_opponents"": 1, ""games_played"": 1, ""head_to_head"": 1, ""home_advantage"": 1, ""last10_form"": 1, ""season_scoring"": 1, ""travel_km"": 1}"
823940,MLB,2026,regular,2026-06-17,2026-06-17,mlb-tb,mlb-lad,final,,,70,74,,,0.35,,,,,0.0,0.0,2,1.5,2.5,2,2.5,1.5,4,6,0,0.4,6,4,0,0.6,4.4429,4.3571,70,5.2838,3.3514,74,10,39,4.4359,4.4103,10,37,5.0811,3.4865,4,5,9,1,mlb-lad,"{""common_opponents"": 1, ""games_played"": 1, ""head_to_head"": 1, ""home_advantage"": 1, ""last10_form"": 1, ""season_scoring"": 1, ""travel_km"": 1}"
824178,MLB,2026,regular,2026-06-17,2026-06-17,mlb-det,mlb-hou,final,,,73,75,,,0.35,,,,,0.0,0.0,2,5.5,3.5,2,3.5,5.5,5,5,0,0.5,5,5,0,0.5,4.0959,4.2055,73,4.5333,5.1067,75,11,47,4.1489,4.4255,11,49,4.3878,4.7347,2,4,6,2,mlb-hou,"{""common_opponents"": 1, ""games_played"": 1, ""head_to_head"": 1, ""home_advantage"": 1, ""last10_form"": 1, ""season_scoring"": 1, ""travel_km"": 1}"
824503,MLB,2026,regular,2026-06-17,2026-06-17,mlb-nym,mlb-cin,final,,,73,72,,,0.35,,,,,0.0,0.0,5,2.2,6.6,5,6.6,2.2,4,6,0,0.4,4,6,0,0.4,3.9863,4.3288,73,4.3056,4.9167,72,13,56,4.3571,4.0536,13,46,4.1957,5.5435,9,1,10,-8,mlb-nym,"{""common_opponents"": 1, ""games_played"": 1, ""head_to_head"": 1, ""home_advantage"": 1, ""last10_form"": 1, ""season_scoring"": 1, ""travel_km"": 1}"
824668,MLB,2026,regular,2026-06-17,2026-06-17,mlb-col,mlb-chc,final,,,74,74,,,0.35,,,,,0.0,0.0,5,4.4,4.2,5,4.2,4.4,4,6,0,0.4,5,5,0,0.5,4.5676,5.7568,74,4.5405,4.4459,74,14,63,4.6349,6.0952,14,54,4.4259,4.3519,6,8,14,2,mlb-chc,"{""common_opponents"": 1, ""games_played"": 1, ""head_to_head"": 1, ""home_advantage"": 1, ""last10_form"": 1, ""season_scoring"": 1, ""travel_km"": 1}"
824746,MLB,2026,regular,2026-06-17,2026-06-17,mlb-tor,mlb-bos,final,,,73,70,,,0.35,,,,,0.0,0.0,4,4.25,1.75,4,1.75,4.25,5,5,0,0.5,3,7,0,0.3,4.0959,4.3288,73,3.9857,4.1143,70,9,42,4.119,4.619,9,45,4.0667,4.3111,3,0,3,-3,mlb-tor,"{""common_opponents"": 1, ""games_played"": 1, ""head_to_head"": 1, ""home_advantage"": 1, ""last10_form"": 1, ""season_scoring"": 1, ""travel_km"": 1}"
824913,MLB,2026,regular,2026-06-17,2026-06-17,mlb-sf,mlb-atl,final,,,74,73,,,0.35,,,,,0.0,0.0,2,7.0,2.0,2,2.0,7.0,5,5,0,0.5,4,6,0,0.4,4.1892,4.8108,74,4.9726,3.6438,73,12,53,4.5849,4.7547,12,47,5.1702,3.5957,7,5,12,-2,mlb-sf,"{""common_opponents"": 1, ""games_played"": 1, ""head_to_head"": 1, ""home_advantage"": 1, ""last10_form"": 1, ""season_scoring"": 1, ""travel_km"": 1}"
824992,MLB,2026,regular,2026-06-17,2026-06-17,mlb-pit,mlb-ath,final,,,74,73,,,0.35,,,,,0.0,0.0,2,4.0,8.0,2,8.0,4.0,3,7,0,0.3,6,4,0,0.6,4.9595,4.8784,74,4.6027,5.1918,73,13,47,4.5319,4.8723,13,46,4.587,5.1522,12,4,16,-8,mlb-pit,"{""common_opponents"": 1, ""games_played"": 1, ""head_to_head"": 1, ""home_advantage"": 1, ""last10_form"": 1, ""season_scoring"": 1, ""travel_km"": 1}"
825072,MLB,2026,regular,2026-06-17,2026-06-17,mlb-laa,mlb-ari,final,,,74,73,,,0.35,,,,,0.0,0.0,2,5.0,2.0,2,2.0,5.0,6,4,0,0.6,4,6,0,0.4,4.5,4.9324,74,4.1644,4.5205,73,12,45,3.9778,4.8,12,47,4.1915,4.2766,1,8,9,7,mlb-ari,"{""common_opponents"": 1, ""games_played"": 1, ""head_to_head"": 1, ""home_advantage"": 1, ""last10_form"": 1, ""season_scoring"": 1, ""travel_km"": 1}"
822889,MLB,2026,regular,2026-06-18,2026-06-18,mlb-min,mlb-tex,final,,,75,73,,,0.35,,,,,0.0,0.0,2,8.0,2.0,2,2.0,8.0,5,5,0,0.5,4,6,0,0.4,4.72,5.12,75,3.9589,4.0411,73,10,41,4.9024,5.0244,10,40,3.825,3.875,9,3,12,-6,mlb-min,"{""common_opponents"": 1, ""games_played"": 1, ""head_to_head"": 1, ""home_advantage"": 1, ""last10_form"": 1, ""season_scoring"": 1, ""travel_km"": 1}"
823125,MLB,2026,regular,2026-06-18,2026-06-18,mlb-bal,mlb-sea,final,,,75,75,,,0.35,,,,,0.0,0.0,6,4.6667,4.1667,6,4.1667,4.6667,4,6,0,0.4,4,6,0,0.4,4.6533,5.0933,75,4.2267,3.96,75,12,41,4.2439,5.1463,12,57,4.2632,3.9649,0,3,3,3,mlb-sea,"{""common_opponents"": 1, ""games_played"": 1, ""head_to_head"": 1, ""home_advantage"": 1, ""last10_form"": 1, ""season_scoring"": 1, ""travel_km"": 1}"
823448,MLB,2026,regular,2026-06-18,2026-06-18,mlb-nym,mlb-phi,final,,,74,74,,,0.35,,,,,806.0,0.0,,,,,,,5,5,0,0.5,6,4,0,0.6,4.0541,4.2838,74,4.1081,4.3514,74,12,53,3.9811,4.3962,12,56,4.2679,4.5179,6,4,10,-2,mlb-nym,"{""common_opponents"": 1, ""games_played"": 1, ""head_to_head"": 1, ""home_advantage"": 1, ""last10_form"": 1, ""season_scoring"": 1, ""travel_km"": 1}"
823533,MLB,2026,regular,2026-06-18,2026-06-18,mlb-cws,mlb-nyy,final,,,72,72,,,0.35,,,,,0.0,0.0,2,3.5,11.0,2,11.0,3.5,5,5,0,0.5,8,2,0,0.8,4.7222,4.7639,72,5.2778,3.5833,72,10,40,4.175,4.9,10,47,5.2553,3.5745,5,1,6,-4,mlb-cws,"{""common_opponents"": 1, ""games_played"": 1, ""head_to_head"": 1, ""home_advantage"": 1, ""last10_form"": 1, ""season_scoring"": 1, ""travel_km"": 1}"
823772,MLB,2026,regular,2026-06-18,2026-06-18,mlb-cle,mlb-mil,final,,,74,71,,,0.35,,,,,0.0,0.0,2,2.5,5.5,2,5.5,2.5,3,7,0,0.3,7,3,0,0.7,3.973,4.0946,74,5.3662,3.7042,71,14,52,3.8269,3.8269,14,47,4.5745,3.766,4,2,6,-2,mlb-cle,"{""common_opponents"": 1, ""games_played"": 1, ""head_to_head"": 1, ""home_advantage"": 1, ""last10_form"": 1, ""season_scoring"": 1, ""travel_km"": 1}"
824098,MLB,2026,regular,2026-06-18,2026-06-18,mlb-stl,mlb-kc,final,,,72,75,,,0.35,,,,,374.4,1508.5,3,3.0,2.6667,3,2.6667,3.0,6,4,0,0.6,4,6,0,0.4,4.5278,4.375,72,4.0133,4.6933,75,11,37,4.7568,5.0541,11,50,4.2,4.42,6,14,20,8,mlb-kc,"{""common_opponents"": 1, ""games_played"": 1, ""head_to_head"": 1, ""home_advantage"": 1, ""last10_form"": 1, ""season_scoring"": 1, ""travel_km"": 1}"
824748,MLB,2026,regular,2026-06-18,2026-06-18,mlb-tor,mlb-bos,final,,,74,71,,,0.35,,,,,0.0,0.0,5,4.0,1.4,5,1.4,4.0,6,4,0,0.6,3,7,0,0.3,4.0811,4.2703,74,3.9296,4.0986,71,9,42,4.119,4.619,9,45,4.0667,4.3111,4,3,7,-1,mlb-tor,"{""common_opponents"": 1, ""games_played"": 1, ""head_to_head"": 1, ""home_advantage"": 1, ""last10_form"": 1, ""season_scoring"": 1, ""travel_km"": 1}"
824989,MLB,2026,regular,2026-06-18,2026-06-18,mlb-laa,mlb-ath,final,,,75,74,,,0.35,,,,,1022.8,0.0,4,3.75,6.0,4,6.0,3.75,6,4,0,0.6,6,4,0,0.6,4.4533,4.9733,75,4.5946,5.2838,74,13,50,4.3,4.76,13,52,4.2308,5.3654,0,5,5,5,mlb-ath,"{""common_opponents"": 1, ""games_played"": 1, ""head_to_head"": 1, ""home_advantage"": 1, ""last10_form"": 1, ""season_scoring"": 1, ""travel_km"": 1}"
822886,MLB,2026,regular,2026-06-19,2026-06-19,mlb-sd,mlb-tex,final,,,73,74,,,0.35,,,,,901.8,0.0,,,,,,,5,5,0,0.5,4,6,0,0.4,3.8356,3.9589,73,3.9459,4.1081,74,14,55,3.9636,3.7455,14,49,3.9796,3.9796,7,9,16,2,mlb-tex,"{""common_opponents"": 1, ""games_played"": 1, ""head_to_head"": 1, ""home_advantage"": 1, ""last10_form"": 1, ""season_scoring"": 1, ""travel_km"": 1}"
822966,MLB,2026,regular,2026-06-19,2026-06-19,mlb-wsh,mlb-tb,final,,,75,71,,,0.35,,,,,1340.8,3448.3,,,,,,,6,4,0,0.6,4,6,0,0.4,5.4267,5.2267,75,4.4366,4.3662,71,12,46,5.1739,5.6087,12,45,4.4889,4.4,2,5,7,3,mlb-tb,"{""common_opponents"": 1, ""games_played"": 1, ""head_to_head"": 1, ""home_advantage"": 1, ""last10_form"": 1, ""season_scoring"": 1, ""travel_km"": 1}"
823124,MLB,2026,regular,2026-06-19,2026-06-19,mlb-bos,mlb-sea,final,,,72,76,,,0.35,,,,,3998.3,0.0,,,,,,,2,8,0,0.2,5,5,0,0.5,3.9167,4.0972,72,4.2105,3.9079,76,11,51,4.451,4.3137,11,52,4.0385,3.9231,6,2,8,-4,mlb-bos,"{""common_opponents"": 1, ""games_played"": 1, ""head_to_head"": 1, ""home_advantage"": 1, ""last10_form"": 1, ""season_scoring"": 1, ""travel_km"": 1}"
823534,MLB,2026,regular,2026-06-19,2026-06-19,mlb-cin,mlb-nyy,final,,,73,73,,,0.35,,,,,921.4,0.0,,,,,,,4,6,0,0.4,8,2,0,0.8,4.2603,4.9726,73,5.2192,3.6027,73,10,34,4.0882,4.2647,10,44,5.2955,3.6591,0,5,5,5,mlb-nyy,"{""common_opponents"": 1, ""games_played"": 1, ""head_to_head"": 1, ""home_advantage"": 1, ""last10_form"": 1, ""season_scoring"": 1, ""travel_km"": 1}"
823853,MLB,2026,regular,2026-06-19,2026-06-19,mlb-sf,mlb-mia,final,,,75,75,,,0.35,,,,,990.5,1639.6,3,5.3333,4.6667,3,4.6667,5.3333,6,4,0,0.6,7,3,0,0.7,4.2267,4.8133,75,4.32,4.3867,75,14,57,4.0702,5.0702,14,60,4.5833,4.3167,3,4,7,1,mlb-mia,"{""common_opponents"": 1, ""games_played"": 1, ""head_to_head"": 1, ""home_advantage"": 1, ""last10_form"": 1, ""season_scoring"": 1, ""travel_km"": 1}"
823936,MLB,2026,regular,2026-06-19,2026-06-19,mlb-bal,mlb-lad,final,,,76,75,,,0.35,,,,,1541.4,0.0,,,,,,,4,6,0,0.4,6,4,0,0.6,4.5921,5.0658,76,5.28,3.36,75,12,44,5.0227,5.0682,12,44,4.8636,3.4545,5,6,11,1,mlb-lad,"{""common_opponents"": 1, ""games_played"": 1, ""head_to_head"": 1, ""home_advantage"": 1, ""last10_form"": 1, ""season_scoring"": 1, ""travel_km"": 1}"
824097,MLB,2026,regular,2026-06-19,2026-06-19,mlb-stl,mlb-kc,final,,,73,76,,,0.35,,,,,0.0,0.0,4,3.75,5.5,4,5.5,3.75,5,5,0,0.5,4,6,0,0.4,4.5479,4.5068,73,4.1447,4.7105,76,11,37,4.7568,5.0541,11,50,4.2,4.42,5,6,11,1,mlb-kc,"{""common_opponents"": 1, ""games_played"": 1, ""head_to_head"": 1, ""home_advantage"": 1, ""last10_form"": 1, ""season_scoring"": 1, ""travel_km"": 1}"
824179,MLB,2026,regular,2026-06-19,2026-06-19,mlb-cle,mlb-hou,final,,,75,76,,,0.35,,,,,1615.2,0.0,3,3.3333,5.3333,3,5.3333,3.3333,4,6,0,0.4,5,5,0,0.5,3.9733,4.0667,75,4.5263,5.0658,76,15,57,4.3158,3.9123,15,64,4.5156,4.9688,3,9,12,6,mlb-hou,"{""common_opponents"": 1, ""games_played"": 1, ""head_to_head"": 1, ""home_advantage"": 1, ""last10_form"": 1, ""season_scoring"": 1, ""travel_km"": 1}"
824264,MLB,2026,regular,2026-06-19,2026-06-19,mlb-cws,mlb-det,final,,,73,74,,,0.35,,,,,776.6,1779.6,3,4.3333,1.6667,3,1.6667,4.3333,6,4,0,0.6,4,6,0,0.4,4.726,4.7123,73,4.0676,4.2027,74,12,49,4.449,4.3878,12,43,4.3953,3.9767,3,4,7,1,mlb-det,"{""common_opponents"": 1, ""games_played"": 1, ""head_to_head"": 1, ""home_advantage"": 1, ""last10_form"": 1, ""season_scoring"": 1, ""travel_km"": 1}"
824345,MLB,2026,regular,2026-06-19,2026-06-19,mlb-pit,mlb-col,final,,,75,75,,,0.35,,,,,1428.0,1475.9,3,4.6667,4.3333,3,4.3333,4.6667,4,6,0,0.4,4,6,0,0.4,5.0533,4.8667,75,4.5867,5.7867,75,15,52,4.6154,4.9231,15,69,4.4928,5.7826,3,4,7,1,mlb-col,"{""common_opponents"": 1, ""games_played"": 1, ""head_to_head"": 1, ""home_advantage"": 1, ""last10_form"": 1, ""season_scoring"": 1, ""travel_km"": 1}"
824663,MLB,2026,regular,2026-06-19,2026-06-19,mlb-tor,mlb-chc,final,,,75,75,,,0.35,,,,,1363.6,0.0,,,,,,,6,4,0,0.6,5,5,0,0.5,4.08,4.2533,75,4.5867,4.4667,75,12,42,3.9286,4.4286,12,47,4.7021,4.5319,2,16,18,14,mlb-chc,"{""common_opponents"": 1, ""games_played"": 1, ""head_to_head"": 1, ""home_advantage"": 1, ""last10_form"": 1, ""season_scoring"": 1, ""travel_km"": 1}"
824910,MLB,2026,regular,2026-06-19,2026-06-19,mlb-mil,mlb-atl,final,,,72,74,,,0.35,,,,,1060.6,0.0,,,,,,,6,4,0,0.6,3,7,0,0.3,5.3194,3.7083,72,4.973,3.6892,74,16,52,5.75,4.1346,16,62,5.1129,3.6452,2,3,5,1,mlb-atl,"{""common_opponents"": 1, ""games_played"": 1, ""head_to_head"": 1, ""home_advantage"": 1, ""last10_form"": 1, ""season_scoring"": 1, ""travel_km"": 1}"
824990,MLB,2026,regular,2026-06-19,2026-06-19,mlb-laa,mlb-ath,final,,,76,75,,,0.35,,,,,0.0,0.0,5,3.0,5.8,5,5.8,3.0,5,5,0,0.5,6,4,0,0.6,4.3947,4.9737,76,4.6,5.2133,75,13,50,4.3,4.76,13,52,4.2308,5.3654,11,12,23,1,mlb-ath,"{""common_opponents"": 1, ""games_played"": 1, ""head_to_head"": 1, ""home_advantage"": 1, ""last10_form"": 1, ""season_scoring"": 1, ""travel_km"": 1}"
825069,MLB,2026,regular,2026-06-19,2026-06-19,mlb-min,mlb-ari,final,,,76,74,,,0.35,,,,,1396.6,0.0,,,,,,,6,4,0,0.6,5,5,0,0.5,4.7763,5.0921,76,4.2162,4.473,74,12,48,4.7708,5.2708,12,39,4.0256,4.7692,5,9,14,4,mlb-ari,"{""common_opponents"": 1, ""games_played"": 1, ""head_to_head"": 1, ""home_advantage"": 1, ""last10_form"": 1, ""season_scoring"": 1, ""travel_km"": 1}"
822885,MLB,2026,regular,2026-06-20,2026-06-20,mlb-sd,mlb-tex,final,,,74,75,,,0.35,,,,,0.0,0.0,1,7.0,9.0,1,9.0,7.0,5,5,0,0.5,4,6,0,0.4,3.8784,4.027,74,4.0133,4.1467,75,14,55,3.9636,3.7455,14,49,3.9796,3.9796,6,4,10,-2,mlb-sd,"{""common_opponents"": 1, ""games_played"": 1, ""head_to_head"": 1, ""home_advantage"": 1, ""last10_form"": 1, ""season_scoring"": 1, ""travel_km"": 1}"
822967,MLB,2026,regular,2026-06-20,2026-06-20,mlb-wsh,mlb-tb,final,,,76,72,,,0.35,,,,,0.0,0.0,1,2.0,5.0,1,5.0,2.0,6,4,0,0.6,5,5,0,0.5,5.3816,5.2237,76,4.4444,4.3333,72,12,46,5.1739,5.6087,12,45,4.4889,4.4,4,3,7,-1,mlb-wsh,"{""common_opponents"": 1, ""games_played"": 1, ""head_to_head"": 1, ""home_advantage"": 1, ""last10_form"": 1, ""season_scoring"": 1, ""travel_km"": 1}"
823126,MLB,2026,regular,2026-06-20,2026-06-20,mlb-bos,mlb-sea,final,,,73,77,,,0.35,,,,,0.0,0.0,1,6.0,2.0,1,2.0,6.0,3,7,0,0.3,4,6,0,0.4,3.9452,4.0685,73,4.1818,3.9351,77,11,51,4.451,4.3137,11,52,4.0385,3.9231,5,1,6,-4,mlb-bos,"{""common_opponents"": 1, ""games_played"": 1, ""head_to_head"": 1, ""home_advantage"": 1, ""last10_form"": 1, ""season_scoring"": 1, ""travel_km"": 1}"
823447,MLB,2026,regular,2026-06-20,2026-06-20,mlb-nym,mlb-phi,final,,,75,75,,,0.35,,,,,0.0,0.0,1,6.0,4.0,1,4.0,6.0,5,5,0,0.5,5,5,0,0.5,4.08,4.28,75,4.1067,4.3733,75,12,53,3.9811,4.3962,12,56,4.2679,4.5179,3,15,18,12,mlb-phi,"{""common_opponents"": 1, ""games_played"": 1, ""head_to_head"": 1, ""home_advantage"": 1, ""last10_form"": 1, ""season_scoring"": 1, ""travel_km"": 1}"
823532,MLB,2026,regular,2026-06-20,2026-06-20,mlb-cin,mlb-nyy,final,,,74,74,,,0.35,,,,,0.0,0.0,1,0.0,5.0,1,5.0,0.0,4,6,0,0.4,8,2,0,0.8,4.2027,4.973,74,5.2162,3.5541,74,10,34,4.0882,4.2647,10,44,5.2955,3.6591,10,2,12,-8,mlb-cin,"{""common_opponents"": 1, ""games_played"": 1, ""head_to_head"": 1, ""home_advantage"": 1, ""last10_form"": 1, ""season_scoring"": 1, ""travel_km"": 1}"
823854,MLB,2026,regular,2026-06-20,2026-06-20,mlb-sf,mlb-mia,final,,,76,76,,,0.35,,,,,0.0,0.0,4,4.75,4.5,4,4.5,4.75,5,5,0,0.5,7,3,0,0.7,4.2105,4.8026,76,4.3158,4.3684,76,14,57,4.0702,5.0702,14,60,4.5833,4.3167,3,6,9,3,mlb-mia,"{""common_opponents"": 1, ""games_played"": 1, ""head_to_head"": 1, ""home_advantage"": 1, ""last10_form"": 1, ""season_scoring"": 1, ""travel_km"": 1}"
823937,MLB,2026,regular,2026-06-20,2026-06-20,mlb-bal,mlb-lad,final,,,77,76,,,0.35,,,,,0.0,0.0,1,5.0,6.0,1,6.0,5.0,4,6,0,0.4,7,3,0,0.7,4.5974,5.0779,77,5.2895,3.3816,76,12,44,5.0227,5.0682,12,44,4.8636,3.4545,3,2,5,-1,mlb-bal,"{""common_opponents"": 1, ""games_played"": 1, ""head_to_head"": 1, ""home_advantage"": 1, ""last10_form"": 1, ""season_scoring"": 1, ""travel_km"": 1}"
824180,MLB,2026,regular,2026-06-20,2026-06-20,mlb-cle,mlb-hou,final,,,76,77,,,0.35,,,,,0.0,0.0,4,3.25,6.25,4,6.25,3.25,3,7,0,0.3,6,4,0,0.6,3.9605,4.1316,76,4.5844,5.039,77,15,57,4.3158,3.9123,15,64,4.5156,4.9688,8,1,9,-7,mlb-cle,"{""common_opponents"": 1, ""games_played"": 1, ""head_to_head"": 1, ""home_advantage"": 1, ""last10_form"": 1, ""season_scoring"": 1, ""travel_km"": 1}"
824263,MLB,2026,regular,2026-06-20,2026-06-20,mlb-cws,mlb-det,final,,,74,75,,,0.35,,,,,0.0,0.0,4,4.0,2.25,4,2.25,4.0,5,5,0,0.5,5,5,0,0.5,4.7027,4.7027,74,4.0667,4.1867,75,12,49,4.449,4.3878,12,43,4.3953,3.9767,1,4,5,3,mlb-det,"{""common_opponents"": 1, ""games_played"": 1, ""head_to_head"": 1, ""home_advantage"": 1, ""last10_form"": 1, ""season_scoring"": 1, ""travel_km"": 1}"
824342,MLB,2026,regular,2026-06-20,2026-06-20,mlb-pit,mlb-col,final,,,76,76,,,0.35,,,,,0.0,0.0,4,4.25,4.25,4,4.25,4.25,4,6,0,0.4,5,5,0,0.5,5.0263,4.8553,76,4.5789,5.75,76,15,52,4.6154,4.9231,15,69,4.4928,5.7826,1,2,3,1,mlb-col,"{""common_opponents"": 1, ""games_played"": 1, ""head_to_head"": 1, ""home_advantage"": 1, ""last10_form"": 1, ""season_scoring"": 1, ""travel_km"": 1}"
824665,MLB,2026,regular,2026-06-20,2026-06-20,mlb-tor,mlb-chc,final,,,76,76,,,0.35,,,,,0.0,0.0,1,2.0,16.0,1,16.0,2.0,5,5,0,0.5,6,4,0,0.6,4.0526,4.4079,76,4.7368,4.4342,76,12,42,3.9286,4.4286,12,47,4.7021,4.5319,8,6,14,-2,mlb-tor,"{""common_opponents"": 1, ""games_played"": 1, ""head_to_head"": 1, ""home_advantage"": 1, ""last10_form"": 1, ""season_scoring"": 1, ""travel_km"": 1}"
824909,MLB,2026,regular,2026-06-20,2026-06-20,mlb-mil,mlb-atl,final,,,73,75,,,0.35,,,,,0.0,0.0,1,2.0,3.0,1,3.0,2.0,5,5,0,0.5,3,7,0,0.3,5.274,3.6986,73,4.9467,3.6667,75,16,52,5.75,4.1346,16,62,5.1129,3.6452,3,4,7,1,mlb-atl,"{""common_opponents"": 1, ""games_played"": 1, ""head_to_head"": 1, ""home_advantage"": 1, ""last10_form"": 1, ""season_scoring"": 1, ""travel_km"": 1}"
824988,MLB,2026,regular,2026-06-20,2026-06-20,mlb-laa,mlb-ath,final,,,77,76,,,0.35,,,,,0.0,0.0,6,4.3333,6.8333,6,6.8333,4.3333,5,5,0,0.5,7,3,0,0.7,4.4805,5.0649,77,4.6974,5.2895,76,13,50,4.3,4.76,13,52,4.2308,5.3654,7,0,7,-7,mlb-laa,"{""common_opponents"": 1, ""games_played"": 1, ""head_to_head"": 1, ""home_advantage"": 1, ""last10_form"": 1, ""season_scoring"": 1, ""travel_km"": 1}"
825068,MLB,2026,regular,2026-06-20,2026-06-20,mlb-min,mlb-ari,final,,,77,75,,,0.35,,,,,0.0,0.0,1,5.0,9.0,1,9.0,5.0,6,4,0,0.6,5,5,0,0.5,4.7792,5.1429,77,4.28,4.48,75,12,48,4.7708,5.2708,12,39,4.0256,4.7692,16,8,24,-8,mlb-min,"{""common_opponents"": 1, ""games_played"": 1, ""head_to_head"": 1, ""home_advantage"": 1, ""last10_form"": 1, ""season_scoring"": 1, ""travel_km"": 1}"
822883,MLB,2026,regular,2026-06-21,2026-06-21,mlb-sd,mlb-tex,final,,,75,76,,,0.35,,,,,0.0,0.0,2,6.5,6.5,2,6.5,6.5,5,5,0,0.5,4,6,0,0.4,3.9067,4.0267,75,4.0132,4.1711,76,14,55,3.9636,3.7455,14,49,3.9796,3.9796,3,4,7,1,mlb-tex,"{""common_opponents"": 1, ""games_played"": 1, ""head_to_head"": 1, ""home_advantage"": 1, ""last10_form"": 1, ""season_scoring"": 1, ""travel_km"": 1}"
822968,MLB,2026,regular,2026-06-21,2026-06-21,mlb-wsh,mlb-tb,final,,,77,73,,,0.35,,,,,0.0,0.0,2,3.0,4.0,2,4.0,3.0,6,4,0,0.6,4,6,0,0.4,5.3636,5.1948,77,4.4247,4.3288,73,12,46,5.1739,5.6087,12,45,4.4889,4.4,3,4,7,1,mlb-tb,"{""common_opponents"": 1, ""games_played"": 1, ""head_to_head"": 1, ""home_advantage"": 1, ""last10_form"": 1, ""season_scoring"": 1, ""travel_km"": 1}"
823123,MLB,2026,regular,2026-06-21,2026-06-21,mlb-bos,mlb-sea,final,,,74,78,,,0.35,,,,,0.0,0.0,2,5.5,1.5,2,1.5,5.5,4,6,0,0.4,3,7,0,0.3,3.9595,4.027,74,4.141,3.9487,78,11,51,4.451,4.3137,11,52,4.0385,3.9231,1,3,4,2,mlb-sea,"{""common_opponents"": 1, ""games_played"": 1, ""head_to_head"": 1, ""home_advantage"": 1, ""last10_form"": 1, ""season_scoring"": 1, ""travel_km"": 1}"
823449,MLB,2026,regular,2026-06-21,2026-06-21,mlb-nym,mlb-phi,final,,,76,76,,,0.35,,,,,0.0,0.0,2,4.5,9.5,2,9.5,4.5,5,5,0,0.5,5,5,0,0.5,4.0658,4.4211,76,4.25,4.3553,76,12,53,3.9811,4.3962,12,56,4.2679,4.5179,2,6,8,4,mlb-phi,"{""common_opponents"": 1, ""games_played"": 1, ""head_to_head"": 1, ""home_advantage"": 1, ""last10_form"": 1, ""season_scoring"": 1, ""travel_km"": 1}"
823531,MLB,2026,regular,2026-06-21,2026-06-21,mlb-cin,mlb-nyy,final,,,75,75,,,0.35,,,,,0.0,0.0,2,5.0,3.5,2,3.5,5.0,5,5,0,0.5,7,3,0,0.7,4.28,4.9333,75,5.1733,3.64,75,10,34,4.0882,4.2647,10,44,5.2955,3.6591,4,1,5,-3,mlb-cin,"{""common_opponents"": 1, ""games_played"": 1, ""head_to_head"": 1, ""home_advantage"": 1, ""last10_form"": 1, ""season_scoring"": 1, ""travel_km"": 1}"
823852,MLB,2026,regular,2026-06-21,2026-06-21,mlb-sf,mlb-mia,final,,,77,77,,,0.35,,,,,0.0,0.0,5,4.4,4.8,5,4.8,4.4,5,5,0,0.5,7,3,0,0.7,4.1948,4.8182,77,4.3377,4.3506,77,14,57,4.0702,5.0702,14,60,4.5833,4.3167,1,2,3,1,mlb-mia,"{""common_opponents"": 1, ""games_played"": 1, ""head_to_head"": 1, ""home_advantage"": 1, ""last10_form"": 1, ""season_scoring"": 1, ""travel_km"": 1}"
823934,MLB,2026,regular,2026-06-21,2026-06-21,mlb-bal,mlb-lad,final,,,78,77,,,0.35,,,,,0.0,0.0,2,4.0,4.0,2,4.0,4.0,5,5,0,0.5,6,4,0,0.6,4.5769,5.0385,78,5.2468,3.3766,77,12,44,5.0227,5.0682,12,44,4.8636,3.4545,12,1,13,-11,mlb-bal,"{""common_opponents"": 1, ""games_played"": 1, ""head_to_head"": 1, ""home_advantage"": 1, ""last10_form"": 1, ""season_scoring"": 1, ""travel_km"": 1}"
824095,MLB,2026,regular,2026-06-21,2026-06-21,mlb-stl,mlb-kc,final,,,74,77,,,0.35,,,,,0.0,0.0,5,4.0,5.6,5,5.6,4.0,4,6,0,0.4,4,6,0,0.4,4.5541,4.527,74,4.1688,4.7143,77,11,37,4.7568,5.0541,11,50,4.2,4.42,12,10,22,-2,mlb-stl,"{""common_opponents"": 1, ""games_played"": 1, ""head_to_head"": 1, ""home_advantage"": 1, ""last10_form"": 1, ""season_scoring"": 1, ""travel_km"": 1}"
824177,MLB,2026,regular,2026-06-21,2026-06-21,mlb-cle,mlb-hou,final,,,77,78,,,0.35,,,,,0.0,0.0,5,4.2,5.2,5,5.2,4.2,4,6,0,0.4,5,5,0,0.5,4.013,4.0909,77,4.5385,5.0769,78,15,57,4.3158,3.9123,15,64,4.5156,4.9688,1,2,3,1,mlb-hou,"{""common_opponents"": 1, ""games_played"": 1, ""head_to_head"": 1, ""home_advantage"": 1, ""last10_form"": 1, ""season_scoring"": 1, ""travel_km"": 1}"
824260,MLB,2026,regular,2026-06-21,2026-06-21,mlb-cws,mlb-det,final,,,75,76,,,0.35,,,,,0.0,0.0,5,3.4,2.6,5,2.6,3.4,5,5,0,0.5,5,5,0,0.5,4.6533,4.6933,75,4.0658,4.1447,76,12,49,4.449,4.3878,12,43,4.3953,3.9767,4,5,9,1,mlb-det,"{""common_opponents"": 1, ""games_played"": 1, ""head_to_head"": 1, ""home_advantage"": 1, ""last10_form"": 1, ""season_scoring"": 1, ""travel_km"": 1}"
824343,MLB,2026,regular,2026-06-21,2026-06-21,mlb-pit,mlb-col,final,,,77,77,,,0.35,,,,,0.0,0.0,5,3.6,3.8,5,3.8,3.6,4,6,0,0.4,5,5,0,0.5,4.974,4.8182,77,4.5455,5.6883,77,15,52,4.6154,4.9231,15,69,4.4928,5.7826,8,6,14,-2,mlb-pit,"{""common_opponents"": 1, ""games_played"": 1, ""head_to_head"": 1, ""home_advantage"": 1, ""last10_form"": 1, ""season_scoring"": 1, ""travel_km"": 1}"
824908,MLB,2026,regular,2026-06-21,2026-06-21,mlb-mil,mlb-atl,final,,,74,76,,,0.35,,,,,0.0,0.0,2,2.5,3.5,2,3.5,2.5,4,6,0,0.4,3,7,0,0.3,5.2432,3.7027,74,4.9342,3.6579,76,16,52,5.75,4.1346,16,62,5.1129,3.6452,9,4,13,-5,mlb-mil,"{""common_opponents"": 1, ""games_played"": 1, ""head_to_head"": 1, ""home_advantage"": 1, ""last10_form"": 1, ""season_scoring"": 1, ""travel_km"": 1}"
824987,MLB,2026,regular,2026-06-21,2026-06-21,mlb-laa,mlb-ath,final,,,78,77,,,0.35,,,,,0.0,0.0,7,4.7143,5.8571,7,5.8571,4.7143,5,5,0,0.5,6,4,0,0.6,4.5128,5.0,78,4.6364,5.3117,77,13,50,4.3,4.76,13,52,4.2308,5.3654,9,7,16,-2,mlb-laa,"{""common_opponents"": 1, ""games_played"": 1, ""head_to_head"": 1, ""home_advantage"": 1, ""last10_form"": 1, ""season_scoring"": 1, ""travel_km"": 1}"
825067,MLB,2026,regular,2026-06-21,2026-06-21,mlb-min,mlb-ari,final,,,78,76,,,0.35,,,,,0.0,0.0,2,10.5,8.5,2,8.5,10.5,7,3,0,0.7,5,5,0,0.5,4.9231,5.1795,78,4.3289,4.6316,76,12,48,4.7708,5.2708,12,39,4.0256,4.7692,4,2,6,-2,mlb-min,"{""common_opponents"": 1, ""games_played"": 1, ""head_to_head"": 1, ""home_advantage"": 1, ""last10_form"": 1, ""season_scoring"": 1, ""travel_km"": 1}"
822720,MLB,2026,regular,2026-06-22,2026-06-22,mlb-phi,mlb-wsh,final,,,77,78,,,0.35,,,,,195.5,1340.8,3,3.6667,6.6667,3,6.6667,3.6667,6,4,0,0.6,5,5,0,0.5,4.2727,4.3247,77,5.3333,5.1795,78,13,56,4.1964,4.4464,13,57,5.1228,5.3509,1,4,5,3,mlb-wsh,"{""common_opponents"": 1, ""games_played"": 1, ""head_to_head"": 1, ""home_advantage"": 1, ""last10_form"": 1, ""season_scoring"": 1, ""travel_km"": 1}"
822800,MLB,2026,regular,2026-06-22,2026-06-22,mlb-hou,mlb-tor,final,,,79,77,,,0.35,,,,,2092.5,699.9,,,,,,,6,4,0,0.6,6,4,0,0.6,4.5063,5.0253,79,4.1039,4.4286,77,13,55,4.6545,4.9273,13,56,4.2857,4.3571,2,4,6,2,mlb-tor,"{""common_opponents"": 1, ""games_played"": 1, ""head_to_head"": 1, ""home_advantage"": 1, ""last10_form"": 1, ""season_scoring"": 1, ""travel_km"": 1}"
822964,MLB,2026,regular,2026-06-22,2026-06-22,mlb-kc,mlb-tb,final,,,78,74,,,0.35,,,,,1664.0,0.0,,,,,,,4,6,0,0.4,4,6,0,0.4,4.2436,4.8077,78,4.4189,4.3108,74,12,57,4.3684,4.9123,12,50,4.6,4.54,2,1,3,-1,mlb-kc,"{""common_opponents"": 1, ""games_played"": 1, ""head_to_head"": 1, ""home_advantage"": 1, ""last10_form"": 1, ""season_scoring"": 1, ""travel_km"": 1}"
823040,MLB,2026,regular,2026-06-22,2026-06-22,mlb-ari,mlb-stl,final,,,77,75,,,0.35,,,,,2043.7,374.4,,,,,,,5,5,0,0.5,4,6,0,0.4,4.2987,4.6234,77,4.6533,4.6,75,13,45,3.7556,4.8444,13,54,4.4074,4.0926,2,3,5,1,mlb-stl,"{""common_opponents"": 1, ""games_played"": 1, ""head_to_head"": 1, ""home_advantage"": 1, ""last10_form"": 1, ""season_scoring"": 1, ""travel_km"": 1}"
823288,MLB,2026,regular,2026-06-22,2026-06-22,mlb-atl,mlb-sd,final,,,77,76,,,0.35,,,,,3028.1,1874.8,,,,,,,3,7,0,0.3,5,5,0,0.5,4.9221,3.7273,77,3.8947,4.0263,76,17,61,4.7049,3.5738,17,63,3.9206,4.0952,0,1,1,1,mlb-sd,"{""common_opponents"": 1, ""games_played"": 1, ""head_to_head"": 1, ""home_advantage"": 1, ""last10_form"": 1, ""season_scoring"": 1, ""travel_km"": 1}"
823692,MLB,2026,regular,2026-06-22,2026-06-22,mlb-lad,mlb-min,final,,,78,79,,,0.35,,,,,2446.0,2056.7,,,,,,,6,4,0,0.6,7,3,0,0.7,5.1923,3.4872,78,4.9114,5.1392,79,14,46,5.1087,3.6304,14,53,4.8491,5.1698,2,1,3,-1,mlb-lad,"{""common_opponents"": 1, ""games_played"": 1, ""head_to_head"": 1, ""home_advantage"": 1, ""last10_form"": 1, ""season_scoring"": 1, ""travel_km"": 1}"
823851,MLB,2026,regular,2026-06-22,2026-06-22,mlb-tex,mlb-mia,final,,,77,78,,,0.35,,,,,1807.2,0.0,,,,,,,4,6,0,0.4,7,3,0,0.7,4.013,4.1558,77,4.3077,4.3077,78,11,36,4.0278,4.3889,11,38,4.0,4.1842,4,3,7,-1,mlb-tex,"{""common_opponents"": 1, ""games_played"": 1, ""head_to_head"": 1, ""home_advantage"": 1, ""last10_form"": 1, ""season_scoring"": 1, ""travel_km"": 1}"
824016,MLB,2026,regular,2026-06-22,2026-06-22,mlb-bal,mlb-laa,final,,,79,79,,,0.35,,,,,44.9,623.3,,,,,,,5,5,0,0.5,5,5,0,0.5,4.6709,4.9873,79,4.5696,5.0253,79,14,58,4.7759,4.931,14,64,4.5938,4.9844,6,1,7,-5,mlb-bal,"{""common_opponents"": 1, ""games_played"": 1, ""head_to_head"": 1, ""home_advantage"": 1, ""last10_form"": 1, ""season_scoring"": 1, ""travel_km"": 1}"
824261,MLB,2026,regular,2026-06-22,2026-06-22,mlb-nyy,mlb-det,final,,,76,77,,,0.35,,,,,776.6,0.0,,,,,,,6,4,0,0.6,5,5,0,0.5,5.1184,3.6447,76,4.0779,4.1429,77,15,67,5.1343,3.7761,15,58,3.8793,4.1552,3,5,8,2,mlb-det,"{""common_opponents"": 1, ""games_played"": 1, ""head_to_head"": 1, ""home_advantage"": 1, ""last10_form"": 1, ""season_scoring"": 1, ""travel_km"": 1}"
824344,MLB,2026,regular,2026-06-22,2026-06-22,mlb-bos,mlb-col,final,,,75,78,,,0.35,,,,,1638.6,0.0,,,,,,,4,6,0,0.4,4,6,0,0.4,3.92,4.0133,75,4.5641,5.7179,78,8,33,3.2727,4.0909,8,34,4.4412,5.9118,2,3,5,1,mlb-col,"{""common_opponents"": 1, ""games_played"": 1, ""head_to_head"": 1, ""home_advantage"": 1, ""last10_form"": 1, ""season_scoring"": 1, ""travel_km"": 1}"
824502,MLB,2026,regular,2026-06-22,2026-06-22,mlb-mil,mlb-cin,final,,,75,76,,,0.35,,,,,579.0,921.4,,,,,,,5,5,0,0.5,5,5,0,0.5,5.2933,3.7067,75,4.2763,4.8816,76,19,63,5.1587,3.4127,19,64,4.1719,5.0781,2,1,3,-1,mlb-mil,"{""common_opponents"": 1, ""games_played"": 1, ""head_to_head"": 1, ""home_advantage"": 1, ""last10_form"": 1, ""season_scoring"": 1, ""travel_km"": 1}"
824585,MLB,2026,regular,2026-06-22,2026-06-22,mlb-cle,mlb-cws,final,,,78,76,,,0.35,,,,,1510.7,382.6,,,,,,,4,6,0,0.4,4,6,0,0.4,3.9744,4.0641,78,4.6447,4.6974,76,16,60,3.85,3.7833,16,64,4.5,4.5156,5,6,11,1,mlb-cws,"{""common_opponents"": 1, ""games_played"": 1, ""head_to_head"": 1, ""home_advantage"": 1, ""last10_form"": 1, ""season_scoring"": 1, ""travel_km"": 1}"
822718,MLB,2026,regular,2026-06-23,2026-06-23,mlb-phi,mlb-wsh,final,,,78,79,,,0.35,,,,,0.0,0.0,4,3.0,6.0,4,6.0,3.0,5,5,0,0.5,6,4,0,0.6,4.2308,4.3205,78,5.3165,5.1266,79,13,56,4.1964,4.4464,13,57,5.1228,5.3509,14,9,23,-5,mlb-phi,"{""common_opponents"": 1, ""games_played"": 1, ""head_to_head"": 1, ""home_advantage"": 1, ""last10_form"": 1, ""season_scoring"": 1, ""travel_km"": 1}"
822799,MLB,2026,regular,2026-06-23,2026-06-23,mlb-hou,mlb-tor,final,,,80,78,,,0.35,,,,,0.0,0.0,1,2.0,4.0,1,4.0,2.0,6,4,0,0.6,6,4,0,0.6,4.475,5.0125,80,4.1026,4.3974,78,13,55,4.6545,4.9273,13,56,4.2857,4.3571,9,7,16,-2,mlb-hou,"{""common_opponents"": 1, ""games_played"": 1, ""head_to_head"": 1, ""home_advantage"": 1, ""last10_form"": 1, ""season_scoring"": 1, ""travel_km"": 1}"
822963,MLB,2026,regular,2026-06-23,2026-06-23,mlb-kc,mlb-tb,final,,,79,75,,,0.35,,,,,0.0,0.0,1,2.0,1.0,1,1.0,2.0,5,5,0,0.5,3,7,0,0.3,4.2152,4.7595,79,4.3733,4.28,75,12,57,4.3684,4.9123,12,50,4.6,4.54,12,5,17,-7,mlb-kc,"{""common_opponents"": 1, ""games_played"": 1, ""head_to_head"": 1, ""home_advantage"": 1, ""last10_form"": 1, ""season_scoring"": 1, ""travel_km"": 1}"
823043,MLB,2026,regular,2026-06-23,2026-06-23,mlb-ari,mlb-stl,final,,,78,76,,,0.35,,,,,0.0,0.0,1,2.0,3.0,1,3.0,2.0,5,5,0,0.5,5,5,0,0.5,4.2692,4.6026,78,4.6316,4.5658,76,13,45,3.7556,4.8444,13,54,4.4074,4.0926,4,3,7,-1,mlb-ari,"{""common_opponents"": 1, ""games_played"": 1, ""head_to_head"": 1, ""home_advantage"": 1, ""last10_form"": 1, ""season_scoring"": 1, ""travel_km"": 1}"
823210,MLB,2026,regular,2026-06-23,2026-06-23,mlb-ath,mlb-sf,final,,,78,78,,,0.35,,,,,117.5,4163.9,3,3.3333,6.0,3,6.0,3.3333,5,5,0,0.5,5,5,0,0.5,4.6667,5.359,78,4.1538,4.7821,78,11,36,4.8056,5.3333,11,44,4.5455,5.1364,1,3,4,2,mlb-sf,"{""common_opponents"": 1, ""games_played"": 1, ""head_to_head"": 1, ""home_advantage"": 1, ""last10_form"": 1, ""season_scoring"": 1, ""travel_km"": 1}"
823286,MLB,2026,regular,2026-06-23,2026-06-23,mlb-atl,mlb-sd,final,,,78,77,,,0.35,,,,,0.0,0.0,1,0.0,1.0,1,1.0,0.0,3,7,0,0.3,5,5,0,0.5,4.859,3.6923,78,3.8571,3.974,77,17,61,4.7049,3.5738,17,63,3.9206,4.0952,6,7,13,1,mlb-sd,"{""common_opponents"": 1, ""games_played"": 1, ""head_to_head"": 1, ""home_advantage"": 1, ""last10_form"": 1, ""season_scoring"": 1, ""travel_km"": 1}"
823365,MLB,2026,regular,2026-06-23,2026-06-23,mlb-sea,mlb-pit,final,,,79,78,,,0.35,,,,,3431.2,2119.7,,,,,,,4,6,0,0.4,4,6,0,0.4,4.1266,3.9114,79,5.0128,4.8333,78,11,51,4.4902,3.9412,11,38,5.1579,5.1316,3,2,5,-1,mlb-sea,"{""common_opponents"": 1, ""games_played"": 1, ""head_to_head"": 1, ""home_advantage"": 1, ""last10_form"": 1, ""season_scoring"": 1, ""travel_km"": 1}"
823614,MLB,2026,regular,2026-06-23,2026-06-23,mlb-chc,mlb-nym,final,,,77,77,,,0.35,,,,,1159.0,146.6,3,6.0,2.3333,3,2.3333,6.0,6,4,0,0.6,5,5,0,0.5,4.7532,4.4805,77,4.039,4.4416,77,13,54,4.8148,4.4815,13,56,3.7857,4.5714,9,6,15,-3,mlb-chc,"{""common_opponents"": 1, ""games_played"": 1, ""head_to_head"": 1, ""home_advantage"": 1, ""last10_form"": 1, ""season_scoring"": 1, ""travel_km"": 1}"
823690,MLB,2026,regular,2026-06-23,2026-06-23,mlb-lad,mlb-min,final,,,79,80,,,0.35,,,,,0.0,0.0,1,2.0,1.0,1,1.0,2.0,6,4,0,0.6,7,3,0,0.7,5.1519,3.4557,79,4.8625,5.1,80,14,46,5.1087,3.6304,14,53,4.8491,5.1698,12,3,15,-9,mlb-lad,"{""common_opponents"": 1, ""games_played"": 1, ""head_to_head"": 1, ""home_advantage"": 1, ""last10_form"": 1, ""season_scoring"": 1, ""travel_km"": 1}"
823849,MLB,2026,regular,2026-06-23,2026-06-23,mlb-tex,mlb-mia,final,,,78,79,,,0.35,,,,,0.0,0.0,1,4.0,3.0,1,3.0,4.0,4,6,0,0.4,6,4,0,0.6,4.0128,4.141,78,4.2911,4.3038,79,11,36,4.0278,4.3889,11,38,4.0,4.1842,4,6,10,2,mlb-mia,"{""common_opponents"": 1, ""games_played"": 1, ""head_to_head"": 1, ""home_advantage"": 1, ""last10_form"": 1, ""season_scoring"": 1, ""travel_km"": 1}"
824017,MLB,2026,regular,2026-06-23,2026-06-23,mlb-bal,mlb-laa,final,,,80,80,,,0.35,,,,,0.0,0.0,1,6.0,1.0,1,1.0,6.0,5,5,0,0.5,4,6,0,0.4,4.6875,4.9375,80,4.525,5.0375,80,14,58,4.7759,4.931,14,64,4.5938,4.9844,1,5,6,4,mlb-laa,"{""common_opponents"": 1, ""games_played"": 1, ""head_to_head"": 1, ""home_advantage"": 1, ""last10_form"": 1, ""season_scoring"": 1, ""travel_km"": 1}"
824262,MLB,2026,regular,2026-06-23,2026-06-23,mlb-nyy,mlb-det,final,,,77,78,,,0.35,,,,,0.0,0.0,1,3.0,5.0,1,5.0,3.0,5,5,0,0.5,6,4,0,0.6,5.0909,3.6623,77,4.0897,4.1282,78,15,67,5.1343,3.7761,15,58,3.8793,4.1552,4,3,7,-1,mlb-nyy,"{""common_opponents"": 1, ""games_played"": 1, ""head_to_head"": 1, ""home_advantage"": 1, ""last10_form"": 1, ""season_scoring"": 1, ""travel_km"": 1}"
824340,MLB,2026,regular,2026-06-23,2026-06-23,mlb-bos,mlb-col,final,,,76,79,,,0.35,,,,,0.0,0.0,1,2.0,3.0,1,3.0,2.0,4,6,0,0.4,5,5,0,0.5,3.8947,4.0,76,4.5443,5.6709,79,8,33,3.2727,4.0909,8,34,4.4412,5.9118,5,2,7,-3,mlb-bos,"{""common_opponents"": 1, ""games_played"": 1, ""head_to_head"": 1, ""home_advantage"": 1, ""last10_form"": 1, ""season_scoring"": 1, ""travel_km"": 1}"
824501,MLB,2026,regular,2026-06-23,2026-06-23,mlb-mil,mlb-cin,final,,,76,77,,,0.35,,,,,0.0,0.0,1,2.0,1.0,1,1.0,2.0,6,4,0,0.6,5,5,0,0.5,5.25,3.6711,76,4.2338,4.8442,77,19,63,5.1587,3.4127,19,64,4.1719,5.0781,2,0,2,-2,mlb-mil,"{""common_opponents"": 1, ""games_played"": 1, ""head_to_head"": 1, ""home_advantage"": 1, ""last10_form"": 1, ""season_scoring"": 1, ""travel_km"": 1}"
824584,MLB,2026,regular,2026-06-23,2026-06-23,mlb-cle,mlb-cws,final,,,79,77,,,0.35,,,,,0.0,0.0,1,5.0,6.0,1,6.0,5.0,4,6,0,0.4,4,6,0,0.4,3.9873,4.0886,79,4.6623,4.7013,77,16,60,3.85,3.7833,16,64,4.5,4.5156,1,2,3,1,mlb-cws,"{""common_opponents"": 1, ""games_played"": 1, ""head_to_head"": 1, ""home_advantage"": 1, ""last10_form"": 1, ""season_scoring"": 1, ""travel_km"": 1}"
822719,MLB,2026,regular,2026-06-24,2026-06-24,mlb-phi,mlb-wsh,final,,,79,80,,,0.35,,,,,0.0,0.0,5,5.2,6.6,5,6.6,5.2,6,4,0,0.6,6,4,0,0.6,4.3544,4.3797,79,5.3625,5.2375,80,13,56,4.1964,4.4464,13,57,5.1228,5.3509,5,4,9,-1,mlb-phi,"{""common_opponents"": 1, ""games_played"": 1, ""head_to_head"": 1, ""home_advantage"": 1, ""last10_form"": 1, ""season_scoring"": 1, ""travel_km"": 1}"
822798,MLB,2026,regular,2026-06-24,2026-06-24,mlb-hou,mlb-tor,final,,,81,79,,,0.35,,,,,0.0,0.0,2,5.5,5.5,2,5.5,5.5,6,4,0,0.6,6,4,0,0.6,4.5309,5.037,81,4.1392,4.4557,79,13,55,4.6545,4.9273,13,56,4.2857,4.3571,3,1,4,-2,mlb-hou,"{""common_opponents"": 1, ""games_played"": 1, ""head_to_head"": 1, ""home_advantage"": 1, ""last10_form"": 1, ""season_scoring"": 1, ""travel_km"": 1}"
822965,MLB,2026,regular,2026-06-24,2026-06-24,mlb-kc,mlb-tb,final,,,80,76,,,0.35,,,,,0.0,0.0,2,7.0,3.0,2,3.0,7.0,6,4,0,0.6,3,7,0,0.3,4.3125,4.7625,80,4.3816,4.3816,76,12,57,4.3684,4.9123,12,50,4.6,4.54,3,5,8,2,mlb-tb,"{""common_opponents"": 1, ""games_played"": 1, ""head_to_head"": 1, ""home_advantage"": 1, ""last10_form"": 1, ""season_scoring"": 1, ""travel_km"": 1}"
823041,MLB,2026,regular,2026-06-24,2026-06-24,mlb-ari,mlb-stl,final,,,79,77,,,0.35,,,,,0.0,0.0,2,3.0,3.0,2,3.0,3.0,5,5,0,0.5,5,5,0,0.5,4.2658,4.5823,79,4.6104,4.5584,77,13,45,3.7556,4.8444,13,54,4.4074,4.0926,9,4,13,-5,mlb-ari,"{""common_opponents"": 1, ""games_played"": 1, ""head_to_head"": 1, ""home_advantage"": 1, ""last10_form"": 1, ""season_scoring"": 1, ""travel_km"": 1}"
823208,MLB,2026,regular,2026-06-24,2026-06-24,mlb-ath,mlb-sf,final,,,79,79,,,0.35,,,,,0.0,0.0,4,2.75,5.25,4,5.25,2.75,4,6,0,0.4,5,5,0,0.5,4.6203,5.3291,79,4.1392,4.7342,79,11,36,4.8056,5.3333,11,44,4.5455,5.1364,1,2,3,1,mlb-sf,"{""common_opponents"": 1, ""games_played"": 1, ""head_to_head"": 1, ""home_advantage"": 1, ""last10_form"": 1, ""season_scoring"": 1, ""travel_km"": 1}"
823284,MLB,2026,regular,2026-06-24,2026-06-24,mlb-atl,mlb-sd,final,,,79,78,,,0.35,,,,,0.0,0.0,2,3.0,4.0,2,4.0,3.0,3,7,0,0.3,6,4,0,0.6,4.8734,3.7342,79,3.8974,4.0,78,17,61,4.7049,3.5738,17,63,3.9206,4.0952,2,5,7,3,mlb-sd,"{""common_opponents"": 1, ""games_played"": 1, ""head_to_head"": 1, ""home_advantage"": 1, ""last10_form"": 1, ""season_scoring"": 1, ""travel_km"": 1}"
823367,MLB,2026,regular,2026-06-24,2026-06-24,mlb-sea,mlb-pit,final,,,80,79,,,0.35,,,,,0.0,0.0,1,3.0,2.0,1,2.0,3.0,5,5,0,0.5,4,6,0,0.4,4.1125,3.8875,80,4.9747,4.8101,79,11,51,4.4902,3.9412,11,38,5.1579,5.1316,1,11,12,10,mlb-pit,"{""common_opponents"": 1, ""games_played"": 1, ""head_to_head"": 1, ""home_advantage"": 1, ""last10_form"": 1, ""season_scoring"": 1, ""travel_km"": 1}"
823611,MLB,2026,regular,2026-06-24,2026-06-24,mlb-chc,mlb-nym,final,,,78,78,,,0.35,,,,,0.0,0.0,4,6.75,3.25,4,3.25,6.75,7,3,0,0.7,4,6,0,0.4,4.8077,4.5,78,4.0641,4.5,78,13,54,4.8148,4.4815,13,56,3.7857,4.5714,10,5,15,-5,mlb-chc,"{""common_opponents"": 1, ""games_played"": 1, ""head_to_head"": 1, ""home_advantage"": 1, ""last10_form"": 1, ""season_scoring"": 1, ""travel_km"": 1}"
823613,MLB,2026,regular,2026-06-24,2026-06-24,mlb-chc,mlb-nym,postponed,,,78,78,,,0.35,,,,,0.0,0.0,4,6.75,3.25,4,3.25,6.75,7,3,0,0.7,4,6,0,0.4,4.8077,4.5,78,4.0641,4.5,78,13,54,4.8148,4.4815,13,56,3.7857,4.5714,10,3,13,-7,mlb-chc,"{""common_opponents"": 1, ""games_played"": 1, ""head_to_head"": 1, ""home_advantage"": 1, ""last10_form"": 1, ""season_scoring"": 1, ""travel_km"": 1}"
823613,MLB,2026,regular,2026-06-24,2026-06-24,mlb-chc,mlb-nym,final,,,78,78,,,0.35,,,,,0.0,0.0,4,6.75,3.25,4,3.25,6.75,7,3,0,0.7,4,6,0,0.4,4.8077,4.5,78,4.0641,4.5,78,13,54,4.8148,4.4815,13,56,3.7857,4.5714,10,3,13,-7,mlb-chc,"{""common_opponents"": 1, ""games_played"": 1, ""head_to_head"": 1, ""home_advantage"": 1, ""last10_form"": 1, ""season_scoring"": 1, ""travel_km"": 1}"
823691,MLB,2026,regular,2026-06-24,2026-06-24,mlb-lad,mlb-min,final,,,80,81,,,0.35,,,,,0.0,0.0,2,7.0,2.0,2,2.0,7.0,7,3,0,0.7,6,4,0,0.6,5.2375,3.45,80,4.8395,5.1852,81,14,46,5.1087,3.6304,14,53,4.8491,5.1698,4,3,7,-1,mlb-lad,"{""common_opponents"": 1, ""games_played"": 1, ""head_to_head"": 1, ""home_advantage"": 1, ""last10_form"": 1, ""season_scoring"": 1, ""travel_km"": 1}"
823850,MLB,2026,regular,2026-06-24,2026-06-24,mlb-tex,mlb-mia,final,,,79,80,,,0.35,,,,,0.0,0.0,2,4.0,4.5,2,4.5,4.0,4,6,0,0.4,6,4,0,0.6,4.0127,4.1646,79,4.3125,4.3,80,11,36,4.0278,4.3889,11,38,4.0,4.1842,2,4,6,2,mlb-mia,"{""common_opponents"": 1, ""games_played"": 1, ""head_to_head"": 1, ""home_advantage"": 1, ""last10_form"": 1, ""season_scoring"": 1, ""travel_km"": 1}"
824018,MLB,2026,regular,2026-06-24,2026-06-24,mlb-bal,mlb-laa,final,,,81,81,,,0.35,,,,,0.0,0.0,2,3.5,3.0,2,3.0,3.5,4,6,0,0.4,4,6,0,0.4,4.642,4.9383,81,4.5309,4.9877,81,14,58,4.7759,4.931,14,64,4.5938,4.9844,6,7,13,1,mlb-laa,"{""common_opponents"": 1, ""games_played"": 1, ""head_to_head"": 1, ""home_advantage"": 1, ""last10_form"": 1, ""season_scoring"": 1, ""travel_km"": 1}"
824259,MLB,2026,regular,2026-06-24,2026-06-24,mlb-nyy,mlb-det,final,,,78,79,,,0.35,,,,,0.0,0.0,2,3.5,4.0,2,4.0,3.5,6,4,0,0.6,5,5,0,0.5,5.0769,3.6538,78,4.0759,4.1266,79,15,67,5.1343,3.7761,15,58,3.8793,4.1552,4,2,6,-2,mlb-nyy,"{""common_opponents"": 1, ""games_played"": 1, ""head_to_head"": 1, ""home_advantage"": 1, ""last10_form"": 1, ""season_scoring"": 1, ""travel_km"": 1}"
824341,MLB,2026,regular,2026-06-24,2026-06-24,mlb-bos,mlb-col,final,,,77,80,,,0.35,,,,,0.0,0.0,2,3.5,2.5,2,2.5,3.5,4,6,0,0.4,5,5,0,0.5,3.9091,3.974,77,4.5125,5.6625,80,8,33,3.2727,4.0909,8,34,4.4412,5.9118,6,8,14,2,mlb-col,"{""common_opponents"": 1, ""games_played"": 1, ""head_to_head"": 1, ""home_advantage"": 1, ""last10_form"": 1, ""season_scoring"": 1, ""travel_km"": 1}"
824500,MLB,2026,regular,2026-06-24,2026-06-24,mlb-mil,mlb-cin,final,,,77,78,,,0.35,,,,,0.0,0.0,2,2.0,0.5,2,0.5,2.0,6,4,0,0.6,5,5,0,0.5,5.2078,3.6234,77,4.1795,4.8077,78,19,63,5.1587,3.4127,19,64,4.1719,5.0781,6,5,11,-1,mlb-mil,"{""common_opponents"": 1, ""games_played"": 1, ""head_to_head"": 1, ""home_advantage"": 1, ""last10_form"": 1, ""season_scoring"": 1, ""travel_km"": 1}"
824583,MLB,2026,regular,2026-06-24,2026-06-24,mlb-cle,mlb-cws,final,,,80,78,,,0.35,,,,,0.0,0.0,2,3.0,4.0,2,4.0,3.0,4,6,0,0.4,4,6,0,0.4,3.95,4.0625,80,4.6282,4.6538,78,16,60,3.85,3.7833,16,64,4.5,4.5156,4,3,7,-1,mlb-cle,"{""common_opponents"": 1, ""games_played"": 1, ""head_to_head"": 1, ""home_advantage"": 1, ""last10_form"": 1, ""season_scoring"": 1, ""travel_km"": 1}"
822717,MLB,2026,regular,2026-06-25,2026-06-25,mlb-phi,mlb-wsh,final,,,80,81,,,0.35,,,,,0.0,0.0,6,5.1667,6.1667,6,6.1667,5.1667,6,4,0,0.6,5,5,0,0.5,4.3625,4.375,80,5.3457,5.2346,81,13,56,4.1964,4.4464,13,57,5.1228,5.3509,10,5,15,-5,mlb-phi,"{""common_opponents"": 1, ""games_played"": 1, ""head_to_head"": 1, ""home_advantage"": 1, ""last10_form"": 1, ""season_scoring"": 1, ""travel_km"": 1}"
822797,MLB,2026,regular,2026-06-25,2026-06-25,mlb-tex,mlb-tor,final,,,80,80,,,0.35,,,,,1987.7,0.0,,,,,,,4,6,0,0.4,5,5,0,0.5,3.9875,4.1625,80,4.1,4.4375,80,16,59,3.9492,4.4407,16,65,4.2615,4.4154,6,5,11,-1,mlb-tex,"{""common_opponents"": 1, ""games_played"": 1, ""head_to_head"": 1, ""home_advantage"": 1, ""last10_form"": 1, ""season_scoring"": 1, ""travel_km"": 1}"
822961,MLB,2026,regular,2026-06-25,2026-06-25,mlb-kc,mlb-tb,final,,,81,77,,,0.35,,,,,0.0,0.0,3,5.6667,3.6667,3,3.6667,5.6667,6,4,0,0.6,4,6,0,0.4,4.2963,4.7654,81,4.3896,4.3636,77,12,57,4.3684,4.9123,12,50,4.6,4.54,2,13,15,11,mlb-tb,"{""common_opponents"": 1, ""games_played"": 1, ""head_to_head"": 1, ""home_advantage"": 1, ""last10_form"": 1, ""season_scoring"": 1, ""travel_km"": 1}"
823209,MLB,2026,regular,2026-06-25,2026-06-25,mlb-ath,mlb-sf,final,,,80,80,,,0.35,,,,,0.0,0.0,5,2.4,4.6,5,4.6,2.4,3,7,0,0.3,6,4,0,0.6,4.575,5.2875,80,4.1125,4.6875,80,11,36,4.8056,5.3333,11,44,4.5455,5.1364,9,6,15,-3,mlb-ath,"{""common_opponents"": 1, ""games_played"": 1, ""head_to_head"": 1, ""home_advantage"": 1, ""last10_form"": 1, ""season_scoring"": 1, ""travel_km"": 1}"
823366,MLB,2026,regular,2026-06-25,2026-06-25,mlb-sea,mlb-pit,final,,,81,80,,,0.35,,,,,0.0,0.0,2,2.0,6.5,2,6.5,2.0,4,6,0,0.4,5,5,0,0.5,4.0741,3.9753,81,5.05,4.7625,80,11,51,4.4902,3.9412,11,38,5.1579,5.1316,1,5,6,4,mlb-pit,"{""common_opponents"": 1, ""games_played"": 1, ""head_to_head"": 1, ""home_advantage"": 1, ""last10_form"": 1, ""season_scoring"": 1, ""travel_km"": 1}"
823612,MLB,2026,regular,2026-06-25,2026-06-25,mlb-chc,mlb-nym,final,,,80,80,,,0.35,,,,,0.0,0.0,6,7.8333,3.5,6,3.5,7.8333,7,3,0,0.7,3,7,0,0.3,4.9375,4.4875,80,4.0625,4.6375,80,13,54,4.8148,4.4815,13,56,3.7857,4.5714,4,3,7,-1,mlb-chc,"{""common_opponents"": 1, ""games_played"": 1, ""head_to_head"": 1, ""home_advantage"": 1, ""last10_form"": 1, ""season_scoring"": 1, ""travel_km"": 1}"
824258,MLB,2026,regular,2026-06-25,2026-06-25,mlb-hou,mlb-det,final,,,82,80,,,0.35,,,,,330.9,0.0,3,3.6667,4.3333,3,4.3333,3.6667,6,4,0,0.6,5,5,0,0.5,4.5122,4.9878,82,4.05,4.125,80,13,58,4.3966,4.8276,13,53,3.9623,4.283,2,1,3,-1,mlb-hou,"{""common_opponents"": 1, ""games_played"": 1, ""head_to_head"": 1, ""home_advantage"": 1, ""last10_form"": 1, ""season_scoring"": 1, ""travel_km"": 1}"
824747,MLB,2026,regular,2026-06-25,2026-06-25,mlb-nyy,mlb-bos,final,,,79,78,,,0.35,,,,,981.4,2838.1,5,4.2,1.8,5,1.8,4.2,6,4,0,0.6,3,7,0,0.3,5.0633,3.6329,79,3.9359,4.0256,78,11,52,4.8654,3.4423,11,49,4.0612,3.7143,3,6,9,3,mlb-bos,"{""common_opponents"": 1, ""games_played"": 1, ""head_to_head"": 1, ""home_advantage"": 1, ""last10_form"": 1, ""season_scoring"": 1, ""travel_km"": 1}"
822796,MLB,2026,regular,2026-06-26,2026-06-26,mlb-tex,mlb-tor,final,,,81,81,,,0.35,,,,,0.0,0.0,1,6.0,5.0,1,5.0,6.0,4,6,0,0.4,5,5,0,0.5,4.0123,4.1728,81,4.1111,4.4568,81,16,59,3.9492,4.4407,16,65,4.2615,4.4154,5,4,9,-1,mlb-tex,"{""common_opponents"": 1, ""games_played"": 1, ""head_to_head"": 1, ""home_advantage"": 1, ""last10_form"": 1, ""season_scoring"": 1, ""travel_km"": 1}"
822962,MLB,2026,regular,2026-06-26,2026-06-26,mlb-ari,mlb-tb,final,,,80,78,,,0.35,,,,,1394.7,0.0,,,,,,,6,4,0,0.6,4,6,0,0.4,4.325,4.575,80,4.5,4.3333,78,15,52,4.3654,4.9423,15,60,4.6167,4.7167,1,6,7,5,mlb-tb,"{""common_opponents"": 1, ""games_played"": 1, ""head_to_head"": 1, ""home_advantage"": 1, ""last10_form"": 1, ""season_scoring"": 1, ""travel_km"": 1}"
823039,MLB,2026,regular,2026-06-26,2026-06-26,mlb-mia,mlb-stl,final,,,81,78,,,0.35,,,,,1706.4,0.0,3,4.0,3.0,3,3.0,4.0,7,3,0,0.7,4,6,0,0.4,4.3086,4.2716,81,4.6026,4.6154,78,11,43,4.0465,3.8837,11,44,4.9318,4.5909,4,0,4,-4,mlb-mia,"{""common_opponents"": 1, ""games_played"": 1, ""head_to_head"": 1, ""home_advantage"": 1, ""last10_form"": 1, ""season_scoring"": 1, ""travel_km"": 1}"
823206,MLB,2026,regular,2026-06-26,2026-06-26,mlb-atl,mlb-sf,final,,,80,81,,,0.35,,,,,737.1,0.0,3,3.0,7.0,3,7.0,3.0,2,8,0,0.2,6,4,0,0.6,4.8375,3.75,80,4.1358,4.7407,81,14,53,4.9434,3.6981,14,69,4.3623,4.8841,3,1,4,-2,mlb-atl,"{""common_opponents"": 1, ""games_played"": 1, ""head_to_head"": 1, ""home_advantage"": 1, ""last10_form"": 1, ""season_scoring"": 1, ""travel_km"": 1}"
823285,MLB,2026,regular,2026-06-26,2026-06-26,mlb-lad,mlb-sd,final,,,81,79,,,0.35,,,,,2463.1,0.0,3,3.0,1.6667,3,1.6667,3.0,7,3,0,0.7,6,4,0,0.6,5.2222,3.4444,81,3.9114,3.9747,79,15,60,5.4833,3.8,15,58,3.8966,4.2069,1,7,8,6,mlb-sd,"{""common_opponents"": 1, ""games_played"": 1, ""head_to_head"": 1, ""home_advantage"": 1, ""last10_form"": 1, ""season_scoring"": 1, ""travel_km"": 1}"
823363,MLB,2026,regular,2026-06-26,2026-06-26,mlb-cin,mlb-pit,final,,,79,81,,,0.35,,,,,412.8,0.0,6,2.6667,7.1667,6,7.1667,2.6667,4,6,0,0.4,5,5,0,0.5,4.1899,4.8228,79,5.0494,4.716,81,16,55,4.2545,4.3636,16,60,4.7667,4.8833,6,4,10,-2,mlb-cin,"{""common_opponents"": 1, ""games_played"": 1, ""head_to_head"": 1, ""home_advantage"": 1, ""last10_form"": 1, ""season_scoring"": 1, ""travel_km"": 1}"
823610,MLB,2026,regular,2026-06-26,2026-06-26,mlb-phi,mlb-nym,final,,,81,81,,,0.35,,,,,341.7,0.0,3,8.3333,3.6667,3,3.6667,8.3333,7,3,0,0.7,2,8,0,0.2,4.4321,4.3827,81,4.0494,4.6296,81,12,60,4.4833,4.5833,12,57,4.0,4.6667,2,1,3,-1,mlb-phi,"{""common_opponents"": 1, ""games_played"": 1, ""head_to_head"": 1, ""home_advantage"": 1, ""last10_form"": 1, ""season_scoring"": 1, ""travel_km"": 1}"
823688,MLB,2026,regular,2026-06-26,2026-06-26,mlb-col,mlb-min,final,,,81,82,,,0.35,,,,,1122.7,0.0,,,,,,,6,4,0,0.6,6,4,0,0.6,4.5556,5.6667,81,4.8171,5.1707,82,11,50,4.14,5.08,11,40,5.325,4.75,8,9,17,1,mlb-min,"{""common_opponents"": 1, ""games_played"": 1, ""head_to_head"": 1, ""home_advantage"": 1, ""last10_form"": 1, ""season_scoring"": 1, ""travel_km"": 1}"
823773,MLB,2026,regular,2026-06-26,2026-06-26,mlb-chc,mlb-mil,final,,,81,78,,,0.35,,,,,1194.6,524.7,3,1.6667,6.3333,3,6.3333,1.6667,7,3,0,0.7,7,3,0,0.7,4.9259,4.4691,81,5.2179,3.641,78,17,65,4.9692,4.6615,17,57,5.386,3.6842,2,6,8,4,mlb-mil,"{""common_opponents"": 1, ""games_played"": 1, ""head_to_head"": 1, ""home_advantage"": 1, ""last10_form"": 1, ""season_scoring"": 1, ""travel_km"": 1}"
824014,MLB,2026,regular,2026-06-26,2026-06-26,mlb-ath,mlb-laa,final,,,81,82,,,0.35,,,,,600.6,0.0,8,6.0,5.25,8,5.25,6.0,4,6,0,0.4,5,5,0,0.5,4.6296,5.2963,81,4.561,5.0,82,14,55,4.2,5.2,14,53,4.3019,4.7358,9,3,12,-6,mlb-ath,"{""common_opponents"": 1, ""games_played"": 1, ""head_to_head"": 1, ""home_advantage"": 1, ""last10_form"": 1, ""season_scoring"": 1, ""travel_km"": 1}"
824255,MLB,2026,regular,2026-06-26,2026-06-26,mlb-hou,mlb-det,final,,,83,81,,,0.35,,,,,0.0,0.0,4,3.25,3.5,4,3.5,3.25,7,3,0,0.7,5,5,0,0.5,4.4819,4.9398,83,4.0123,4.0988,81,13,58,4.3966,4.8276,13,53,3.9623,4.283,0,8,8,8,mlb-det,"{""common_opponents"": 1, ""games_played"": 1, ""head_to_head"": 1, ""home_advantage"": 1, ""last10_form"": 1, ""season_scoring"": 1, ""travel_km"": 1}"
824423,MLB,2026,regular,2026-06-26,2026-06-26,mlb-sea,mlb-cle,final,,,82,81,,,0.35,,,,,183.0,495.4,4,5.5,3.25,4,3.25,5.5,4,6,0,0.4,4,6,0,0.4,4.0366,3.9878,82,3.9506,4.0494,81,14,63,4.1429,3.8413,14,56,4.1786,4.3036,3,1,4,-2,mlb-sea,"{""common_opponents"": 1, ""games_played"": 1, ""head_to_head"": 1, ""home_advantage"": 1, ""last10_form"": 1, ""season_scoring"": 1, ""travel_km"": 1}"
824582,MLB,2026,regular,2026-06-26,2026-06-26,mlb-kc,mlb-cws,final,,,82,79,,,0.35,,,,,1627.6,0.0,7,3.0,3.7143,7,3.7143,3.0,5,5,0,0.5,4,6,0,0.4,4.2683,4.8659,82,4.6076,4.6456,79,12,54,4.2407,4.9259,12,48,4.2708,4.5208,1,22,23,21,mlb-cws,"{""common_opponents"": 1, ""games_played"": 1, ""head_to_head"": 1, ""home_advantage"": 1, ""last10_form"": 1, ""season_scoring"": 1, ""travel_km"": 1}"
824743,MLB,2026,regular,2026-06-26,2026-06-26,mlb-nyy,mlb-bos,final,,,80,79,,,0.35,,,,,0.0,0.0,6,4.0,2.5,6,2.5,4.0,5,5,0,0.5,4,6,0,0.4,5.0375,3.6625,80,3.962,4.0127,79,11,52,4.8654,3.4423,11,49,4.0612,3.7143,1,6,7,5,mlb-bos,"{""common_opponents"": 1, ""games_played"": 1, ""head_to_head"": 1, ""home_advantage"": 1, ""last10_form"": 1, ""season_scoring"": 1, ""travel_km"": 1}"
824824,MLB,2026,regular,2026-06-26,2026-06-26,mlb-wsh,mlb-bal,final,,,82,82,,,0.35,,,,,56.5,3703.7,3,6.3333,4.0,3,4.0,6.3333,4,6,0,0.4,4,6,0,0.4,5.3415,5.2927,82,4.6585,4.9634,82,12,43,5.2558,5.1395,12,44,4.7955,4.6136,1,3,4,2,mlb-bal,"{""common_opponents"": 1, ""games_played"": 1, ""head_to_head"": 1, ""home_advantage"": 1, ""last10_form"": 1, ""season_scoring"": 1, ""travel_km"": 1}"
822794,MLB,2026,regular,2026-06-27,2026-06-27,mlb-tex,mlb-tor,final,,,82,82,,,0.35,,,,,0.0,0.0,2,5.5,4.5,2,4.5,5.5,5,5,0,0.5,5,5,0,0.5,4.0244,4.1707,82,4.1098,4.4634,82,16,59,3.9492,4.4407,16,65,4.2615,4.4154,7,4,11,-3,mlb-tex,"{""common_opponents"": 1, ""games_played"": 1, ""head_to_head"": 1, ""home_advantage"": 1, ""last10_form"": 1, ""season_scoring"": 1, ""travel_km"": 1}"
822960,MLB,2026,regular,2026-06-27,2026-06-27,mlb-ari,mlb-tb,final,,,81,79,,,0.35,,,,,0.0,0.0,1,1.0,6.0,1,6.0,1.0,5,5,0,0.5,5,5,0,0.5,4.284,4.5926,81,4.519,4.2911,79,15,52,4.3654,4.9423,15,60,4.6167,4.7167,2,4,6,2,mlb-tb,"{""common_opponents"": 1, ""games_played"": 1, ""head_to_head"": 1, ""home_advantage"": 1, ""last10_form"": 1, ""season_scoring"": 1, ""travel_km"": 1}"
823038,MLB,2026,regular,2026-06-27,2026-06-27,mlb-mia,mlb-stl,final,,,82,79,,,0.35,,,,,0.0,0.0,4,4.0,2.25,4,2.25,4.0,7,3,0,0.7,4,6,0,0.4,4.3049,4.2195,82,4.5443,4.6076,79,11,43,4.0465,3.8837,11,44,4.9318,4.5909,5,1,6,-4,mlb-mia,"{""common_opponents"": 1, ""games_played"": 1, ""head_to_head"": 1, ""home_advantage"": 1, ""last10_form"": 1, ""season_scoring"": 1, ""travel_km"": 1}"
823207,MLB,2026,regular,2026-06-27,2026-06-27,mlb-atl,mlb-sf,final,,,81,82,,,0.35,,,,,0.0,0.0,4,3.0,5.5,4,5.5,3.0,3,7,0,0.3,5,5,0,0.5,4.8148,3.716,81,4.0976,4.7195,82,14,53,4.9434,3.6981,14,69,4.3623,4.8841,0,5,5,5,mlb-sf,"{""common_opponents"": 1, ""games_played"": 1, ""head_to_head"": 1, ""home_advantage"": 1, ""last10_form"": 1, ""season_scoring"": 1, ""travel_km"": 1}"
823283,MLB,2026,regular,2026-06-27,2026-06-27,mlb-lad,mlb-sd,final,,,82,80,,,0.35,,,,,0.0,0.0,4,2.5,3.0,4,3.0,2.5,7,3,0,0.7,6,4,0,0.6,5.1707,3.4878,82,3.95,3.9375,80,15,60,5.4833,3.8,15,58,3.8966,4.2069,15,3,18,-12,mlb-lad,"{""common_opponents"": 1, ""games_played"": 1, ""head_to_head"": 1, ""home_advantage"": 1, ""last10_form"": 1, ""season_scoring"": 1, ""travel_km"": 1}"
823364,MLB,2026,regular,2026-06-27,2026-06-27,mlb-cin,mlb-pit,final,,,80,82,,,0.35,,,,,0.0,0.0,7,3.1429,6.7143,7,6.7143,3.1429,5,5,0,0.5,5,5,0,0.5,4.2125,4.8125,80,5.0366,4.7317,82,16,55,4.2545,4.3636,16,60,4.7667,4.8833,9,7,16,-2,mlb-cin,"{""common_opponents"": 1, ""games_played"": 1, ""head_to_head"": 1, ""home_advantage"": 1, ""last10_form"": 1, ""season_scoring"": 1, ""travel_km"": 1}"
823609,MLB,2026,regular,2026-06-27,2026-06-27,mlb-phi,mlb-nym,final,,,82,82,,,0.35,,,,,0.0,0.0,4,6.75,3.0,4,3.0,6.75,7,3,0,0.7,2,8,0,0.2,4.4024,4.3415,82,4.0122,4.5976,82,12,60,4.4833,4.5833,12,57,4.0,4.6667,2,6,8,4,mlb-nym,"{""common_opponents"": 1, ""games_played"": 1, ""head_to_head"": 1, ""home_advantage"": 1, ""last10_form"": 1, ""season_scoring"": 1, ""travel_km"": 1}"
823689,MLB,2026,regular,2026-06-27,2026-06-27,mlb-col,mlb-min,final,,,82,83,,,0.35,,,,,0.0,0.0,1,8.0,9.0,1,9.0,8.0,5,5,0,0.5,6,4,0,0.6,4.5976,5.7073,82,4.8675,5.2048,83,11,50,4.14,5.08,11,40,5.325,4.75,8,5,13,-3,mlb-col,"{""common_opponents"": 1, ""games_played"": 1, ""head_to_head"": 1, ""home_advantage"": 1, ""last10_form"": 1, ""season_scoring"": 1, ""travel_km"": 1}"
823770,MLB,2026,regular,2026-06-27,2026-06-27,mlb-chc,mlb-mil,final,,,82,79,,,0.35,,,,,0.0,0.0,4,1.75,6.25,4,6.25,1.75,7,3,0,0.7,7,3,0,0.7,4.8902,4.4878,82,5.2278,3.6203,79,17,65,4.9692,4.6615,17,57,5.386,3.6842,8,2,10,-6,mlb-chc,"{""common_opponents"": 1, ""games_played"": 1, ""head_to_head"": 1, ""home_advantage"": 1, ""last10_form"": 1, ""season_scoring"": 1, ""travel_km"": 1}"
824015,MLB,2026,regular,2026-06-27,2026-06-27,mlb-ath,mlb-laa,final,,,82,83,,,0.35,,,,,0.0,0.0,9,6.3333,5.0,9,5.0,6.3333,4,6,0,0.4,5,5,0,0.5,4.6829,5.2683,82,4.5422,5.0482,83,14,55,4.2,5.2,14,53,4.3019,4.7358,2,5,7,3,mlb-laa,"{""common_opponents"": 1, ""games_played"": 1, ""head_to_head"": 1, ""home_advantage"": 1, ""last10_form"": 1, ""season_scoring"": 1, ""travel_km"": 1}"
824257,MLB,2026,regular,2026-06-27,2026-06-27,mlb-hou,mlb-det,final,,,84,82,,,0.35,,,,,0.0,0.0,5,2.6,4.4,5,4.4,2.6,7,3,0,0.7,5,5,0,0.5,4.4286,4.9762,84,4.061,4.0488,82,13,58,4.3966,4.8276,13,53,3.9623,4.283,8,6,14,-2,mlb-hou,"{""common_opponents"": 1, ""games_played"": 1, ""head_to_head"": 1, ""home_advantage"": 1, ""last10_form"": 1, ""season_scoring"": 1, ""travel_km"": 1}"
824421,MLB,2026,regular,2026-06-27,2026-06-27,mlb-sea,mlb-cle,final,,,83,82,,,0.35,,,,,0.0,0.0,5,5.0,2.8,5,2.8,5.0,5,5,0,0.5,3,7,0,0.3,4.0241,3.9518,83,3.9146,4.0366,82,14,63,4.1429,3.8413,14,56,4.1786,4.3036,3,4,7,1,mlb-cle,"{""common_opponents"": 1, ""games_played"": 1, ""head_to_head"": 1, ""home_advantage"": 1, ""last10_form"": 1, ""season_scoring"": 1, ""travel_km"": 1}"
824581,MLB,2026,regular,2026-06-27,2026-06-27,mlb-kc,mlb-cws,final,,,83,80,,,0.35,,,,,0.0,0.0,8,2.75,6.0,8,6.0,2.75,5,5,0,0.5,4,6,0,0.4,4.2289,5.0723,83,4.825,4.6,80,12,54,4.2407,4.9259,12,48,4.2708,4.5208,1,2,3,1,mlb-cws,"{""common_opponents"": 1, ""games_played"": 1, ""head_to_head"": 1, ""home_advantage"": 1, ""last10_form"": 1, ""season_scoring"": 1, ""travel_km"": 1}"
824745,MLB,2026,regular,2026-06-27,2026-06-27,mlb-nyy,mlb-bos,final,,,81,80,,,0.35,,,,,0.0,0.0,7,3.5714,3.0,7,3.0,3.5714,4,6,0,0.4,5,5,0,0.5,4.9877,3.6914,81,3.9875,3.975,80,11,52,4.8654,3.4423,11,49,4.0612,3.7143,1,4,5,3,mlb-bos,"{""common_opponents"": 1, ""games_played"": 1, ""head_to_head"": 1, ""home_advantage"": 1, ""last10_form"": 1, ""season_scoring"": 1, ""travel_km"": 1}"
824825,MLB,2026,regular,2026-06-27,2026-06-27,mlb-wsh,mlb-bal,final,,,83,83,,,0.35,,,,,0.0,0.0,4,5.0,3.75,4,3.75,5.0,3,7,0,0.3,5,5,0,0.5,5.2892,5.2651,83,4.6386,4.9157,83,12,43,5.2558,5.1395,12,44,4.7955,4.6136,4,3,7,-1,mlb-wsh,"{""common_opponents"": 1, ""games_played"": 1, ""head_to_head"": 1, ""home_advantage"": 1, ""last10_form"": 1, ""season_scoring"": 1, ""travel_km"": 1}"
822795,MLB,2026,regular,2026-06-28,2026-06-28,mlb-tex,mlb-tor,final,,,83,83,,,0.35,,,,,0.0,0.0,3,6.0,4.3333,3,4.3333,6.0,6,4,0,0.6,4,6,0,0.4,4.0602,4.1687,83,4.1084,4.494,83,16,59,3.9492,4.4407,16,65,4.2615,4.4154,3,2,5,-1,mlb-tex,"{""common_opponents"": 1, ""games_played"": 1, ""head_to_head"": 1, ""home_advantage"": 1, ""last10_form"": 1, ""season_scoring"": 1, ""travel_km"": 1}"
822959,MLB,2026,regular,2026-06-28,2026-06-28,mlb-ari,mlb-tb,final,,,82,80,,,0.35,,,,,0.0,0.0,2,1.5,5.0,2,5.0,1.5,4,6,0,0.4,6,4,0,0.6,4.2561,4.5854,82,4.5125,4.2625,80,15,52,4.3654,4.9423,15,60,4.6167,4.7167,1,5,6,4,mlb-tb,"{""common_opponents"": 1, ""games_played"": 1, ""head_to_head"": 1, ""home_advantage"": 1, ""last10_form"": 1, ""season_scoring"": 1, ""travel_km"": 1}"
823037,MLB,2026,regular,2026-06-28,2026-06-28,mlb-mia,mlb-stl,final,,,83,80,,,0.35,,,,,0.0,0.0,5,4.2,2.0,5,2.0,4.2,8,2,0,0.8,3,7,0,0.3,4.3133,4.1807,83,4.5,4.6125,80,11,43,4.0465,3.8837,11,44,4.9318,4.5909,1,2,3,1,mlb-stl,"{""common_opponents"": 1, ""games_played"": 1, ""head_to_head"": 1, ""home_advantage"": 1, ""last10_form"": 1, ""season_scoring"": 1, ""travel_km"": 1}"
823204,MLB,2026,regular,2026-06-28,2026-06-28,mlb-atl,mlb-sf,final,,,82,83,,,0.35,,,,,0.0,0.0,5,2.4,5.4,5,5.4,2.4,3,7,0,0.3,5,5,0,0.5,4.7561,3.7317,82,4.1084,4.6627,83,14,53,4.9434,3.6981,14,69,4.3623,4.8841,2,3,5,1,mlb-sf,"{""common_opponents"": 1, ""games_played"": 1, ""head_to_head"": 1, ""home_advantage"": 1, ""last10_form"": 1, ""season_scoring"": 1, ""travel_km"": 1}"
823281,MLB,2026,regular,2026-06-28,2026-06-28,mlb-lad,mlb-sd,final,,,83,81,,,0.35,,,,,0.0,0.0,5,5.0,3.0,5,3.0,5.0,7,3,0,0.7,6,4,0,0.6,5.2892,3.4819,83,3.9383,4.0741,81,15,60,5.4833,3.8,15,58,3.8966,4.2069,4,2,6,-2,mlb-lad,"{""common_opponents"": 1, ""games_played"": 1, ""head_to_head"": 1, ""home_advantage"": 1, ""last10_form"": 1, ""season_scoring"": 1, ""travel_km"": 1}"
823362,MLB,2026,regular,2026-06-28,2026-06-28,mlb-cin,mlb-pit,final,,,81,83,,,0.35,,,,,0.0,0.0,8,3.875,6.75,8,6.75,3.875,5,5,0,0.5,5,5,0,0.5,4.2716,4.8395,81,5.0602,4.7831,83,16,55,4.2545,4.3636,16,60,4.7667,4.8833,4,9,13,5,mlb-pit,"{""common_opponents"": 1, ""games_played"": 1, ""head_to_head"": 1, ""home_advantage"": 1, ""last10_form"": 1, ""season_scoring"": 1, ""travel_km"": 1}"
823608,MLB,2026,regular,2026-06-28,2026-06-28,mlb-phi,mlb-nym,final,,,83,83,,,0.35,,,,,0.0,0.0,5,5.8,3.6,5,3.6,5.8,6,4,0,0.6,3,7,0,0.3,4.3735,4.3614,83,4.0361,4.5663,83,12,60,4.4833,4.5833,12,57,4.0,4.6667,5,4,9,-1,mlb-phi,"{""common_opponents"": 1, ""games_played"": 1, ""head_to_head"": 1, ""home_advantage"": 1, ""last10_form"": 1, ""season_scoring"": 1, ""travel_km"": 1}"
823686,MLB,2026,regular,2026-06-28,2026-06-28,mlb-col,mlb-min,final,,,83,84,,,0.35,,,,,0.0,0.0,2,8.0,7.0,2,7.0,8.0,6,4,0,0.6,5,5,0,0.5,4.6386,5.6988,83,4.869,5.2381,84,11,50,4.14,5.08,11,40,5.325,4.75,2,3,5,1,mlb-min,"{""common_opponents"": 1, ""games_played"": 1, ""head_to_head"": 1, ""home_advantage"": 1, ""last10_form"": 1, ""season_scoring"": 1, ""travel_km"": 1}"
823769,MLB,2026,regular,2026-06-28,2026-06-28,mlb-chc,mlb-mil,final,,,83,80,,,0.35,,,,,0.0,0.0,5,3.0,5.4,5,5.4,3.0,7,3,0,0.7,6,4,0,0.6,4.9277,4.4578,83,5.1875,3.675,80,17,65,4.9692,4.6615,17,57,5.386,3.6842,4,3,7,-1,mlb-chc,"{""common_opponents"": 1, ""games_played"": 1, ""head_to_head"": 1, ""home_advantage"": 1, ""last10_form"": 1, ""season_scoring"": 1, ""travel_km"": 1}"
824011,MLB,2026,regular,2026-06-28,2026-06-28,mlb-ath,mlb-laa,final,,,83,84,,,0.35,,,,,0.0,0.0,10,5.9,5.0,10,5.0,5.9,4,6,0,0.4,5,5,0,0.5,4.6506,5.2651,83,4.5476,5.0119,84,14,55,4.2,5.2,14,53,4.3019,4.7358,1,4,5,3,mlb-laa,"{""common_opponents"": 1, ""games_played"": 1, ""head_to_head"": 1, ""home_advantage"": 1, ""last10_form"": 1, ""season_scoring"": 1, ""travel_km"": 1}"
824256,MLB,2026,regular,2026-06-28,2026-06-28,mlb-hou,mlb-det,final,,,85,83,,,0.35,,,,,0.0,0.0,6,3.5,4.6667,6,4.6667,3.5,7,3,0,0.7,5,5,0,0.5,4.4706,4.9882,85,4.0843,4.0964,83,13,58,4.3966,4.8276,13,53,3.9623,4.283,7,5,12,-2,mlb-hou,"{""common_opponents"": 1, ""games_played"": 1, ""head_to_head"": 1, ""home_advantage"": 1, ""last10_form"": 1, ""season_scoring"": 1, ""travel_km"": 1}"
824422,MLB,2026,regular,2026-06-28,2026-06-28,mlb-sea,mlb-cle,final,,,84,83,,,0.35,,,,,0.0,0.0,6,4.6667,3.0,6,3.0,4.6667,4,6,0,0.4,4,6,0,0.4,4.0119,3.9524,84,3.9157,4.0241,83,14,63,4.1429,3.8413,14,56,4.1786,4.3036,5,6,11,1,mlb-cle,"{""common_opponents"": 1, ""games_played"": 1, ""head_to_head"": 1, ""home_advantage"": 1, ""last10_form"": 1, ""season_scoring"": 1, ""travel_km"": 1}"
824580,MLB,2026,regular,2026-06-28,2026-06-28,mlb-kc,mlb-cws,final,,,84,81,,,0.35,,,,,0.0,0.0,9,2.5556,5.5556,9,5.5556,2.5556,5,5,0,0.5,5,5,0,0.5,4.1905,5.0357,84,4.7901,4.5556,81,12,54,4.2407,4.9259,12,48,4.2708,4.5208,5,4,9,-1,mlb-kc,"{""common_opponents"": 1, ""games_played"": 1, ""head_to_head"": 1, ""home_advantage"": 1, ""last10_form"": 1, ""season_scoring"": 1, ""travel_km"": 1}"
824744,MLB,2026,regular,2026-06-28,2026-06-28,mlb-nyy,mlb-bos,final,,,82,81,,,0.35,,,,,0.0,0.0,8,3.25,3.125,8,3.125,3.25,3,7,0,0.3,6,4,0,0.6,4.939,3.6951,82,3.9877,3.9383,81,11,52,4.8654,3.4423,11,49,4.0612,3.7143,4,5,9,1,mlb-bos,"{""common_opponents"": 1, ""games_played"": 1, ""head_to_head"": 1, ""home_advantage"": 1, ""last10_form"": 1, ""season_scoring"": 1, ""travel_km"": 1}"
824821,MLB,2026,regular,2026-06-28,2026-06-28,mlb-wsh,mlb-bal,final,,,84,84,,,0.35,,,,,0.0,0.0,5,4.8,3.6,5,3.6,4.8,3,7,0,0.3,5,5,0,0.5,5.2738,5.2381,84,4.619,4.9048,84,12,43,5.2558,5.1395,12,44,4.7955,4.6136,6,4,10,-2,mlb-wsh,"{""common_opponents"": 1, ""games_played"": 1, ""head_to_head"": 1, ""home_advantage"": 1, ""last10_form"": 1, ""season_scoring"": 1, ""travel_km"": 1}"
822792,MLB,2026,regular,2026-06-29,2026-06-29,mlb-nym,mlb-tor,final,,,84,84,,,0.35,,,,,557.8,0.0,,,,,,,2,8,0,0.2,3,7,0,0.3,4.0357,4.5714,84,4.0833,4.4762,84,13,55,3.8727,4.5273,13,49,4.2041,4.5102,1,2,3,1,mlb-tor,"{""common_opponents"": 1, ""games_played"": 1, ""head_to_head"": 1, ""home_advantage"": 1, ""last10_form"": 1, ""season_scoring"": 1, ""travel_km"": 1}"
823121,MLB,2026,regular,2026-06-29,2026-06-29,mlb-laa,mlb-sea,final,,,85,85,,,0.35,,,,,1578.0,3252.7,3,3.3333,3.3333,3,3.3333,3.3333,6,4,0,0.6,4,6,0,0.4,4.5412,4.9647,85,4.0235,3.9765,85,13,55,4.6364,4.7455,13,67,4.0896,3.7313,2,6,8,4,mlb-sea,"{""common_opponents"": 1, ""games_played"": 1, ""head_to_head"": 1, ""home_advantage"": 1, ""last10_form"": 1, ""season_scoring"": 1, ""travel_km"": 1}"
823444,MLB,2026,regular,2026-06-29,2026-06-29,mlb-pit,mlb-phi,final,,,84,84,,,0.35,,,,,415.5,146.6,3,3.0,7.6667,3,7.6667,3.0,5,5,0,0.5,7,3,0,0.7,5.1071,4.7738,84,4.381,4.3571,84,15,59,4.7797,4.6949,15,72,4.375,4.5972,11,7,18,-4,mlb-pit,"{""common_opponents"": 1, ""games_played"": 1, ""head_to_head"": 1, ""home_advantage"": 1, ""last10_form"": 1, ""season_scoring"": 1, ""travel_km"": 1}"
823529,MLB,2026,regular,2026-06-29,2026-06-29,mlb-det,mlb-nyy,final,,,84,83,,,0.35,,,,,776.6,289.5,3,3.3333,3.6667,3,3.6667,3.3333,5,5,0,0.5,3,7,0,0.3,4.0952,4.131,84,4.9277,3.7108,83,15,62,3.9516,4.1613,15,71,4.9718,3.8592,7,3,10,-4,mlb-det,"{""common_opponents"": 1, ""games_played"": 1, ""head_to_head"": 1, ""home_advantage"": 1, ""last10_form"": 1, ""season_scoring"": 1, ""travel_km"": 1}"
823771,MLB,2026,regular,2026-06-29,2026-06-29,mlb-cin,mlb-mil,final,,,82,81,,,0.35,,,,,720.2,0.0,3,2.0,3.3333,3,3.3333,2.0,4,6,0,0.4,5,5,0,0.5,4.2683,4.8902,82,5.1605,3.679,81,19,67,4.2687,5.1493,19,66,5.0909,3.4697,3,5,8,2,mlb-mil,"{""common_opponents"": 1, ""games_played"": 1, ""head_to_head"": 1, ""home_advantage"": 1, ""last10_form"": 1, ""season_scoring"": 1, ""travel_km"": 1}"
824176,MLB,2026,regular,2026-06-29,2026-06-29,mlb-min,mlb-hou,final,,,85,86,,,0.35,,,,,1702.6,1779.6,3,3.6667,2.0,3,2.0,3.6667,5,5,0,0.5,7,3,0,0.7,4.8471,5.2,85,4.5,4.9884,86,14,57,4.9825,5.0877,14,64,4.3594,4.9062,5,4,9,-1,mlb-min,"{""common_opponents"": 1, ""games_played"": 1, ""head_to_head"": 1, ""home_advantage"": 1, ""last10_form"": 1, ""season_scoring"": 1, ""travel_km"": 1}"
824339,MLB,2026,regular,2026-06-29,2026-06-29,mlb-mia,mlb-col,final,,,84,84,,,0.35,,,,,1280.4,1122.7,3,3.3333,2.3333,3,2.3333,3.3333,8,2,0,0.8,5,5,0,0.5,4.2738,4.1548,84,4.6071,5.6667,84,12,51,4.1961,4.1961,12,53,4.2453,6.0,10,7,17,-3,mlb-mia,"{""common_opponents"": 1, ""games_played"": 1, ""head_to_head"": 1, ""home_advantage"": 1, ""last10_form"": 1, ""season_scoring"": 1, ""travel_km"": 1}"
824420,MLB,2026,regular,2026-06-29,2026-06-29,mlb-tex,mlb-cle,final,,,84,84,,,0.35,,,,,303.7,0.0,3,4.3333,2.6667,3,2.6667,4.3333,7,3,0,0.7,5,5,0,0.5,4.0476,4.1429,84,3.9405,4.0357,84,16,66,3.803,4.2424,16,66,4.2273,3.8636,6,3,9,-3,mlb-tex,"{""common_opponents"": 1, ""games_played"": 1, ""head_to_head"": 1, ""home_advantage"": 1, ""last10_form"": 1, ""season_scoring"": 1, ""travel_km"": 1}"
824662,MLB,2026,regular,2026-06-29,2026-06-29,mlb-sd,mlb-chc,final,,,82,84,,,0.35,,,,,2786.3,122.8,3,5.3333,6.6667,3,6.6667,5.3333,6,4,0,0.6,8,2,0,0.8,3.9146,4.0732,82,4.9167,4.4405,84,16,64,3.6719,4.0625,16,70,4.8286,4.4571,2,3,5,1,mlb-chc,"{""common_opponents"": 1, ""games_played"": 1, ""head_to_head"": 1, ""home_advantage"": 1, ""last10_form"": 1, ""season_scoring"": 1, ""travel_km"": 1}"
824741,MLB,2026,regular,2026-06-29,2026-06-29,mlb-wsh,mlb-bos,final,,,85,82,,,0.35,,,,,576.1,0.0,,,,,,,4,6,0,0.4,7,3,0,0.7,5.2824,5.2235,85,4.0,3.939,82,12,50,5.32,4.84,12,48,4.375,3.9583,3,6,9,3,mlb-bos,"{""common_opponents"": 1, ""games_played"": 1, ""head_to_head"": 1, ""home_advantage"": 1, ""last10_form"": 1, ""season_scoring"": 1, ""travel_km"": 1}"
824822,MLB,2026,regular,2026-06-29,2026-06-29,mlb-cws,mlb-bal,final,,,82,85,,,0.35,,,,,971.6,0.0,3,2.0,3.6667,3,3.6667,2.0,5,5,0,0.5,4,6,0,0.4,4.7805,4.561,82,4.6118,4.9176,85,16,68,4.8382,4.2206,16,67,4.6418,4.8657,8,2,10,-6,mlb-cws,"{""common_opponents"": 1, ""games_played"": 1, ""head_to_head"": 1, ""home_advantage"": 1, ""last10_form"": 1, ""season_scoring"": 1, ""travel_km"": 1}"
824986,MLB,2026,regular,2026-06-29,2026-06-29,mlb-lad,mlb-ath,final,,,84,84,,,0.35,,,,,762.3,623.3,,,,,,,7,3,0,0.7,4,6,0,0.4,5.2738,3.4643,84,4.6071,5.25,84,17,65,5.2923,3.5538,17,69,4.8261,5.3188,9,4,13,-5,mlb-lad,"{""common_opponents"": 1, ""games_played"": 1, ""head_to_head"": 1, ""home_advantage"": 1, ""last10_form"": 1, ""season_scoring"": 1, ""travel_km"": 1}"
825065,MLB,2026,regular,2026-06-29,2026-06-29,mlb-sf,mlb-ari,final,,,84,83,,,0.35,,,,,1049.3,2874.6,6,2.8333,6.5,6,6.5,2.8333,5,5,0,0.5,4,6,0,0.4,4.0952,4.631,84,4.2169,4.5904,83,15,69,4.3043,4.5797,15,56,3.8036,4.7143,4,5,9,1,mlb-ari,"{""common_opponents"": 1, ""games_played"": 1, ""head_to_head"": 1, ""home_advantage"": 1, ""last10_form"": 1, ""season_scoring"": 1, ""travel_km"": 1}"
822793,MLB,2026,regular,2026-06-30,2026-06-30,mlb-nym,mlb-tor,final,,,85,85,,,0.35,,,,,0.0,0.0,1,1.0,2.0,1,2.0,1.0,1,9,0,0.1,3,7,0,0.3,4.0,4.5412,85,4.0588,4.4353,85,13,55,3.8727,4.5273,13,49,4.2041,4.5102,3,0,3,-3,mlb-nym,"{""common_opponents"": 1, ""games_played"": 1, ""head_to_head"": 1, ""home_advantage"": 1, ""last10_form"": 1, ""season_scoring"": 1, ""travel_km"": 1}"
823122,MLB,2026,regular,2026-06-30,2026-06-30,mlb-laa,mlb-sea,final,,,86,86,,,0.35,,,,,0.0,0.0,4,3.0,4.0,4,4.0,3.0,6,4,0,0.6,4,6,0,0.4,4.5116,4.9767,86,4.0465,3.9535,86,13,55,4.6364,4.7455,13,67,4.0896,3.7313,3,8,11,5,mlb-sea,"{""common_opponents"": 1, ""games_played"": 1, ""head_to_head"": 1, ""home_advantage"": 1, ""last10_form"": 1, ""season_scoring"": 1, ""travel_km"": 1}"
823445,MLB,2026,regular,2026-06-30,2026-06-30,mlb-pit,mlb-phi,final,,,85,85,,,0.35,,,,,0.0,0.0,4,5.0,7.5,4,7.5,5.0,5,5,0,0.5,7,3,0,0.7,5.1765,4.8,85,4.4118,4.4353,85,15,59,4.7797,4.6949,15,72,4.375,4.5972,0,8,8,8,mlb-phi,"{""common_opponents"": 1, ""games_played"": 1, ""head_to_head"": 1, ""home_advantage"": 1, ""last10_form"": 1, ""season_scoring"": 1, ""travel_km"": 1}"
823528,MLB,2026,regular,2026-06-30,2026-06-30,mlb-det,mlb-nyy,final,,,85,84,,,0.35,,,,,0.0,0.0,4,4.25,3.5,4,3.5,4.25,5,5,0,0.5,2,8,0,0.2,4.1294,4.1176,85,4.9048,3.75,84,15,62,3.9516,4.1613,15,71,4.9718,3.8592,9,3,12,-6,mlb-det,"{""common_opponents"": 1, ""games_played"": 1, ""head_to_head"": 1, ""home_advantage"": 1, ""last10_form"": 1, ""season_scoring"": 1, ""travel_km"": 1}"
823768,MLB,2026,regular,2026-06-30,2026-06-30,mlb-cin,mlb-mil,final,,,83,82,,,0.35,,,,,0.0,0.0,4,2.25,3.75,4,3.75,2.25,4,6,0,0.4,6,4,0,0.6,4.253,4.8916,83,5.1585,3.6707,82,19,67,4.2687,5.1493,19,66,5.0909,3.4697,2,7,9,5,mlb-mil,"{""common_opponents"": 1, ""games_played"": 1, ""head_to_head"": 1, ""home_advantage"": 1, ""last10_form"": 1, ""season_scoring"": 1, ""travel_km"": 1}"
824096,MLB,2026,regular,2026-06-30,2026-06-30,mlb-tb,mlb-kc,final,,,81,85,,,0.35,,,,,1664.0,656.3,4,6.0,4.75,4,4.75,6.0,7,3,0,0.7,5,5,0,0.5,4.5185,4.2222,81,4.2,5.0235,85,12,50,4.6,4.54,12,60,4.2667,5.1333,10,4,14,-6,mlb-tb,"{""common_opponents"": 1, ""games_played"": 1, ""head_to_head"": 1, ""home_advantage"": 1, ""last10_form"": 1, ""season_scoring"": 1, ""travel_km"": 1}"
824175,MLB,2026,regular,2026-06-30,2026-06-30,mlb-min,mlb-hou,final,,,86,87,,,0.35,,,,,0.0,0.0,4,4.0,2.5,4,2.5,4.0,5,5,0,0.5,6,4,0,0.6,4.8488,5.186,86,4.4943,4.9885,87,14,57,4.9825,5.0877,14,64,4.3594,4.9062,4,6,10,2,mlb-hou,"{""common_opponents"": 1, ""games_played"": 1, ""head_to_head"": 1, ""home_advantage"": 1, ""last10_form"": 1, ""season_scoring"": 1, ""travel_km"": 1}"
824338,MLB,2026,regular,2026-06-30,2026-06-30,mlb-mia,mlb-col,final,,,85,85,,,0.35,,,,,0.0,0.0,4,5.0,3.5,4,3.5,5.0,8,2,0,0.8,5,5,0,0.5,4.3412,4.1882,85,4.6353,5.7176,85,12,51,4.1961,4.1961,12,53,4.2453,6.0,14,3,17,-11,mlb-mia,"{""common_opponents"": 1, ""games_played"": 1, ""head_to_head"": 1, ""home_advantage"": 1, ""last10_form"": 1, ""season_scoring"": 1, ""travel_km"": 1}"
824418,MLB,2026,regular,2026-06-30,2026-06-30,mlb-tex,mlb-cle,final,,,85,85,,,0.35,,,,,0.0,0.0,4,4.75,2.75,4,2.75,4.75,7,3,0,0.7,4,6,0,0.4,4.0706,4.1294,85,3.9294,4.0588,85,16,66,3.803,4.2424,16,66,4.2273,3.8636,4,2,6,-2,mlb-tex,"{""common_opponents"": 1, ""games_played"": 1, ""head_to_head"": 1, ""home_advantage"": 1, ""last10_form"": 1, ""season_scoring"": 1, ""travel_km"": 1}"
824661,MLB,2026,regular,2026-06-30,2026-06-30,mlb-sd,mlb-chc,final,,,83,85,,,0.35,,,,,0.0,0.0,4,4.5,5.75,4,5.75,4.5,5,5,0,0.5,8,2,0,0.8,3.8916,4.0602,83,4.8941,4.4118,85,16,64,3.6719,4.0625,16,70,4.8286,4.4571,7,9,16,2,mlb-chc,"{""common_opponents"": 1, ""games_played"": 1, ""head_to_head"": 1, ""home_advantage"": 1, ""last10_form"": 1, ""season_scoring"": 1, ""travel_km"": 1}"
824742,MLB,2026,regular,2026-06-30,2026-06-30,mlb-wsh,mlb-bos,final,,,86,83,,,0.35,,,,,0.0,0.0,1,3.0,6.0,1,6.0,3.0,4,6,0,0.4,7,3,0,0.7,5.2558,5.2326,86,4.0241,3.9277,83,12,50,5.32,4.84,12,48,4.375,3.9583,8,1,9,-7,mlb-wsh,"{""common_opponents"": 1, ""games_played"": 1, ""head_to_head"": 1, ""home_advantage"": 1, ""last10_form"": 1, ""season_scoring"": 1, ""travel_km"": 1}"
824819,MLB,2026,regular,2026-06-30,2026-06-30,mlb-cws,mlb-bal,final,,,83,86,,,0.35,,,,,0.0,0.0,4,3.5,3.25,4,3.25,3.5,5,5,0,0.5,4,6,0,0.4,4.8193,4.5301,83,4.5814,4.9535,86,16,68,4.8382,4.2206,16,67,4.6418,4.8657,9,3,12,-6,mlb-cws,"{""common_opponents"": 1, ""games_played"": 1, ""head_to_head"": 1, ""home_advantage"": 1, ""last10_form"": 1, ""season_scoring"": 1, ""travel_km"": 1}"
824907,MLB,2026,regular,2026-06-30,2026-06-30,mlb-stl,mlb-atl,final,,,81,83,,,0.35,,,,,734.8,3422.3,,,,,,,3,7,0,0.3,3,7,0,0.3,4.4691,4.5679,81,4.7229,3.7229,83,16,69,4.1449,4.3623,16,60,4.7,3.65,5,3,8,-2,mlb-stl,"{""common_opponents"": 1, ""games_played"": 1, ""head_to_head"": 1, ""home_advantage"": 1, ""last10_form"": 1, ""season_scoring"": 1, ""travel_km"": 1}"
824984,MLB,2026,regular,2026-06-30,2026-06-30,mlb-lad,mlb-ath,final,,,85,85,,,0.35,,,,,0.0,0.0,1,9.0,4.0,1,4.0,9.0,7,3,0,0.7,3,7,0,0.3,5.3176,3.4706,85,4.6,5.2941,85,17,65,5.2923,3.5538,17,69,4.8261,5.3188,9,3,12,-6,mlb-lad,"{""common_opponents"": 1, ""games_played"": 1, ""head_to_head"": 1, ""home_advantage"": 1, ""last10_form"": 1, ""season_scoring"": 1, ""travel_km"": 1}"
825066,MLB,2026,regular,2026-06-30,2026-06-30,mlb-sf,mlb-ari,final,,,85,84,,,0.35,,,,,0.0,0.0,7,3.0,6.2857,7,6.2857,3.0,4,6,0,0.4,4,6,0,0.4,4.0941,4.6353,85,4.2262,4.5833,84,15,69,4.3043,4.5797,15,56,3.8036,4.7143,2,8,10,6,mlb-ari,"{""common_opponents"": 1, ""games_played"": 1, ""head_to_head"": 1, ""home_advantage"": 1, ""last10_form"": 1, ""season_scoring"": 1, ""travel_km"": 1}"
822791,MLB,2026,regular,2026-07-01,2026-07-01,mlb-nym,mlb-tor,final,,,86,86,,,0.35,,,,,0.0,0.0,2,2.0,1.0,2,1.0,2.0,2,8,0,0.2,3,7,0,0.3,3.9884,4.4884,86,4.0116,4.4186,86,13,55,3.8727,4.5273,13,49,4.2041,4.5102,3,9,12,6,mlb-tor,"{""common_opponents"": 1, ""games_played"": 1, ""head_to_head"": 1, ""home_advantage"": 1, ""last10_form"": 1, ""season_scoring"": 1, ""travel_km"": 1}"
823446,MLB,2026,regular,2026-07-01,2026-07-01,mlb-pit,mlb-phi,final,,,86,86,,,0.35,,,,,0.0,0.0,5,4.0,7.6,5,7.6,4.0,5,5,0,0.5,7,3,0,0.7,5.1163,4.8372,86,4.4535,4.3837,86,15,59,4.7797,4.6949,15,72,4.375,4.5972,6,10,16,4,mlb-phi,"{""common_opponents"": 1, ""games_played"": 1, ""head_to_head"": 1, ""home_advantage"": 1, ""last10_form"": 1, ""season_scoring"": 1, ""travel_km"": 1}"
823530,MLB,2026,regular,2026-07-01,2026-07-01,mlb-det,mlb-nyy,final,,,86,85,,,0.35,,,,,0.0,0.0,5,5.2,3.4,5,3.4,5.2,5,5,0,0.5,2,8,0,0.2,4.186,4.1047,86,4.8824,3.8118,85,15,62,3.9516,4.1613,15,71,4.9718,3.8592,6,2,8,-4,mlb-det,"{""common_opponents"": 1, ""games_played"": 1, ""head_to_head"": 1, ""home_advantage"": 1, ""last10_form"": 1, ""season_scoring"": 1, ""travel_km"": 1}"
823767,MLB,2026,regular,2026-07-01,2026-07-01,mlb-cin,mlb-mil,final,,,84,83,,,0.35,,,,,0.0,0.0,5,2.2,4.4,5,4.4,2.2,4,6,0,0.4,7,3,0,0.7,4.2262,4.9167,84,5.1807,3.6506,83,19,67,4.2687,5.1493,19,66,5.0909,3.4697,2,4,6,2,mlb-mil,"{""common_opponents"": 1, ""games_played"": 1, ""head_to_head"": 1, ""home_advantage"": 1, ""last10_form"": 1, ""season_scoring"": 1, ""travel_km"": 1}"
824094,MLB,2026,regular,2026-07-01,2026-07-01,mlb-tb,mlb-kc,final,,,82,86,,,0.35,,,,,0.0,0.0,5,6.8,4.6,5,4.6,6.8,7,3,0,0.7,4,6,0,0.4,4.5854,4.2195,82,4.1977,5.0814,86,12,50,4.6,4.54,12,60,4.2667,5.1333,4,0,4,-4,mlb-tb,"{""common_opponents"": 1, ""games_played"": 1, ""head_to_head"": 1, ""home_advantage"": 1, ""last10_form"": 1, ""season_scoring"": 1, ""travel_km"": 1}"
824174,MLB,2026,regular,2026-07-01,2026-07-01,mlb-min,mlb-hou,final,,,87,88,,,0.35,,,,,0.0,0.0,5,4.0,3.2,5,3.2,4.0,5,5,0,0.5,7,3,0,0.7,4.8391,5.1954,87,4.5114,4.9773,88,14,57,4.9825,5.0877,14,64,4.3594,4.9062,8,3,11,-5,mlb-min,"{""common_opponents"": 1, ""games_played"": 1, ""head_to_head"": 1, ""home_advantage"": 1, ""last10_form"": 1, ""season_scoring"": 1, ""travel_km"": 1}"
824337,MLB,2026,regular,2026-07-01,2026-07-01,mlb-mia,mlb-col,final,,,86,86,,,0.35,,,,,0.0,0.0,5,6.8,3.4,5,3.4,6.8,8,2,0,0.8,4,6,0,0.4,4.4535,4.1744,86,4.6163,5.814,86,12,51,4.1961,4.1961,12,53,4.2453,6.0,3,6,9,3,mlb-col,"{""common_opponents"": 1, ""games_played"": 1, ""head_to_head"": 1, ""home_advantage"": 1, ""last10_form"": 1, ""season_scoring"": 1, ""travel_km"": 1}"
824419,MLB,2026,regular,2026-07-01,2026-07-01,mlb-tex,mlb-cle,final,,,86,86,,,0.35,,,,,0.0,0.0,5,4.6,2.6,5,2.6,4.6,8,2,0,0.8,4,6,0,0.4,4.0698,4.1047,86,3.907,4.0581,86,16,66,3.803,4.2424,16,66,4.2273,3.8636,4,9,13,5,mlb-cle,"{""common_opponents"": 1, ""games_played"": 1, ""head_to_head"": 1, ""home_advantage"": 1, ""last10_form"": 1, ""season_scoring"": 1, ""travel_km"": 1}"
824660,MLB,2026,regular,2026-07-01,2026-07-01,mlb-sd,mlb-chc,final,,,84,86,,,0.35,,,,,0.0,0.0,5,5.0,6.4,5,6.4,5.0,5,5,0,0.5,8,2,0,0.8,3.9286,4.119,84,4.9419,4.4419,86,16,64,3.6719,4.0625,16,70,4.8286,4.4571,3,23,26,20,mlb-chc,"{""common_opponents"": 1, ""games_played"": 1, ""head_to_head"": 1, ""home_advantage"": 1, ""last10_form"": 1, ""season_scoring"": 1, ""travel_km"": 1}"
824740,MLB,2026,regular,2026-07-01,2026-07-01,mlb-wsh,mlb-bos,final,,,87,84,,,0.35,,,,,0.0,0.0,2,5.5,3.5,2,3.5,5.5,4,6,0,0.4,6,4,0,0.6,5.2874,5.1839,87,3.9881,3.9762,84,12,50,5.32,4.84,12,48,4.375,3.9583,10,2,12,-8,mlb-wsh,"{""common_opponents"": 1, ""games_played"": 1, ""head_to_head"": 1, ""home_advantage"": 1, ""last10_form"": 1, ""season_scoring"": 1, ""travel_km"": 1}"
824818,MLB,2026,regular,2026-07-01,2026-07-01,mlb-cws,mlb-bal,final,,,84,87,,,0.35,,,,,0.0,0.0,5,4.6,3.2,5,3.2,4.6,6,4,0,0.6,4,6,0,0.4,4.869,4.5119,84,4.5632,5.0,87,16,68,4.8382,4.2206,16,67,4.6418,4.8657,1,6,7,5,mlb-bal,"{""common_opponents"": 1, ""games_played"": 1, ""head_to_head"": 1, ""home_advantage"": 1, ""last10_form"": 1, ""season_scoring"": 1, ""travel_km"": 1}"
824905,MLB,2026,regular,2026-07-01,2026-07-01,mlb-stl,mlb-atl,final,,,82,84,,,0.35,,,,,0.0,0.0,1,5.0,3.0,1,3.0,5.0,4,6,0,0.4,3,7,0,0.3,4.4756,4.5488,82,4.7024,3.7381,84,16,69,4.1449,4.3623,16,60,4.7,3.65,1,5,6,4,mlb-atl,"{""common_opponents"": 1, ""games_played"": 1, ""head_to_head"": 1, ""home_advantage"": 1, ""last10_form"": 1, ""season_scoring"": 1, ""travel_km"": 1}"
824985,MLB,2026,regular,2026-07-01,2026-07-01,mlb-lad,mlb-ath,final,,,86,86,,,0.35,,,,,0.0,0.0,2,9.0,3.5,2,3.5,9.0,7,3,0,0.7,2,8,0,0.2,5.3605,3.4651,86,4.5814,5.3372,86,17,65,5.2923,3.5538,17,69,4.8261,5.3188,1,7,8,6,mlb-ath,"{""common_opponents"": 1, ""games_played"": 1, ""head_to_head"": 1, ""home_advantage"": 1, ""last10_form"": 1, ""season_scoring"": 1, ""travel_km"": 1}"
825064,MLB,2026,regular,2026-07-01,2026-07-01,mlb-sf,mlb-ari,final,,,86,85,,,0.35,,,,,0.0,0.0,8,2.875,6.5,8,6.5,2.875,4,6,0,0.4,4,6,0,0.4,4.0698,4.6744,86,4.2706,4.5529,85,15,69,4.3043,4.5797,15,56,3.8036,4.7143,6,4,10,-2,mlb-sf,"{""common_opponents"": 1, ""games_played"": 1, ""head_to_head"": 1, ""home_advantage"": 1, ""last10_form"": 1, ""season_scoring"": 1, ""travel_km"": 1}"
822884,MLB,2026,regular,2026-07-02,2026-07-02,mlb-det,mlb-tex,final,,,87,87,,,0.35,,,,,2240.7,1672.3,3,5.3333,2.3333,3,2.3333,5.3333,5,5,0,0.5,7,3,0,0.7,4.2069,4.0805,87,4.069,4.1609,87,15,66,4.1667,4.0152,15,62,3.8871,4.2258,4,10,14,6,mlb-tex,"{""common_opponents"": 1, ""games_played"": 1, ""head_to_head"": 1, ""home_advantage"": 1, ""last10_form"": 1, ""season_scoring"": 1, ""travel_km"": 1}"
823119,MLB,2026,regular,2026-07-02,2026-07-02,mlb-laa,mlb-sea,final,,,87,87,,,0.35,,,,,0.0,0.0,5,3.0,4.8,5,4.8,3.0,6,4,0,0.6,5,5,0,0.5,4.4943,5.0115,87,4.092,3.9425,87,13,55,4.6364,4.7455,13,67,4.0896,3.7313,0,1,1,1,mlb-sea,"{""common_opponents"": 1, ""games_played"": 1, ""head_to_head"": 1, ""home_advantage"": 1, ""last10_form"": 1, ""season_scoring"": 1, ""travel_km"": 1}"
823442,MLB,2026,regular,2026-07-02,2026-07-02,mlb-pit,mlb-phi,final,,,87,87,,,0.35,,,,,0.0,0.0,6,4.3333,8.0,6,8.0,4.3333,5,5,0,0.5,7,3,0,0.7,5.1264,4.8966,87,4.5172,4.4023,87,15,59,4.7797,4.6949,15,72,4.375,4.5972,6,1,7,-5,mlb-pit,"{""common_opponents"": 1, ""games_played"": 1, ""head_to_head"": 1, ""home_advantage"": 1, ""last10_form"": 1, ""season_scoring"": 1, ""travel_km"": 1}"
823765,MLB,2026,regular,2026-07-02,2026-07-02,mlb-cin,mlb-mil,final,,,85,84,,,0.35,,,,,0.0,0.0,6,2.1667,4.3333,6,4.3333,2.1667,3,7,0,0.3,8,2,0,0.8,4.2,4.9059,85,5.1667,3.631,84,19,67,4.2687,5.1493,19,66,5.0909,3.4697,7,2,9,-5,mlb-cin,"{""common_opponents"": 1, ""games_played"": 1, ""head_to_head"": 1, ""home_advantage"": 1, ""last10_form"": 1, ""season_scoring"": 1, ""travel_km"": 1}"
823935,MLB,2026,regular,2026-07-02,2026-07-02,mlb-sd,mlb-lad,final,,,85,87,,,0.35,,,,,2801.6,580.5,6,2.8333,4.8333,6,4.8333,2.8333,4,6,0,0.4,7,3,0,0.7,3.9176,4.3412,85,5.3103,3.5057,87,16,64,3.8906,4.4844,16,63,5.5238,3.8413,7,12,19,5,mlb-lad,"{""common_opponents"": 1, ""games_played"": 1, ""head_to_head"": 1, ""home_advantage"": 1, ""last10_form"": 1, ""season_scoring"": 1, ""travel_km"": 1}"
824093,MLB,2026,regular,2026-07-02,2026-07-02,mlb-tb,mlb-kc,final,,,83,87,,,0.35,,,,,0.0,0.0,6,6.3333,3.8333,6,3.8333,6.3333,8,2,0,0.8,3,7,0,0.3,4.5783,4.1687,83,4.1494,5.069,87,12,50,4.6,4.54,12,60,4.2667,5.1333,5,2,7,-3,mlb-tb,"{""common_opponents"": 1, ""games_played"": 1, ""head_to_head"": 1, ""home_advantage"": 1, ""last10_form"": 1, ""season_scoring"": 1, ""travel_km"": 1}"
824335,MLB,2026,regular,2026-07-02,2026-07-02,mlb-mia,mlb-col,final,,,87,87,,,0.35,,,,,0.0,0.0,6,6.1667,3.8333,6,3.8333,6.1667,7,3,0,0.7,4,6,0,0.4,4.4368,4.1954,87,4.6322,5.7816,87,12,51,4.1961,4.1961,12,53,4.2453,6.0,4,14,18,10,mlb-col,"{""common_opponents"": 1, ""games_played"": 1, ""head_to_head"": 1, ""home_advantage"": 1, ""last10_form"": 1, ""season_scoring"": 1, ""travel_km"": 1}"
824416,MLB,2026,regular,2026-07-02,2026-07-02,mlb-cws,mlb-cle,final,,,85,87,,,0.35,,,,,494.3,0.0,3,3.6667,3.3333,3,3.3333,3.6667,6,4,0,0.6,4,6,0,0.4,4.8235,4.5294,85,3.9655,4.0575,87,16,70,4.7714,4.3857,16,63,3.8413,3.7778,5,6,11,1,mlb-cle,"{""common_opponents"": 1, ""games_played"": 1, ""head_to_head"": 1, ""home_advantage"": 1, ""last10_form"": 1, ""season_scoring"": 1, ""travel_km"": 1}"
824906,MLB,2026,regular,2026-07-02,2026-07-02,mlb-stl,mlb-atl,final,,,83,85,,,0.35,,,,,0.0,0.0,2,3.0,4.0,2,4.0,3.0,4,6,0,0.4,3,7,0,0.3,4.4337,4.5542,83,4.7059,3.7059,85,16,69,4.1449,4.3623,16,60,4.7,3.65,11,5,16,-6,mlb-stl,"{""common_opponents"": 1, ""games_played"": 1, ""head_to_head"": 1, ""home_advantage"": 1, ""last10_form"": 1, ""season_scoring"": 1, ""travel_km"": 1}"
822714,MLB,2026,regular,2026-07-03,2026-07-03,mlb-pit,mlb-wsh,final,,,88,88,,,0.35,,,,,195.5,630.7,4,7.25,4.5,4,4.5,7.25,5,5,0,0.5,5,5,0,0.5,5.1364,4.8523,88,5.3409,5.1477,88,16,66,5.0758,4.8333,16,72,5.3611,5.3472,5,9,14,4,mlb-wsh,"{""common_opponents"": 1, ""games_played"": 1, ""head_to_head"": 1, ""home_advantage"": 1, ""last10_form"": 1, ""season_scoring"": 1, ""travel_km"": 1}"
823120,MLB,2026,regular,2026-07-03,2026-07-03,mlb-tor,mlb-sea,final,,,87,88,,,0.35,,,,,3325.4,0.0,,,,,,,3,7,0,0.3,6,4,0,0.6,4.069,4.4023,87,4.0568,3.8977,88,15,64,4.2812,4.0312,15,70,4.1857,3.5714,2,0,2,-2,mlb-tor,"{""common_opponents"": 1, ""games_played"": 1, ""head_to_head"": 1, ""home_advantage"": 1, ""last10_form"": 1, ""season_scoring"": 1, ""travel_km"": 1}"
823527,MLB,2026,regular,2026-07-03,2026-07-03,mlb-min,mlb-nyy,final,,,88,86,,,0.35,,,,,2292.1,0.0,,,,,,,5,5,0,0.5,2,8,0,0.2,4.875,5.1705,88,4.8488,3.8372,86,15,70,4.6429,4.7,15,73,4.8082,3.7534,2,5,7,3,mlb-nyy,"{""common_opponents"": 1, ""games_played"": 1, ""head_to_head"": 1, ""home_advantage"": 1, ""last10_form"": 1, ""season_scoring"": 1, ""travel_km"": 1}"
823933,MLB,2026,regular,2026-07-03,2026-07-03,mlb-sd,mlb-lad,final,,,86,88,,,0.35,,,,,0.0,0.0,7,3.4286,5.8571,7,5.8571,3.4286,4,6,0,0.4,8,2,0,0.8,3.9535,4.4302,86,5.3864,3.5455,88,16,64,3.8906,4.4844,16,63,5.5238,3.8413,3,4,7,1,mlb-lad,"{""common_opponents"": 1, ""games_played"": 1, ""head_to_head"": 1, ""home_advantage"": 1, ""last10_form"": 1, ""season_scoring"": 1, ""travel_km"": 1}"
824013,MLB,2026,regular,2026-07-03,2026-07-03,mlb-bos,mlb-laa,final,,,85,88,,,0.35,,,,,4149.7,1578.0,,,,,,,6,4,0,0.6,5,5,0,0.5,3.9647,4.0471,85,4.4432,4.9659,88,14,67,3.9254,3.8507,14,56,4.8393,4.7679,5,2,7,-3,mlb-bos,"{""common_opponents"": 1, ""games_played"": 1, ""head_to_head"": 1, ""home_advantage"": 1, ""last10_form"": 1, ""season_scoring"": 1, ""travel_km"": 1}"
824173,MLB,2026,regular,2026-07-03,2026-07-03,mlb-tb,mlb-hou,final,,,84,89,,,0.35,,,,,1036.6,0.0,,,,,,,8,2,0,0.8,6,4,0,0.6,4.5833,4.1429,84,4.4944,5.0112,89,15,66,4.5303,4.5303,15,62,4.5,4.9355,3,1,4,-2,mlb-tb,"{""common_opponents"": 1, ""games_played"": 1, ""head_to_head"": 1, ""home_advantage"": 1, ""last10_form"": 1, ""season_scoring"": 1, ""travel_km"": 1}"
824336,MLB,2026,regular,2026-07-03,2026-07-03,mlb-sf,mlb-col,final,,,87,88,,,0.35,,,,,943.3,0.0,3,9.3333,7.3333,3,7.3333,9.3333,5,5,0,0.5,5,5,0,0.5,4.092,4.6667,87,4.7386,5.7614,88,12,66,3.9242,4.4697,12,64,4.4062,5.8594,3,15,18,12,mlb-col,"{""common_opponents"": 1, ""games_played"": 1, ""head_to_head"": 1, ""home_advantage"": 1, ""last10_form"": 1, ""season_scoring"": 1, ""travel_km"": 1}"
824417,MLB,2026,regular,2026-07-03,2026-07-03,mlb-cws,mlb-cle,final,,,86,88,,,0.35,,,,,0.0,0.0,4,4.0,4.0,4,4.0,4.0,6,4,0,0.6,5,5,0,0.5,4.8256,4.5465,86,3.9886,4.0682,88,16,70,4.7714,4.3857,16,63,3.8413,3.7778,3,4,7,1,mlb-cle,"{""common_opponents"": 1, ""games_played"": 1, ""head_to_head"": 1, ""home_advantage"": 1, ""last10_form"": 1, ""season_scoring"": 1, ""travel_km"": 1}"
824498,MLB,2026,regular,2026-07-03,2026-07-03,mlb-bal,mlb-cin,final,,,88,86,,,0.35,,,,,679.6,524.7,,,,,,,4,6,0,0.4,3,7,0,0.3,4.5795,4.9545,88,4.2326,4.8721,86,16,62,4.5806,5.3387,16,55,4.2364,4.8545,3,0,3,-3,mlb-bal,"{""common_opponents"": 1, ""games_played"": 1, ""head_to_head"": 1, ""home_advantage"": 1, ""last10_form"": 1, ""season_scoring"": 1, ""travel_km"": 1}"
824659,MLB,2026,regular,2026-07-03,2026-07-03,mlb-stl,mlb-chc,final,,,84,87,,,0.35,,,,,938.4,0.0,3,4.0,4.0,3,4.0,4.0,5,5,0,0.5,9,1,0,0.9,4.5119,4.5595,84,5.1494,4.4253,87,14,57,4.7544,4.1754,14,57,4.8596,4.2982,17,1,18,-16,mlb-stl,"{""common_opponents"": 1, ""games_played"": 1, ""head_to_head"": 1, ""home_advantage"": 1, ""last10_form"": 1, ""season_scoring"": 1, ""travel_km"": 1}"
824904,MLB,2026,regular,2026-07-03,2026-07-03,mlb-nym,mlb-atl,final,,,87,86,,,0.35,,,,,1169.6,0.0,3,5.3333,3.0,3,3.0,5.3333,2,8,0,0.2,2,8,0,0.2,3.977,4.5402,87,4.7093,3.7907,86,17,78,3.8333,4.5769,17,66,4.7273,3.7576,3,5,8,2,mlb-atl,"{""common_opponents"": 1, ""games_played"": 1, ""head_to_head"": 1, ""home_advantage"": 1, ""last10_form"": 1, ""season_scoring"": 1, ""travel_km"": 1}"
824982,MLB,2026,regular,2026-07-03,2026-07-03,mlb-mia,mlb-ath,final,,,88,87,,,0.35,,,,,1428.0,0.0,,,,,,,6,4,0,0.6,3,7,0,0.3,4.4318,4.3068,88,4.6092,5.2874,87,14,63,4.4921,4.4444,14,52,4.6154,5.2885,12,5,17,-7,mlb-mia,"{""common_opponents"": 1, ""games_played"": 1, ""head_to_head"": 1, ""home_advantage"": 1, ""last10_form"": 1, ""season_scoring"": 1, ""travel_km"": 1}"
825062,MLB,2026,regular,2026-07-03,2026-07-03,mlb-mil,mlb-ari,final,,,85,86,,,0.35,,,,,2347.2,0.0,3,9.3333,3.0,3,3.0,9.3333,7,3,0,0.7,4,6,0,0.4,5.1294,3.6706,85,4.2674,4.5698,86,17,64,5.0625,3.4531,17,65,4.3538,4.5692,7,4,11,-3,mlb-mil,"{""common_opponents"": 1, ""games_played"": 1, ""head_to_head"": 1, ""home_advantage"": 1, ""last10_form"": 1, ""season_scoring"": 1, ""travel_km"": 1}"
822716,MLB,2026,regular,2026-07-04,2026-07-04,mlb-pit,mlb-wsh,final,,,89,89,,,0.35,,,,,0.0,0.0,5,6.8,5.4,5,5.4,6.8,5,5,0,0.5,5,5,0,0.5,5.1348,4.8989,89,5.382,5.1461,89,16,66,5.0758,4.8333,16,72,5.3611,5.3472,7,1,8,-6,mlb-pit,"{""common_opponents"": 1, ""games_played"": 1, ""head_to_head"": 1, ""home_advantage"": 1, ""last10_form"": 1, ""season_scoring"": 1, ""travel_km"": 1}"
822882,MLB,2026,regular,2026-07-04,2026-07-04,mlb-det,mlb-tex,final,,,88,88,,,0.35,,,,,0.0,0.0,4,5.0,4.25,4,4.25,5.0,4,6,0,0.4,7,3,0,0.7,4.2045,4.1477,88,4.1364,4.1591,88,15,66,4.1667,4.0152,15,62,3.8871,4.2258,3,0,3,-3,mlb-det,"{""common_opponents"": 1, ""games_played"": 1, ""head_to_head"": 1, ""home_advantage"": 1, ""last10_form"": 1, ""season_scoring"": 1, ""travel_km"": 1}"
823118,MLB,2026,regular,2026-07-04,2026-07-04,mlb-tor,mlb-sea,final,,,88,89,,,0.35,,,,,0.0,0.0,1,2.0,0.0,1,0.0,2.0,3,7,0,0.3,5,5,0,0.5,4.0455,4.3523,88,4.0112,3.8764,89,15,64,4.2812,4.0312,15,70,4.1857,3.5714,0,11,11,11,mlb-sea,"{""common_opponents"": 1, ""games_played"": 1, ""head_to_head"": 1, ""home_advantage"": 1, ""last10_form"": 1, ""season_scoring"": 1, ""travel_km"": 1}"
823526,MLB,2026,regular,2026-07-04,2026-07-04,mlb-min,mlb-nyy,final,,,89,87,,,0.35,,,,,0.0,0.0,1,2.0,5.0,1,5.0,2.0,4,6,0,0.4,3,7,0,0.3,4.8427,5.1685,89,4.8506,3.8161,87,15,70,4.6429,4.7,15,73,4.8082,3.7534,11,4,15,-7,mlb-min,"{""common_opponents"": 1, ""games_played"": 1, ""head_to_head"": 1, ""home_advantage"": 1, ""last10_form"": 1, ""season_scoring"": 1, ""travel_km"": 1}"
823932,MLB,2026,regular,2026-07-04,2026-07-04,mlb-sd,mlb-lad,final,,,87,89,,,0.35,,,,,0.0,0.0,8,3.375,5.625,8,5.625,3.375,3,7,0,0.3,8,2,0,0.8,3.9425,4.4253,87,5.3708,3.5393,89,16,64,3.8906,4.4844,16,63,5.5238,3.8413,0,3,3,3,mlb-lad,"{""common_opponents"": 1, ""games_played"": 1, ""head_to_head"": 1, ""home_advantage"": 1, ""last10_form"": 1, ""season_scoring"": 1, ""travel_km"": 1}"
824012,MLB,2026,regular,2026-07-04,2026-07-04,mlb-bos,mlb-laa,final,,,86,89,,,0.35,,,,,0.0,0.0,1,5.0,2.0,1,2.0,5.0,7,3,0,0.7,4,6,0,0.4,3.9767,4.0233,86,4.4157,4.9663,89,14,67,3.9254,3.8507,14,56,4.8393,4.7679,8,1,9,-7,mlb-bos,"{""common_opponents"": 1, ""games_played"": 1, ""head_to_head"": 1, ""home_advantage"": 1, ""last10_form"": 1, ""season_scoring"": 1, ""travel_km"": 1}"
824092,MLB,2026,regular,2026-07-04,2026-07-04,mlb-phi,mlb-kc,final,,,88,88,,,0.35,,,,,1657.1,0.0,,,,,,,7,3,0,0.7,3,7,0,0.3,4.4773,4.4205,88,4.125,5.0682,88,9,34,3.9412,4.9118,9,41,3.3659,4.7805,6,1,7,-5,mlb-phi,"{""common_opponents"": 1, ""games_played"": 1, ""head_to_head"": 1, ""home_advantage"": 1, ""last10_form"": 1, ""season_scoring"": 1, ""travel_km"": 1}"
824171,MLB,2026,regular,2026-07-04,2026-07-04,mlb-tb,mlb-hou,final,,,85,90,,,0.35,,,,,0.0,0.0,1,3.0,1.0,1,1.0,3.0,9,1,0,0.9,6,4,0,0.6,4.5647,4.1059,85,4.4556,4.9889,90,15,66,4.5303,4.5303,15,62,4.5,4.9355,8,10,18,2,mlb-hou,"{""common_opponents"": 1, ""games_played"": 1, ""head_to_head"": 1, ""home_advantage"": 1, ""last10_form"": 1, ""season_scoring"": 1, ""travel_km"": 1}"
824334,MLB,2026,regular,2026-07-04,2026-07-04,mlb-sf,mlb-col,final,,,88,89,,,0.35,,,,,0.0,0.0,4,7.75,9.25,4,9.25,7.75,5,5,0,0.5,5,5,0,0.5,4.0795,4.7841,88,4.8539,5.7303,89,12,66,3.9242,4.4697,12,64,4.4062,5.8594,6,4,10,-2,mlb-sf,"{""common_opponents"": 1, ""games_played"": 1, ""head_to_head"": 1, ""home_advantage"": 1, ""last10_form"": 1, ""season_scoring"": 1, ""travel_km"": 1}"
824415,MLB,2026,regular,2026-07-04,2026-07-04,mlb-cws,mlb-cle,final,,,87,89,,,0.35,,,,,0.0,0.0,5,3.8,4.0,5,4.0,3.8,5,5,0,0.5,6,4,0,0.6,4.8046,4.5402,87,3.9888,4.0562,89,16,70,4.7714,4.3857,16,63,3.8413,3.7778,3,1,4,-2,mlb-cws,"{""common_opponents"": 1, ""games_played"": 1, ""head_to_head"": 1, ""home_advantage"": 1, ""last10_form"": 1, ""season_scoring"": 1, ""travel_km"": 1}"
824499,MLB,2026,regular,2026-07-04,2026-07-04,mlb-bal,mlb-cin,final,,,89,87,,,0.35,,,,,0.0,0.0,1,3.0,0.0,1,0.0,3.0,4,6,0,0.4,3,7,0,0.3,4.5618,4.8989,89,4.1839,4.8506,87,16,62,4.5806,5.3387,16,55,4.2364,4.8545,8,5,13,-3,mlb-bal,"{""common_opponents"": 1, ""games_played"": 1, ""head_to_head"": 1, ""home_advantage"": 1, ""last10_form"": 1, ""season_scoring"": 1, ""travel_km"": 1}"
824658,MLB,2026,regular,2026-07-04,2026-07-04,mlb-stl,mlb-chc,final,,,85,88,,,0.35,,,,,0.0,0.0,4,7.25,3.25,4,3.25,7.25,5,5,0,0.5,8,2,0,0.8,4.6588,4.5176,85,5.1023,4.5682,88,14,57,4.7544,4.1754,14,57,4.8596,4.2982,3,0,3,-3,mlb-stl,"{""common_opponents"": 1, ""games_played"": 1, ""head_to_head"": 1, ""home_advantage"": 1, ""last10_form"": 1, ""season_scoring"": 1, ""travel_km"": 1}"
824903,MLB,2026,regular,2026-07-04,2026-07-04,mlb-nym,mlb-atl,final,,,88,87,,,0.35,,,,,0.0,0.0,4,4.75,3.5,4,3.5,4.75,2,8,0,0.2,3,7,0,0.3,3.9659,4.5455,88,4.7126,3.7816,87,17,78,3.8333,4.5769,17,66,4.7273,3.7576,3,14,17,11,mlb-atl,"{""common_opponents"": 1, ""games_played"": 1, ""head_to_head"": 1, ""home_advantage"": 1, ""last10_form"": 1, ""season_scoring"": 1, ""travel_km"": 1}"
824983,MLB,2026,regular,2026-07-04,2026-07-04,mlb-mia,mlb-ath,final,,,89,88,,,0.35,,,,,0.0,0.0,1,12.0,5.0,1,5.0,12.0,7,3,0,0.7,3,7,0,0.3,4.5169,4.3146,89,4.6136,5.3636,88,14,63,4.4921,4.4444,14,52,4.6154,5.2885,7,2,9,-5,mlb-mia,"{""common_opponents"": 1, ""games_played"": 1, ""head_to_head"": 1, ""home_advantage"": 1, ""last10_form"": 1, ""season_scoring"": 1, ""travel_km"": 1}"
825063,MLB,2026,regular,2026-07-04,2026-07-04,mlb-mil,mlb-ari,final,,,86,87,,,0.35,,,,,0.0,0.0,4,8.75,3.25,4,3.25,8.75,7,3,0,0.7,4,6,0,0.4,5.1512,3.6744,86,4.2644,4.5977,87,17,64,5.0625,3.4531,17,65,4.3538,4.5692,3,4,7,1,mlb-ari,"{""common_opponents"": 1, ""games_played"": 1, ""head_to_head"": 1, ""home_advantage"": 1, ""last10_form"": 1, ""season_scoring"": 1, ""travel_km"": 1}"
822715,MLB,2026,regular,2026-07-05,2026-07-05,mlb-pit,mlb-wsh,final,,,90,90,,,0.35,,,,,0.0,0.0,6,6.8333,4.6667,6,4.6667,6.8333,5,5,0,0.5,5,5,0,0.5,5.1556,4.8556,90,5.3333,5.1667,90,16,66,5.0758,4.8333,16,72,5.3611,5.3472,11,5,16,-6,mlb-pit,"{""common_opponents"": 1, ""games_played"": 1, ""head_to_head"": 1, ""home_advantage"": 1, ""last10_form"": 1, ""season_scoring"": 1, ""travel_km"": 1}"
822879,MLB,2026,regular,2026-07-05,2026-07-05,mlb-det,mlb-tex,final,,,89,89,,,0.35,,,,,0.0,0.0,5,4.6,3.4,5,3.4,4.6,5,5,0,0.5,7,3,0,0.7,4.191,4.1011,89,4.0899,4.1461,89,15,66,4.1667,4.0152,15,62,3.8871,4.2258,6,3,9,-3,mlb-det,"{""common_opponents"": 1, ""games_played"": 1, ""head_to_head"": 1, ""home_advantage"": 1, ""last10_form"": 1, ""season_scoring"": 1, ""travel_km"": 1}"
823117,MLB,2026,regular,2026-07-05,2026-07-05,mlb-tor,mlb-sea,final,,,89,90,,,0.35,,,,,0.0,0.0,2,1.0,5.5,2,5.5,1.0,3,7,0,0.3,5,5,0,0.5,4.0,4.427,89,4.0889,3.8333,90,15,64,4.2812,4.0312,15,70,4.1857,3.5714,0,4,4,4,mlb-sea,"{""common_opponents"": 1, ""games_played"": 1, ""head_to_head"": 1, ""home_advantage"": 1, ""last10_form"": 1, ""season_scoring"": 1, ""travel_km"": 1}"
823525,MLB,2026,regular,2026-07-05,2026-07-05,mlb-min,mlb-nyy,final,,,90,88,,,0.35,,,,,0.0,0.0,2,6.5,4.5,2,4.5,6.5,5,5,0,0.5,2,8,0,0.2,4.9111,5.1556,90,4.8409,3.8977,88,15,70,4.6429,4.7,15,73,4.8082,3.7534,6,1,7,-5,mlb-min,"{""common_opponents"": 1, ""games_played"": 1, ""head_to_head"": 1, ""home_advantage"": 1, ""last10_form"": 1, ""season_scoring"": 1, ""travel_km"": 1}"
823931,MLB,2026,regular,2026-07-05,2026-07-05,mlb-sd,mlb-lad,final,,,88,90,,,0.35,,,,,0.0,0.0,9,3.0,5.3333,9,5.3333,3.0,2,8,0,0.2,8,2,0,0.8,3.8977,4.4091,88,5.3444,3.5,90,16,64,3.8906,4.4844,16,63,5.5238,3.8413,5,2,7,-3,mlb-sd,"{""common_opponents"": 1, ""games_played"": 1, ""head_to_head"": 1, ""home_advantage"": 1, ""last10_form"": 1, ""season_scoring"": 1, ""travel_km"": 1}"
824010,MLB,2026,regular,2026-07-05,2026-07-05,mlb-bos,mlb-laa,final,,,87,90,,,0.35,,,,,0.0,0.0,2,6.5,1.5,2,1.5,6.5,7,3,0,0.7,4,6,0,0.4,4.023,3.9885,87,4.3778,5.0,90,14,67,3.9254,3.8507,14,56,4.8393,4.7679,7,5,12,-2,mlb-bos,"{""common_opponents"": 1, ""games_played"": 1, ""head_to_head"": 1, ""home_advantage"": 1, ""last10_form"": 1, ""season_scoring"": 1, ""travel_km"": 1}"
824091,MLB,2026,regular,2026-07-05,2026-07-05,mlb-phi,mlb-kc,final,,,89,89,,,0.35,,,,,0.0,0.0,1,6.0,1.0,1,1.0,6.0,7,3,0,0.7,2,8,0,0.2,4.4944,4.382,89,4.0899,5.0787,89,9,34,3.9412,4.9118,9,41,3.3659,4.7805,2,5,7,3,mlb-kc,"{""common_opponents"": 1, ""games_played"": 1, ""head_to_head"": 1, ""home_advantage"": 1, ""last10_form"": 1, ""season_scoring"": 1, ""travel_km"": 1}"
824172,MLB,2026,regular,2026-07-05,2026-07-05,mlb-tb,mlb-hou,final,,,86,91,,,0.35,,,,,0.0,0.0,2,5.5,5.5,2,5.5,5.5,9,1,0,0.9,6,4,0,0.6,4.6047,4.1744,86,4.5165,5.022,91,15,66,4.5303,4.5303,15,62,4.5,4.9355,0,2,2,2,mlb-hou,"{""common_opponents"": 1, ""games_played"": 1, ""head_to_head"": 1, ""home_advantage"": 1, ""last10_form"": 1, ""season_scoring"": 1, ""travel_km"": 1}"
824333,MLB,2026,regular,2026-07-05,2026-07-05,mlb-sf,mlb-col,final,,,89,90,,,0.35,,,,,0.0,0.0,5,7.4,8.2,5,8.2,7.4,5,5,0,0.5,5,5,0,0.5,4.1011,4.7753,89,4.8444,5.7333,90,12,66,3.9242,4.4697,12,64,4.4062,5.8594,6,7,13,1,mlb-col,"{""common_opponents"": 1, ""games_played"": 1, ""head_to_head"": 1, ""home_advantage"": 1, ""last10_form"": 1, ""season_scoring"": 1, ""travel_km"": 1}"
824413,MLB,2026,regular,2026-07-05,2026-07-05,mlb-cws,mlb-cle,final,,,88,90,,,0.35,,,,,0.0,0.0,6,3.6667,3.5,6,3.5,3.6667,5,5,0,0.5,6,4,0,0.6,4.7841,4.5,88,3.9556,4.0444,90,16,70,4.7714,4.3857,16,63,3.8413,3.7778,7,6,13,-1,mlb-cws,"{""common_opponents"": 1, ""games_played"": 1, ""head_to_head"": 1, ""home_advantage"": 1, ""last10_form"": 1, ""season_scoring"": 1, ""travel_km"": 1}"
824497,MLB,2026,regular,2026-07-05,2026-07-05,mlb-bal,mlb-cin,final,,,90,88,,,0.35,,,,,0.0,0.0,2,5.5,2.5,2,2.5,5.5,4,6,0,0.4,3,7,0,0.3,4.6,4.9,90,4.1932,4.8864,88,16,62,4.5806,5.3387,16,55,4.2364,4.8545,2,3,5,1,mlb-cin,"{""common_opponents"": 1, ""games_played"": 1, ""head_to_head"": 1, ""home_advantage"": 1, ""last10_form"": 1, ""season_scoring"": 1, ""travel_km"": 1}"
824656,MLB,2026,regular,2026-07-05,2026-07-05,mlb-stl,mlb-chc,final,,,86,89,,,0.35,,,,,0.0,0.0,5,6.4,2.6,5,2.6,6.4,5,5,0,0.5,7,3,0,0.7,4.6395,4.4651,86,5.0449,4.5506,89,14,57,4.7544,4.1754,14,57,4.8596,4.2982,4,6,10,2,mlb-chc,"{""common_opponents"": 1, ""games_played"": 1, ""head_to_head"": 1, ""home_advantage"": 1, ""last10_form"": 1, ""season_scoring"": 1, ""travel_km"": 1}"
824902,MLB,2026,regular,2026-07-05,2026-07-05,mlb-nym,mlb-atl,final,,,89,88,,,0.35,,,,,0.0,0.0,5,4.4,5.6,5,5.6,4.4,2,8,0,0.2,4,6,0,0.4,3.9551,4.6517,89,4.8182,3.7727,88,17,78,3.8333,4.5769,17,66,4.7273,3.7576,10,9,19,-1,mlb-nym,"{""common_opponents"": 1, ""games_played"": 1, ""head_to_head"": 1, ""home_advantage"": 1, ""last10_form"": 1, ""season_scoring"": 1, ""travel_km"": 1}"
824980,MLB,2026,regular,2026-07-05,2026-07-05,mlb-mia,mlb-ath,final,,,90,89,,,0.35,,,,,0.0,0.0,2,9.5,3.5,2,3.5,9.5,7,3,0,0.7,3,7,0,0.3,4.5444,4.2889,90,4.5843,5.382,89,14,63,4.4921,4.4444,14,52,4.6154,5.2885,9,8,17,-1,mlb-mia,"{""common_opponents"": 1, ""games_played"": 1, ""head_to_head"": 1, ""home_advantage"": 1, ""last10_form"": 1, ""season_scoring"": 1, ""travel_km"": 1}"
825061,MLB,2026,regular,2026-07-05,2026-07-05,mlb-mil,mlb-ari,final,,,87,88,,,0.35,,,,,0.0,0.0,5,7.6,3.4,5,3.4,7.6,6,4,0,0.6,5,5,0,0.5,5.1264,3.6782,87,4.2614,4.5795,88,17,64,5.0625,3.4531,17,65,4.3538,4.5692,3,2,5,-1,mlb-mil,"{""common_opponents"": 1, ""games_played"": 1, ""head_to_head"": 1, ""home_advantage"": 1, ""last10_form"": 1, ""season_scoring"": 1, ""travel_km"": 1}"
822712,MLB,2026,regular,2026-07-06,2026-07-06,mlb-hou,mlb-wsh,final,,,92,91,,,0.35,,,,,1960.8,0.0,,,,,,,6,4,0,0.6,5,5,0,0.5,4.4891,4.9674,92,5.3297,5.2308,91,13,53,4.3774,4.8868,13,49,5.3878,5.3673,11,12,23,1,mlb-wsh,"{""common_opponents"": 1, ""games_played"": 1, ""head_to_head"": 1, ""home_advantage"": 1, ""last10_form"": 1, ""season_scoring"": 1, ""travel_km"": 1}"
822958,MLB,2026,regular,2026-07-06,2026-07-06,mlb-nyy,mlb-tb,final,,,89,87,,,0.35,,,,,1656.8,1257.0,5,3.0,3.8,5,3.8,3.0,1,9,0,0.1,8,2,0,0.8,4.7978,3.9213,89,4.5517,4.1494,87,14,66,5.0152,4.0606,14,64,4.6562,4.125,5,1,6,-4,mlb-nyy,"{""common_opponents"": 1, ""games_played"": 1, ""head_to_head"": 1, ""home_advantage"": 1, ""last10_form"": 1, ""season_scoring"": 1, ""travel_km"": 1}"
823036,MLB,2026,regular,2026-07-06,2026-07-06,mlb-mil,mlb-stl,final,,,88,87,,,0.35,,,,,2043.7,427.8,5,4.4,2.0,5,2.0,4.4,6,4,0,0.6,5,5,0,0.5,5.1023,3.6591,88,4.6322,4.4828,87,17,64,4.5938,3.8438,17,70,4.9,4.6714,4,3,7,-1,mlb-mil,"{""common_opponents"": 1, ""games_played"": 1, ""head_to_head"": 1, ""home_advantage"": 1, ""last10_form"": 1, ""season_scoring"": 1, ""travel_km"": 1}"
823205,MLB,2026,regular,2026-07-06,2026-07-06,mlb-tor,mlb-sf,final,,,90,90,,,0.35,,,,,1091.1,1521.6,,,,,,,3,7,0,0.3,4,6,0,0.4,3.9556,4.4222,90,4.1222,4.8,90,15,55,3.8727,4.8182,15,75,4.1067,4.7867,1,10,11,9,mlb-sf,"{""common_opponents"": 1, ""games_played"": 1, ""head_to_head"": 1, ""home_advantage"": 1, ""last10_form"": 1, ""season_scoring"": 1, ""travel_km"": 1}"
823282,MLB,2026,regular,2026-07-06,2026-07-06,mlb-ari,mlb-sd,final,,,89,89,,,0.35,,,,,481.2,182.2,2,8.0,6.5,2,6.5,8.0,4,6,0,0.4,2,8,0,0.2,4.236,4.5618,89,3.9101,4.382,89,18,75,4.2133,4.24,18,81,3.8395,4.358,8,0,8,-8,mlb-ari,"{""common_opponents"": 1, ""games_played"": 1, ""head_to_head"": 1, ""home_advantage"": 1, ""last10_form"": 1, ""season_scoring"": 1, ""travel_km"": 1}"
823930,MLB,2026,regular,2026-07-06,2026-07-06,mlb-col,mlb-lad,final,,,91,91,,,0.35,,,,,1334.4,0.0,7,3.8571,7.4286,7,7.4286,3.8571,5,5,0,0.5,7,3,0,0.7,4.8681,5.7363,91,5.3077,3.5165,91,16,78,4.9231,5.6667,16,66,5.3485,3.2424,7,8,15,1,mlb-lad,"{""common_opponents"": 1, ""games_played"": 1, ""head_to_head"": 1, ""home_advantage"": 1, ""last10_form"": 1, ""season_scoring"": 1, ""travel_km"": 1}"
824089,MLB,2026,regular,2026-07-06,2026-07-06,mlb-phi,mlb-kc,final,,,90,90,,,0.35,,,,,0.0,0.0,2,4.0,3.0,2,3.0,4.0,6,4,0,0.6,2,8,0,0.2,4.4667,4.3889,90,4.1,5.0444,90,9,34,3.9412,4.9118,9,41,3.3659,4.7805,1,15,16,14,mlb-kc,"{""common_opponents"": 1, ""games_played"": 1, ""head_to_head"": 1, ""home_advantage"": 1, ""last10_form"": 1, ""season_scoring"": 1, ""travel_km"": 1}"
824900,MLB,2026,regular,2026-07-06,2026-07-06,mlb-nym,mlb-atl,final,,,90,89,,,0.35,,,,,0.0,0.0,6,5.3333,6.1667,6,6.1667,5.3333,3,7,0,0.3,4,6,0,0.4,4.0222,4.7,90,4.8652,3.8427,89,17,78,3.8333,4.5769,17,66,4.7273,3.7576,7,6,13,-1,mlb-nym,"{""common_opponents"": 1, ""games_played"": 1, ""head_to_head"": 1, ""home_advantage"": 1, ""last10_form"": 1, ""season_scoring"": 1, ""travel_km"": 1}"
822713,MLB,2026,regular,2026-07-07,2026-07-07,mlb-hou,mlb-wsh,final,,,93,92,,,0.35,,,,,0.0,0.0,1,11.0,12.0,1,12.0,11.0,5,5,0,0.5,6,4,0,0.6,4.5591,5.043,93,5.4022,5.2935,92,13,53,4.3774,4.8868,13,49,5.3878,5.3673,6,3,9,-3,mlb-hou,"{""common_opponents"": 1, ""games_played"": 1, ""head_to_head"": 1, ""home_advantage"": 1, ""last10_form"": 1, ""season_scoring"": 1, ""travel_km"": 1}"
822881,MLB,2026,regular,2026-07-07,2026-07-07,mlb-laa,mlb-tex,final,,,91,90,,,0.35,,,,,1933.8,0.0,3,5.3333,3.0,3,3.0,5.3333,3,7,0,0.3,7,3,0,0.7,4.3846,5.022,91,4.0778,4.1667,90,16,70,4.3714,5.2143,16,72,4.1389,4.0139,3,8,11,5,mlb-tex,"{""common_opponents"": 1, ""games_played"": 1, ""head_to_head"": 1, ""home_advantage"": 1, ""last10_form"": 1, ""season_scoring"": 1, ""travel_km"": 1}"
822956,MLB,2026,regular,2026-07-07,2026-07-07,mlb-nyy,mlb-tb,final,,,90,88,,,0.35,,,,,0.0,0.0,6,3.3333,3.3333,6,3.3333,3.3333,2,8,0,0.2,7,3,0,0.7,4.8,3.8889,90,4.5114,4.1591,88,14,66,5.0152,4.0606,14,64,4.6562,4.125,4,6,10,2,mlb-tb,"{""common_opponents"": 1, ""games_played"": 1, ""head_to_head"": 1, ""home_advantage"": 1, ""last10_form"": 1, ""season_scoring"": 1, ""travel_km"": 1}"
823035,MLB,2026,regular,2026-07-07,2026-07-07,mlb-mil,mlb-stl,final,,,89,88,,,0.35,,,,,0.0,0.0,6,4.3333,2.1667,6,2.1667,4.3333,6,4,0,0.6,5,5,0,0.5,5.0899,3.6517,89,4.6136,4.4773,88,17,64,4.5938,3.8438,17,70,4.9,4.6714,10,2,12,-8,mlb-mil,"{""common_opponents"": 1, ""games_played"": 1, ""head_to_head"": 1, ""home_advantage"": 1, ""last10_form"": 1, ""season_scoring"": 1, ""travel_km"": 1}"
823062,MLB,2026,regular,2026-07-07,2026-07-07,mlb-mil,mlb-stl,postponed,,,89,88,,,0.35,,,,,0.0,0.0,6,4.3333,2.1667,6,2.1667,4.3333,6,4,0,0.6,5,5,0,0.5,5.0899,3.6517,89,4.6136,4.4773,88,17,64,4.5938,3.8438,17,70,4.9,4.6714,4,3,7,-1,mlb-mil,"{""common_opponents"": 1, ""games_played"": 1, ""head_to_head"": 1, ""home_advantage"": 1, ""last10_form"": 1, ""season_scoring"": 1, ""travel_km"": 1}"
823062,MLB,2026,regular,2026-07-07,2026-07-07,mlb-mil,mlb-stl,final,,,89,88,,,0.35,,,,,0.0,0.0,6,4.3333,2.1667,6,2.1667,4.3333,6,4,0,0.6,5,5,0,0.5,5.0899,3.6517,89,4.6136,4.4773,88,17,64,4.5938,3.8438,17,70,4.9,4.6714,4,3,7,-1,mlb-mil,"{""common_opponents"": 1, ""games_played"": 1, ""head_to_head"": 1, ""home_advantage"": 1, ""last10_form"": 1, ""season_scoring"": 1, ""travel_km"": 1}"
823203,MLB,2026,regular,2026-07-07,2026-07-07,mlb-tor,mlb-sf,final,,,91,91,,,0.35,,,,,0.0,0.0,1,1.0,10.0,1,10.0,1.0,3,7,0,0.3,5,5,0,0.5,3.9231,4.4835,91,4.1868,4.7582,91,15,55,3.8727,4.8182,15,75,4.1067,4.7867,9,3,12,-6,mlb-tor,"{""common_opponents"": 1, ""games_played"": 1, ""head_to_head"": 1, ""home_advantage"": 1, ""last10_form"": 1, ""season_scoring"": 1, ""travel_km"": 1}"
823280,MLB,2026,regular,2026-07-07,2026-07-07,mlb-ari,mlb-sd,final,,,90,90,,,0.35,,,,,0.0,0.0,3,8.0,4.3333,3,4.3333,8.0,4,6,0,0.4,1,9,0,0.1,4.2778,4.5111,90,3.8667,4.4222,90,18,75,4.2133,4.24,18,81,3.8395,4.358,1,4,5,3,mlb-sd,"{""common_opponents"": 1, ""games_played"": 1, ""head_to_head"": 1, ""home_advantage"": 1, ""last10_form"": 1, ""season_scoring"": 1, ""travel_km"": 1}"
823361,MLB,2026,regular,2026-07-07,2026-07-07,mlb-atl,mlb-pit,final,,,90,91,,,0.35,,,,,829.0,310.6,3,5.0,2.6667,3,2.6667,5.0,4,6,0,0.4,5,5,0,0.5,4.8778,3.8778,90,5.2198,4.8571,91,16,67,4.8209,4.0746,16,73,5.1233,4.8904,4,12,16,8,mlb-pit,"{""common_opponents"": 1, ""games_played"": 1, ""head_to_head"": 1, ""home_advantage"": 1, ""last10_form"": 1, ""season_scoring"": 1, ""travel_km"": 1}"
823607,MLB,2026,regular,2026-07-07,2026-07-07,mlb-kc,mlb-nym,final,,,91,91,,,0.35,,,,,1766.2,1208.8,,,,,,,3,7,0,0.3,4,6,0,0.4,4.2198,5.0,91,4.0549,4.7143,91,11,49,4.6939,4.6122,11,50,4.36,5.1,16,12,28,-4,mlb-kc,"{""common_opponents"": 1, ""games_played"": 1, ""head_to_head"": 1, ""home_advantage"": 1, ""last10_form"": 1, ""season_scoring"": 1, ""travel_km"": 1}"
823687,MLB,2026,regular,2026-07-07,2026-07-07,mlb-cle,mlb-min,final,,,91,91,,,0.35,,,,,1014.7,1637.8,3,3.6667,3.6667,3,3.6667,3.6667,5,5,0,0.5,6,4,0,0.6,3.978,4.0769,91,4.9231,5.1099,91,16,73,3.9452,4.1233,16,73,4.7397,5.0137,1,3,4,2,mlb-min,"{""common_opponents"": 1, ""games_played"": 1, ""head_to_head"": 1, ""home_advantage"": 1, ""last10_form"": 1, ""season_scoring"": 1, ""travel_km"": 1}"
823847,MLB,2026,regular,2026-07-07,2026-07-07,mlb-sea,mlb-mia,final,,,91,91,,,0.35,,,,,4392.3,4098.7,,,,,,,6,4,0,0.6,7,3,0,0.7,4.0879,3.7912,91,4.5934,4.3297,91,14,55,4.0364,3.7818,14,55,4.8,4.3091,5,6,11,1,mlb-mia,"{""common_opponents"": 1, ""games_played"": 1, ""head_to_head"": 1, ""home_advantage"": 1, ""last10_form"": 1, ""season_scoring"": 1, ""travel_km"": 1}"
823929,MLB,2026,regular,2026-07-07,2026-07-07,mlb-col,mlb-lad,final,,,92,92,,,0.35,,,,,0.0,0.0,8,4.25,7.5,8,7.5,4.25,5,5,0,0.5,8,2,0,0.8,4.8913,5.7609,92,5.337,3.5543,92,16,78,4.9231,5.6667,16,66,5.3485,3.2424,4,3,7,-1,mlb-col,"{""common_opponents"": 1, ""games_played"": 1, ""head_to_head"": 1, ""home_advantage"": 1, ""last10_form"": 1, ""season_scoring"": 1, ""travel_km"": 1}"
824254,MLB,2026,regular,2026-07-07,2026-07-07,mlb-ath,mlb-det,final,,,90,90,,,0.35,,,,,3253.0,1629.7,,,,,,,3,7,0,0.3,6,4,0,0.6,4.6222,5.4222,90,4.2111,4.0889,90,16,69,4.4928,5.2174,16,67,3.9552,3.8209,2,6,8,4,mlb-det,"{""common_opponents"": 1, ""games_played"": 1, ""head_to_head"": 1, ""home_advantage"": 1, ""last10_form"": 1, ""season_scoring"": 1, ""travel_km"": 1}"
824495,MLB,2026,regular,2026-07-07,2026-07-07,mlb-phi,mlb-cin,final,,,91,89,,,0.35,,,,,860.5,0.0,3,3.3333,5.6667,3,5.6667,3.3333,5,5,0,0.5,4,6,0,0.4,4.4286,4.5055,91,4.1798,4.8539,89,15,76,4.4211,4.4079,15,60,3.95,4.8833,4,1,5,-3,mlb-phi,"{""common_opponents"": 1, ""games_played"": 1, ""head_to_head"": 1, ""home_advantage"": 1, ""last10_form"": 1, ""season_scoring"": 1, ""travel_km"": 1}"
824579,MLB,2026,regular,2026-07-07,2026-07-07,mlb-bos,mlb-cws,final,,,88,89,,,0.35,,,,,2786.2,495.4,,,,,,,8,2,0,0.8,6,4,0,0.6,4.0568,4.0,88,4.809,4.5169,89,15,70,4.0286,4.0,15,71,4.493,4.1268,8,1,9,-7,mlb-bos,"{""common_opponents"": 1, ""games_played"": 1, ""head_to_head"": 1, ""home_advantage"": 1, ""last10_form"": 1, ""season_scoring"": 1, ""travel_km"": 1}"
824820,MLB,2026,regular,2026-07-07,2026-07-07,mlb-chc,mlb-bal,final,,,90,91,,,0.35,,,,,976.5,679.6,,,,,,,7,3,0,0.7,4,6,0,0.4,5.0556,4.5444,90,4.5714,4.8791,91,15,55,5.0364,4.5273,15,59,4.678,4.7119,5,2,7,-3,mlb-chc,"{""common_opponents"": 1, ""games_played"": 1, ""head_to_head"": 1, ""home_advantage"": 1, ""last10_form"": 1, ""season_scoring"": 1, ""travel_km"": 1}"
822710,MLB,2026,regular,2026-07-08,2026-07-08,mlb-hou,mlb-wsh,final,,,94,93,,,0.35,,,,,0.0,0.0,2,8.5,7.5,2,7.5,8.5,6,4,0,0.6,6,4,0,0.6,4.5745,5.0213,94,5.3763,5.3011,93,13,53,4.3774,4.8868,13,49,5.3878,5.3673,2,8,10,6,mlb-wsh,"{""common_opponents"": 1, ""games_played"": 1, ""head_to_head"": 1, ""home_advantage"": 1, ""last10_form"": 1, ""season_scoring"": 1, ""travel_km"": 1}"
822880,MLB,2026,regular,2026-07-08,2026-07-08,mlb-laa,mlb-tex,final,,,92,91,,,0.35,,,,,0.0,0.0,4,4.75,4.25,4,4.25,4.75,2,8,0,0.2,7,3,0,0.7,4.3696,5.0543,92,4.1209,4.1538,91,16,70,4.3714,5.2143,16,72,4.1389,4.0139,13,1,14,-12,mlb-laa,"{""common_opponents"": 1, ""games_played"": 1, ""head_to_head"": 1, ""home_advantage"": 1, ""last10_form"": 1, ""season_scoring"": 1, ""travel_km"": 1}"
822957,MLB,2026,regular,2026-07-08,2026-07-08,mlb-nyy,mlb-tb,final,,,91,89,,,0.35,,,,,0.0,0.0,7,3.4286,3.7143,7,3.7143,3.4286,2,8,0,0.2,7,3,0,0.7,4.7912,3.9121,91,4.5281,4.1573,89,14,66,5.0152,4.0606,14,64,4.6562,4.125,0,3,3,3,mlb-tb,"{""common_opponents"": 1, ""games_played"": 1, ""head_to_head"": 1, ""home_advantage"": 1, ""last10_form"": 1, ""season_scoring"": 1, ""travel_km"": 1}"
823032,MLB,2026,regular,2026-07-08,2026-07-08,mlb-mil,mlb-stl,final,,,91,90,,,0.35,,,,,0.0,0.0,8,5.0,2.25,8,2.25,5.0,8,2,0,0.8,5,5,0,0.5,5.1319,3.6264,91,4.5667,4.5333,90,17,64,4.5938,3.8438,17,70,4.9,4.6714,1,5,6,4,mlb-stl,"{""common_opponents"": 1, ""games_played"": 1, ""head_to_head"": 1, ""home_advantage"": 1, ""last10_form"": 1, ""season_scoring"": 1, ""travel_km"": 1}"
823202,MLB,2026,regular,2026-07-08,2026-07-08,mlb-tor,mlb-sf,final,,,92,92,,,0.35,,,,,0.0,0.0,2,5.0,6.5,2,6.5,5.0,4,6,0,0.4,5,5,0,0.5,3.9783,4.4674,92,4.1739,4.8043,92,15,55,3.8727,4.8182,15,75,4.1067,4.7867,10,0,10,-10,mlb-tor,"{""common_opponents"": 1, ""games_played"": 1, ""head_to_head"": 1, ""home_advantage"": 1, ""last10_form"": 1, ""season_scoring"": 1, ""travel_km"": 1}"
823279,MLB,2026,regular,2026-07-08,2026-07-08,mlb-ari,mlb-sd,final,,,91,91,,,0.35,,,,,0.0,0.0,4,6.25,4.25,4,4.25,6.25,4,6,0,0.4,2,8,0,0.2,4.2418,4.5055,91,3.8681,4.3846,91,18,75,4.2133,4.24,18,81,3.8395,4.358,4,10,14,6,mlb-sd,"{""common_opponents"": 1, ""games_played"": 1, ""head_to_head"": 1, ""home_advantage"": 1, ""last10_form"": 1, ""season_scoring"": 1, ""travel_km"": 1}"
823360,MLB,2026,regular,2026-07-08,2026-07-08,mlb-atl,mlb-pit,final,,,91,92,,,0.35,,,,,0.0,0.0,4,4.75,5.0,4,5.0,4.75,3,7,0,0.3,6,4,0,0.6,4.8681,3.967,91,5.2935,4.8478,92,16,67,4.8209,4.0746,16,73,5.1233,4.8904,3,0,3,-3,mlb-atl,"{""common_opponents"": 1, ""games_played"": 1, ""head_to_head"": 1, ""home_advantage"": 1, ""last10_form"": 1, ""season_scoring"": 1, ""travel_km"": 1}"
823605,MLB,2026,regular,2026-07-08,2026-07-08,mlb-kc,mlb-nym,final,,,92,92,,,0.35,,,,,0.0,0.0,1,16.0,12.0,1,12.0,16.0,4,6,0,0.4,4,6,0,0.4,4.3478,5.0761,92,4.1413,4.837,92,11,49,4.6939,4.6122,11,50,4.36,5.1,2,6,8,4,mlb-nym,"{""common_opponents"": 1, ""games_played"": 1, ""head_to_head"": 1, ""home_advantage"": 1, ""last10_form"": 1, ""season_scoring"": 1, ""travel_km"": 1}"
823684,MLB,2026,regular,2026-07-08,2026-07-08,mlb-cle,mlb-min,final,,,92,92,,,0.35,,,,,0.0,0.0,4,3.0,3.5,4,3.5,3.0,5,5,0,0.5,7,3,0,0.7,3.9457,4.0652,92,4.9022,5.0652,92,16,73,3.9452,4.1233,16,73,4.7397,5.0137,5,6,11,1,mlb-min,"{""common_opponents"": 1, ""games_played"": 1, ""head_to_head"": 1, ""home_advantage"": 1, ""last10_form"": 1, ""season_scoring"": 1, ""travel_km"": 1}"
823848,MLB,2026,regular,2026-07-08,2026-07-08,mlb-sea,mlb-mia,final,,,92,92,,,0.35,,,,,0.0,0.0,1,5.0,6.0,1,6.0,5.0,6,4,0,0.6,7,3,0,0.7,4.0978,3.8152,92,4.6087,4.337,92,14,55,4.0364,3.7818,14,55,4.8,4.3091,0,2,2,2,mlb-mia,"{""common_opponents"": 1, ""games_played"": 1, ""head_to_head"": 1, ""home_advantage"": 1, ""last10_form"": 1, ""season_scoring"": 1, ""travel_km"": 1}"
823928,MLB,2026,regular,2026-07-08,2026-07-08,mlb-col,mlb-lad,final,,,93,93,,,0.35,,,,,0.0,0.0,9,4.2222,7.0,9,7.0,4.2222,5,5,0,0.5,7,3,0,0.7,4.8817,5.7312,93,5.3118,3.5591,93,16,78,4.9231,5.6667,16,66,5.3485,3.2424,3,4,7,1,mlb-lad,"{""common_opponents"": 1, ""games_played"": 1, ""head_to_head"": 1, ""home_advantage"": 1, ""last10_form"": 1, ""season_scoring"": 1, ""travel_km"": 1}"
824253,MLB,2026,regular,2026-07-08,2026-07-08,mlb-ath,mlb-det,final,,,91,91,,,0.35,,,,,0.0,0.0,1,2.0,6.0,1,6.0,2.0,2,8,0,0.2,7,3,0,0.7,4.5934,5.4286,91,4.2308,4.0659,91,16,69,4.4928,5.2174,16,67,3.9552,3.8209,1,6,7,5,mlb-det,"{""common_opponents"": 1, ""games_played"": 1, ""head_to_head"": 1, ""home_advantage"": 1, ""last10_form"": 1, ""season_scoring"": 1, ""travel_km"": 1}"
824496,MLB,2026,regular,2026-07-08,2026-07-08,mlb-phi,mlb-cin,final,,,92,90,,,0.35,,,,,0.0,0.0,4,3.5,4.5,4,4.5,3.5,5,5,0,0.5,3,7,0,0.3,4.4239,4.4674,92,4.1444,4.8444,90,15,76,4.4211,4.4079,15,60,3.95,4.8833,5,11,16,6,mlb-cin,"{""common_opponents"": 1, ""games_played"": 1, ""head_to_head"": 1, ""home_advantage"": 1, ""last10_form"": 1, ""season_scoring"": 1, ""travel_km"": 1}"
824578,MLB,2026,regular,2026-07-08,2026-07-08,mlb-bos,mlb-cws,final,,,89,90,,,0.35,,,,,0.0,0.0,1,8.0,1.0,1,1.0,8.0,8,2,0,0.8,5,5,0,0.5,4.1011,3.9663,89,4.7667,4.5556,90,15,70,4.0286,4.0,15,71,4.493,4.1268,5,0,5,-5,mlb-bos,"{""common_opponents"": 1, ""games_played"": 1, ""head_to_head"": 1, ""home_advantage"": 1, ""last10_form"": 1, ""season_scoring"": 1, ""travel_km"": 1}"
824815,MLB,2026,regular,2026-07-08,2026-07-08,mlb-chc,mlb-bal,final,,,91,92,,,0.35,,,,,0.0,0.0,1,5.0,2.0,1,2.0,5.0,7,3,0,0.7,4,6,0,0.4,5.0549,4.5165,91,4.5435,4.8804,92,15,55,5.0364,4.5273,15,59,4.678,4.7119,9,7,16,-2,mlb-chc,"{""common_opponents"": 1, ""games_played"": 1, ""head_to_head"": 1, ""home_advantage"": 1, ""last10_form"": 1, ""season_scoring"": 1, ""travel_km"": 1}"
822877,MLB,2026,regular,2026-07-09,2026-07-09,mlb-laa,mlb-tex,final,,,93,92,,,0.35,,,,,0.0,0.0,5,6.4,3.6,5,3.6,6.4,3,7,0,0.3,6,4,0,0.6,4.4624,5.0108,93,4.087,4.25,92,16,70,4.3714,5.2143,16,72,4.1389,4.0139,6,7,13,1,mlb-tex,"{""common_opponents"": 1, ""games_played"": 1, ""head_to_head"": 1, ""home_advantage"": 1, ""last10_form"": 1, ""season_scoring"": 1, ""travel_km"": 1}"
822954,MLB,2026,regular,2026-07-09,2026-07-09,mlb-nyy,mlb-tb,final,,,92,90,,,0.35,,,,,0.0,0.0,8,3.0,3.625,8,3.625,3.0,2,8,0,0.2,7,3,0,0.7,4.7391,3.9022,92,4.5111,4.1111,90,14,66,5.0152,4.0606,14,64,4.6562,4.125,12,4,16,-8,mlb-nyy,"{""common_opponents"": 1, ""games_played"": 1, ""head_to_head"": 1, ""home_advantage"": 1, ""last10_form"": 1, ""season_scoring"": 1, ""travel_km"": 1}"
823034,MLB,2026,regular,2026-07-09,2026-07-09,mlb-mil,mlb-stl,final,,,92,91,,,0.35,,,,,0.0,0.0,9,4.5556,2.5556,9,2.5556,4.5556,7,3,0,0.7,5,5,0,0.5,5.087,3.6413,92,4.5714,4.4945,91,17,64,4.5938,3.8438,17,70,4.9,4.6714,8,4,12,-4,mlb-mil,"{""common_opponents"": 1, ""games_played"": 1, ""head_to_head"": 1, ""home_advantage"": 1, ""last10_form"": 1, ""season_scoring"": 1, ""travel_km"": 1}"
823201,MLB,2026,regular,2026-07-09,2026-07-09,mlb-col,mlb-sf,final,,,94,93,,,0.35,,,,,556.0,0.0,6,8.0,7.1667,6,7.1667,8.0,5,5,0,0.5,4,6,0,0.4,4.8617,5.7128,94,4.129,4.8602,93,13,70,4.4714,5.7286,13,69,3.942,4.5652,2,8,10,6,mlb-sf,"{""common_opponents"": 1, ""games_played"": 1, ""head_to_head"": 1, ""home_advantage"": 1, ""last10_form"": 1, ""season_scoring"": 1, ""travel_km"": 1}"
823277,MLB,2026,regular,2026-07-09,2026-07-09,mlb-ari,mlb-sd,final,,,92,92,,,0.35,,,,,0.0,0.0,5,5.8,5.4,5,5.4,5.8,4,6,0,0.4,3,7,0,0.3,4.2391,4.5652,92,3.9348,4.3804,92,18,75,4.2133,4.24,18,81,3.8395,4.358,3,1,4,-2,mlb-ari,"{""common_opponents"": 1, ""games_played"": 1, ""head_to_head"": 1, ""home_advantage"": 1, ""last10_form"": 1, ""season_scoring"": 1, ""travel_km"": 1}"
823359,MLB,2026,regular,2026-07-09,2026-07-09,mlb-atl,mlb-pit,final,,,92,93,,,0.35,,,,,0.0,0.0,5,4.4,4.0,5,4.0,4.4,4,6,0,0.4,6,4,0,0.6,4.8478,3.9239,92,5.2366,4.828,93,16,67,4.8209,4.0746,16,73,5.1233,4.8904,10,5,15,-5,mlb-atl,"{""common_opponents"": 1, ""games_played"": 1, ""head_to_head"": 1, ""home_advantage"": 1, ""last10_form"": 1, ""season_scoring"": 1, ""travel_km"": 1}"
823606,MLB,2026,regular,2026-07-09,2026-07-09,mlb-kc,mlb-nym,final,,,93,93,,,0.35,,,,,0.0,0.0,2,9.0,9.0,2,9.0,9.0,4,6,0,0.4,4,6,0,0.4,4.3226,5.086,93,4.1613,4.8065,93,11,49,4.6939,4.6122,11,50,4.36,5.1,3,7,10,4,mlb-nym,"{""common_opponents"": 1, ""games_played"": 1, ""head_to_head"": 1, ""home_advantage"": 1, ""last10_form"": 1, ""season_scoring"": 1, ""travel_km"": 1}"
823683,MLB,2026,regular,2026-07-09,2026-07-09,mlb-cle,mlb-min,final,,,93,93,,,0.35,,,,,0.0,0.0,5,3.4,4.0,5,4.0,3.4,4,6,0,0.4,7,3,0,0.7,3.957,4.086,93,4.914,5.0645,93,16,73,3.9452,4.1233,16,73,4.7397,5.0137,5,2,7,-3,mlb-cle,"{""common_opponents"": 1, ""games_played"": 1, ""head_to_head"": 1, ""home_advantage"": 1, ""last10_form"": 1, ""season_scoring"": 1, ""travel_km"": 1}"
823846,MLB,2026,regular,2026-07-09,2026-07-09,mlb-sea,mlb-mia,final,,,93,93,,,0.35,,,,,0.0,0.0,2,2.5,4.0,2,4.0,2.5,5,5,0,0.5,7,3,0,0.7,4.0538,3.7957,93,4.5806,4.2903,93,14,55,4.0364,3.7818,14,55,4.8,4.3091,4,8,12,4,mlb-mia,"{""common_opponents"": 1, ""games_played"": 1, ""head_to_head"": 1, ""home_advantage"": 1, ""last10_form"": 1, ""season_scoring"": 1, ""travel_km"": 1}"
824251,MLB,2026,regular,2026-07-09,2026-07-09,mlb-ath,mlb-det,final,,,92,92,,,0.35,,,,,0.0,0.0,2,1.5,6.0,2,6.0,1.5,1,9,0,0.1,7,3,0,0.7,4.5543,5.4348,92,4.25,4.0326,92,16,69,4.4928,5.2174,16,67,3.9552,3.8209,1,4,5,3,mlb-det,"{""common_opponents"": 1, ""games_played"": 1, ""head_to_head"": 1, ""home_advantage"": 1, ""last10_form"": 1, ""season_scoring"": 1, ""travel_km"": 1}"
824494,MLB,2026,regular,2026-07-09,2026-07-09,mlb-phi,mlb-cin,final,,,93,91,,,0.35,,,,,0.0,0.0,5,3.8,5.8,5,5.8,3.8,5,5,0,0.5,3,7,0,0.3,4.4301,4.5376,93,4.2198,4.8462,91,15,76,4.4211,4.4079,15,60,3.95,4.8833,1,0,1,-1,mlb-phi,"{""common_opponents"": 1, ""games_played"": 1, ""head_to_head"": 1, ""home_advantage"": 1, ""last10_form"": 1, ""season_scoring"": 1, ""travel_km"": 1}"
824577,MLB,2026,regular,2026-07-09,2026-07-09,mlb-bos,mlb-cws,final,,,90,91,,,0.35,,,,,0.0,0.0,2,6.5,0.5,2,0.5,6.5,8,2,0,0.8,4,6,0,0.4,4.1111,3.9222,90,4.7143,4.5604,91,15,70,4.0286,4.0,15,71,4.493,4.1268,2,1,3,-1,mlb-bos,"{""common_opponents"": 1, ""games_played"": 1, ""head_to_head"": 1, ""home_advantage"": 1, ""last10_form"": 1, ""season_scoring"": 1, ""travel_km"": 1}"
824816,MLB,2026,regular,2026-07-09,2026-07-09,mlb-chc,mlb-bal,final,,,92,93,,,0.35,,,,,0.0,0.0,2,7.0,4.5,2,4.5,7.0,8,2,0,0.8,3,7,0,0.3,5.0978,4.5435,92,4.5699,4.9247,93,15,55,5.0364,4.5273,15,59,4.678,4.7119,2,3,5,1,mlb-bal,"{""common_opponents"": 1, ""games_played"": 1, ""head_to_head"": 1, ""home_advantage"": 1, ""last10_form"": 1, ""season_scoring"": 1, ""travel_km"": 1}"
822709,MLB,2026,regular,2026-07-10,2026-07-10,mlb-nyy,mlb-wsh,final,,,93,94,,,0.35,,,,,1340.8,0.0,,,,,,,3,7,0,0.3,6,4,0,0.6,4.8172,3.9032,93,5.4043,5.266,94,14,64,5.0469,3.6094,14,58,5.3793,4.8448,5,3,8,-2,mlb-nyy,"{""common_opponents"": 1, ""games_played"": 1, ""head_to_head"": 1, ""home_advantage"": 1, ""last10_form"": 1, ""season_scoring"": 1, ""travel_km"": 1}"
822878,MLB,2026,regular,2026-07-10,2026-07-10,mlb-hou,mlb-tex,final,,,95,93,,,0.35,,,,,1929.3,0.0,7,4.4286,3.2857,7,3.2857,4.4286,5,5,0,0.5,6,4,0,0.6,4.5474,5.0526,95,4.1183,4.2688,93,17,79,4.5063,5.2405,17,74,4.1081,4.2568,3,7,10,4,mlb-tex,"{""common_opponents"": 1, ""games_played"": 1, ""head_to_head"": 1, ""home_advantage"": 1, ""last10_form"": 1, ""season_scoring"": 1, ""travel_km"": 1}"
822955,MLB,2026,regular,2026-07-10,2026-07-10,mlb-sea,mlb-tb,final,,,94,91,,,0.35,,,,,327.6,0.0,,,,,,,5,5,0,0.5,6,4,0,0.6,4.0532,3.8404,94,4.5055,4.1978,91,16,70,4.2143,3.8714,16,76,4.7763,4.1579,2,7,9,5,mlb-tb,"{""common_opponents"": 1, ""games_played"": 1, ""head_to_head"": 1, ""home_advantage"": 1, ""last10_form"": 1, ""season_scoring"": 1, ""travel_km"": 1}"
823033,MLB,2026,regular,2026-07-10,2026-07-10,mlb-atl,mlb-stl,final,,,93,92,,,0.35,,,,,896.3,0.0,3,4.3333,5.6667,3,5.6667,4.3333,5,5,0,0.5,4,6,0,0.4,4.9032,3.9355,93,4.5652,4.5326,92,16,67,4.9701,3.8657,16,77,4.2468,4.3506,1,2,3,1,mlb-stl,"{""common_opponents"": 1, ""games_played"": 1, ""head_to_head"": 1, ""home_advantage"": 1, ""last10_form"": 1, ""season_scoring"": 1, ""travel_km"": 1}"
823200,MLB,2026,regular,2026-07-10,2026-07-10,mlb-col,mlb-sf,final,,,95,94,,,0.35,,,,,0.0,0.0,7,7.1429,7.2857,7,7.2857,7.1429,5,5,0,0.5,4,6,0,0.4,4.8316,5.7368,95,4.1702,4.8298,94,13,70,4.4714,5.7286,13,69,3.942,4.5652,4,3,7,-1,mlb-col,"{""common_opponents"": 1, ""games_played"": 1, ""head_to_head"": 1, ""home_advantage"": 1, ""last10_form"": 1, ""season_scoring"": 1, ""travel_km"": 1}"
823278,MLB,2026,regular,2026-07-10,2026-07-10,mlb-tor,mlb-sd,final,,,93,93,,,0.35,,,,,737.1,0.0,,,,,,,5,5,0,0.5,3,7,0,0.3,4.043,4.4194,93,3.9032,4.3656,93,18,64,3.9531,4.3438,18,80,4.0,4.475,5,3,8,-2,mlb-tor,"{""common_opponents"": 1, ""games_played"": 1, ""head_to_head"": 1, ""home_advantage"": 1, ""last10_form"": 1, ""season_scoring"": 1, ""travel_km"": 1}"
823604,MLB,2026,regular,2026-07-10,2026-07-10,mlb-bos,mlb-nym,final,,,91,94,,,0.35,,,,,1156.8,0.0,,,,,,,8,2,0,0.8,5,5,0,0.5,4.0879,3.8901,91,4.1915,4.7872,94,14,61,3.8525,3.8852,14,62,4.4839,4.8387,6,2,8,-4,mlb-bos,"{""common_opponents"": 1, ""games_played"": 1, ""head_to_head"": 1, ""home_advantage"": 1, ""last10_form"": 1, ""season_scoring"": 1, ""travel_km"": 1}"
823685,MLB,2026,regular,2026-07-10,2026-07-10,mlb-laa,mlb-min,final,,,94,94,,,0.35,,,,,1399.3,0.0,,,,,,,2,8,0,0.2,7,3,0,0.7,4.4787,5.0319,94,4.883,5.0638,94,17,74,4.6081,5.0946,17,79,4.7975,4.8861,4,3,7,-1,mlb-laa,"{""common_opponents"": 1, ""games_played"": 1, ""head_to_head"": 1, ""home_advantage"": 1, ""last10_form"": 1, ""season_scoring"": 1, ""travel_km"": 1}"
823845,MLB,2026,regular,2026-07-10,2026-07-10,mlb-cle,mlb-mia,final,,,94,94,,,0.35,,,,,2434.3,0.0,,,,,,,4,6,0,0.4,8,2,0,0.8,3.9681,4.0638,94,4.617,4.2872,94,17,72,4.0,4.1111,17,69,4.5507,4.3768,3,2,5,-1,mlb-cle,"{""common_opponents"": 1, ""games_played"": 1, ""head_to_head"": 1, ""home_advantage"": 1, ""last10_form"": 1, ""season_scoring"": 1, ""travel_km"": 1}"
823927,MLB,2026,regular,2026-07-10,2026-07-10,mlb-ari,mlb-lad,final,,,93,94,,,0.35,,,,,182.2,0.0,7,2.8571,4.5714,7,4.5714,2.8571,5,5,0,0.5,7,3,0,0.7,4.2258,4.5269,93,5.2979,3.5532,94,19,77,4.3636,4.6234,19,78,5.3718,3.641,9,3,12,-6,mlb-ari,"{""common_opponents"": 1, ""games_played"": 1, ""head_to_head"": 1, ""home_advantage"": 1, ""last10_form"": 1, ""season_scoring"": 1, ""travel_km"": 1}"
824252,MLB,2026,regular,2026-07-10,2026-07-10,mlb-phi,mlb-det,final,,,94,93,,,0.35,,,,,380.8,0.0,,,,,,,5,5,0,0.5,8,2,0,0.8,4.3936,4.4894,94,4.2473,4.0,93,14,58,3.8966,4.0862,14,58,3.7241,3.9655,2,10,12,8,mlb-det,"{""common_opponents"": 1, ""games_played"": 1, ""head_to_head"": 1, ""home_advantage"": 1, ""last10_form"": 1, ""season_scoring"": 1, ""travel_km"": 1}"
824493,MLB,2026,regular,2026-07-10,2026-07-10,mlb-chc,mlb-cin,final,,,93,92,,,0.35,,,,,679.6,0.0,4,5.75,3.75,4,3.75,5.75,7,3,0,0.7,3,7,0,0.3,5.0645,4.5269,93,4.1739,4.8043,92,17,78,4.9103,4.3462,17,69,4.2029,4.913,0,4,4,4,mlb-cin,"{""common_opponents"": 1, ""games_played"": 1, ""head_to_head"": 1, ""home_advantage"": 1, ""last10_form"": 1, ""season_scoring"": 1, ""travel_km"": 1}"
824575,MLB,2026,regular,2026-07-10,2026-07-10,mlb-ath,mlb-cws,final,,,93,92,,,0.35,,,,,382.6,0.0,3,4.3333,7.3333,3,7.3333,4.3333,1,9,0,0.1,4,6,0,0.4,4.5161,5.4194,93,4.6739,4.5326,92,16,65,4.2462,5.2154,16,70,4.5571,4.4857,1,14,15,13,mlb-cws,"{""common_opponents"": 1, ""games_played"": 1, ""head_to_head"": 1, ""home_advantage"": 1, ""last10_form"": 1, ""season_scoring"": 1, ""travel_km"": 1}"
824817,MLB,2026,regular,2026-07-10,2026-07-10,mlb-kc,mlb-bal,final,,,94,94,,,0.35,,,,,287.6,0.0,3,5.6667,6.6667,3,6.6667,5.6667,4,6,0,0.4,4,6,0,0.4,4.3085,5.1064,94,4.5532,4.8936,94,14,73,3.9315,5.0137,14,63,4.1746,4.8889,3,5,8,2,mlb-bal,"{""common_opponents"": 1, ""games_played"": 1, ""head_to_head"": 1, ""home_advantage"": 1, ""last10_form"": 1, ""season_scoring"": 1, ""travel_km"": 1}"
822711,MLB,2026,regular,2026-07-11,2026-07-11,mlb-nyy,mlb-wsh,final,,,94,95,,,0.35,,,,,0.0,0.0,1,5.0,3.0,1,3.0,5.0,4,6,0,0.4,5,5,0,0.5,4.8191,3.8936,94,5.3789,5.2632,95,14,64,5.0469,3.6094,14,58,5.3793,4.8448,4,2,6,-2,mlb-nyy,"{""common_opponents"": 1, ""games_played"": 1, ""head_to_head"": 1, ""home_advantage"": 1, ""last10_form"": 1, ""season_scoring"": 1, ""travel_km"": 1}"
822875,MLB,2026,regular,2026-07-11,2026-07-11,mlb-hou,mlb-tex,final,,,96,94,,,0.35,,,,,0.0,0.0,8,4.25,3.75,8,3.75,4.25,4,6,0,0.4,6,4,0,0.6,4.5312,5.0729,96,4.1489,4.2553,94,17,79,4.5063,5.2405,17,74,4.1081,4.2568,9,3,12,-6,mlb-hou,"{""common_opponents"": 1, ""games_played"": 1, ""head_to_head"": 1, ""home_advantage"": 1, ""last10_form"": 1, ""season_scoring"": 1, ""travel_km"": 1}"
822953,MLB,2026,regular,2026-07-11,2026-07-11,mlb-sea,mlb-tb,final,,,95,92,,,0.35,,,,,0.0,0.0,1,2.0,7.0,1,7.0,2.0,5,5,0,0.5,6,4,0,0.6,4.0316,3.8737,95,4.5326,4.1739,92,16,70,4.2143,3.8714,16,76,4.7763,4.1579,1,6,7,5,mlb-tb,"{""common_opponents"": 1, ""games_played"": 1, ""head_to_head"": 1, ""home_advantage"": 1, ""last10_form"": 1, ""season_scoring"": 1, ""travel_km"": 1}"
823030,MLB,2026,regular,2026-07-11,2026-07-11,mlb-atl,mlb-stl,final,,,94,93,,,0.35,,,,,0.0,0.0,4,3.5,4.75,4,4.75,3.5,5,5,0,0.5,5,5,0,0.5,4.8617,3.9149,94,4.5376,4.4946,93,16,67,4.9701,3.8657,16,77,4.2468,4.3506,1,4,5,3,mlb-stl,"{""common_opponents"": 1, ""games_played"": 1, ""head_to_head"": 1, ""home_advantage"": 1, ""last10_form"": 1, ""season_scoring"": 1, ""travel_km"": 1}"
823198,MLB,2026,regular,2026-07-11,2026-07-11,mlb-col,mlb-sf,final,,,96,95,,,0.35,,,,,0.0,0.0,8,6.75,6.75,8,6.75,6.75,6,4,0,0.6,4,6,0,0.4,4.8229,5.7083,96,4.1579,4.8211,95,13,70,4.4714,5.7286,13,69,3.942,4.5652,2,4,6,2,mlb-sf,"{""common_opponents"": 1, ""games_played"": 1, ""head_to_head"": 1, ""home_advantage"": 1, ""last10_form"": 1, ""season_scoring"": 1, ""travel_km"": 1}"
823276,MLB,2026,regular,2026-07-11,2026-07-11,mlb-tor,mlb-sd,final,,,94,94,,,0.35,,,,,0.0,0.0,1,5.0,3.0,1,3.0,5.0,6,4,0,0.6,3,7,0,0.3,4.0532,4.4043,94,3.8936,4.3723,94,18,64,3.9531,4.3438,18,80,4.0,4.475,7,8,15,1,mlb-sd,"{""common_opponents"": 1, ""games_played"": 1, ""head_to_head"": 1, ""home_advantage"": 1, ""last10_form"": 1, ""season_scoring"": 1, ""travel_km"": 1}"
823356,MLB,2026,regular,2026-07-11,2026-07-11,mlb-mil,mlb-pit,final,,,93,94,,,0.35,,,,,896.3,0.0,3,2.6667,4.0,3,4.0,2.6667,7,3,0,0.7,5,5,0,0.5,5.1183,3.6452,93,5.234,4.883,94,17,72,5.125,3.5972,17,79,5.3544,5.1266,2,3,5,1,mlb-pit,"{""common_opponents"": 1, ""games_played"": 1, ""head_to_head"": 1, ""home_advantage"": 1, ""last10_form"": 1, ""season_scoring"": 1, ""travel_km"": 1}"
823357,MLB,2026,regular,2026-07-11,2026-07-11,mlb-mil,mlb-pit,postponed,,,93,94,,,0.35,,,,,896.3,0.0,3,2.6667,4.0,3,4.0,2.6667,7,3,0,0.7,5,5,0,0.5,5.1183,3.6452,93,5.234,4.883,94,17,72,5.125,3.5972,17,79,5.3544,5.1266,6,7,13,1,mlb-pit,"{""common_opponents"": 1, ""games_played"": 1, ""head_to_head"": 1, ""home_advantage"": 1, ""last10_form"": 1, ""season_scoring"": 1, ""travel_km"": 1}"
823357,MLB,2026,regular,2026-07-11,2026-07-11,mlb-mil,mlb-pit,final,,,93,94,,,0.35,,,,,896.3,0.0,3,2.6667,4.0,3,4.0,2.6667,7,3,0,0.7,5,5,0,0.5,5.1183,3.6452,93,5.234,4.883,94,17,72,5.125,3.5972,17,79,5.3544,5.1266,6,7,13,1,mlb-pit,"{""common_opponents"": 1, ""games_played"": 1, ""head_to_head"": 1, ""home_advantage"": 1, ""last10_form"": 1, ""season_scoring"": 1, ""travel_km"": 1}"
823603,MLB,2026,regular,2026-07-11,2026-07-11,mlb-bos,mlb-nym,final,,,92,95,,,0.35,,,,,0.0,0.0,1,6.0,2.0,1,2.0,6.0,8,2,0,0.8,5,5,0,0.5,4.1087,3.8696,92,4.1684,4.8,95,14,61,3.8525,3.8852,14,62,4.4839,4.8387,4,0,4,-4,mlb-bos,"{""common_opponents"": 1, ""games_played"": 1, ""head_to_head"": 1, ""home_advantage"": 1, ""last10_form"": 1, ""season_scoring"": 1, ""travel_km"": 1}"
823682,MLB,2026,regular,2026-07-11,2026-07-11,mlb-laa,mlb-min,final,,,95,95,,,0.35,,,,,0.0,0.0,1,4.0,3.0,1,3.0,4.0,2,8,0,0.2,6,4,0,0.6,4.4737,5.0105,95,4.8632,5.0526,95,17,74,4.6081,5.0946,17,79,4.7975,4.8861,3,5,8,2,mlb-min,"{""common_opponents"": 1, ""games_played"": 1, ""head_to_head"": 1, ""home_advantage"": 1, ""last10_form"": 1, ""season_scoring"": 1, ""travel_km"": 1}"
823844,MLB,2026,regular,2026-07-11,2026-07-11,mlb-cle,mlb-mia,final,,,95,95,,,0.35,,,,,0.0,0.0,1,3.0,2.0,1,2.0,3.0,5,5,0,0.5,7,3,0,0.7,3.9579,4.0421,95,4.5895,4.2737,95,17,72,4.0,4.1111,17,69,4.5507,4.3768,4,1,5,-3,mlb-cle,"{""common_opponents"": 1, ""games_played"": 1, ""head_to_head"": 1, ""home_advantage"": 1, ""last10_form"": 1, ""season_scoring"": 1, ""travel_km"": 1}"
823926,MLB,2026,regular,2026-07-11,2026-07-11,mlb-ari,mlb-lad,final,,,94,95,,,0.35,,,,,0.0,0.0,8,3.625,4.375,8,4.375,3.625,5,5,0,0.5,6,4,0,0.6,4.2766,4.5106,94,5.2737,3.6105,95,19,77,4.3636,4.6234,19,78,5.3718,3.641,9,2,11,-7,mlb-ari,"{""common_opponents"": 1, ""games_played"": 1, ""head_to_head"": 1, ""home_advantage"": 1, ""last10_form"": 1, ""season_scoring"": 1, ""travel_km"": 1}"
824249,MLB,2026,regular,2026-07-11,2026-07-11,mlb-phi,mlb-det,final,,,95,94,,,0.35,,,,,0.0,0.0,1,2.0,10.0,1,10.0,2.0,5,5,0,0.5,9,1,0,0.9,4.3684,4.5474,95,4.3085,3.9787,94,14,58,3.8966,4.0862,14,58,3.7241,3.9655,4,2,6,-2,mlb-phi,"{""common_opponents"": 1, ""games_played"": 1, ""head_to_head"": 1, ""home_advantage"": 1, ""last10_form"": 1, ""season_scoring"": 1, ""travel_km"": 1}"
824492,MLB,2026,regular,2026-07-11,2026-07-11,mlb-chc,mlb-cin,final,,,94,93,,,0.35,,,,,0.0,0.0,5,4.6,3.8,5,3.8,4.6,6,4,0,0.6,4,6,0,0.4,5.0106,4.5213,94,4.172,4.7527,93,17,78,4.9103,4.3462,17,69,4.2029,4.913,5,3,8,-2,mlb-chc,"{""common_opponents"": 1, ""games_played"": 1, ""head_to_head"": 1, ""home_advantage"": 1, ""last10_form"": 1, ""season_scoring"": 1, ""travel_km"": 1}"
824576,MLB,2026,regular,2026-07-11,2026-07-11,mlb-ath,mlb-cws,final,,,94,93,,,0.35,,,,,0.0,0.0,4,3.5,9.0,4,9.0,3.5,1,9,0,0.1,4,6,0,0.4,4.4787,5.5106,94,4.7742,4.4946,93,16,65,4.2462,5.2154,16,70,4.5571,4.4857,0,1,1,1,mlb-cws,"{""common_opponents"": 1, ""games_played"": 1, ""head_to_head"": 1, ""home_advantage"": 1, ""last10_form"": 1, ""season_scoring"": 1, ""travel_km"": 1}"
824813,MLB,2026,regular,2026-07-11,2026-07-11,mlb-kc,mlb-bal,final,,,95,95,,,0.35,,,,,0.0,0.0,4,5.0,6.25,4,6.25,5.0,3,7,0,0.3,5,5,0,0.5,4.2947,5.1053,95,4.5579,4.8737,95,14,73,3.9315,5.0137,14,63,4.1746,4.8889,1,6,7,5,mlb-bal,"{""common_opponents"": 1, ""games_played"": 1, ""head_to_head"": 1, ""home_advantage"": 1, ""last10_form"": 1, ""season_scoring"": 1, ""travel_km"": 1}"
822708,MLB,2026,regular,2026-07-12,2026-07-12,mlb-nyy,mlb-wsh,final,,,95,96,,,0.35,,,,,0.0,0.0,2,4.5,2.5,2,2.5,4.5,5,5,0,0.5,5,5,0,0.5,4.8105,3.8737,95,5.3438,5.25,96,14,64,5.0469,3.6094,14,58,5.3793,4.8448,5,3,8,-2,mlb-nyy,"{""common_opponents"": 1, ""games_played"": 1, ""head_to_head"": 1, ""home_advantage"": 1, ""last10_form"": 1, ""season_scoring"": 1, ""travel_km"": 1}"
822876,MLB,2026,regular,2026-07-12,2026-07-12,mlb-hou,mlb-tex,final,,,97,95,,,0.35,,,,,0.0,0.0,9,4.7778,3.6667,9,3.6667,4.7778,5,5,0,0.5,5,5,0,0.5,4.5773,5.0515,97,4.1368,4.3053,95,17,79,4.5063,5.2405,17,74,4.1081,4.2568,5,6,11,1,mlb-tex,"{""common_opponents"": 1, ""games_played"": 1, ""head_to_head"": 1, ""home_advantage"": 1, ""last10_form"": 1, ""season_scoring"": 1, ""travel_km"": 1}"
822951,MLB,2026,regular,2026-07-12,2026-07-12,mlb-sea,mlb-tb,final,,,96,93,,,0.35,,,,,0.0,0.0,2,1.5,6.5,2,6.5,1.5,4,6,0,0.4,6,4,0,0.6,4.0,3.8958,96,4.5484,4.1398,93,16,70,4.2143,3.8714,16,76,4.7763,4.1579,8,2,10,-6,mlb-sea,"{""common_opponents"": 1, ""games_played"": 1, ""head_to_head"": 1, ""home_advantage"": 1, ""last10_form"": 1, ""season_scoring"": 1, ""travel_km"": 1}"
823029,MLB,2026,regular,2026-07-12,2026-07-12,mlb-atl,mlb-stl,final,,,95,94,,,0.35,,,,,0.0,0.0,5,3.0,4.6,5,4.6,3.0,4,6,0,0.4,5,5,0,0.5,4.8211,3.9158,95,4.5319,4.4574,94,16,67,4.9701,3.8657,16,77,4.2468,4.3506,4,3,7,-1,mlb-atl,"{""common_opponents"": 1, ""games_played"": 1, ""head_to_head"": 1, ""home_advantage"": 1, ""last10_form"": 1, ""season_scoring"": 1, ""travel_km"": 1}"
823199,MLB,2026,regular,2026-07-12,2026-07-12,mlb-col,mlb-sf,final,,,97,96,,,0.35,,,,,0.0,0.0,9,6.2222,6.4444,9,6.4444,6.2222,5,5,0,0.5,5,5,0,0.5,4.7938,5.6907,97,4.1562,4.7917,96,13,70,4.4714,5.7286,13,69,3.942,4.5652,1,3,4,2,mlb-sf,"{""common_opponents"": 1, ""games_played"": 1, ""head_to_head"": 1, ""home_advantage"": 1, ""last10_form"": 1, ""season_scoring"": 1, ""travel_km"": 1}"
823274,MLB,2026,regular,2026-07-12,2026-07-12,mlb-tor,mlb-sd,final,,,95,95,,,0.35,,,,,0.0,0.0,2,6.0,5.5,2,5.5,6.0,5,5,0,0.5,4,6,0,0.4,4.0842,4.4421,95,3.9368,4.4,95,18,64,3.9531,4.3438,18,80,4.0,4.475,4,5,9,1,mlb-sd,"{""common_opponents"": 1, ""games_played"": 1, ""head_to_head"": 1, ""home_advantage"": 1, ""last10_form"": 1, ""season_scoring"": 1, ""travel_km"": 1}"
823358,MLB,2026,regular,2026-07-12,2026-07-12,mlb-mil,mlb-pit,final,,,95,96,,,0.35,,,,,0.0,0.0,5,3.2,4.4,5,4.4,3.2,6,4,0,0.6,6,4,0,0.6,5.0947,3.6737,95,5.2292,4.8646,96,17,72,5.125,3.5972,17,79,5.3544,5.1266,5,14,19,9,mlb-pit,"{""common_opponents"": 1, ""games_played"": 1, ""head_to_head"": 1, ""home_advantage"": 1, ""last10_form"": 1, ""season_scoring"": 1, ""travel_km"": 1}"
823602,MLB,2026,regular,2026-07-12,2026-07-12,mlb-bos,mlb-nym,final,,,93,96,,,0.35,,,,,0.0,0.0,2,5.0,1.0,2,1.0,5.0,8,2,0,0.8,4,6,0,0.4,4.1075,3.828,93,4.125,4.7917,96,14,61,3.8525,3.8852,14,62,4.4839,4.8387,3,2,5,-1,mlb-bos,"{""common_opponents"": 1, ""games_played"": 1, ""head_to_head"": 1, ""home_advantage"": 1, ""last10_form"": 1, ""season_scoring"": 1, ""travel_km"": 1}"
823681,MLB,2026,regular,2026-07-12,2026-07-12,mlb-laa,mlb-min,final,,,96,96,,,0.35,,,,,0.0,0.0,2,3.5,4.0,2,4.0,3.5,2,8,0,0.2,6,4,0,0.6,4.4583,5.0104,96,4.8646,5.0312,96,17,74,4.6081,5.0946,17,79,4.7975,4.8861,2,4,6,2,mlb-min,"{""common_opponents"": 1, ""games_played"": 1, ""head_to_head"": 1, ""home_advantage"": 1, ""last10_form"": 1, ""season_scoring"": 1, ""travel_km"": 1}"
823842,MLB,2026,regular,2026-07-12,2026-07-12,mlb-cle,mlb-mia,final,,,96,96,,,0.35,,,,,0.0,0.0,2,3.5,1.5,2,1.5,3.5,6,4,0,0.6,6,4,0,0.6,3.9583,4.0104,96,4.5521,4.2708,96,17,72,4.0,4.1111,17,69,4.5507,4.3768,5,2,7,-3,mlb-cle,"{""common_opponents"": 1, ""games_played"": 1, ""head_to_head"": 1, ""home_advantage"": 1, ""last10_form"": 1, ""season_scoring"": 1, ""travel_km"": 1}"
823925,MLB,2026,regular,2026-07-12,2026-07-12,mlb-ari,mlb-lad,final,,,95,96,,,0.35,,,,,0.0,0.0,9,4.2222,4.1111,9,4.1111,4.2222,5,5,0,0.5,5,5,0,0.5,4.3263,4.4842,95,5.2396,3.6667,96,19,77,4.3636,4.6234,19,78,5.3718,3.641,5,3,8,-2,mlb-ari,"{""common_opponents"": 1, ""games_played"": 1, ""head_to_head"": 1, ""home_advantage"": 1, ""last10_form"": 1, ""season_scoring"": 1, ""travel_km"": 1}"
824250,MLB,2026,regular,2026-07-12,2026-07-12,mlb-phi,mlb-det,final,,,96,95,,,0.35,,,,,0.0,0.0,2,3.0,6.0,2,6.0,3.0,5,5,0,0.5,8,2,0,0.8,4.3646,4.5208,96,4.2842,3.9789,95,14,58,3.8966,4.0862,14,58,3.7241,3.9655,5,0,5,-5,mlb-phi,"{""common_opponents"": 1, ""games_played"": 1, ""head_to_head"": 1, ""home_advantage"": 1, ""last10_form"": 1, ""season_scoring"": 1, ""travel_km"": 1}"
824491,MLB,2026,regular,2026-07-12,2026-07-12,mlb-chc,mlb-cin,final,,,95,94,,,0.35,,,,,0.0,0.0,6,4.6667,3.6667,6,3.6667,4.6667,6,4,0,0.6,4,6,0,0.4,5.0105,4.5053,95,4.1596,4.7553,94,17,78,4.9103,4.3462,17,69,4.2029,4.913,8,4,12,-4,mlb-chc,"{""common_opponents"": 1, ""games_played"": 1, ""head_to_head"": 1, ""home_advantage"": 1, ""last10_form"": 1, ""season_scoring"": 1, ""travel_km"": 1}"
824574,MLB,2026,regular,2026-07-12,2026-07-12,mlb-ath,mlb-cws,final,,,95,94,,,0.35,,,,,0.0,0.0,5,2.8,7.4,5,7.4,2.8,1,9,0,0.1,4,6,0,0.4,4.4316,5.4632,95,4.734,4.4468,94,16,65,4.2462,5.2154,16,70,4.5571,4.4857,1,9,10,8,mlb-cws,"{""common_opponents"": 1, ""games_played"": 1, ""head_to_head"": 1, ""home_advantage"": 1, ""last10_form"": 1, ""season_scoring"": 1, ""travel_km"": 1}"
824814,MLB,2026,regular,2026-07-12,2026-07-12,mlb-kc,mlb-bal,final,,,96,96,,,0.35,,,,,0.0,0.0,5,4.2,6.2,5,6.2,4.2,3,7,0,0.3,6,4,0,0.6,4.2604,5.1146,96,4.5729,4.8333,96,14,73,3.9315,5.0137,14,63,4.1746,4.8889,2,8,10,6,mlb-bal,"{""common_opponents"": 1, ""games_played"": 1, ""head_to_head"": 1, ""home_advantage"": 1, ""last10_form"": 1, ""season_scoring"": 1, ""travel_km"": 1}"
823440,MLB,2026,regular,2026-07-16,2026-07-16,mlb-nym,mlb-phi,final,,,97,97,,,0.35,,,,,146.6,713.1,6,3.6667,5.6667,6,5.6667,3.6667,4,6,0,0.4,5,5,0,0.5,4.1031,4.7732,97,4.3711,4.4742,97,16,73,4.2329,4.8356,16,79,4.3671,4.519,4,1,5,-3,mlb-nym,"{""common_opponents"": 1, ""games_played"": 1, ""head_to_head"": 1, ""home_advantage"": 1, ""last10_form"": 1, ""season_scoring"": 1, ""travel_km"": 1}"
822789,MLB,2026,regular,2026-07-17,2026-07-17,mlb-cws,mlb-tor,final,,,95,96,,,0.35,,,,,702.5,3482.6,3,4.6667,2.3333,3,2.3333,4.6667,5,5,0,0.5,5,5,0,0.5,4.7789,4.4105,95,4.0833,4.4479,96,19,79,4.7722,4.7089,19,77,4.2078,4.4935,12,4,16,-8,mlb-cws,"{""common_opponents"": 1, ""games_played"": 1, ""head_to_head"": 1, ""home_advantage"": 1, ""last10_form"": 1, ""season_scoring"": 1, ""travel_km"": 1}"
823115,MLB,2026,regular,2026-07-17,2026-07-17,mlb-sf,mlb-sea,final,,,97,97,,,0.35,,,,,1091.1,4064.9,,,,,,,5,5,0,0.5,4,6,0,0.4,4.1443,4.7526,97,4.0412,3.8763,97,13,61,3.9672,4.9508,13,52,3.8269,4.1154,7,0,7,-7,mlb-sf,"{""common_opponents"": 1, ""games_played"": 1, ""head_to_head"": 1, ""home_advantage"": 1, ""last10_form"": 1, ""season_scoring"": 1, ""travel_km"": 1}"
823524,MLB,2026,regular,2026-07-17,2026-07-17,mlb-lad,mlb-nyy,final,,,97,96,,,0.35,,,,,3940.3,341.3,,,,,,,5,5,0,0.5,6,4,0,0.6,5.2165,3.6804,97,4.8125,3.8646,96,15,52,5.1538,3.4615,15,69,4.9855,4.058,2,1,3,-1,mlb-lad,"{""common_opponents"": 1, ""games_played"": 1, ""head_to_head"": 1, ""home_advantage"": 1, ""last10_form"": 1, ""season_scoring"": 1, ""travel_km"": 1}"
823766,MLB,2026,regular,2026-07-17,2026-07-17,mlb-mia,mlb-mil,final,,,97,96,,,0.35,,,,,2043.4,720.2,3,4.0,5.0,3,5.0,4.0,6,4,0,0.6,5,5,0,0.5,4.5258,4.2784,97,5.0938,3.7812,96,18,79,4.6076,4.2405,18,75,5.28,3.76,1,2,3,1,mlb-mil,"{""common_opponents"": 1, ""games_played"": 1, ""head_to_head"": 1, ""home_advantage"": 1, ""last10_form"": 1, ""season_scoring"": 1, ""travel_km"": 1}"
824009,MLB,2026,regular,2026-07-17,2026-07-17,mlb-det,mlb-laa,final,,,96,97,,,0.35,,,,,3168.6,2438.4,3,3.6667,5.6667,3,5.6667,3.6667,7,3,0,0.7,2,8,0,0.2,4.2396,3.9896,96,4.433,5.0,97,18,81,4.1481,3.9877,18,82,4.4878,4.8049,2,1,3,-1,mlb-det,"{""common_opponents"": 1, ""games_played"": 1, ""head_to_head"": 1, ""home_advantage"": 1, ""last10_form"": 1, ""season_scoring"": 1, ""travel_km"": 1}"
824090,MLB,2026,regular,2026-07-17,2026-07-17,mlb-sd,mlb-kc,final,,,96,97,,,0.35,,,,,2154.5,1537.3,,,,,,,5,5,0,0.5,3,7,0,0.3,3.9479,4.3958,96,4.2371,5.1443,97,15,55,3.4545,3.8182,15,67,4.4179,4.8507,6,7,13,1,mlb-kc,"{""common_opponents"": 1, ""games_played"": 1, ""head_to_head"": 1, ""home_advantage"": 1, ""last10_form"": 1, ""season_scoring"": 1, ""travel_km"": 1}"
824170,MLB,2026,regular,2026-07-17,2026-07-17,mlb-bal,mlb-hou,final,,,97,98,,,0.35,,,,,2010.7,370.8,3,6.6667,5.6667,3,5.6667,6.6667,7,3,0,0.7,4,6,0,0.4,4.6082,4.8041,97,4.5816,5.0612,98,17,76,4.5,4.7895,17,83,4.6265,4.9518,3,2,5,-1,mlb-bal,"{""common_opponents"": 1, ""games_played"": 1, ""head_to_head"": 1, ""home_advantage"": 1, ""last10_form"": 1, ""season_scoring"": 1, ""travel_km"": 1}"
824332,MLB,2026,regular,2026-07-17,2026-07-17,mlb-cin,mlb-col,final,,,95,98,,,0.35,,,,,1757.4,1521.6,3,5.0,6.3333,3,6.3333,5.0,4,6,0,0.4,4,6,0,0.4,4.1579,4.7895,95,4.7551,5.6633,98,15,66,3.803,4.3939,15,79,4.519,5.5696,7,2,9,-5,mlb-cin,"{""common_opponents"": 1, ""games_played"": 1, ""head_to_head"": 1, ""home_advantage"": 1, ""last10_form"": 1, ""season_scoring"": 1, ""travel_km"": 1}"
824655,MLB,2026,regular,2026-07-17,2026-07-17,mlb-min,mlb-chc,final,,,97,96,,,0.35,,,,,565.1,413.8,,,,,,,7,3,0,0.7,6,4,0,0.6,4.8557,5.0,97,5.0417,4.5,96,17,68,4.6029,5.1029,17,71,4.7606,4.507,5,2,7,-3,mlb-min,"{""common_opponents"": 1, ""games_played"": 1, ""head_to_head"": 1, ""home_advantage"": 1, ""last10_form"": 1, ""season_scoring"": 1, ""travel_km"": 1}"
824737,MLB,2026,regular,2026-07-17,2026-07-17,mlb-tb,mlb-bos,final,,,94,94,,,0.35,,,,,1928.2,289.0,6,4.3333,2.6667,6,2.6667,4.3333,5,5,0,0.5,9,1,0,0.9,4.5213,4.1809,94,4.0957,3.8085,94,15,67,4.7313,4.4925,15,67,4.2239,3.8209,3,5,8,2,mlb-bos,"{""common_opponents"": 1, ""games_played"": 1, ""head_to_head"": 1, ""home_advantage"": 1, ""last10_form"": 1, ""season_scoring"": 1, ""travel_km"": 1}"
824766,MLB,2026,regular,2026-07-17,2026-07-17,mlb-tb,mlb-bos,postponed,,,94,94,,,0.35,,,,,1928.2,289.0,6,4.3333,2.6667,6,2.6667,4.3333,5,5,0,0.5,9,1,0,0.9,4.5213,4.1809,94,4.0957,3.8085,94,15,67,4.7313,4.4925,15,67,4.2239,3.8209,0,10,10,10,mlb-bos,"{""common_opponents"": 1, ""games_played"": 1, ""head_to_head"": 1, ""home_advantage"": 1, ""last10_form"": 1, ""season_scoring"": 1, ""travel_km"": 1}"
824766,MLB,2026,regular,2026-07-17,2026-07-17,mlb-tb,mlb-bos,final,,,94,94,,,0.35,,,,,1928.2,289.0,6,4.3333,2.6667,6,2.6667,4.3333,5,5,0,0.5,9,1,0,0.9,4.5213,4.1809,94,4.0957,3.8085,94,15,67,4.7313,4.4925,15,67,4.2239,3.8209,0,10,10,10,mlb-bos,"{""common_opponents"": 1, ""games_played"": 1, ""head_to_head"": 1, ""home_advantage"": 1, ""last10_form"": 1, ""season_scoring"": 1, ""travel_km"": 1}"
824901,MLB,2026,regular,2026-07-17,2026-07-17,mlb-tex,mlb-atl,final,,,96,96,,,0.35,,,,,1178.4,734.8,,,,,,,5,5,0,0.5,5,5,0,0.5,4.1562,4.3125,96,4.8125,3.9062,96,18,74,4.2973,4.0811,18,71,4.9859,3.5634,1,15,16,14,mlb-atl,"{""common_opponents"": 1, ""games_played"": 1, ""head_to_head"": 1, ""home_advantage"": 1, ""last10_form"": 1, ""season_scoring"": 1, ""travel_km"": 1}"
824981,MLB,2026,regular,2026-07-17,2026-07-17,mlb-wsh,mlb-ath,final,,,97,96,,,0.35,,,,,3821.6,2880.9,,,,,,,4,6,0,0.4,1,9,0,0.1,5.3196,5.2474,97,4.3958,5.5,96,18,82,5.1341,5.3293,18,69,4.3043,5.5217,23,4,27,-19,mlb-wsh,"{""common_opponents"": 1, ""games_played"": 1, ""head_to_head"": 1, ""home_advantage"": 1, ""last10_form"": 1, ""season_scoring"": 1, ""travel_km"": 1}"
825060,MLB,2026,regular,2026-07-17,2026-07-17,mlb-stl,mlb-ari,final,,,95,96,,,0.35,,,,,2043.7,574.9,3,3.3333,5.0,3,5.0,3.3333,4,6,0,0.4,6,4,0,0.6,4.5158,4.4526,95,4.3333,4.4688,96,15,74,4.4595,4.1486,15,62,3.7419,4.7419,5,4,9,-1,mlb-stl,"{""common_opponents"": 1, ""games_played"": 1, ""head_to_head"": 1, ""home_advantage"": 1, ""last10_form"": 1, ""season_scoring"": 1, ""travel_km"": 1}"
822790,MLB,2026,regular,2026-07-18,2026-07-18,mlb-cws,mlb-tor,final,,,96,97,,,0.35,,,,,0.0,0.0,4,6.5,2.75,4,2.75,6.5,6,4,0,0.6,4,6,0,0.4,4.8542,4.4062,96,4.0825,4.5258,97,19,79,4.7722,4.7089,19,77,4.2078,4.4935,0,1,1,1,mlb-tor,"{""common_opponents"": 1, ""games_played"": 1, ""head_to_head"": 1, ""home_advantage"": 1, ""last10_form"": 1, ""season_scoring"": 1, ""travel_km"": 1}"
823116,MLB,2026,regular,2026-07-18,2026-07-18,mlb-sf,mlb-sea,final,,,98,98,,,0.35,,,,,0.0,0.0,1,7.0,0.0,1,0.0,7.0,6,4,0,0.6,3,7,0,0.3,4.1735,4.7041,98,4.0,3.9082,98,13,61,3.9672,4.9508,13,52,3.8269,4.1154,3,4,7,1,mlb-sea,"{""common_opponents"": 1, ""games_played"": 1, ""head_to_head"": 1, ""home_advantage"": 1, ""last10_form"": 1, ""season_scoring"": 1, ""travel_km"": 1}"
823441,MLB,2026,regular,2026-07-18,2026-07-18,mlb-nym,mlb-phi,final,,,98,98,,,0.35,,,,,0.0,0.0,7,3.7143,5.0,7,5.0,3.7143,5,5,0,0.5,5,5,0,0.5,4.102,4.7347,98,4.3367,4.4694,98,16,73,4.2329,4.8356,16,79,4.3671,4.519,1,6,7,5,mlb-phi,"{""common_opponents"": 1, ""games_played"": 1, ""head_to_head"": 1, ""home_advantage"": 1, ""last10_form"": 1, ""season_scoring"": 1, ""travel_km"": 1}"
823763,MLB,2026,regular,2026-07-18,2026-07-18,mlb-mia,mlb-mil,final,,,98,97,,,0.35,,,,,0.0,0.0,4,3.25,4.25,4,4.25,3.25,6,4,0,0.6,6,4,0,0.6,4.4898,4.2551,98,5.0619,3.7526,97,18,79,4.6076,4.2405,18,75,5.28,3.76,6,8,14,2,mlb-mil,"{""common_opponents"": 1, ""games_played"": 1, ""head_to_head"": 1, ""home_advantage"": 1, ""last10_form"": 1, ""season_scoring"": 1, ""travel_km"": 1}"
824008,MLB,2026,regular,2026-07-18,2026-07-18,mlb-det,mlb-laa,final,,,97,98,,,0.35,,,,,0.0,0.0,4,3.25,4.5,4,4.5,3.25,7,3,0,0.7,2,8,0,0.2,4.2165,3.9588,97,4.398,4.9694,98,18,81,4.1481,3.9877,18,82,4.4878,4.8049,7,0,7,-7,mlb-det,"{""common_opponents"": 1, ""games_played"": 1, ""head_to_head"": 1, ""home_advantage"": 1, ""last10_form"": 1, ""season_scoring"": 1, ""travel_km"": 1}"
824088,MLB,2026,regular,2026-07-18,2026-07-18,mlb-sd,mlb-kc,final,,,97,98,,,0.35,,,,,0.0,0.0,1,6.0,7.0,1,7.0,6.0,5,5,0,0.5,4,6,0,0.4,3.9691,4.4227,97,4.2653,5.1531,98,15,55,3.4545,3.8182,15,67,4.4179,4.8507,1,6,7,5,mlb-kc,"{""common_opponents"": 1, ""games_played"": 1, ""head_to_head"": 1, ""home_advantage"": 1, ""last10_form"": 1, ""season_scoring"": 1, ""travel_km"": 1}"
824169,MLB,2026,regular,2026-07-18,2026-07-18,mlb-bal,mlb-hou,final,,,98,99,,,0.35,,,,,0.0,0.0,4,5.75,4.75,4,4.75,5.75,7,3,0,0.7,4,6,0,0.4,4.5918,4.7755,98,4.5556,5.0404,99,17,76,4.5,4.7895,17,83,4.6265,4.9518,4,2,6,-2,mlb-bal,"{""common_opponents"": 1, ""games_played"": 1, ""head_to_head"": 1, ""home_advantage"": 1, ""last10_form"": 1, ""season_scoring"": 1, ""travel_km"": 1}"
824331,MLB,2026,regular,2026-07-18,2026-07-18,mlb-cin,mlb-col,final,,,96,99,,,0.35,,,,,0.0,0.0,4,5.5,5.25,4,5.25,5.5,4,6,0,0.4,3,7,0,0.3,4.1875,4.7604,96,4.7273,5.6768,99,15,66,3.803,4.3939,15,79,4.519,5.5696,3,10,13,7,mlb-col,"{""common_opponents"": 1, ""games_played"": 1, ""head_to_head"": 1, ""home_advantage"": 1, ""last10_form"": 1, ""season_scoring"": 1, ""travel_km"": 1}"
824412,MLB,2026,regular,2026-07-18,2026-07-18,mlb-pit,mlb-cle,final,,,97,97,,,0.35,,,,,183.0,1753.0,,,,,,,7,3,0,0.7,6,4,0,0.6,5.3196,4.866,97,3.9691,3.9897,97,17,79,5.5949,4.9241,17,65,3.9231,4.1231,3,5,8,2,mlb-cle,"{""common_opponents"": 1, ""games_played"": 1, ""head_to_head"": 1, ""home_advantage"": 1, ""last10_form"": 1, ""season_scoring"": 1, ""travel_km"": 1}"
824414,MLB,2026,regular,2026-07-18,2026-07-18,mlb-pit,mlb-cle,postponed,,,97,97,,,0.35,,,,,183.0,1753.0,,,,,,,7,3,0,0.7,6,4,0,0.6,5.3196,4.866,97,3.9691,3.9897,97,17,79,5.5949,4.9241,17,65,3.9231,4.1231,7,1,8,-6,mlb-pit,"{""common_opponents"": 1, ""games_played"": 1, ""head_to_head"": 1, ""home_advantage"": 1, ""last10_form"": 1, ""season_scoring"": 1, ""travel_km"": 1}"
824414,MLB,2026,regular,2026-07-18,2026-07-18,mlb-pit,mlb-cle,final,,,97,97,,,0.35,,,,,183.0,1753.0,,,,,,,7,3,0,0.7,6,4,0,0.6,5.3196,4.866,97,3.9691,3.9897,97,17,79,5.5949,4.9241,17,65,3.9231,4.1231,7,1,8,-6,mlb-pit,"{""common_opponents"": 1, ""games_played"": 1, ""head_to_head"": 1, ""home_advantage"": 1, ""last10_form"": 1, ""season_scoring"": 1, ""travel_km"": 1}"
824657,MLB,2026,regular,2026-07-18,2026-07-18,mlb-min,mlb-chc,final,,,98,97,,,0.35,,,,,0.0,0.0,1,5.0,2.0,1,2.0,5.0,7,3,0,0.7,5,5,0,0.5,4.8571,4.9694,98,5.0103,4.5052,97,17,68,4.6029,5.1029,17,71,4.7606,4.507,2,6,8,4,mlb-chc,"{""common_opponents"": 1, ""games_played"": 1, ""head_to_head"": 1, ""home_advantage"": 1, ""last10_form"": 1, ""season_scoring"": 1, ""travel_km"": 1}"
824738,MLB,2026,regular,2026-07-18,2026-07-18,mlb-tb,mlb-bos,final,,,96,96,,,0.35,,,,,0.0,0.0,8,3.625,3.875,8,3.875,3.625,4,6,0,0.4,10,0,0,1.0,4.4583,4.25,96,4.1667,3.7604,96,15,67,4.7313,4.4925,15,67,4.2239,3.8209,6,7,13,1,mlb-bos,"{""common_opponents"": 1, ""games_played"": 1, ""head_to_head"": 1, ""home_advantage"": 1, ""last10_form"": 1, ""season_scoring"": 1, ""travel_km"": 1}"
824899,MLB,2026,regular,2026-07-18,2026-07-18,mlb-tex,mlb-atl,final,,,97,97,,,0.35,,,,,0.0,0.0,1,1.0,15.0,1,15.0,1.0,5,5,0,0.5,5,5,0,0.5,4.1237,4.4227,97,4.9175,3.8763,97,18,74,4.2973,4.0811,18,71,4.9859,3.5634,7,6,13,-1,mlb-tex,"{""common_opponents"": 1, ""games_played"": 1, ""head_to_head"": 1, ""home_advantage"": 1, ""last10_form"": 1, ""season_scoring"": 1, ""travel_km"": 1}"
824979,MLB,2026,regular,2026-07-18,2026-07-18,mlb-wsh,mlb-ath,final,,,98,97,,,0.35,,,,,0.0,0.0,1,23.0,4.0,1,4.0,23.0,4,6,0,0.4,0,10,0,0.0,5.5,5.2347,98,4.3918,5.6804,97,18,82,5.1341,5.3293,18,69,4.3043,5.5217,1,15,16,14,mlb-ath,"{""common_opponents"": 1, ""games_played"": 1, ""head_to_head"": 1, ""home_advantage"": 1, ""last10_form"": 1, ""season_scoring"": 1, ""travel_km"": 1}"
825059,MLB,2026,regular,2026-07-18,2026-07-18,mlb-stl,mlb-ari,final,,,96,97,,,0.35,,,,,0.0,0.0,4,3.75,4.75,4,4.75,3.75,4,6,0,0.4,6,4,0,0.6,4.5208,4.4479,96,4.3299,4.4742,97,15,74,4.4595,4.1486,15,62,3.7419,4.7419,3,5,8,2,mlb-ari,"{""common_opponents"": 1, ""games_played"": 1, ""head_to_head"": 1, ""home_advantage"": 1, ""last10_form"": 1, ""season_scoring"": 1, ""travel_km"": 1}"
822786,MLB,2026,regular,2026-07-19,2026-07-19,mlb-cws,mlb-tor,final,,,97,98,,,0.35,,,,,0.0,0.0,5,5.2,2.4,5,2.4,5.2,6,4,0,0.6,4,6,0,0.4,4.8041,4.3711,97,4.051,4.4796,98,19,79,4.7722,4.7089,19,77,4.2078,4.4935,3,0,3,-3,mlb-cws,"{""common_opponents"": 1, ""games_played"": 1, ""head_to_head"": 1, ""home_advantage"": 1, ""last10_form"": 1, ""season_scoring"": 1, ""travel_km"": 1}"
823113,MLB,2026,regular,2026-07-19,2026-07-19,mlb-sf,mlb-sea,final,,,99,99,,,0.35,,,,,0.0,0.0,2,5.0,2.0,2,2.0,5.0,5,5,0,0.5,4,6,0,0.4,4.1616,4.697,99,4.0,3.899,99,13,61,3.9672,4.9508,13,52,3.8269,4.1154,3,6,9,3,mlb-sea,"{""common_opponents"": 1, ""games_played"": 1, ""head_to_head"": 1, ""home_advantage"": 1, ""last10_form"": 1, ""season_scoring"": 1, ""travel_km"": 1}"
823439,MLB,2026,regular,2026-07-19,2026-07-19,mlb-nym,mlb-phi,final,,,99,99,,,0.35,,,,,0.0,0.0,8,3.375,5.125,8,5.125,3.375,5,5,0,0.5,5,5,0,0.5,4.0707,4.7475,99,4.3535,4.4343,99,16,73,4.2329,4.8356,16,79,4.3671,4.519,6,1,7,-5,mlb-nym,"{""common_opponents"": 1, ""games_played"": 1, ""head_to_head"": 1, ""home_advantage"": 1, ""last10_form"": 1, ""season_scoring"": 1, ""travel_km"": 1}"
823521,MLB,2026,regular,2026-07-19,2026-07-19,mlb-lad,mlb-nyy,final,,,98,97,,,0.35,,,,,0.0,0.0,1,2.0,1.0,1,1.0,2.0,5,5,0,0.5,5,5,0,0.5,5.1837,3.6531,98,4.7732,3.8454,97,15,52,5.1538,3.4615,15,69,4.9855,4.058,1,2,3,1,mlb-nyy,"{""common_opponents"": 1, ""games_played"": 1, ""head_to_head"": 1, ""home_advantage"": 1, ""last10_form"": 1, ""season_scoring"": 1, ""travel_km"": 1}"
823523,MLB,2026,regular,2026-07-19,2026-07-19,mlb-lad,mlb-nyy,postponed,,,98,97,,,0.35,,,,,0.0,0.0,1,2.0,1.0,1,1.0,2.0,5,5,0,0.5,5,5,0,0.5,5.1837,3.6531,98,4.7732,3.8454,97,15,52,5.1538,3.4615,15,69,4.9855,4.058,8,2,10,-6,mlb-lad,"{""common_opponents"": 1, ""games_played"": 1, ""head_to_head"": 1, ""home_advantage"": 1, ""last10_form"": 1, ""season_scoring"": 1, ""travel_km"": 1}"
823523,MLB,2026,regular,2026-07-19,2026-07-19,mlb-lad,mlb-nyy,final,,,98,97,,,0.35,,,,,0.0,0.0,1,2.0,1.0,1,1.0,2.0,5,5,0,0.5,5,5,0,0.5,5.1837,3.6531,98,4.7732,3.8454,97,15,52,5.1538,3.4615,15,69,4.9855,4.058,8,2,10,-6,mlb-lad,"{""common_opponents"": 1, ""games_played"": 1, ""head_to_head"": 1, ""home_advantage"": 1, ""last10_form"": 1, ""season_scoring"": 1, ""travel_km"": 1}"
823764,MLB,2026,regular,2026-07-19,2026-07-19,mlb-mia,mlb-mil,final,,,99,98,,,0.35,,,,,0.0,0.0,5,3.8,5.0,5,5.0,3.8,5,5,0,0.5,6,4,0,0.6,4.5051,4.2929,99,5.0918,3.7755,98,18,79,4.6076,4.2405,18,75,5.28,3.76,1,3,4,2,mlb-mil,"{""common_opponents"": 1, ""games_played"": 1, ""head_to_head"": 1, ""home_advantage"": 1, ""last10_form"": 1, ""season_scoring"": 1, ""travel_km"": 1}"
824007,MLB,2026,regular,2026-07-19,2026-07-19,mlb-det,mlb-laa,final,,,98,99,,,0.35,,,,,0.0,0.0,5,4.0,3.6,5,3.6,4.0,8,2,0,0.8,2,8,0,0.2,4.2449,3.9184,98,4.3535,4.9899,99,18,81,4.1481,3.9877,18,82,4.4878,4.8049,2,3,5,1,mlb-laa,"{""common_opponents"": 1, ""games_played"": 1, ""head_to_head"": 1, ""home_advantage"": 1, ""last10_form"": 1, ""season_scoring"": 1, ""travel_km"": 1}"
824086,MLB,2026,regular,2026-07-19,2026-07-19,mlb-sd,mlb-kc,final,,,98,99,,,0.35,,,,,0.0,0.0,2,3.5,6.5,2,6.5,3.5,5,5,0,0.5,5,5,0,0.5,3.9388,4.4388,98,4.2828,5.1111,99,15,55,3.4545,3.8182,15,67,4.4179,4.8507,19,2,21,-17,mlb-sd,"{""common_opponents"": 1, ""games_played"": 1, ""head_to_head"": 1, ""home_advantage"": 1, ""last10_form"": 1, ""season_scoring"": 1, ""travel_km"": 1}"
824168,MLB,2026,regular,2026-07-19,2026-07-19,mlb-bal,mlb-hou,final,,,99,100,,,0.35,,,,,0.0,0.0,5,5.4,4.2,5,4.2,5.4,7,3,0,0.7,4,6,0,0.4,4.5859,4.7475,99,4.53,5.03,100,17,76,4.5,4.7895,17,83,4.6265,4.9518,5,2,7,-3,mlb-bal,"{""common_opponents"": 1, ""games_played"": 1, ""head_to_head"": 1, ""home_advantage"": 1, ""last10_form"": 1, ""season_scoring"": 1, ""travel_km"": 1}"
824330,MLB,2026,regular,2026-07-19,2026-07-19,mlb-cin,mlb-col,final,,,97,100,,,0.35,,,,,0.0,0.0,5,5.0,6.2,5,6.2,5.0,4,6,0,0.4,4,6,0,0.4,4.1753,4.8144,97,4.78,5.65,100,15,66,3.803,4.3939,15,79,4.519,5.5696,9,6,15,-3,mlb-cin,"{""common_opponents"": 1, ""games_played"": 1, ""head_to_head"": 1, ""home_advantage"": 1, ""last10_form"": 1, ""season_scoring"": 1, ""travel_km"": 1}"
824411,MLB,2026,regular,2026-07-19,2026-07-19,mlb-pit,mlb-cle,final,,,99,99,,,0.35,,,,,0.0,0.0,2,5.0,3.0,2,3.0,5.0,7,3,0,0.7,5,5,0,0.5,5.3131,4.8283,99,3.9495,4.0101,99,17,79,5.5949,4.9241,17,65,3.9231,4.1231,7,1,8,-6,mlb-pit,"{""common_opponents"": 1, ""games_played"": 1, ""head_to_head"": 1, ""home_advantage"": 1, ""last10_form"": 1, ""season_scoring"": 1, ""travel_km"": 1}"
824653,MLB,2026,regular,2026-07-19,2026-07-19,mlb-min,mlb-chc,final,,,99,98,,,0.35,,,,,0.0,0.0,2,3.5,4.0,2,4.0,3.5,7,3,0,0.7,6,4,0,0.6,4.8283,4.9798,99,5.0204,4.4796,98,17,68,4.6029,5.1029,17,71,4.7606,4.507,1,10,11,9,mlb-chc,"{""common_opponents"": 1, ""games_played"": 1, ""head_to_head"": 1, ""home_advantage"": 1, ""last10_form"": 1, ""season_scoring"": 1, ""travel_km"": 1}"
824739,MLB,2026,regular,2026-07-19,2026-07-19,mlb-tb,mlb-bos,final,,,97,97,,,0.35,,,,,0.0,0.0,9,3.8889,4.2222,9,4.2222,3.8889,4,6,0,0.4,10,0,0,1.0,4.4742,4.2784,97,4.1959,3.7835,97,15,67,4.7313,4.4925,15,67,4.2239,3.8209,1,6,7,5,mlb-bos,"{""common_opponents"": 1, ""games_played"": 1, ""head_to_head"": 1, ""home_advantage"": 1, ""last10_form"": 1, ""season_scoring"": 1, ""travel_km"": 1}"
824897,MLB,2026,regular,2026-07-19,2026-07-19,mlb-tex,mlb-atl,final,,,98,98,,,0.35,,,,,0.0,0.0,2,4.0,10.5,2,10.5,4.0,5,5,0,0.5,4,6,0,0.4,4.1531,4.4388,98,4.9286,3.9082,98,18,74,4.2973,4.0811,18,71,4.9859,3.5634,5,8,13,3,mlb-atl,"{""common_opponents"": 1, ""games_played"": 1, ""head_to_head"": 1, ""home_advantage"": 1, ""last10_form"": 1, ""season_scoring"": 1, ""travel_km"": 1}"
824978,MLB,2026,regular,2026-07-19,2026-07-19,mlb-wsh,mlb-ath,final,,,99,98,,,0.35,,,,,0.0,0.0,2,12.0,9.5,2,9.5,12.0,3,7,0,0.3,1,9,0,0.1,5.4545,5.3333,99,4.5,5.6327,98,18,82,5.1341,5.3293,18,69,4.3043,5.5217,5,2,7,-3,mlb-wsh,"{""common_opponents"": 1, ""games_played"": 1, ""head_to_head"": 1, ""home_advantage"": 1, ""last10_form"": 1, ""season_scoring"": 1, ""travel_km"": 1}"
825057,MLB,2026,regular,2026-07-19,2026-07-19,mlb-stl,mlb-ari,final,,,97,98,,,0.35,,,,,0.0,0.0,5,3.6,4.8,5,4.8,3.6,4,6,0,0.4,6,4,0,0.6,4.5052,4.4536,97,4.3367,4.4592,98,15,74,4.4595,4.1486,15,62,3.7419,4.7419,7,8,15,1,mlb-ari,"{""common_opponents"": 1, ""games_played"": 1, ""head_to_head"": 1, ""home_advantage"": 1, ""last10_form"": 1, ""season_scoring"": 1, ""travel_km"": 1}"
822788,MLB,2026,regular,2026-07-20,2026-07-20,mlb-tb,mlb-tor,final,,,98,99,,,0.35,,,,,689.3,0.0,6,5.0,3.3333,6,3.3333,5.0,4,6,0,0.4,4,6,0,0.4,4.4388,4.2959,98,4.0101,4.4646,99,17,76,4.1316,4.2895,17,71,4.0282,4.4085,7,1,8,-6,mlb-tb,"{""common_opponents"": 1, ""games_played"": 1, ""head_to_head"": 1, ""home_advantage"": 1, ""last10_form"": 1, ""season_scoring"": 1, ""travel_km"": 1}"
822874,MLB,2026,regular,2026-07-20,2026-07-20,mlb-cws,mlb-tex,final,,,98,99,,,0.35,,,,,1957.2,1178.4,,,,,,,6,4,0,0.6,5,5,0,0.5,4.7857,4.3265,98,4.1616,4.4747,99,18,86,4.907,3.9535,18,77,4.1688,4.6104,10,3,13,-7,mlb-cws,"{""common_opponents"": 1, ""games_played"": 1, ""head_to_head"": 1, ""home_advantage"": 1, ""last10_form"": 1, ""season_scoring"": 1, ""travel_km"": 1}"
823112,MLB,2026,regular,2026-07-20,2026-07-20,mlb-cin,mlb-sea,final,,,98,100,,,0.35,,,,,1638.6,0.0,,,,,,,5,5,0,0.5,4,6,0,0.4,4.2245,4.8265,98,4.02,3.89,100,20,72,4.2361,4.8889,20,85,3.8588,4.0588,0,8,8,8,mlb-sea,"{""common_opponents"": 1, ""games_played"": 1, ""head_to_head"": 1, ""home_advantage"": 1, ""last10_form"": 1, ""season_scoring"": 1, ""travel_km"": 1}"
823436,MLB,2026,regular,2026-07-20,2026-07-20,mlb-lad,mlb-phi,final,,,100,100,,,0.35,,,,,146.9,0.0,3,5.3333,2.3333,3,2.3333,5.3333,4,6,0,0.4,5,5,0,0.5,5.17,3.62,100,4.32,4.45,100,16,73,5.1781,3.8356,16,82,4.622,4.4146,7,10,17,3,mlb-phi,"{""common_opponents"": 1, ""games_played"": 1, ""head_to_head"": 1, ""home_advantage"": 1, ""last10_form"": 1, ""season_scoring"": 1, ""travel_km"": 1}"
823522,MLB,2026,regular,2026-07-20,2026-07-20,mlb-pit,mlb-nyy,final,,,100,99,,,0.35,,,,,653.5,0.0,,,,,,,7,3,0,0.7,6,4,0,0.6,5.33,4.79,100,4.7172,3.8586,99,16,61,6.0164,4.5574,16,71,4.5634,3.7465,5,8,13,3,mlb-nyy,"{""common_opponents"": 1, ""games_played"": 1, ""head_to_head"": 1, ""home_advantage"": 1, ""last10_form"": 1, ""season_scoring"": 1, ""travel_km"": 1}"
823762,MLB,2026,regular,2026-07-20,2026-07-20,mlb-nym,mlb-mil,final,,,100,99,,,0.35,,,,,1120.6,0.0,,,,,,,5,5,0,0.5,6,4,0,0.6,4.09,4.71,100,5.0707,3.7475,99,20,94,4.0957,4.7979,20,87,5.0,3.8161,3,8,11,5,mlb-mil,"{""common_opponents"": 1, ""games_played"": 1, ""head_to_head"": 1, ""home_advantage"": 1, ""last10_form"": 1, ""season_scoring"": 1, ""travel_km"": 1}"
824006,MLB,2026,regular,2026-07-20,2026-07-20,mlb-stl,mlb-laa,final,,,98,100,,,0.35,,,,,539.9,0.0,,,,,,,4,6,0,0.4,3,7,0,0.3,4.5306,4.4898,98,4.34,4.96,100,17,72,4.7917,4.3889,17,78,4.1923,4.9359,2,3,5,1,mlb-laa,"{""common_opponents"": 1, ""games_played"": 1, ""head_to_head"": 1, ""home_advantage"": 1, ""last10_form"": 1, ""season_scoring"": 1, ""travel_km"": 1}"
824087,MLB,2026,regular,2026-07-20,2026-07-20,mlb-sf,mlb-kc,final,,,100,100,,,0.35,,,,,2428.2,0.0,,,,,,,5,5,0,0.5,4,6,0,0.4,4.15,4.71,100,4.26,5.25,100,13,56,3.9643,4.5357,13,59,3.8983,5.5254,3,4,7,1,mlb-kc,"{""common_opponents"": 1, ""games_played"": 1, ""head_to_head"": 1, ""home_advantage"": 1, ""last10_form"": 1, ""season_scoring"": 1, ""travel_km"": 1}"
824167,MLB,2026,regular,2026-07-20,2026-07-20,mlb-mia,mlb-hou,final,,,100,101,,,0.35,,,,,1615.2,0.0,,,,,,,4,6,0,0.4,3,7,0,0.3,4.47,4.28,100,4.505,5.0297,101,17,68,4.3529,4.2059,17,82,4.378,5.1951,5,8,13,3,mlb-hou,"{""common_opponents"": 1, ""games_played"": 1, ""head_to_head"": 1, ""home_advantage"": 1, ""last10_form"": 1, ""season_scoring"": 1, ""travel_km"": 1}"
824328,MLB,2026,regular,2026-07-20,2026-07-20,mlb-wsh,mlb-col,final,,,100,101,,,0.35,,,,,1428.0,0.0,,,,,,,4,6,0,0.4,3,7,0,0.3,5.45,5.3,100,4.7921,5.6832,101,16,73,5.7123,5.7397,16,92,4.7283,5.663,7,3,10,-4,mlb-wsh,"{""common_opponents"": 1, ""games_played"": 1, ""head_to_head"": 1, ""home_advantage"": 1, ""last10_form"": 1, ""season_scoring"": 1, ""travel_km"": 1}"
824410,MLB,2026,regular,2026-07-20,2026-07-20,mlb-min,mlb-cle,final,,,100,100,,,0.35,,,,,497.9,0.0,6,3.6667,3.6667,6,3.6667,3.6667,6,4,0,0.6,5,5,0,0.5,4.79,5.03,100,3.92,4.04,100,20,85,4.7059,5.0353,20,85,3.8941,3.9529,4,13,17,9,mlb-cle,"{""common_opponents"": 1, ""games_played"": 1, ""head_to_head"": 1, ""home_advantage"": 1, ""last10_form"": 1, ""season_scoring"": 1, ""travel_km"": 1}"
824654,MLB,2026,regular,2026-07-20,2026-07-20,mlb-det,mlb-chc,final,,,99,99,,,0.35,,,,,2786.4,0.0,,,,,,,7,3,0,0.7,7,3,0,0.7,4.2222,3.9091,99,5.0707,4.4444,99,18,74,4.2027,4.0541,18,74,5.3784,4.2027,8,6,14,-2,mlb-det,"{""common_opponents"": 1, ""games_played"": 1, ""head_to_head"": 1, ""home_advantage"": 1, ""last10_form"": 1, ""season_scoring"": 1, ""travel_km"": 1}"
824736,MLB,2026,regular,2026-07-20,2026-07-20,mlb-bal,mlb-bos,final,,,100,98,,,0.35,,,,,2577.0,0.0,6,4.5,6.1667,6,6.1667,4.5,7,3,0,0.7,10,0,0,1.0,4.59,4.72,100,4.2143,3.7551,98,15,73,4.5753,4.6438,15,71,4.0986,3.8169,5,6,11,1,mlb-bos,"{""common_opponents"": 1, ""games_played"": 1, ""head_to_head"": 1, ""home_advantage"": 1, ""last10_form"": 1, ""season_scoring"": 1, ""travel_km"": 1}"
824898,MLB,2026,regular,2026-07-20,2026-07-20,mlb-sd,mlb-atl,final,,,99,99,,,0.35,,,,,1062.4,0.0,3,4.3333,2.6667,3,2.6667,4.3333,5,5,0,0.5,5,5,0,0.5,4.0909,4.4141,99,4.9596,3.9192,99,21,93,4.0323,4.4839,21,86,4.8488,3.7791,2,3,5,1,mlb-atl,"{""common_opponents"": 1, ""games_played"": 1, ""head_to_head"": 1, ""home_advantage"": 1, ""last10_form"": 1, ""season_scoring"": 1, ""travel_km"": 1}"
825058,MLB,2026,regular,2026-07-20,2026-07-20,mlb-ath,mlb-ari,final,,,99,99,,,0.35,,,,,1022.8,0.0,,,,,,,1,9,0,0.1,7,3,0,0.7,4.4747,5.6263,99,4.3737,4.4848,99,20,81,4.4321,5.5556,20,90,4.4333,4.4111,5,2,7,-3,mlb-ath,"{""common_opponents"": 1, ""games_played"": 1, ""head_to_head"": 1, ""home_advantage"": 1, ""last10_form"": 1, ""season_scoring"": 1, ""travel_km"": 1}"
822787,MLB,2026,regular,2026-07-21,2026-07-21,mlb-tb,mlb-tor,final,,,99,100,,,0.35,,,,,0.0,0.0,7,5.2857,3.0,7,3.0,5.2857,4,6,0,0.4,4,6,0,0.4,4.4646,4.2626,99,3.98,4.49,100,17,76,4.1316,4.2895,17,71,4.0282,4.4085,12,2,14,-10,mlb-tb,"{""common_opponents"": 1, ""games_played"": 1, ""head_to_head"": 1, ""home_advantage"": 1, ""last10_form"": 1, ""season_scoring"": 1, ""travel_km"": 1}"
822871,MLB,2026,regular,2026-07-21,2026-07-21,mlb-cws,mlb-tex,final,,,99,100,,,0.35,,,,,0.0,0.0,1,10.0,3.0,1,3.0,10.0,6,4,0,0.6,5,5,0,0.5,4.8384,4.3131,99,4.15,4.53,100,18,86,4.907,3.9535,18,77,4.1688,4.6104,0,10,10,10,mlb-tex,"{""common_opponents"": 1, ""games_played"": 1, ""head_to_head"": 1, ""home_advantage"": 1, ""last10_form"": 1, ""season_scoring"": 1, ""travel_km"": 1}"
823114,MLB,2026,regular,2026-07-21,2026-07-21,mlb-cin,mlb-sea,final,,,99,101,,,0.35,,,,,0.0,0.0,1,0.0,8.0,1,8.0,0.0,4,6,0,0.4,4,6,0,0.4,4.1818,4.8586,99,4.0594,3.8515,101,20,72,4.2361,4.8889,20,85,3.8588,4.0588,4,2,6,-2,mlb-cin,"{""common_opponents"": 1, ""games_played"": 1, ""head_to_head"": 1, ""home_advantage"": 1, ""last10_form"": 1, ""season_scoring"": 1, ""travel_km"": 1}"
823437,MLB,2026,regular,2026-07-21,2026-07-21,mlb-lad,mlb-phi,final,,,101,101,,,0.35,,,,,0.0,0.0,4,5.75,4.25,4,4.25,5.75,4,6,0,0.4,6,4,0,0.6,5.1881,3.6832,101,4.3762,4.4752,101,16,73,5.1781,3.8356,16,82,4.622,4.4146,2,1,3,-1,mlb-lad,"{""common_opponents"": 1, ""games_played"": 1, ""head_to_head"": 1, ""home_advantage"": 1, ""last10_form"": 1, ""season_scoring"": 1, ""travel_km"": 1}"
823760,MLB,2026,regular,2026-07-21,2026-07-21,mlb-nym,mlb-mil,final,,,101,100,,,0.35,,,,,0.0,0.0,1,3.0,8.0,1,8.0,3.0,4,6,0,0.4,6,4,0,0.6,4.0792,4.7426,101,5.1,3.74,100,20,94,4.0957,4.7979,20,87,5.0,3.8161,4,0,4,-4,mlb-nym,"{""common_opponents"": 1, ""games_played"": 1, ""head_to_head"": 1, ""home_advantage"": 1, ""last10_form"": 1, ""season_scoring"": 1, ""travel_km"": 1}"
824005,MLB,2026,regular,2026-07-21,2026-07-21,mlb-stl,mlb-laa,final,,,99,101,,,0.35,,,,,0.0,0.0,1,2.0,3.0,1,3.0,2.0,4,6,0,0.4,4,6,0,0.4,4.5051,4.4747,99,4.3267,4.9307,101,17,72,4.7917,4.3889,17,78,4.1923,4.9359,1,5,6,4,mlb-laa,"{""common_opponents"": 1, ""games_played"": 1, ""head_to_head"": 1, ""home_advantage"": 1, ""last10_form"": 1, ""season_scoring"": 1, ""travel_km"": 1}"
824085,MLB,2026,regular,2026-07-21,2026-07-21,mlb-sf,mlb-kc,final,,,101,101,,,0.35,,,,,0.0,0.0,1,3.0,4.0,1,4.0,3.0,4,6,0,0.4,4,6,0,0.4,4.1386,4.703,101,4.2574,5.2277,101,13,56,3.9643,4.5357,13,59,3.8983,5.5254,2,3,5,1,mlb-kc,"{""common_opponents"": 1, ""games_played"": 1, ""head_to_head"": 1, ""home_advantage"": 1, ""last10_form"": 1, ""season_scoring"": 1, ""travel_km"": 1}"
824165,MLB,2026,regular,2026-07-21,2026-07-21,mlb-mia,mlb-hou,final,,,101,102,,,0.35,,,,,0.0,0.0,1,5.0,8.0,1,8.0,5.0,3,7,0,0.3,3,7,0,0.3,4.4752,4.3168,101,4.5392,5.0294,102,17,68,4.3529,4.2059,17,82,4.378,5.1951,3,5,8,2,mlb-hou,"{""common_opponents"": 1, ""games_played"": 1, ""head_to_head"": 1, ""home_advantage"": 1, ""last10_form"": 1, ""season_scoring"": 1, ""travel_km"": 1}"
824329,MLB,2026,regular,2026-07-21,2026-07-21,mlb-wsh,mlb-col,final,,,101,102,,,0.35,,,,,0.0,0.0,1,7.0,3.0,1,3.0,7.0,5,5,0,0.5,3,7,0,0.3,5.4653,5.2772,101,4.7745,5.6961,102,16,73,5.7123,5.7397,16,92,4.7283,5.663,7,8,15,1,mlb-col,"{""common_opponents"": 1, ""games_played"": 1, ""head_to_head"": 1, ""home_advantage"": 1, ""last10_form"": 1, ""season_scoring"": 1, ""travel_km"": 1}"
824409,MLB,2026,regular,2026-07-21,2026-07-21,mlb-min,mlb-cle,final,,,101,101,,,0.35,,,,,0.0,0.0,7,3.7143,5.0,7,5.0,3.7143,5,5,0,0.5,6,4,0,0.6,4.7822,5.1089,101,4.0099,4.0396,101,20,85,4.7059,5.0353,20,85,3.8941,3.9529,2,5,7,3,mlb-cle,"{""common_opponents"": 1, ""games_played"": 1, ""head_to_head"": 1, ""home_advantage"": 1, ""last10_form"": 1, ""season_scoring"": 1, ""travel_km"": 1}"
824652,MLB,2026,regular,2026-07-21,2026-07-21,mlb-det,mlb-chc,final,,,100,100,,,0.35,,,,,0.0,0.0,1,8.0,6.0,1,6.0,8.0,7,3,0,0.7,6,4,0,0.6,4.26,3.93,100,5.08,4.48,100,18,74,4.2027,4.0541,18,74,5.3784,4.2027,2,11,13,9,mlb-chc,"{""common_opponents"": 1, ""games_played"": 1, ""head_to_head"": 1, ""home_advantage"": 1, ""last10_form"": 1, ""season_scoring"": 1, ""travel_km"": 1}"
824895,MLB,2026,regular,2026-07-21,2026-07-21,mlb-sd,mlb-atl,final,,,100,100,,,0.35,,,,,0.0,0.0,4,3.75,2.75,4,2.75,3.75,5,5,0,0.5,6,4,0,0.6,4.07,4.4,100,4.94,3.9,100,21,93,4.0323,4.4839,21,86,4.8488,3.7791,8,3,11,-5,mlb-sd,"{""common_opponents"": 1, ""games_played"": 1, ""head_to_head"": 1, ""home_advantage"": 1, ""last10_form"": 1, ""season_scoring"": 1, ""travel_km"": 1}"
825056,MLB,2026,regular,2026-07-21,2026-07-21,mlb-ath,mlb-ari,final,,,100,100,,,0.35,,,,,0.0,0.0,1,5.0,2.0,1,2.0,5.0,2,8,0,0.2,6,4,0,0.6,4.48,5.59,100,4.35,4.49,100,20,81,4.4321,5.5556,20,90,4.4333,4.4111,5,6,11,1,mlb-ari,"{""common_opponents"": 1, ""games_played"": 1, ""head_to_head"": 1, ""home_advantage"": 1, ""last10_form"": 1, ""season_scoring"": 1, ""travel_km"": 1}"
822784,MLB,2026,regular,2026-07-22,2026-07-22,mlb-tb,mlb-tor,final,,,100,101,,,0.35,,,,,0.0,0.0,8,6.125,2.875,8,2.875,6.125,4,6,0,0.4,4,6,0,0.4,4.54,4.24,100,3.9604,4.5644,101,17,76,4.1316,4.2895,17,71,4.0282,4.4085,4,2,6,-2,mlb-tb,"{""common_opponents"": 1, ""games_played"": 1, ""head_to_head"": 1, ""home_advantage"": 1, ""last10_form"": 1, ""season_scoring"": 1, ""travel_km"": 1}"
822873,MLB,2026,regular,2026-07-22,2026-07-22,mlb-cws,mlb-tex,final,,,100,101,,,0.35,,,,,0.0,0.0,2,5.0,6.5,2,6.5,5.0,6,4,0,0.6,5,5,0,0.5,4.79,4.37,100,4.2079,4.4851,101,18,86,4.907,3.9535,18,77,4.1688,4.6104,4,2,6,-2,mlb-cws,"{""common_opponents"": 1, ""games_played"": 1, ""head_to_head"": 1, ""home_advantage"": 1, ""last10_form"": 1, ""season_scoring"": 1, ""travel_km"": 1}"
823110,MLB,2026,regular,2026-07-22,2026-07-22,mlb-cin,mlb-sea,final,,,100,102,,,0.35,,,,,0.0,0.0,2,2.0,5.0,2,5.0,2.0,5,5,0,0.5,4,6,0,0.4,4.18,4.83,100,4.0392,3.8529,102,20,72,4.2361,4.8889,20,85,3.8588,4.0588,5,3,8,-2,mlb-cin,"{""common_opponents"": 1, ""games_played"": 1, ""head_to_head"": 1, ""home_advantage"": 1, ""last10_form"": 1, ""season_scoring"": 1, ""travel_km"": 1}"
823438,MLB,2026,regular,2026-07-22,2026-07-22,mlb-lad,mlb-phi,final,,,102,102,,,0.35,,,,,0.0,0.0,5,5.0,3.6,5,3.6,5.0,4,6,0,0.4,5,5,0,0.5,5.1569,3.6569,102,4.3431,4.451,102,16,73,5.1781,3.8356,16,82,4.622,4.4146,9,5,14,-4,mlb-lad,"{""common_opponents"": 1, ""games_played"": 1, ""head_to_head"": 1, ""home_advantage"": 1, ""last10_form"": 1, ""season_scoring"": 1, ""travel_km"": 1}"
823518,MLB,2026,regular,2026-07-22,2026-07-22,mlb-pit,mlb-nyy,final,,,101,100,,,0.35,,,,,0.0,0.0,1,5.0,8.0,1,8.0,5.0,6,4,0,0.6,6,4,0,0.6,5.3267,4.8218,101,4.75,3.87,100,16,61,6.0164,4.5574,16,71,4.5634,3.7465,5,3,8,-2,mlb-pit,"{""common_opponents"": 1, ""games_played"": 1, ""head_to_head"": 1, ""home_advantage"": 1, ""last10_form"": 1, ""season_scoring"": 1, ""travel_km"": 1}"
823519,MLB,2026,regular,2026-07-22,2026-07-22,mlb-pit,mlb-nyy,postponed,,,101,100,,,0.35,,,,,0.0,0.0,1,5.0,8.0,1,8.0,5.0,6,4,0,0.6,6,4,0,0.6,5.3267,4.8218,101,4.75,3.87,100,16,61,6.0164,4.5574,16,71,4.5634,3.7465,0,2,2,2,mlb-nyy,"{""common_opponents"": 1, ""games_played"": 1, ""head_to_head"": 1, ""home_advantage"": 1, ""last10_form"": 1, ""season_scoring"": 1, ""travel_km"": 1}"
823519,MLB,2026,regular,2026-07-22,2026-07-22,mlb-pit,mlb-nyy,final,,,101,100,,,0.35,,,,,0.0,0.0,1,5.0,8.0,1,8.0,5.0,6,4,0,0.6,6,4,0,0.6,5.3267,4.8218,101,4.75,3.87,100,16,61,6.0164,4.5574,16,71,4.5634,3.7465,0,2,2,2,mlb-nyy,"{""common_opponents"": 1, ""games_played"": 1, ""head_to_head"": 1, ""home_advantage"": 1, ""last10_form"": 1, ""season_scoring"": 1, ""travel_km"": 1}"
823761,MLB,2026,regular,2026-07-22,2026-07-22,mlb-nym,mlb-mil,final,,,102,101,,,0.35,,,,,0.0,0.0,2,3.5,4.0,2,4.0,3.5,5,5,0,0.5,5,5,0,0.5,4.0784,4.6961,102,5.0495,3.7426,101,20,94,4.0957,4.7979,20,87,5.0,3.8161,3,4,7,1,mlb-mil,"{""common_opponents"": 1, ""games_played"": 1, ""head_to_head"": 1, ""home_advantage"": 1, ""last10_form"": 1, ""season_scoring"": 1, ""travel_km"": 1}"
824004,MLB,2026,regular,2026-07-22,2026-07-22,mlb-stl,mlb-laa,final,,,100,102,,,0.35,,,,,0.0,0.0,2,1.5,4.0,2,4.0,1.5,4,6,0,0.4,5,5,0,0.5,4.47,4.48,100,4.3333,4.8922,102,17,72,4.7917,4.3889,17,78,4.1923,4.9359,1,0,1,-1,mlb-stl,"{""common_opponents"": 1, ""games_played"": 1, ""head_to_head"": 1, ""home_advantage"": 1, ""last10_form"": 1, ""season_scoring"": 1, ""travel_km"": 1}"
824083,MLB,2026,regular,2026-07-22,2026-07-22,mlb-sf,mlb-kc,final,,,102,102,,,0.35,,,,,0.0,0.0,2,2.5,3.5,2,3.5,2.5,4,6,0,0.4,4,6,0,0.4,4.1176,4.6863,102,4.2451,5.1961,102,13,56,3.9643,4.5357,13,59,3.8983,5.5254,4,5,9,1,mlb-kc,"{""common_opponents"": 1, ""games_played"": 1, ""head_to_head"": 1, ""home_advantage"": 1, ""last10_form"": 1, ""season_scoring"": 1, ""travel_km"": 1}"
824166,MLB,2026,regular,2026-07-22,2026-07-22,mlb-mia,mlb-hou,final,,,102,103,,,0.35,,,,,0.0,0.0,2,4.0,6.5,2,6.5,4.0,2,8,0,0.2,4,6,0,0.4,4.4608,4.3235,102,4.5437,5.0097,103,17,68,4.3529,4.2059,17,82,4.378,5.1951,2,5,7,3,mlb-hou,"{""common_opponents"": 1, ""games_played"": 1, ""head_to_head"": 1, ""home_advantage"": 1, ""last10_form"": 1, ""season_scoring"": 1, ""travel_km"": 1}"
824327,MLB,2026,regular,2026-07-22,2026-07-22,mlb-wsh,mlb-col,final,,,102,103,,,0.35,,,,,0.0,0.0,2,7.0,5.5,2,5.5,7.0,4,6,0,0.4,3,7,0,0.3,5.4804,5.3039,102,4.8058,5.7087,103,16,73,5.7123,5.7397,16,92,4.7283,5.663,8,0,8,-8,mlb-wsh,"{""common_opponents"": 1, ""games_played"": 1, ""head_to_head"": 1, ""home_advantage"": 1, ""last10_form"": 1, ""season_scoring"": 1, ""travel_km"": 1}"
824408,MLB,2026,regular,2026-07-22,2026-07-22,mlb-min,mlb-cle,final,,,102,102,,,0.35,,,,,0.0,0.0,8,3.5,5.0,8,5.0,3.5,4,6,0,0.4,7,3,0,0.7,4.7549,5.1078,102,4.0196,4.0196,102,20,85,4.7059,5.0353,20,85,3.8941,3.9529,10,6,16,-4,mlb-min,"{""common_opponents"": 1, ""games_played"": 1, ""head_to_head"": 1, ""home_advantage"": 1, ""last10_form"": 1, ""season_scoring"": 1, ""travel_km"": 1}"
824650,MLB,2026,regular,2026-07-22,2026-07-22,mlb-det,mlb-chc,final,,,101,101,,,0.35,,,,,0.0,0.0,2,5.0,8.5,2,8.5,5.0,6,4,0,0.6,6,4,0,0.6,4.2376,4.0,101,5.1386,4.4554,101,18,74,4.2027,4.0541,18,74,5.3784,4.2027,5,1,6,-4,mlb-det,"{""common_opponents"": 1, ""games_played"": 1, ""head_to_head"": 1, ""home_advantage"": 1, ""last10_form"": 1, ""season_scoring"": 1, ""travel_km"": 1}"
824732,MLB,2026,regular,2026-07-22,2026-07-22,mlb-bal,mlb-bos,final,,,101,99,,,0.35,,,,,0.0,0.0,7,4.5714,6.1429,7,6.1429,4.5714,7,3,0,0.7,10,0,0,1.0,4.5941,4.7327,101,4.2323,3.7677,99,15,73,4.5753,4.6438,15,71,4.0986,3.8169,5,1,6,-4,mlb-bal,"{""common_opponents"": 1, ""games_played"": 1, ""head_to_head"": 1, ""home_advantage"": 1, ""last10_form"": 1, ""season_scoring"": 1, ""travel_km"": 1}"
824735,MLB,2026,regular,2026-07-22,2026-07-22,mlb-bal,mlb-bos,postponed,,,101,99,,,0.35,,,,,0.0,0.0,7,4.5714,6.1429,7,6.1429,4.5714,7,3,0,0.7,10,0,0,1.0,4.5941,4.7327,101,4.2323,3.7677,99,15,73,4.5753,4.6438,15,71,4.0986,3.8169,3,6,9,3,mlb-bos,"{""common_opponents"": 1, ""games_played"": 1, ""head_to_head"": 1, ""home_advantage"": 1, ""last10_form"": 1, ""season_scoring"": 1, ""travel_km"": 1}"
824735,MLB,2026,regular,2026-07-22,2026-07-22,mlb-bal,mlb-bos,final,,,101,99,,,0.35,,,,,0.0,0.0,7,4.5714,6.1429,7,6.1429,4.5714,7,3,0,0.7,10,0,0,1.0,4.5941,4.7327,101,4.2323,3.7677,99,15,73,4.5753,4.6438,15,71,4.0986,3.8169,3,6,9,3,mlb-bos,"{""common_opponents"": 1, ""games_played"": 1, ""head_to_head"": 1, ""home_advantage"": 1, ""last10_form"": 1, ""season_scoring"": 1, ""travel_km"": 1}"
824896,MLB,2026,regular,2026-07-22,2026-07-22,mlb-sd,mlb-atl,final,,,101,101,,,0.35,,,,,0.0,0.0,5,4.6,2.8,5,2.8,4.6,5,5,0,0.5,6,4,0,0.6,4.1089,4.3861,101,4.9208,3.9406,101,21,93,4.0323,4.4839,21,86,4.8488,3.7791,6,7,13,1,mlb-atl,"{""common_opponents"": 1, ""games_played"": 1, ""head_to_head"": 1, ""home_advantage"": 1, ""last10_form"": 1, ""season_scoring"": 1, ""travel_km"": 1}"
825055,MLB,2026,regular,2026-07-22,2026-07-22,mlb-ath,mlb-ari,final,,,101,101,,,0.35,,,,,0.0,0.0,2,5.0,4.0,2,4.0,5.0,2,8,0,0.2,7,3,0,0.7,4.4851,5.5941,101,4.3663,4.495,101,20,81,4.4321,5.5556,20,90,4.4333,4.4111,5,15,20,10,mlb-ari,"{""common_opponents"": 1, ""games_played"": 1, ""head_to_head"": 1, ""home_advantage"": 1, ""last10_form"": 1, ""season_scoring"": 1, ""travel_km"": 1}"
822785,MLB,2026,regular,2026-07-23,2026-07-23,mlb-tb,mlb-tor,final,,,101,102,,,0.35,,,,,0.0,0.0,9,5.8889,2.7778,9,2.7778,5.8889,5,5,0,0.5,3,7,0,0.3,4.5347,4.2178,101,3.9412,4.5588,102,17,76,4.1316,4.2895,17,71,4.0282,4.4085,1,3,4,2,mlb-tor,"{""common_opponents"": 1, ""games_played"": 1, ""head_to_head"": 1, ""home_advantage"": 1, ""last10_form"": 1, ""season_scoring"": 1, ""travel_km"": 1}"
823042,MLB,2026,regular,2026-07-23,2026-07-23,mlb-ari,mlb-stl,postponed,,,102,101,,,0.35,,,,,2043.7,2531.2,6,5.3333,4.1667,6,4.1667,5.3333,8,2,0,0.8,4,6,0,0.4,4.4706,4.5,102,4.4356,4.4356,101,17,68,3.9265,4.7059,17,80,4.3375,4.1125,10,6,16,-4,mlb-ari,"{""common_opponents"": 1, ""games_played"": 1, ""head_to_head"": 1, ""home_advantage"": 1, ""last10_form"": 1, ""season_scoring"": 1, ""travel_km"": 1}"
823042,MLB,2026,regular,2026-07-23,2026-07-23,mlb-ari,mlb-stl,final,,,102,101,,,0.35,,,,,2043.7,2531.2,6,5.3333,4.1667,6,4.1667,5.3333,8,2,0,0.8,4,6,0,0.4,4.4706,4.5,102,4.4356,4.4356,101,17,68,3.9265,4.7059,17,80,4.3375,4.1125,10,6,16,-4,mlb-ari,"{""common_opponents"": 1, ""games_played"": 1, ""head_to_head"": 1, ""home_advantage"": 1, ""last10_form"": 1, ""season_scoring"": 1, ""travel_km"": 1}"
824247,MLB,2026,regular,2026-07-23,2026-07-23,mlb-kc,mlb-det,final,,,103,102,,,0.35,,,,,1029.7,382.2,6,3.8333,4.0,6,4.0,3.8333,5,5,0,0.5,6,4,0,0.6,4.2524,5.1845,103,4.2451,3.9706,102,19,91,4.2857,5.3407,19,84,4.3095,4.0,3,4,7,1,mlb-det,"{""common_opponents"": 1, ""games_played"": 1, ""head_to_head"": 1, ""home_advantage"": 1, ""last10_form"": 1, ""season_scoring"": 1, ""travel_km"": 1}"
824406,MLB,2026,regular,2026-07-23,2026-07-23,mlb-min,mlb-cle,final,,,103,103,,,0.35,,,,,0.0,0.0,9,4.2222,5.1111,9,5.1111,4.2222,4,6,0,0.4,7,3,0,0.7,4.8058,5.1165,103,4.0388,4.0777,103,20,85,4.7059,5.0353,20,85,3.8941,3.9529,3,1,4,-2,mlb-min,"{""common_opponents"": 1, ""games_played"": 1, ""head_to_head"": 1, ""home_advantage"": 1, ""last10_form"": 1, ""season_scoring"": 1, ""travel_km"": 1}"
824893,MLB,2026,regular,2026-07-23,2026-07-23,mlb-sd,mlb-atl,final,,,102,102,,,0.35,,,,,0.0,0.0,6,4.8333,3.5,6,3.5,4.8333,4,6,0,0.4,6,4,0,0.6,4.1275,4.4118,102,4.9412,3.9608,102,21,93,4.0323,4.4839,21,86,4.8488,3.7791,5,6,11,1,mlb-atl,"{""common_opponents"": 1, ""games_played"": 1, ""head_to_head"": 1, ""home_advantage"": 1, ""last10_form"": 1, ""season_scoring"": 1, ""travel_km"": 1}"
822707,MLB,2026,regular,2026-07-24,2026-07-24,mlb-ari,mlb-wsh,final,,,103,103,,,0.35,,,,,1142.8,2399.9,3,2.3333,7.0,3,7.0,2.3333,8,2,0,0.8,5,5,0,0.5,4.5243,4.5146,103,5.5049,5.2524,103,19,88,4.5909,4.4773,19,85,5.4235,5.5412,3,2,5,-1,mlb-ari,"{""common_opponents"": 1, ""games_played"": 1, ""head_to_head"": 1, ""home_advantage"": 1, ""last10_form"": 1, ""season_scoring"": 1, ""travel_km"": 1}"
822872,MLB,2026,regular,2026-07-24,2026-07-24,mlb-sea,mlb-tex,final,,,103,102,,,0.35,,,,,2686.0,0.0,6,2.5,3.0,6,3.0,2.5,4,6,0,0.4,5,5,0,0.5,4.0291,3.8641,103,4.1863,4.4804,102,19,85,4.1529,3.7647,19,84,4.131,4.7143,4,5,9,1,mlb-tex,"{""common_opponents"": 1, ""games_played"": 1, ""head_to_head"": 1, ""home_advantage"": 1, ""last10_form"": 1, ""season_scoring"": 1, ""travel_km"": 1}"
822952,MLB,2026,regular,2026-07-24,2026-07-24,mlb-cle,mlb-tb,final,,,104,102,,,0.35,,,,,1529.0,1789.0,3,1.6667,1.6667,3,1.6667,1.6667,6,4,0,0.6,4,6,0,0.4,4.0096,4.0673,104,4.5,4.2059,102,19,86,4.0814,4.0116,19,93,4.6129,4.4946,3,11,14,8,mlb-tb,"{""common_opponents"": 1, ""games_played"": 1, ""head_to_head"": 1, ""home_advantage"": 1, ""last10_form"": 1, ""season_scoring"": 1, ""travel_km"": 1}"
823031,MLB,2026,regular,2026-07-24,2026-07-24,mlb-cin,mlb-stl,final,,,101,102,,,0.35,,,,,2769.0,0.0,5,3.8,7.0,5,7.0,3.8,5,5,0,0.5,4,6,0,0.4,4.1881,4.8119,101,4.451,4.4902,102,19,75,4.12,4.88,19,91,4.3407,4.5824,4,2,6,-2,mlb-cin,"{""common_opponents"": 1, ""games_played"": 1, ""head_to_head"": 1, ""home_advantage"": 1, ""last10_form"": 1, ""season_scoring"": 1, ""travel_km"": 1}"
823196,MLB,2026,regular,2026-07-24,2026-07-24,mlb-laa,mlb-sf,final,,,103,103,,,0.35,,,,,600.6,2426.1,,,,,,,4,6,0,0.4,4,6,0,0.4,4.2913,4.8544,103,4.1165,4.6893,103,16,72,4.3056,5.1806,16,78,4.0,4.4487,6,7,13,1,mlb-sf,"{""common_opponents"": 1, ""games_played"": 1, ""head_to_head"": 1, ""home_advantage"": 1, ""last10_form"": 1, ""season_scoring"": 1, ""travel_km"": 1}"
823352,MLB,2026,regular,2026-07-24,2026-07-24,mlb-chc,mlb-pit,final,,,102,103,,,0.35,,,,,661.2,514.6,7,4.1429,4.5714,7,4.5714,4.1429,5,5,0,0.5,6,4,0,0.6,5.098,4.4608,102,5.2718,4.7767,103,20,86,5.1047,4.4186,20,87,5.4598,4.954,3,2,5,-1,mlb-chc,"{""common_opponents"": 1, ""games_played"": 1, ""head_to_head"": 1, ""home_advantage"": 1, ""last10_form"": 1, ""season_scoring"": 1, ""travel_km"": 1}"
823434,MLB,2026,regular,2026-07-24,2026-07-24,mlb-nyy,mlb-phi,final,,,102,103,,,0.35,,,,,146.9,0.0,,,,,,,7,3,0,0.7,5,5,0,0.5,4.7059,3.8431,102,4.3495,4.4951,103,16,73,4.5342,3.6575,16,75,4.4133,4.4667,1,0,1,-1,mlb-nyy,"{""common_opponents"": 1, ""games_played"": 1, ""head_to_head"": 1, ""home_advantage"": 1, ""last10_form"": 1, ""season_scoring"": 1, ""travel_km"": 1}"
823601,MLB,2026,regular,2026-07-24,2026-07-24,mlb-lad,mlb-nym,final,,,103,103,,,0.35,,,,,146.6,1194.6,3,4.6667,1.0,3,1.0,4.6667,5,5,0,0.5,4,6,0,0.4,5.1942,3.6699,103,4.068,4.6893,103,17,82,5.4268,3.6829,17,82,4.061,4.6463,4,2,6,-2,mlb-lad,"{""common_opponents"": 1, ""games_played"": 1, ""head_to_head"": 1, ""home_advantage"": 1, ""last10_form"": 1, ""season_scoring"": 1, ""travel_km"": 1}"
823680,MLB,2026,regular,2026-07-24,2026-07-24,mlb-ath,mlb-min,final,,,102,104,,,0.35,,,,,2056.7,1014.7,,,,,,,2,8,0,0.2,5,5,0,0.5,4.4902,5.6863,102,4.7885,5.0769,104,21,87,4.6782,5.8966,21,89,4.8315,5.1124,2,0,2,-2,mlb-ath,"{""common_opponents"": 1, ""games_played"": 1, ""head_to_head"": 1, ""home_advantage"": 1, ""last10_form"": 1, ""season_scoring"": 1, ""travel_km"": 1}"
823759,MLB,2026,regular,2026-07-24,2026-07-24,mlb-col,mlb-mil,final,,,104,102,,,0.35,,,,,1463.1,0.0,3,4.0,9.3333,3,9.3333,4.0,3,7,0,0.3,6,4,0,0.6,4.7596,5.7308,104,5.0392,3.7353,102,17,95,4.7474,5.5368,17,71,4.6761,3.9577,5,2,7,-3,mlb-col,"{""common_opponents"": 1, ""games_played"": 1, ""head_to_head"": 1, ""home_advantage"": 1, ""last10_form"": 1, ""season_scoring"": 1, ""travel_km"": 1}"
823843,MLB,2026,regular,2026-07-24,2026-07-24,mlb-sd,mlb-mia,final,,,103,103,,,0.35,,,,,990.5,1552.1,,,,,,,4,6,0,0.4,1,9,0,0.1,4.1359,4.4272,103,4.4369,4.3301,103,19,88,4.0114,4.125,19,85,4.6235,4.0941,4,2,6,-2,mlb-sd,"{""common_opponents"": 1, ""games_played"": 1, ""head_to_head"": 1, ""home_advantage"": 1, ""last10_form"": 1, ""season_scoring"": 1, ""travel_km"": 1}"
824248,MLB,2026,regular,2026-07-24,2026-07-24,mlb-kc,mlb-det,final,,,104,103,,,0.35,,,,,0.0,0.0,7,3.7143,4.0,7,4.0,3.7143,5,5,0,0.5,6,4,0,0.6,4.2404,5.1731,104,4.2427,3.9612,103,19,91,4.2857,5.3407,19,84,4.3095,4.0,1,2,3,1,mlb-det,"{""common_opponents"": 1, ""games_played"": 1, ""head_to_head"": 1, ""home_advantage"": 1, ""last10_form"": 1, ""season_scoring"": 1, ""travel_km"": 1}"
824573,MLB,2026,regular,2026-07-24,2026-07-24,mlb-hou,mlb-cws,final,,,104,101,,,0.35,,,,,1510.7,1309.3,,,,,,,4,6,0,0.4,7,3,0,0.7,4.5481,4.9808,104,4.7822,4.3465,101,18,89,4.5955,4.8315,18,87,4.6437,4.2299,9,5,14,-4,mlb-hou,"{""common_opponents"": 1, ""games_played"": 1, ""head_to_head"": 1, ""home_advantage"": 1, ""last10_form"": 1, ""season_scoring"": 1, ""travel_km"": 1}"
824733,MLB,2026,regular,2026-07-24,2026-07-24,mlb-tor,mlb-bos,final,,,103,101,,,0.35,,,,,689.3,0.0,6,4.0,1.6667,6,1.6667,4.0,3,7,0,0.3,9,1,0,0.9,3.932,4.5243,103,4.2178,3.7723,101,17,77,3.7532,4.6104,17,83,4.3976,3.7952,4,6,10,2,mlb-bos,"{""common_opponents"": 1, ""games_played"": 1, ""head_to_head"": 1, ""home_advantage"": 1, ""last10_form"": 1, ""season_scoring"": 1, ""travel_km"": 1}"
824812,MLB,2026,regular,2026-07-24,2026-07-24,mlb-atl,mlb-bal,final,,,103,103,,,0.35,,,,,921.5,576.1,,,,,,,6,4,0,0.6,8,2,0,0.8,4.9515,3.9709,103,4.5825,4.7087,103,19,78,4.8333,3.859,19,81,4.5802,4.5556,7,6,13,-1,mlb-atl,"{""common_opponents"": 1, ""games_played"": 1, ""head_to_head"": 1, ""home_advantage"": 1, ""last10_form"": 1, ""season_scoring"": 1, ""travel_km"": 1}"
822704,MLB,2026,regular,2026-07-25,2026-07-25,mlb-ari,mlb-wsh,final,,,104,104,,,0.35,,,,,0.0,0.0,4,2.5,5.75,4,5.75,2.5,8,2,0,0.8,4,6,0,0.4,4.5096,4.4904,104,5.4712,5.2308,104,19,88,4.5909,4.4773,19,85,5.4235,5.5412,3,5,8,2,mlb-wsh,"{""common_opponents"": 1, ""games_played"": 1, ""head_to_head"": 1, ""home_advantage"": 1, ""last10_form"": 1, ""season_scoring"": 1, ""travel_km"": 1}"
822869,MLB,2026,regular,2026-07-25,2026-07-25,mlb-sea,mlb-tex,final,,,104,103,,,0.35,,,,,0.0,0.0,7,2.7143,3.2857,7,3.2857,2.7143,4,6,0,0.4,5,5,0,0.5,4.0288,3.875,104,4.1942,4.4757,103,19,85,4.1529,3.7647,19,84,4.131,4.7143,1,7,8,6,mlb-tex,"{""common_opponents"": 1, ""games_played"": 1, ""head_to_head"": 1, ""home_advantage"": 1, ""last10_form"": 1, ""season_scoring"": 1, ""travel_km"": 1}"
822948,MLB,2026,regular,2026-07-25,2026-07-25,mlb-cle,mlb-tb,final,,,105,103,,,0.35,,,,,0.0,0.0,4,2.0,4.0,4,4.0,2.0,5,5,0,0.5,4,6,0,0.4,4.0,4.1333,105,4.5631,4.1942,103,19,86,4.0814,4.0116,19,93,4.6129,4.4946,0,3,3,3,mlb-tb,"{""common_opponents"": 1, ""games_played"": 1, ""head_to_head"": 1, ""home_advantage"": 1, ""last10_form"": 1, ""season_scoring"": 1, ""travel_km"": 1}"
823027,MLB,2026,regular,2026-07-25,2026-07-25,mlb-cin,mlb-stl,final,,,102,103,,,0.35,,,,,0.0,0.0,6,3.8333,6.1667,6,6.1667,3.8333,6,4,0,0.6,3,7,0,0.3,4.1863,4.7843,102,4.4272,4.4854,103,19,75,4.12,4.88,19,91,4.3407,4.5824,0,7,7,7,mlb-stl,"{""common_opponents"": 1, ""games_played"": 1, ""head_to_head"": 1, ""home_advantage"": 1, ""last10_form"": 1, ""season_scoring"": 1, ""travel_km"": 1}"
823197,MLB,2026,regular,2026-07-25,2026-07-25,mlb-laa,mlb-sf,final,,,104,104,,,0.35,,,,,0.0,0.0,1,6.0,7.0,1,7.0,6.0,4,6,0,0.4,4,6,0,0.4,4.3077,4.875,104,4.1442,4.7019,104,16,72,4.3056,5.1806,16,78,4.0,4.4487,2,9,11,7,mlb-sf,"{""common_opponents"": 1, ""games_played"": 1, ""head_to_head"": 1, ""home_advantage"": 1, ""last10_form"": 1, ""season_scoring"": 1, ""travel_km"": 1}"
823355,MLB,2026,regular,2026-07-25,2026-07-25,mlb-chc,mlb-pit,final,,,103,104,,,0.35,,,,,0.0,0.0,8,4.0,4.25,8,4.25,4.0,6,4,0,0.6,6,4,0,0.6,5.0777,4.4369,103,5.2404,4.7596,104,20,86,5.1047,4.4186,20,87,5.4598,4.954,11,0,11,-11,mlb-chc,"{""common_opponents"": 1, ""games_played"": 1, ""head_to_head"": 1, ""home_advantage"": 1, ""last10_form"": 1, ""season_scoring"": 1, ""travel_km"": 1}"
823435,MLB,2026,regular,2026-07-25,2026-07-25,mlb-nyy,mlb-phi,final,,,103,104,,,0.35,,,,,0.0,0.0,1,1.0,0.0,1,0.0,1.0,7,3,0,0.7,4,6,0,0.4,4.6699,3.8058,103,4.3077,4.4615,104,16,73,4.5342,3.6575,16,75,4.4133,4.4667,3,1,4,-2,mlb-nyy,"{""common_opponents"": 1, ""games_played"": 1, ""head_to_head"": 1, ""home_advantage"": 1, ""last10_form"": 1, ""season_scoring"": 1, ""travel_km"": 1}"
823600,MLB,2026,regular,2026-07-25,2026-07-25,mlb-lad,mlb-nym,final,,,104,104,,,0.35,,,,,0.0,0.0,4,4.5,1.25,4,1.25,4.5,5,5,0,0.5,3,7,0,0.3,5.1827,3.6538,104,4.0481,4.6827,104,17,82,5.4268,3.6829,17,82,4.061,4.6463,4,3,7,-1,mlb-lad,"{""common_opponents"": 1, ""games_played"": 1, ""head_to_head"": 1, ""home_advantage"": 1, ""last10_form"": 1, ""season_scoring"": 1, ""travel_km"": 1}"
823679,MLB,2026,regular,2026-07-25,2026-07-25,mlb-ath,mlb-min,final,,,103,105,,,0.35,,,,,0.0,0.0,1,2.0,0.0,1,0.0,2.0,3,7,0,0.3,5,5,0,0.5,4.466,5.6311,103,4.7429,5.0476,105,21,87,4.6782,5.8966,21,89,4.8315,5.1124,0,2,2,2,mlb-min,"{""common_opponents"": 1, ""games_played"": 1, ""head_to_head"": 1, ""home_advantage"": 1, ""last10_form"": 1, ""season_scoring"": 1, ""travel_km"": 1}"
823758,MLB,2026,regular,2026-07-25,2026-07-25,mlb-col,mlb-mil,final,,,105,103,,,0.35,,,,,0.0,0.0,4,4.25,7.5,4,7.5,4.25,4,6,0,0.4,5,5,0,0.5,4.7619,5.6952,105,5.0097,3.7476,103,17,95,4.7474,5.5368,17,71,4.6761,3.9577,5,8,13,3,mlb-mil,"{""common_opponents"": 1, ""games_played"": 1, ""head_to_head"": 1, ""home_advantage"": 1, ""last10_form"": 1, ""season_scoring"": 1, ""travel_km"": 1}"
823841,MLB,2026,regular,2026-07-25,2026-07-25,mlb-sd,mlb-mia,final,,,104,104,,,0.35,,,,,0.0,0.0,1,4.0,2.0,1,2.0,4.0,5,5,0,0.5,0,10,0,0.0,4.1346,4.4038,104,4.4135,4.3269,104,19,88,4.0114,4.125,19,85,4.6235,4.0941,7,2,9,-5,mlb-sd,"{""common_opponents"": 1, ""games_played"": 1, ""head_to_head"": 1, ""home_advantage"": 1, ""last10_form"": 1, ""season_scoring"": 1, ""travel_km"": 1}"
824244,MLB,2026,regular,2026-07-25,2026-07-25,mlb-kc,mlb-det,final,,,105,104,,,0.35,,,,,0.0,0.0,8,3.375,3.75,8,3.75,3.375,5,5,0,0.5,6,4,0,0.6,4.2095,5.1429,105,4.2212,3.9327,104,19,91,4.2857,5.3407,19,84,4.3095,4.0,3,2,5,-1,mlb-kc,"{""common_opponents"": 1, ""games_played"": 1, ""head_to_head"": 1, ""home_advantage"": 1, ""last10_form"": 1, ""season_scoring"": 1, ""travel_km"": 1}"
824571,MLB,2026,regular,2026-07-25,2026-07-25,mlb-hou,mlb-cws,final,,,105,102,,,0.35,,,,,0.0,0.0,1,9.0,5.0,1,5.0,9.0,5,5,0,0.5,7,3,0,0.7,4.5905,4.981,105,4.7843,4.3922,102,18,89,4.5955,4.8315,18,87,4.6437,4.2299,4,1,5,-3,mlb-hou,"{""common_opponents"": 1, ""games_played"": 1, ""head_to_head"": 1, ""home_advantage"": 1, ""last10_form"": 1, ""season_scoring"": 1, ""travel_km"": 1}"
824734,MLB,2026,regular,2026-07-25,2026-07-25,mlb-tor,mlb-bos,final,,,104,102,,,0.35,,,,,0.0,0.0,7,4.0,2.2857,7,2.2857,4.0,2,8,0,0.2,9,1,0,0.9,3.9327,4.5385,104,4.2353,3.7745,102,17,77,3.7532,4.6104,17,83,4.3976,3.7952,6,0,6,-6,mlb-tor,"{""common_opponents"": 1, ""games_played"": 1, ""head_to_head"": 1, ""home_advantage"": 1, ""last10_form"": 1, ""season_scoring"": 1, ""travel_km"": 1}"
824811,MLB,2026,regular,2026-07-25,2026-07-25,mlb-atl,mlb-bal,final,,,104,104,,,0.35,,,,,0.0,0.0,1,7.0,6.0,1,6.0,7.0,7,3,0,0.7,7,3,0,0.7,4.9712,3.9904,104,4.5962,4.7308,104,19,78,4.8333,3.859,19,81,4.5802,4.5556,2,3,5,1,mlb-bal,"{""common_opponents"": 1, ""games_played"": 1, ""head_to_head"": 1, ""home_advantage"": 1, ""last10_form"": 1, ""season_scoring"": 1, ""travel_km"": 1}"
822706,MLB,2026,regular,2026-07-26,2026-07-26,mlb-ari,mlb-wsh,final,,,105,105,,,0.35,,,,,0.0,0.0,5,2.6,5.6,5,5.6,2.6,7,3,0,0.7,5,5,0,0.5,4.4952,4.4952,105,5.4667,5.2095,105,19,88,4.5909,4.4773,19,85,5.4235,5.5412,7,10,17,3,mlb-wsh,"{""common_opponents"": 1, ""games_played"": 1, ""head_to_head"": 1, ""home_advantage"": 1, ""last10_form"": 1, ""season_scoring"": 1, ""travel_km"": 1}"
822870,MLB,2026,regular,2026-07-26,2026-07-26,mlb-sea,mlb-tex,final,,,105,104,,,0.35,,,,,0.0,0.0,8,2.5,3.75,8,3.75,2.5,4,6,0,0.4,5,5,0,0.5,4.0,3.9048,105,4.2212,4.4423,104,19,85,4.1529,3.7647,19,84,4.131,4.7143,6,4,10,-2,mlb-sea,"{""common_opponents"": 1, ""games_played"": 1, ""head_to_head"": 1, ""home_advantage"": 1, ""last10_form"": 1, ""season_scoring"": 1, ""travel_km"": 1}"
822950,MLB,2026,regular,2026-07-26,2026-07-26,mlb-cle,mlb-tb,final,,,106,104,,,0.35,,,,,0.0,0.0,5,1.6,3.8,5,3.8,1.6,4,6,0,0.4,5,5,0,0.5,3.9623,4.1226,106,4.5481,4.1538,104,19,86,4.0814,4.0116,19,93,4.6129,4.4946,0,1,1,1,mlb-tb,"{""common_opponents"": 1, ""games_played"": 1, ""head_to_head"": 1, ""home_advantage"": 1, ""last10_form"": 1, ""season_scoring"": 1, ""travel_km"": 1}"
823028,MLB,2026,regular,2026-07-26,2026-07-26,mlb-cin,mlb-stl,final,,,103,104,,,0.35,,,,,0.0,0.0,7,3.2857,6.2857,7,6.2857,3.2857,5,5,0,0.5,3,7,0,0.3,4.1456,4.8058,103,4.4519,4.4423,104,19,75,4.12,4.88,19,91,4.3407,4.5824,5,3,8,-2,mlb-cin,"{""common_opponents"": 1, ""games_played"": 1, ""head_to_head"": 1, ""home_advantage"": 1, ""last10_form"": 1, ""season_scoring"": 1, ""travel_km"": 1}"
823194,MLB,2026,regular,2026-07-26,2026-07-26,mlb-laa,mlb-sf,final,,,105,105,,,0.35,,,,,0.0,0.0,2,4.0,8.0,2,8.0,4.0,3,7,0,0.3,5,5,0,0.5,4.2857,4.9143,105,4.1905,4.6762,105,16,72,4.3056,5.1806,16,78,4.0,4.4487,4,3,7,-1,mlb-laa,"{""common_opponents"": 1, ""games_played"": 1, ""head_to_head"": 1, ""home_advantage"": 1, ""last10_form"": 1, ""season_scoring"": 1, ""travel_km"": 1}"
823354,MLB,2026,regular,2026-07-26,2026-07-26,mlb-chc,mlb-pit,final,,,104,105,,,0.35,,,,,0.0,0.0,9,4.7778,3.7778,9,3.7778,4.7778,7,3,0,0.7,5,5,0,0.5,5.1346,4.3942,104,5.1905,4.819,105,20,86,5.1047,4.4186,20,87,5.4598,4.954,7,8,15,1,mlb-pit,"{""common_opponents"": 1, ""games_played"": 1, ""head_to_head"": 1, ""home_advantage"": 1, ""last10_form"": 1, ""season_scoring"": 1, ""travel_km"": 1}"
823433,MLB,2026,regular,2026-07-26,2026-07-26,mlb-nyy,mlb-phi,final,,,104,105,,,0.35,,,,,0.0,0.0,2,2.0,0.5,2,0.5,2.0,7,3,0,0.7,4,6,0,0.4,4.6538,3.7788,104,4.2762,4.4476,105,16,73,4.5342,3.6575,16,75,4.4133,4.4667,4,11,15,7,mlb-phi,"{""common_opponents"": 1, ""games_played"": 1, ""head_to_head"": 1, ""home_advantage"": 1, ""last10_form"": 1, ""season_scoring"": 1, ""travel_km"": 1}"
823599,MLB,2026,regular,2026-07-26,2026-07-26,mlb-lad,mlb-nym,final,,,105,105,,,0.35,,,,,0.0,0.0,5,4.4,1.6,5,1.6,4.4,6,4,0,0.6,3,7,0,0.3,5.1714,3.6476,105,4.0381,4.6762,105,17,82,5.4268,3.6829,17,82,4.061,4.6463,3,8,11,5,mlb-nym,"{""common_opponents"": 1, ""games_played"": 1, ""head_to_head"": 1, ""home_advantage"": 1, ""last10_form"": 1, ""season_scoring"": 1, ""travel_km"": 1}"
823678,MLB,2026,regular,2026-07-26,2026-07-26,mlb-ath,mlb-min,final,,,104,106,,,0.35,,,,,0.0,0.0,2,1.0,1.0,2,1.0,1.0,3,7,0,0.3,5,5,0,0.5,4.4231,5.5962,104,4.717,5.0,106,21,87,4.6782,5.8966,21,89,4.8315,5.1124,8,11,19,3,mlb-min,"{""common_opponents"": 1, ""games_played"": 1, ""head_to_head"": 1, ""home_advantage"": 1, ""last10_form"": 1, ""season_scoring"": 1, ""travel_km"": 1}"
823755,MLB,2026,regular,2026-07-26,2026-07-26,mlb-col,mlb-mil,final,,,106,104,,,0.35,,,,,0.0,0.0,5,4.4,7.6,5,7.6,4.4,3,7,0,0.3,6,4,0,0.6,4.7642,5.717,106,5.0385,3.7596,104,17,95,4.7474,5.5368,17,71,4.6761,3.9577,2,11,13,9,mlb-mil,"{""common_opponents"": 1, ""games_played"": 1, ""head_to_head"": 1, ""home_advantage"": 1, ""last10_form"": 1, ""season_scoring"": 1, ""travel_km"": 1}"
823840,MLB,2026,regular,2026-07-26,2026-07-26,mlb-sd,mlb-mia,final,,,105,105,,,0.35,,,,,0.0,0.0,2,5.5,2.0,2,2.0,5.5,5,5,0,0.5,0,10,0,0.0,4.1619,4.381,105,4.3905,4.3524,105,19,88,4.0114,4.125,19,85,4.6235,4.0941,5,3,8,-2,mlb-sd,"{""common_opponents"": 1, ""games_played"": 1, ""head_to_head"": 1, ""home_advantage"": 1, ""last10_form"": 1, ""season_scoring"": 1, ""travel_km"": 1}"
824246,MLB,2026,regular,2026-07-26,2026-07-26,mlb-kc,mlb-det,final,,,106,105,,,0.35,,,,,0.0,0.0,9,3.3333,3.5556,9,3.5556,3.3333,6,4,0,0.6,6,4,0,0.6,4.1981,5.1132,106,4.2,3.9238,105,19,91,4.2857,5.3407,19,84,4.3095,4.0,5,4,9,-1,mlb-kc,"{""common_opponents"": 1, ""games_played"": 1, ""head_to_head"": 1, ""home_advantage"": 1, ""last10_form"": 1, ""season_scoring"": 1, ""travel_km"": 1}"
824572,MLB,2026,regular,2026-07-26,2026-07-26,mlb-hou,mlb-cws,final,,,106,103,,,0.35,,,,,0.0,0.0,2,6.5,3.0,2,3.0,6.5,6,4,0,0.6,6,4,0,0.6,4.5849,4.9434,106,4.7476,4.3883,103,18,89,4.5955,4.8315,18,87,4.6437,4.2299,3,12,15,9,mlb-cws,"{""common_opponents"": 1, ""games_played"": 1, ""head_to_head"": 1, ""home_advantage"": 1, ""last10_form"": 1, ""season_scoring"": 1, ""travel_km"": 1}"
824730,MLB,2026,regular,2026-07-26,2026-07-26,mlb-tor,mlb-bos,final,,,105,103,,,0.35,,,,,0.0,0.0,8,4.25,2.0,8,2.0,4.25,3,7,0,0.3,8,2,0,0.8,3.9524,4.4952,105,4.1942,3.7961,103,17,77,3.7532,4.6104,17,83,4.3976,3.7952,1,6,7,5,mlb-bos,"{""common_opponents"": 1, ""games_played"": 1, ""head_to_head"": 1, ""home_advantage"": 1, ""last10_form"": 1, ""season_scoring"": 1, ""travel_km"": 1}"
824810,MLB,2026,regular,2026-07-26,2026-07-26,mlb-atl,mlb-bal,final,,,105,105,,,0.35,,,,,0.0,0.0,2,4.5,4.5,2,4.5,4.5,7,3,0,0.7,7,3,0,0.7,4.9429,3.981,105,4.581,4.7048,105,19,78,4.8333,3.859,19,81,4.5802,4.5556,3,2,5,-1,mlb-atl,"{""common_opponents"": 1, ""games_played"": 1, ""head_to_head"": 1, ""home_advantage"": 1, ""last10_form"": 1, ""season_scoring"": 1, ""travel_km"": 1}"
822705,MLB,2026,regular,2026-07-27,2026-07-27,mlb-tor,mlb-wsh,final,,,106,106,,,0.35,,,,,630.7,0.0,,,,,,,3,7,0,0.3,6,4,0,0.6,3.9245,4.5094,106,5.5094,5.2264,106,22,93,3.914,4.6667,22,97,5.5052,5.1134,3,2,5,-1,mlb-tor,"{""common_opponents"": 1, ""games_played"": 1, ""head_to_head"": 1, ""home_advantage"": 1, ""last10_form"": 1, ""season_scoring"": 1, ""travel_km"": 1}"
822868,MLB,2026,regular,2026-07-27,2026-07-27,mlb-sea,mlb-tex,final,,,106,105,,,0.35,,,,,0.0,0.0,9,2.8889,3.7778,9,3.7778,2.8889,5,5,0,0.5,5,5,0,0.5,4.0189,3.9057,106,4.219,4.4571,105,19,85,4.1529,3.7647,19,84,4.131,4.7143,3,7,10,4,mlb-tex,"{""common_opponents"": 1, ""games_played"": 1, ""head_to_head"": 1, ""home_advantage"": 1, ""last10_form"": 1, ""season_scoring"": 1, ""travel_km"": 1}"
823025,MLB,2026,regular,2026-07-27,2026-07-27,mlb-chc,mlb-stl,final,,,105,105,,,0.35,,,,,896.3,0.0,6,3.1667,6.0,6,6.0,3.1667,6,4,0,0.6,3,7,0,0.3,5.1524,4.4286,105,4.4381,4.4476,105,17,72,5.0,4.0972,17,81,4.5185,4.358,7,3,10,-4,mlb-chc,"{""common_opponents"": 1, ""games_played"": 1, ""head_to_head"": 1, ""home_advantage"": 1, ""last10_form"": 1, ""season_scoring"": 1, ""travel_km"": 1}"
823195,MLB,2026,regular,2026-07-27,2026-07-27,mlb-mil,mlb-sf,final,,,105,106,,,0.35,,,,,2950.6,0.0,4,8.25,4.5,4,4.5,8.25,7,3,0,0.7,4,6,0,0.4,5.0952,3.7429,105,4.1792,4.6698,106,18,76,5.1842,3.8158,18,93,4.1183,4.5699,0,3,3,3,mlb-sf,"{""common_opponents"": 1, ""games_played"": 1, ""head_to_head"": 1, ""home_advantage"": 1, ""last10_form"": 1, ""season_scoring"": 1, ""travel_km"": 1}"
823353,MLB,2026,regular,2026-07-27,2026-07-27,mlb-ari,mlb-pit,final,,,106,106,,,0.35,,,,,310.6,0.0,3,3.6667,1.6667,3,1.6667,3.6667,6,4,0,0.6,5,5,0,0.5,4.5189,4.5472,106,5.217,4.8396,106,20,94,4.4894,4.6064,20,94,5.2872,4.9362,2,3,5,1,mlb-pit,"{""common_opponents"": 1, ""games_played"": 1, ""head_to_head"": 1, ""home_advantage"": 1, ""last10_form"": 1, ""season_scoring"": 1, ""travel_km"": 1}"
823597,MLB,2026,regular,2026-07-27,2026-07-27,mlb-atl,mlb-nym,final,,,106,106,,,0.35,,,,,287.6,0.0,7,6.1429,5.5714,7,5.5714,6.1429,7,3,0,0.7,4,6,0,0.4,4.9245,3.9623,106,4.0755,4.6604,106,20,88,4.6364,3.8295,20,93,3.8925,4.5376,3,14,17,11,mlb-nym,"{""common_opponents"": 1, ""games_played"": 1, ""head_to_head"": 1, ""home_advantage"": 1, ""last10_form"": 1, ""season_scoring"": 1, ""travel_km"": 1}"
823839,MLB,2026,regular,2026-07-27,2026-07-27,mlb-phi,mlb-mia,final,,,106,106,,,0.35,,,,,1639.6,0.0,7,4.7143,3.5714,7,3.5714,4.7143,4,6,0,0.4,0,10,0,0.0,4.3396,4.4434,106,4.3774,4.3585,106,18,86,4.407,4.2442,18,75,4.5733,4.3467,7,8,15,1,mlb-mia,"{""common_opponents"": 1, ""games_played"": 1, ""head_to_head"": 1, ""home_advantage"": 1, ""last10_form"": 1, ""season_scoring"": 1, ""travel_km"": 1}"
824001,MLB,2026,regular,2026-07-27,2026-07-27,mlb-hou,mlb-laa,final,,,107,106,,,0.35,,,,,2786.2,600.6,7,4.2857,6.0,7,6.0,4.2857,5,5,0,0.5,4,6,0,0.4,4.5701,5.0093,107,4.283,4.8962,106,18,88,4.4432,4.8636,18,84,4.2976,5.0357,6,4,10,-2,mlb-hou,"{""common_opponents"": 1, ""games_played"": 1, ""head_to_head"": 1, ""home_advantage"": 1, ""last10_form"": 1, ""season_scoring"": 1, ""travel_km"": 1}"
824245,MLB,2026,regular,2026-07-27,2026-07-27,mlb-bal,mlb-det,final,,,106,106,,,0.35,,,,,638.4,0.0,3,4.3333,3.6667,3,3.6667,4.3333,6,4,0,0.6,6,4,0,0.6,4.5566,4.6887,106,4.1981,3.934,106,19,88,4.6023,4.7841,19,91,4.1978,3.7582,8,5,13,-3,mlb-bal,"{""common_opponents"": 1, ""games_played"": 1, ""head_to_head"": 1, ""home_advantage"": 1, ""last10_form"": 1, ""season_scoring"": 1, ""travel_km"": 1}"
824570,MLB,2026,regular,2026-07-27,2026-07-27,mlb-nyy,mlb-cws,final,,,105,104,,,0.35,,,,,1068.9,0.0,3,7.6667,4.0,3,4.0,7.6667,6,4,0,0.6,6,4,0,0.6,4.6476,3.8476,105,4.8173,4.375,104,19,93,4.6237,3.7957,19,90,4.6889,4.2444,9,5,14,-4,mlb-nyy,"{""common_opponents"": 1, ""games_played"": 1, ""head_to_head"": 1, ""home_advantage"": 1, ""last10_form"": 1, ""season_scoring"": 1, ""travel_km"": 1}"
824977,MLB,2026,regular,2026-07-27,2026-07-27,mlb-bos,mlb-ath,final,,,104,105,,,0.35,,,,,4223.1,2432.9,,,,,,,8,2,0,0.8,3,7,0,0.3,4.2115,3.7692,104,4.4571,5.6476,105,20,91,4.2198,3.8132,20,84,4.4048,5.5,4,2,6,-2,mlb-bos,"{""common_opponents"": 1, ""games_played"": 1, ""head_to_head"": 1, ""home_advantage"": 1, ""last10_form"": 1, ""season_scoring"": 1, ""travel_km"": 1}"
822703,MLB,2026,regular,2026-07-28,2026-07-28,mlb-tor,mlb-wsh,final,,,107,107,,,0.35,,,,,0.0,0.0,1,3.0,2.0,1,2.0,3.0,4,6,0,0.4,6,4,0,0.6,3.9159,4.486,107,5.4766,5.2056,107,22,93,3.914,4.6667,22,97,5.5052,5.1134,6,8,14,2,mlb-wsh,"{""common_opponents"": 1, ""games_played"": 1, ""head_to_head"": 1, ""home_advantage"": 1, ""last10_form"": 1, ""season_scoring"": 1, ""travel_km"": 1}"
822949,MLB,2026,regular,2026-07-28,2026-07-28,mlb-tex,mlb-tb,final,,,106,105,,,0.35,,,,,1490.8,0.0,,,,,,,5,5,0,0.5,6,4,0,0.6,4.2453,4.4434,106,4.5143,4.1143,105,19,87,4.069,4.3103,19,96,4.6354,4.2188,4,1,5,-3,mlb-tex,"{""common_opponents"": 1, ""games_played"": 1, ""head_to_head"": 1, ""home_advantage"": 1, ""last10_form"": 1, ""season_scoring"": 1, ""travel_km"": 1}"
823026,MLB,2026,regular,2026-07-28,2026-07-28,mlb-chc,mlb-stl,final,,,106,106,,,0.35,,,,,0.0,0.0,7,3.7143,5.5714,7,5.5714,3.7143,6,4,0,0.6,2,8,0,0.2,5.1698,4.4151,106,4.4245,4.4717,106,17,72,5.0,4.0972,17,81,4.5185,4.358,10,2,12,-8,mlb-chc,"{""common_opponents"": 1, ""games_played"": 1, ""head_to_head"": 1, ""home_advantage"": 1, ""last10_form"": 1, ""season_scoring"": 1, ""travel_km"": 1}"
823193,MLB,2026,regular,2026-07-28,2026-07-28,mlb-mil,mlb-sf,final,,,106,107,,,0.35,,,,,0.0,0.0,5,6.6,4.2,5,4.2,6.6,7,3,0,0.7,4,6,0,0.4,5.0472,3.7358,106,4.1682,4.6262,107,18,76,5.1842,3.8158,18,93,4.1183,4.5699,8,2,10,-6,mlb-mil,"{""common_opponents"": 1, ""games_played"": 1, ""head_to_head"": 1, ""home_advantage"": 1, ""last10_form"": 1, ""season_scoring"": 1, ""travel_km"": 1}"
823275,MLB,2026,regular,2026-07-28,2026-07-28,mlb-col,mlb-sd,final,,,107,106,,,0.35,,,,,2788.6,3646.5,7,4.0,6.0,7,6.0,4.0,3,7,0,0.3,5,5,0,0.5,4.7383,5.7664,107,4.1698,4.3679,106,17,91,4.7033,5.9011,17,74,3.9865,4.6622,7,8,15,1,mlb-sd,"{""common_opponents"": 1, ""games_played"": 1, ""head_to_head"": 1, ""home_advantage"": 1, ""last10_form"": 1, ""season_scoring"": 1, ""travel_km"": 1}"
823350,MLB,2026,regular,2026-07-28,2026-07-28,mlb-ari,mlb-pit,final,,,107,107,,,0.35,,,,,0.0,0.0,4,3.25,2.0,4,2.0,3.25,6,4,0,0.6,5,5,0,0.5,4.4953,4.5327,107,5.1963,4.8131,107,20,94,4.4894,4.6064,20,94,5.2872,4.9362,8,7,15,-1,mlb-ari,"{""common_opponents"": 1, ""games_played"": 1, ""head_to_head"": 1, ""home_advantage"": 1, ""last10_form"": 1, ""season_scoring"": 1, ""travel_km"": 1}"
823676,MLB,2026,regular,2026-07-28,2026-07-28,mlb-kc,mlb-min,final,,,107,107,,,0.35,,,,,873.0,0.0,7,5.2857,4.7143,7,4.7143,5.2857,7,3,0,0.7,5,5,0,0.5,4.2056,5.1028,107,4.7757,5.028,107,17,88,4.0795,5.1818,17,75,4.6667,4.7333,2,3,5,1,mlb-min,"{""common_opponents"": 1, ""games_played"": 1, ""head_to_head"": 1, ""home_advantage"": 1, ""last10_form"": 1, ""season_scoring"": 1, ""travel_km"": 1}"
823838,MLB,2026,regular,2026-07-28,2026-07-28,mlb-phi,mlb-mia,final,,,107,107,,,0.35,,,,,0.0,0.0,8,5.0,4.125,8,4.125,5.0,3,7,0,0.3,1,9,0,0.1,4.3645,4.4766,107,4.4112,4.3832,107,18,86,4.407,4.2442,18,75,4.5733,4.3467,0,1,1,1,mlb-mia,"{""common_opponents"": 1, ""games_played"": 1, ""head_to_head"": 1, ""home_advantage"": 1, ""last10_form"": 1, ""season_scoring"": 1, ""travel_km"": 1}"
823923,MLB,2026,regular,2026-07-28,2026-07-28,mlb-sea,mlb-lad,final,,,107,106,,,0.35,,,,,1965.7,3947.6,,,,,,,4,6,0,0.4,6,4,0,0.6,4.0093,3.9346,107,5.1509,3.6887,106,20,92,4.1522,3.9239,20,84,4.8333,3.6667,7,6,13,-1,mlb-sea,"{""common_opponents"": 1, ""games_played"": 1, ""head_to_head"": 1, ""home_advantage"": 1, ""last10_form"": 1, ""season_scoring"": 1, ""travel_km"": 1}"
824003,MLB,2026,regular,2026-07-28,2026-07-28,mlb-hou,mlb-laa,final,,,108,107,,,0.35,,,,,0.0,0.0,8,4.5,5.75,8,5.75,4.5,6,4,0,0.6,4,6,0,0.4,4.5833,5.0,108,4.2804,4.9065,107,18,88,4.4432,4.8636,18,84,4.2976,5.0357,3,2,5,-1,mlb-hou,"{""common_opponents"": 1, ""games_played"": 1, ""head_to_head"": 1, ""home_advantage"": 1, ""last10_form"": 1, ""season_scoring"": 1, ""travel_km"": 1}"
824243,MLB,2026,regular,2026-07-28,2026-07-28,mlb-bal,mlb-det,final,,,107,107,,,0.35,,,,,0.0,0.0,4,5.25,4.0,4,4.0,5.25,6,4,0,0.6,5,5,0,0.5,4.5888,4.6916,107,4.2056,3.972,107,19,88,4.6023,4.7841,19,91,4.1978,3.7582,0,14,14,14,mlb-det,"{""common_opponents"": 1, ""games_played"": 1, ""head_to_head"": 1, ""home_advantage"": 1, ""last10_form"": 1, ""season_scoring"": 1, ""travel_km"": 1}"
824489,MLB,2026,regular,2026-07-28,2026-07-28,mlb-cle,mlb-cin,final,,,107,104,,,0.35,,,,,1271.3,495.1,3,7.6667,4.6667,3,4.6667,7.6667,3,7,0,0.3,6,4,0,0.6,3.9252,4.0935,107,4.1538,4.7885,104,19,88,3.6932,4.0341,19,80,4.025,4.825,0,2,2,2,mlb-cin,"{""common_opponents"": 1, ""games_played"": 1, ""head_to_head"": 1, ""home_advantage"": 1, ""last10_form"": 1, ""season_scoring"": 1, ""travel_km"": 1}"
824490,MLB,2026,regular,2026-07-28,2026-07-28,mlb-cle,mlb-cin,postponed,,,107,104,,,0.35,,,,,1271.3,495.1,3,7.6667,4.6667,3,4.6667,7.6667,3,7,0,0.3,6,4,0,0.6,3.9252,4.0935,107,4.1538,4.7885,104,19,88,3.6932,4.0341,19,80,4.025,4.825,6,5,11,-1,mlb-cle,"{""common_opponents"": 1, ""games_played"": 1, ""head_to_head"": 1, ""home_advantage"": 1, ""last10_form"": 1, ""season_scoring"": 1, ""travel_km"": 1}"
824490,MLB,2026,regular,2026-07-28,2026-07-28,mlb-cle,mlb-cin,final,,,107,104,,,0.35,,,,,1271.3,495.1,3,7.6667,4.6667,3,4.6667,7.6667,3,7,0,0.3,6,4,0,0.6,3.9252,4.0935,107,4.1538,4.7885,104,19,88,3.6932,4.0341,19,80,4.025,4.825,6,5,11,-1,mlb-cle,"{""common_opponents"": 1, ""games_played"": 1, ""head_to_head"": 1, ""home_advantage"": 1, ""last10_form"": 1, ""season_scoring"": 1, ""travel_km"": 1}"
824569,MLB,2026,regular,2026-07-28,2026-07-28,mlb-nyy,mlb-cws,final,,,106,105,,,0.35,,,,,0.0,0.0,4,8.0,4.25,4,4.25,8.0,6,4,0,0.6,5,5,0,0.5,4.6887,3.8585,106,4.819,4.419,105,19,93,4.6237,3.7957,19,90,4.6889,4.2444,3,2,5,-1,mlb-nyy,"{""common_opponents"": 1, ""games_played"": 1, ""head_to_head"": 1, ""home_advantage"": 1, ""last10_form"": 1, ""season_scoring"": 1, ""travel_km"": 1}"
824976,MLB,2026,regular,2026-07-28,2026-07-28,mlb-bos,mlb-ath,final,,,105,106,,,0.35,,,,,0.0,0.0,1,4.0,2.0,1,2.0,4.0,8,2,0,0.8,3,7,0,0.3,4.2095,3.7524,105,4.434,5.6321,106,20,91,4.2198,3.8132,20,84,4.4048,5.5,3,4,7,1,mlb-ath,"{""common_opponents"": 1, ""games_played"": 1, ""head_to_head"": 1, ""home_advantage"": 1, ""last10_form"": 1, ""season_scoring"": 1, ""travel_km"": 1}"
822702,MLB,2026,regular,2026-07-29,2026-07-29,mlb-tor,mlb-wsh,final,,,108,108,,,0.35,,,,,0.0,0.0,2,4.5,5.0,2,5.0,4.5,3,7,0,0.3,6,4,0,0.6,3.9352,4.5185,108,5.5,5.213,108,22,93,3.914,4.6667,22,97,5.5052,5.1134,5,2,7,-3,mlb-tor,"{""common_opponents"": 1, ""games_played"": 1, ""head_to_head"": 1, ""home_advantage"": 1, ""last10_form"": 1, ""season_scoring"": 1, ""travel_km"": 1}"
822947,MLB,2026,regular,2026-07-29,2026-07-29,mlb-tex,mlb-tb,final,,,107,106,,,0.35,,,,,0.0,0.0,1,4.0,1.0,1,1.0,4.0,6,4,0,0.6,6,4,0,0.6,4.243,4.4112,107,4.4811,4.1132,106,19,87,4.069,4.3103,19,96,4.6354,4.2188,0,3,3,3,mlb-tb,"{""common_opponents"": 1, ""games_played"": 1, ""head_to_head"": 1, ""home_advantage"": 1, ""last10_form"": 1, ""season_scoring"": 1, ""travel_km"": 1}"
823022,MLB,2026,regular,2026-07-29,2026-07-29,mlb-chc,mlb-stl,final,,,107,107,,,0.35,,,,,0.0,0.0,8,4.5,5.125,8,5.125,4.5,7,3,0,0.7,2,8,0,0.2,5.215,4.3925,107,4.4019,4.5234,107,17,72,5.0,4.0972,17,81,4.5185,4.358,2,3,5,1,mlb-stl,"{""common_opponents"": 1, ""games_played"": 1, ""head_to_head"": 1, ""home_advantage"": 1, ""last10_form"": 1, ""season_scoring"": 1, ""travel_km"": 1}"
823192,MLB,2026,regular,2026-07-29,2026-07-29,mlb-mil,mlb-sf,final,,,107,108,,,0.35,,,,,0.0,0.0,6,6.8333,3.8333,6,3.8333,6.8333,7,3,0,0.7,3,7,0,0.3,5.0748,3.7196,107,4.1481,4.6574,108,18,76,5.1842,3.8158,18,93,4.1183,4.5699,3,16,19,13,mlb-sf,"{""common_opponents"": 1, ""games_played"": 1, ""head_to_head"": 1, ""home_advantage"": 1, ""last10_form"": 1, ""season_scoring"": 1, ""travel_km"": 1}"
823273,MLB,2026,regular,2026-07-29,2026-07-29,mlb-col,mlb-sd,final,,,108,107,,,0.35,,,,,0.0,0.0,8,4.375,6.25,8,6.25,4.375,3,7,0,0.3,6,4,0,0.6,4.7593,5.787,108,4.2056,4.3925,107,17,91,4.7033,5.9011,17,74,3.9865,4.6622,1,3,4,2,mlb-sd,"{""common_opponents"": 1, ""games_played"": 1, ""head_to_head"": 1, ""home_advantage"": 1, ""last10_form"": 1, ""season_scoring"": 1, ""travel_km"": 1}"
823351,MLB,2026,regular,2026-07-29,2026-07-29,mlb-ari,mlb-pit,final,,,108,108,,,0.35,,,,,0.0,0.0,5,4.2,3.0,5,3.0,4.2,6,4,0,0.6,4,6,0,0.4,4.5278,4.5556,108,5.213,4.8426,108,20,94,4.4894,4.6064,20,94,5.2872,4.9362,3,0,3,-3,mlb-ari,"{""common_opponents"": 1, ""games_played"": 1, ""head_to_head"": 1, ""home_advantage"": 1, ""last10_form"": 1, ""season_scoring"": 1, ""travel_km"": 1}"
823596,MLB,2026,regular,2026-07-29,2026-07-29,mlb-atl,mlb-nym,final,,,107,107,,,0.35,,,,,0.0,0.0,8,5.75,6.625,8,6.625,5.75,6,4,0,0.6,5,5,0,0.5,4.9065,4.0561,107,4.1682,4.6449,107,20,88,4.6364,3.8295,20,93,3.8925,4.5376,2,3,5,1,mlb-nym,"{""common_opponents"": 1, ""games_played"": 1, ""head_to_head"": 1, ""home_advantage"": 1, ""last10_form"": 1, ""season_scoring"": 1, ""travel_km"": 1}"
823598,MLB,2026,regular,2026-07-29,2026-07-29,mlb-atl,mlb-nym,postponed,,,107,107,,,0.35,,,,,0.0,0.0,8,5.75,6.625,8,6.625,5.75,6,4,0,0.6,5,5,0,0.5,4.9065,4.0561,107,4.1682,4.6449,107,20,88,4.6364,3.8295,20,93,3.8925,4.5376,1,0,1,-1,mlb-atl,"{""common_opponents"": 1, ""games_played"": 1, ""head_to_head"": 1, ""home_advantage"": 1, ""last10_form"": 1, ""season_scoring"": 1, ""travel_km"": 1}"
823598,MLB,2026,regular,2026-07-29,2026-07-29,mlb-atl,mlb-nym,final,,,107,107,,,0.35,,,,,0.0,0.0,8,5.75,6.625,8,6.625,5.75,6,4,0,0.6,5,5,0,0.5,4.9065,4.0561,107,4.1682,4.6449,107,20,88,4.6364,3.8295,20,93,3.8925,4.5376,1,0,1,-1,mlb-atl,"{""common_opponents"": 1, ""games_played"": 1, ""head_to_head"": 1, ""home_advantage"": 1, ""last10_form"": 1, ""season_scoring"": 1, ""travel_km"": 1}"
823677,MLB,2026,regular,2026-07-29,2026-07-29,mlb-kc,mlb-min,final,,,108,108,,,0.35,,,,,0.0,0.0,8,4.875,4.5,8,4.5,4.875,6,4,0,0.6,5,5,0,0.5,4.1852,5.0833,108,4.7593,5.0,108,17,88,4.0795,5.1818,17,75,4.6667,4.7333,4,0,4,-4,mlb-kc,"{""common_opponents"": 1, ""games_played"": 1, ""head_to_head"": 1, ""home_advantage"": 1, ""last10_form"": 1, ""season_scoring"": 1, ""travel_km"": 1}"
823837,MLB,2026,regular,2026-07-29,2026-07-29,mlb-phi,mlb-mia,final,,,108,108,,,0.35,,,,,0.0,0.0,9,4.4444,3.7778,9,3.7778,4.4444,3,7,0,0.3,2,8,0,0.2,4.3241,4.4444,108,4.3796,4.3426,108,18,86,4.407,4.2442,18,75,4.5733,4.3467,6,8,14,2,mlb-mia,"{""common_opponents"": 1, ""games_played"": 1, ""head_to_head"": 1, ""home_advantage"": 1, ""last10_form"": 1, ""season_scoring"": 1, ""travel_km"": 1}"
823924,MLB,2026,regular,2026-07-29,2026-07-29,mlb-sea,mlb-lad,final,,,108,107,,,0.35,,,,,0.0,0.0,1,7.0,6.0,1,6.0,7.0,5,5,0,0.5,6,4,0,0.6,4.037,3.9537,108,5.1589,3.7196,107,20,92,4.1522,3.9239,20,84,4.8333,3.6667,2,4,6,2,mlb-lad,"{""common_opponents"": 1, ""games_played"": 1, ""head_to_head"": 1, ""home_advantage"": 1, ""last10_form"": 1, ""season_scoring"": 1, ""travel_km"": 1}"
824002,MLB,2026,regular,2026-07-29,2026-07-29,mlb-hou,mlb-laa,final,,,109,108,,,0.35,,,,,0.0,0.0,9,4.3333,5.3333,9,5.3333,4.3333,7,3,0,0.7,4,6,0,0.4,4.5688,4.9725,109,4.2593,4.8889,108,18,88,4.4432,4.8636,18,84,4.2976,5.0357,7,4,11,-3,mlb-hou,"{""common_opponents"": 1, ""games_played"": 1, ""head_to_head"": 1, ""home_advantage"": 1, ""last10_form"": 1, ""season_scoring"": 1, ""travel_km"": 1}"
824242,MLB,2026,regular,2026-07-29,2026-07-29,mlb-bal,mlb-det,final,,,108,108,,,0.35,,,,,0.0,0.0,5,4.2,6.0,5,6.0,4.2,5,5,0,0.5,5,5,0,0.5,4.5463,4.7778,108,4.2963,3.9352,108,19,88,4.6023,4.7841,19,91,4.1978,3.7582,10,9,19,-1,mlb-bal,"{""common_opponents"": 1, ""games_played"": 1, ""head_to_head"": 1, ""home_advantage"": 1, ""last10_form"": 1, ""season_scoring"": 1, ""travel_km"": 1}"
824487,MLB,2026,regular,2026-07-29,2026-07-29,mlb-cle,mlb-cin,final,,,109,106,,,0.35,,,,,0.0,0.0,5,5.8,4.2,5,4.2,5.8,3,7,0,0.3,6,4,0,0.6,3.9083,4.0826,109,4.1415,4.7547,106,19,88,3.6932,4.0341,19,80,4.025,4.825,6,1,7,-5,mlb-cle,"{""common_opponents"": 1, ""games_played"": 1, ""head_to_head"": 1, ""home_advantage"": 1, ""last10_form"": 1, ""season_scoring"": 1, ""travel_km"": 1}"
824567,MLB,2026,regular,2026-07-29,2026-07-29,mlb-nyy,mlb-cws,final,,,107,106,,,0.35,,,,,0.0,0.0,5,7.0,3.8,5,3.8,7.0,7,3,0,0.7,4,6,0,0.4,4.6729,3.8411,107,4.7925,4.4057,106,19,93,4.6237,3.7957,19,90,4.6889,4.2444,5,6,11,1,mlb-cws,"{""common_opponents"": 1, ""games_played"": 1, ""head_to_head"": 1, ""home_advantage"": 1, ""last10_form"": 1, ""season_scoring"": 1, ""travel_km"": 1}"
824973,MLB,2026,regular,2026-07-29,2026-07-29,mlb-bos,mlb-ath,final,,,106,107,,,0.35,,,,,0.0,0.0,2,3.5,3.0,2,3.0,3.5,7,3,0,0.7,4,6,0,0.4,4.1981,3.7547,106,4.4299,5.6075,107,20,91,4.2198,3.8132,20,84,4.4048,5.5,4,2,6,-2,mlb-bos,"{""common_opponents"": 1, ""games_played"": 1, ""head_to_head"": 1, ""home_advantage"": 1, ""last10_form"": 1, ""season_scoring"": 1, ""travel_km"": 1}"
822946,MLB,2026,regular,2026-07-30,2026-07-30,mlb-tex,mlb-tb,final,,,108,107,,,0.35,,,,,0.0,0.0,2,2.0,2.0,2,2.0,2.0,5,5,0,0.5,7,3,0,0.7,4.2037,4.3981,108,4.4673,4.0748,107,19,87,4.069,4.3103,19,96,4.6354,4.2188,2,3,5,1,mlb-tb,"{""common_opponents"": 1, ""games_played"": 1, ""head_to_head"": 1, ""home_advantage"": 1, ""last10_form"": 1, ""season_scoring"": 1, ""travel_km"": 1}"
823023,MLB,2026,regular,2026-07-30,2026-07-30,mlb-chc,mlb-stl,final,,,108,108,,,0.35,,,,,0.0,0.0,9,4.2222,4.8889,9,4.8889,4.2222,6,4,0,0.6,3,7,0,0.3,5.1852,4.3796,108,4.3889,4.5,108,17,72,5.0,4.0972,17,81,4.5185,4.358,4,2,6,-2,mlb-chc,"{""common_opponents"": 1, ""games_played"": 1, ""head_to_head"": 1, ""home_advantage"": 1, ""last10_form"": 1, ""season_scoring"": 1, ""travel_km"": 1}"
823271,MLB,2026,regular,2026-07-30,2026-07-30,mlb-sf,mlb-sd,final,,,109,108,,,0.35,,,,,737.1,0.0,6,3.6667,4.8333,6,4.8333,3.6667,4,6,0,0.4,7,3,0,0.7,4.2569,4.6422,109,4.1944,4.3611,108,19,97,4.5258,4.6804,19,86,4.3256,4.5,4,1,5,-3,mlb-sf,"{""common_opponents"": 1, ""games_played"": 1, ""head_to_head"": 1, ""home_advantage"": 1, ""last10_form"": 1, ""season_scoring"": 1, ""travel_km"": 1}"
823595,MLB,2026,regular,2026-07-30,2026-07-30,mlb-mia,mlb-nym,final,,,109,109,,,0.35,,,,,1766.5,0.0,6,3.1667,4.5,6,4.5,3.1667,3,7,0,0.3,5,5,0,0.5,4.4128,4.3578,109,4.1193,4.5872,109,18,82,4.5488,4.2683,18,87,4.1034,4.4598,2,4,6,2,mlb-nym,"{""common_opponents"": 1, ""games_played"": 1, ""head_to_head"": 1, ""home_advantage"": 1, ""last10_form"": 1, ""season_scoring"": 1, ""travel_km"": 1}"
823674,MLB,2026,regular,2026-07-30,2026-07-30,mlb-kc,mlb-min,final,,,109,109,,,0.35,,,,,0.0,0.0,9,4.7778,4.0,9,4.0,4.7778,6,4,0,0.6,5,5,0,0.5,4.1835,5.0367,109,4.7156,4.9908,109,17,88,4.0795,5.1818,17,75,4.6667,4.7333,3,4,7,1,mlb-min,"{""common_opponents"": 1, ""games_played"": 1, ""head_to_head"": 1, ""home_advantage"": 1, ""last10_form"": 1, ""season_scoring"": 1, ""travel_km"": 1}"
823921,MLB,2026,regular,2026-07-30,2026-07-30,mlb-sea,mlb-lad,final,,,109,108,,,0.35,,,,,0.0,0.0,2,4.5,5.0,2,5.0,4.5,4,6,0,0.4,6,4,0,0.6,4.0183,3.9541,109,5.1481,3.7037,108,20,92,4.1522,3.9239,20,84,4.8333,3.6667,2,6,8,4,mlb-lad,"{""common_opponents"": 1, ""games_played"": 1, ""head_to_head"": 1, ""home_advantage"": 1, ""last10_form"": 1, ""season_scoring"": 1, ""travel_km"": 1}"
824488,MLB,2026,regular,2026-07-30,2026-07-30,mlb-pit,mlb-cin,final,,,109,107,,,0.35,,,,,412.8,0.0,9,7.0,3.8889,9,3.8889,7.0,4,6,0,0.4,6,4,0,0.6,5.1651,4.8257,109,4.1121,4.7664,107,20,91,4.989,4.7363,20,86,4.093,4.4186,2,3,5,1,mlb-cin,"{""common_opponents"": 1, ""games_played"": 1, ""head_to_head"": 1, ""home_advantage"": 1, ""last10_form"": 1, ""season_scoring"": 1, ""travel_km"": 1}"
824568,MLB,2026,regular,2026-07-30,2026-07-30,mlb-nyy,mlb-cws,final,,,108,107,,,0.35,,,,,0.0,0.0,6,6.6667,4.1667,6,4.1667,6.6667,7,3,0,0.7,5,5,0,0.5,4.6759,3.8611,108,4.8037,4.4112,107,19,93,4.6237,3.7957,19,90,4.6889,4.2444,1,2,3,1,mlb-cws,"{""common_opponents"": 1, ""games_played"": 1, ""head_to_head"": 1, ""home_advantage"": 1, ""last10_form"": 1, ""season_scoring"": 1, ""travel_km"": 1}"
824894,MLB,2026,regular,2026-07-30,2026-07-30,mlb-wsh,mlb-atl,final,,,109,109,,,0.35,,,,,867.2,1208.8,7,4.4286,4.8571,7,4.8571,4.4286,6,4,0,0.6,6,4,0,0.6,5.4679,5.211,109,4.844,4.0092,109,21,90,5.5556,5.2333,21,93,4.6989,4.0108,4,5,9,1,mlb-atl,"{""common_opponents"": 1, ""games_played"": 1, ""head_to_head"": 1, ""home_advantage"": 1, ""last10_form"": 1, ""season_scoring"": 1, ""travel_km"": 1}"
824974,MLB,2026,regular,2026-07-30,2026-07-30,mlb-bos,mlb-ath,final,,,107,108,,,0.35,,,,,0.0,0.0,3,3.6667,2.6667,3,2.6667,3.6667,7,3,0,0.7,3,7,0,0.3,4.1963,3.7383,107,4.4074,5.5926,108,20,91,4.2198,3.8132,20,84,4.4048,5.5,5,4,9,-1,mlb-bos,"{""common_opponents"": 1, ""games_played"": 1, ""head_to_head"": 1, ""home_advantage"": 1, ""last10_form"": 1, ""season_scoring"": 1, ""travel_km"": 1}"
822782,MLB,2026,regular,2026-07-31,2026-07-31,mlb-stl,mlb-tor,final,,,109,109,,,0.35,,,,,1061.8,566.3,,,,,,,3,7,0,0.3,4,6,0,0.4,4.367,4.4954,109,3.945,4.4954,109,20,95,4.1789,4.4632,20,80,3.9875,4.325,1,3,4,2,mlb-tor,"{""common_opponents"": 1, ""games_played"": 1, ""head_to_head"": 1, ""home_advantage"": 1, ""last10_form"": 1, ""season_scoring"": 1, ""travel_km"": 1}"
822945,MLB,2026,regular,2026-07-31,2026-07-31,mlb-cws,mlb-tb,final,,,108,108,,,0.35,,,,,1627.6,0.0,3,3.6667,7.0,3,7.0,3.6667,5,5,0,0.5,8,2,0,0.8,4.7778,4.3796,108,4.4537,4.0556,108,19,91,4.6044,4.4505,19,96,4.2917,3.8333,6,1,7,-5,mlb-cws,"{""common_opponents"": 1, ""games_played"": 1, ""head_to_head"": 1, ""home_advantage"": 1, ""last10_form"": 1, ""season_scoring"": 1, ""travel_km"": 1}"
823111,MLB,2026,regular,2026-07-31,2026-07-31,mlb-min,mlb-sea,final,,,110,110,,,0.35,,,,,2238.1,1541.4,3,5.0,5.3333,3,5.3333,5.0,6,4,0,0.6,3,7,0,0.3,4.7091,4.9727,110,4.0,3.9727,110,21,98,4.7959,4.9592,21,95,4.0842,3.8737,5,3,8,-2,mlb-min,"{""common_opponents"": 1, ""games_played"": 1, ""head_to_head"": 1, ""home_advantage"": 1, ""last10_form"": 1, ""season_scoring"": 1, ""travel_km"": 1}"
823272,MLB,2026,regular,2026-07-31,2026-07-31,mlb-sf,mlb-sd,final,,,110,109,,,0.35,,,,,0.0,0.0,7,3.7143,4.2857,7,4.2857,3.7143,5,5,0,0.5,6,4,0,0.6,4.2545,4.6091,110,4.1651,4.3578,109,19,97,4.5258,4.6804,19,86,4.3256,4.5,0,7,7,7,mlb-sd,"{""common_opponents"": 1, ""games_played"": 1, ""head_to_head"": 1, ""home_advantage"": 1, ""last10_form"": 1, ""season_scoring"": 1, ""travel_km"": 1}"
823593,MLB,2026,regular,2026-07-31,2026-07-31,mlb-mia,mlb-nym,final,,,110,110,,,0.35,,,,,0.0,0.0,7,3.0,4.4286,7,4.4286,3.0,3,7,0,0.3,5,5,0,0.5,4.3909,4.3545,110,4.1182,4.5636,110,18,82,4.5488,4.2683,18,87,4.1034,4.4598,5,2,7,-3,mlb-mia,"{""common_opponents"": 1, ""games_played"": 1, ""head_to_head"": 1, ""home_advantage"": 1, ""last10_form"": 1, ""season_scoring"": 1, ""travel_km"": 1}"
823922,MLB,2026,regular,2026-07-31,2026-07-31,mlb-bos,mlb-lad,final,,,108,109,,,0.35,,,,,580.5,0.0,,,,,,,7,3,0,0.7,6,4,0,0.6,4.2037,3.7407,108,5.156,3.6881,109,20,95,4.2,3.8632,20,83,5.3735,3.6024,9,4,13,-5,mlb-bos,"{""common_opponents"": 1, ""games_played"": 1, ""head_to_head"": 1, ""home_advantage"": 1, ""last10_form"": 1, ""season_scoring"": 1, ""travel_km"": 1}"
823999,MLB,2026,regular,2026-07-31,2026-07-31,mlb-mil,mlb-laa,final,,,108,109,,,0.35,,,,,600.6,0.0,,,,,,,6,4,0,0.6,4,6,0,0.4,5.0556,3.8333,108,4.2569,4.9083,109,21,87,5.2529,3.7471,21,94,4.234,5.0213,6,2,8,-4,mlb-mil,"{""common_opponents"": 1, ""games_played"": 1, ""head_to_head"": 1, ""home_advantage"": 1, ""last10_form"": 1, ""season_scoring"": 1, ""travel_km"": 1}"
824164,MLB,2026,regular,2026-07-31,2026-07-31,mlb-tex,mlb-hou,final,,,109,110,,,0.35,,,,,1257.0,2171.6,10,3.9,4.8,10,4.8,3.9,5,5,0,0.5,8,2,0,0.8,4.1835,4.3853,109,4.5909,4.9636,110,20,87,4.1149,4.1724,20,94,4.5213,5.0532,2,11,13,9,mlb-hou,"{""common_opponents"": 1, ""games_played"": 1, ""head_to_head"": 1, ""home_advantage"": 1, ""last10_form"": 1, ""season_scoring"": 1, ""travel_km"": 1}"
824325,MLB,2026,regular,2026-07-31,2026-07-31,mlb-kc,mlb-col,final,,,110,109,,,0.35,,,,,1122.7,1341.2,,,,,,,6,4,0,0.6,3,7,0,0.3,4.1727,5.0273,110,4.7248,5.7615,109,14,52,4.7885,4.8462,14,70,4.9571,5.9571,1,3,4,2,mlb-col,"{""common_opponents"": 1, ""games_played"": 1, ""head_to_head"": 1, ""home_advantage"": 1, ""last10_form"": 1, ""season_scoring"": 1, ""travel_km"": 1}"
824407,MLB,2026,regular,2026-07-31,2026-07-31,mlb-ari,mlb-cle,final,,,109,110,,,0.35,,,,,183.0,358.3,,,,,,,6,4,0,0.6,4,6,0,0.4,4.5138,4.5138,109,3.9273,4.0545,110,20,81,4.2222,4.9753,20,88,3.9205,3.9205,4,1,5,-3,mlb-ari,"{""common_opponents"": 1, ""games_played"": 1, ""head_to_head"": 1, ""home_advantage"": 1, ""last10_form"": 1, ""season_scoring"": 1, ""travel_km"": 1}"
824486,MLB,2026,regular,2026-07-31,2026-07-31,mlb-pit,mlb-cin,final,,,110,108,,,0.35,,,,,0.0,0.0,10,6.5,3.8,10,3.8,6.5,3,7,0,0.3,6,4,0,0.6,5.1364,4.8091,110,4.1019,4.7407,108,20,91,4.989,4.7363,20,86,4.093,4.4186,7,8,15,1,mlb-cin,"{""common_opponents"": 1, ""games_played"": 1, ""head_to_head"": 1, ""home_advantage"": 1, ""last10_form"": 1, ""season_scoring"": 1, ""travel_km"": 1}"
824651,MLB,2026,regular,2026-07-31,2026-07-31,mlb-nyy,mlb-chc,final,,,109,109,,,0.35,,,,,13.3,427.8,,,,,,,6,4,0,0.6,6,4,0,0.6,4.6422,3.844,109,5.1743,4.3578,109,19,88,4.4545,4.0682,19,81,5.1481,4.3827,2,0,2,-2,mlb-nyy,"{""common_opponents"": 1, ""games_played"": 1, ""head_to_head"": 1, ""home_advantage"": 1, ""last10_form"": 1, ""season_scoring"": 1, ""travel_km"": 1}"
824809,MLB,2026,regular,2026-07-31,2026-07-31,mlb-phi,mlb-bal,final,,,109,109,,,0.35,,,,,1538.8,638.4,,,,,,,2,8,0,0.2,5,5,0,0.5,4.3394,4.4771,109,4.5963,4.8165,109,19,91,4.2527,4.6044,19,84,4.5357,4.9405,4,6,10,2,mlb-bal,"{""common_opponents"": 1, ""games_played"": 1, ""head_to_head"": 1, ""home_advantage"": 1, ""last10_form"": 1, ""season_scoring"": 1, ""travel_km"": 1}"
824892,MLB,2026,regular,2026-07-31,2026-07-31,mlb-wsh,mlb-atl,final,,,110,110,,,0.35,,,,,0.0,0.0,8,4.375,4.875,8,4.875,4.375,5,5,0,0.5,6,4,0,0.6,5.4545,5.2091,110,4.8455,4.0091,110,21,90,5.5556,5.2333,21,93,4.6989,4.0108,2,6,8,4,mlb-atl,"{""common_opponents"": 1, ""games_played"": 1, ""head_to_head"": 1, ""home_advantage"": 1, ""last10_form"": 1, ""season_scoring"": 1, ""travel_km"": 1}"
824975,MLB,2026,regular,2026-07-31,2026-07-31,mlb-det,mlb-ath,final,,,109,109,,,0.35,,,,,3253.0,0.0,3,5.3333,1.3333,3,1.3333,5.3333,5,5,0,0.5,3,7,0,0.3,4.3394,3.9908,109,4.4037,5.5872,109,21,100,4.14,3.99,21,88,4.2955,5.2727,13,1,14,-12,mlb-det,"{""common_opponents"": 1, ""games_played"": 1, ""head_to_head"": 1, ""home_advantage"": 1, ""last10_form"": 1, ""season_scoring"": 1, ""travel_km"": 1}"
822781,MLB,2026,regular,2026-08-01,2026-08-01,mlb-stl,mlb-tor,final,,,110,110,,,0.35,,,,,0.0,0.0,1,1.0,3.0,1,3.0,1.0,3,7,0,0.3,5,5,0,0.5,4.3364,4.4818,110,3.9364,4.4636,110,20,95,4.1789,4.4632,20,80,3.9875,4.325,1,5,6,4,mlb-tor,"{""common_opponents"": 1, ""games_played"": 1, ""head_to_head"": 1, ""home_advantage"": 1, ""last10_form"": 1, ""season_scoring"": 1, ""travel_km"": 1}"
822944,MLB,2026,regular,2026-08-01,2026-08-01,mlb-cws,mlb-tb,final,,,109,109,,,0.35,,,,,0.0,0.0,4,4.25,5.5,4,5.5,4.25,5,5,0,0.5,7,3,0,0.7,4.789,4.3486,109,4.422,4.0734,109,19,91,4.6044,4.4505,19,96,4.2917,3.8333,0,1,1,1,mlb-tb,"{""common_opponents"": 1, ""games_played"": 1, ""head_to_head"": 1, ""home_advantage"": 1, ""last10_form"": 1, ""season_scoring"": 1, ""travel_km"": 1}"
823109,MLB,2026,regular,2026-08-01,2026-08-01,mlb-min,mlb-sea,final,,,111,111,,,0.35,,,,,0.0,0.0,4,5.0,4.75,4,4.75,5.0,7,3,0,0.7,2,8,0,0.2,4.7117,4.955,111,3.991,3.982,111,21,98,4.7959,4.9592,21,95,4.0842,3.8737,3,4,7,1,mlb-sea,"{""common_opponents"": 1, ""games_played"": 1, ""head_to_head"": 1, ""home_advantage"": 1, ""last10_form"": 1, ""season_scoring"": 1, ""travel_km"": 1}"
823269,MLB,2026,regular,2026-08-01,2026-08-01,mlb-sf,mlb-sd,final,,,111,110,,,0.35,,,,,0.0,0.0,8,3.25,4.625,8,4.625,3.25,5,5,0,0.5,7,3,0,0.7,4.2162,4.6306,111,4.1909,4.3182,110,19,97,4.5258,4.6804,19,86,4.3256,4.5,5,6,11,1,mlb-sd,"{""common_opponents"": 1, ""games_played"": 1, ""head_to_head"": 1, ""home_advantage"": 1, ""last10_form"": 1, ""season_scoring"": 1, ""travel_km"": 1}"
823594,MLB,2026,regular,2026-08-01,2026-08-01,mlb-mia,mlb-nym,final,,,111,111,,,0.35,,,,,0.0,0.0,8,3.25,4.125,8,4.125,3.25,4,6,0,0.4,5,5,0,0.5,4.3964,4.3333,111,4.0991,4.5676,111,18,82,4.5488,4.2683,18,87,4.1034,4.4598,6,2,8,-4,mlb-mia,"{""common_opponents"": 1, ""games_played"": 1, ""head_to_head"": 1, ""home_advantage"": 1, ""last10_form"": 1, ""season_scoring"": 1, ""travel_km"": 1}"
823920,MLB,2026,regular,2026-08-01,2026-08-01,mlb-bos,mlb-lad,final,,,109,110,,,0.35,,,,,0.0,0.0,1,9.0,4.0,1,4.0,9.0,7,3,0,0.7,6,4,0,0.6,4.2477,3.7431,109,5.1455,3.7364,110,20,95,4.2,3.8632,20,83,5.3735,3.6024,3,2,5,-1,mlb-bos,"{""common_opponents"": 1, ""games_played"": 1, ""head_to_head"": 1, ""home_advantage"": 1, ""last10_form"": 1, ""season_scoring"": 1, ""travel_km"": 1}"
824000,MLB,2026,regular,2026-08-01,2026-08-01,mlb-mil,mlb-laa,final,,,109,110,,,0.35,,,,,0.0,0.0,1,6.0,2.0,1,2.0,6.0,6,4,0,0.6,3,7,0,0.3,5.0642,3.8165,109,4.2364,4.9182,110,21,87,5.2529,3.7471,21,94,4.234,5.0213,3,1,4,-2,mlb-mil,"{""common_opponents"": 1, ""games_played"": 1, ""head_to_head"": 1, ""home_advantage"": 1, ""last10_form"": 1, ""season_scoring"": 1, ""travel_km"": 1}"
824162,MLB,2026,regular,2026-08-01,2026-08-01,mlb-tex,mlb-hou,final,,,110,111,,,0.35,,,,,0.0,0.0,11,3.7273,5.3636,11,5.3636,3.7273,5,5,0,0.5,9,1,0,0.9,4.1636,4.4455,110,4.6486,4.9369,111,20,87,4.1149,4.1724,20,94,4.5213,5.0532,4,5,9,1,mlb-hou,"{""common_opponents"": 1, ""games_played"": 1, ""head_to_head"": 1, ""home_advantage"": 1, ""last10_form"": 1, ""season_scoring"": 1, ""travel_km"": 1}"
824326,MLB,2026,regular,2026-08-01,2026-08-01,mlb-kc,mlb-col,final,,,111,110,,,0.35,,,,,0.0,0.0,1,1.0,3.0,1,3.0,1.0,5,5,0,0.5,3,7,0,0.3,4.1441,5.009,111,4.7091,5.7182,110,14,52,4.7885,4.8462,14,70,4.9571,5.9571,6,12,18,6,mlb-col,"{""common_opponents"": 1, ""games_played"": 1, ""head_to_head"": 1, ""home_advantage"": 1, ""last10_form"": 1, ""season_scoring"": 1, ""travel_km"": 1}"
824405,MLB,2026,regular,2026-08-01,2026-08-01,mlb-ari,mlb-cle,final,,,110,111,,,0.35,,,,,0.0,0.0,1,4.0,1.0,1,1.0,4.0,7,3,0,0.7,3,7,0,0.3,4.5091,4.4818,110,3.9009,4.0541,111,20,81,4.2222,4.9753,20,88,3.9205,3.9205,12,8,20,-4,mlb-ari,"{""common_opponents"": 1, ""games_played"": 1, ""head_to_head"": 1, ""home_advantage"": 1, ""last10_form"": 1, ""season_scoring"": 1, ""travel_km"": 1}"
824485,MLB,2026,regular,2026-08-01,2026-08-01,mlb-pit,mlb-cin,final,,,111,109,,,0.35,,,,,0.0,0.0,11,6.5455,4.1818,11,4.1818,6.5455,3,7,0,0.3,7,3,0,0.7,5.1532,4.8378,111,4.1376,4.7615,109,20,91,4.989,4.7363,20,86,4.093,4.4186,4,1,5,-3,mlb-pit,"{""common_opponents"": 1, ""games_played"": 1, ""head_to_head"": 1, ""home_advantage"": 1, ""last10_form"": 1, ""season_scoring"": 1, ""travel_km"": 1}"
824649,MLB,2026,regular,2026-08-01,2026-08-01,mlb-nyy,mlb-chc,final,,,110,110,,,0.35,,,,,0.0,0.0,1,2.0,0.0,1,0.0,2.0,6,4,0,0.6,6,4,0,0.6,4.6182,3.8091,110,5.1273,4.3364,110,19,88,4.4545,4.0682,19,81,5.1481,4.3827,2,5,7,3,mlb-chc,"{""common_opponents"": 1, ""games_played"": 1, ""head_to_head"": 1, ""home_advantage"": 1, ""last10_form"": 1, ""season_scoring"": 1, ""travel_km"": 1}"
824808,MLB,2026,regular,2026-08-01,2026-08-01,mlb-phi,mlb-bal,final,,,110,110,,,0.35,,,,,0.0,0.0,1,4.0,6.0,1,6.0,4.0,2,8,0,0.2,5,5,0,0.5,4.3364,4.4909,110,4.6091,4.8091,110,19,91,4.2527,4.6044,19,84,4.5357,4.9405,5,0,5,-5,mlb-phi,"{""common_opponents"": 1, ""games_played"": 1, ""head_to_head"": 1, ""home_advantage"": 1, ""last10_form"": 1, ""season_scoring"": 1, ""travel_km"": 1}"
824890,MLB,2026,regular,2026-08-01,2026-08-01,mlb-wsh,mlb-atl,final,,,111,111,,,0.35,,,,,0.0,0.0,9,4.1111,5.0,9,5.0,4.1111,4,6,0,0.4,7,3,0,0.7,5.4234,5.2162,111,4.8559,3.991,111,21,90,5.5556,5.2333,21,93,4.6989,4.0108,3,8,11,5,mlb-atl,"{""common_opponents"": 1, ""games_played"": 1, ""head_to_head"": 1, ""home_advantage"": 1, ""last10_form"": 1, ""season_scoring"": 1, ""travel_km"": 1}"
824972,MLB,2026,regular,2026-08-01,2026-08-01,mlb-det,mlb-ath,final,,,110,110,,,0.35,,,,,0.0,0.0,4,7.25,1.25,4,1.25,7.25,5,5,0,0.5,2,8,0,0.2,4.4182,3.9636,110,4.3727,5.6545,110,21,100,4.14,3.99,21,88,4.2955,5.2727,8,6,14,-2,mlb-det,"{""common_opponents"": 1, ""games_played"": 1, ""head_to_head"": 1, ""home_advantage"": 1, ""last10_form"": 1, ""season_scoring"": 1, ""travel_km"": 1}"
822783,MLB,2026,regular,2026-08-02,2026-08-02,mlb-stl,mlb-tor,final,,,111,111,,,0.35,,,,,0.0,0.0,2,1.0,4.0,2,4.0,1.0,2,8,0,0.2,6,4,0,0.6,4.3063,4.4865,111,3.9459,4.4324,111,20,95,4.1789,4.4632,20,80,3.9875,4.325,5,1,6,-4,mlb-stl,"{""common_opponents"": 1, ""games_played"": 1, ""head_to_head"": 1, ""home_advantage"": 1, ""last10_form"": 1, ""season_scoring"": 1, ""travel_km"": 1}"
822943,MLB,2026,regular,2026-08-02,2026-08-02,mlb-cws,mlb-tb,final,,,110,110,,,0.35,,,,,0.0,0.0,5,3.4,4.6,5,4.6,3.4,5,5,0,0.5,7,3,0,0.7,4.7455,4.3182,110,4.3909,4.0364,110,19,91,4.6044,4.4505,19,96,4.2917,3.8333,9,1,10,-8,mlb-cws,"{""common_opponents"": 1, ""games_played"": 1, ""head_to_head"": 1, ""home_advantage"": 1, ""last10_form"": 1, ""season_scoring"": 1, ""travel_km"": 1}"
823107,MLB,2026,regular,2026-08-02,2026-08-02,mlb-min,mlb-sea,final,,,112,112,,,0.35,,,,,0.0,0.0,5,4.6,4.6,5,4.6,4.6,7,3,0,0.7,3,7,0,0.3,4.6964,4.9464,112,3.9911,3.9732,112,21,98,4.7959,4.9592,21,95,4.0842,3.8737,6,7,13,1,mlb-sea,"{""common_opponents"": 1, ""games_played"": 1, ""head_to_head"": 1, ""home_advantage"": 1, ""last10_form"": 1, ""season_scoring"": 1, ""travel_km"": 1}"
823270,MLB,2026,regular,2026-08-02,2026-08-02,mlb-sf,mlb-sd,final,,,112,111,,,0.35,,,,,0.0,0.0,9,3.4444,4.7778,9,4.7778,3.4444,5,5,0,0.5,7,3,0,0.7,4.2232,4.6429,112,4.2072,4.3243,111,19,97,4.5258,4.6804,19,86,4.3256,4.5,4,5,9,1,mlb-sd,"{""common_opponents"": 1, ""games_played"": 1, ""head_to_head"": 1, ""home_advantage"": 1, ""last10_form"": 1, ""season_scoring"": 1, ""travel_km"": 1}"
823592,MLB,2026,regular,2026-08-02,2026-08-02,mlb-mia,mlb-nym,final,,,112,112,,,0.35,,,,,0.0,0.0,9,3.5556,3.8889,9,3.8889,3.5556,5,5,0,0.5,4,6,0,0.4,4.4107,4.3125,112,4.0804,4.5804,112,18,82,4.5488,4.2683,18,87,4.1034,4.4598,2,0,2,-2,mlb-mia,"{""common_opponents"": 1, ""games_played"": 1, ""head_to_head"": 1, ""home_advantage"": 1, ""last10_form"": 1, ""season_scoring"": 1, ""travel_km"": 1}"
823919,MLB,2026,regular,2026-08-02,2026-08-02,mlb-bos,mlb-lad,final,,,110,111,,,0.35,,,,,0.0,0.0,2,6.0,3.0,2,3.0,6.0,7,3,0,0.7,6,4,0,0.6,4.2364,3.7273,110,5.1171,3.7297,111,20,95,4.2,3.8632,20,83,5.3735,3.6024,8,4,12,-4,mlb-bos,"{""common_opponents"": 1, ""games_played"": 1, ""head_to_head"": 1, ""home_advantage"": 1, ""last10_form"": 1, ""season_scoring"": 1, ""travel_km"": 1}"
823996,MLB,2026,regular,2026-08-02,2026-08-02,mlb-mil,mlb-laa,final,,,110,111,,,0.35,,,,,0.0,0.0,2,4.5,1.5,2,1.5,4.5,6,4,0,0.6,2,8,0,0.2,5.0455,3.7909,110,4.2072,4.9009,111,21,87,5.2529,3.7471,21,94,4.234,5.0213,0,3,3,3,mlb-laa,"{""common_opponents"": 1, ""games_played"": 1, ""head_to_head"": 1, ""home_advantage"": 1, ""last10_form"": 1, ""season_scoring"": 1, ""travel_km"": 1}"
824163,MLB,2026,regular,2026-08-02,2026-08-02,mlb-tex,mlb-hou,final,,,111,112,,,0.35,,,,,0.0,0.0,12,3.75,5.3333,12,5.3333,3.75,4,6,0,0.4,9,1,0,0.9,4.1622,4.4505,111,4.6518,4.9286,112,20,87,4.1149,4.1724,20,94,4.5213,5.0532,3,7,10,4,mlb-hou,"{""common_opponents"": 1, ""games_played"": 1, ""head_to_head"": 1, ""home_advantage"": 1, ""last10_form"": 1, ""season_scoring"": 1, ""travel_km"": 1}"
824323,MLB,2026,regular,2026-08-02,2026-08-02,mlb-kc,mlb-col,final,,,112,111,,,0.35,,,,,0.0,0.0,2,3.5,7.5,2,7.5,3.5,4,6,0,0.4,4,6,0,0.4,4.1607,5.0714,112,4.7748,5.7207,111,14,52,4.7885,4.8462,14,70,4.9571,5.9571,1,8,9,7,mlb-col,"{""common_opponents"": 1, ""games_played"": 1, ""head_to_head"": 1, ""home_advantage"": 1, ""last10_form"": 1, ""season_scoring"": 1, ""travel_km"": 1}"
824404,MLB,2026,regular,2026-08-02,2026-08-02,mlb-ari,mlb-cle,final,,,111,112,,,0.35,,,,,0.0,0.0,2,8.0,4.5,2,4.5,8.0,7,3,0,0.7,2,8,0,0.2,4.5766,4.5135,111,3.9375,4.125,112,20,81,4.2222,4.9753,20,88,3.9205,3.9205,0,5,5,5,mlb-cle,"{""common_opponents"": 1, ""games_played"": 1, ""head_to_head"": 1, ""home_advantage"": 1, ""last10_form"": 1, ""season_scoring"": 1, ""travel_km"": 1}"
824483,MLB,2026,regular,2026-08-02,2026-08-02,mlb-pit,mlb-cin,final,,,112,110,,,0.35,,,,,0.0,0.0,12,6.3333,3.9167,12,3.9167,6.3333,3,7,0,0.3,6,4,0,0.6,5.1429,4.8036,112,4.1091,4.7545,110,20,91,4.989,4.7363,20,86,4.093,4.4186,2,10,12,8,mlb-cin,"{""common_opponents"": 1, ""games_played"": 1, ""head_to_head"": 1, ""home_advantage"": 1, ""last10_form"": 1, ""season_scoring"": 1, ""travel_km"": 1}"
824648,MLB,2026,regular,2026-08-02,2026-08-02,mlb-nyy,mlb-chc,final,,,111,111,,,0.35,,,,,0.0,0.0,2,2.0,2.5,2,2.5,2.0,6,4,0,0.6,6,4,0,0.6,4.5946,3.8198,111,5.1261,4.3153,111,19,88,4.4545,4.0682,19,81,5.1481,4.3827,2,1,3,-1,mlb-nyy,"{""common_opponents"": 1, ""games_played"": 1, ""head_to_head"": 1, ""home_advantage"": 1, ""last10_form"": 1, ""season_scoring"": 1, ""travel_km"": 1}"
824807,MLB,2026,regular,2026-08-02,2026-08-02,mlb-phi,mlb-bal,final,,,111,111,,,0.35,,,,,0.0,0.0,2,4.5,3.0,2,3.0,4.5,2,8,0,0.2,5,5,0,0.5,4.3423,4.4505,111,4.5676,4.8108,111,19,91,4.2527,4.6044,19,84,4.5357,4.9405,8,0,8,-8,mlb-phi,"{""common_opponents"": 1, ""games_played"": 1, ""head_to_head"": 1, ""home_advantage"": 1, ""last10_form"": 1, ""season_scoring"": 1, ""travel_km"": 1}"
824891,MLB,2026,regular,2026-08-02,2026-08-02,mlb-wsh,mlb-atl,final,,,112,112,,,0.35,,,,,0.0,0.0,10,4.0,5.3,10,5.3,4.0,4,6,0,0.4,7,3,0,0.7,5.4018,5.2411,112,4.8839,3.9821,112,21,90,5.5556,5.2333,21,93,4.6989,4.0108,2,4,6,2,mlb-atl,"{""common_opponents"": 1, ""games_played"": 1, ""head_to_head"": 1, ""home_advantage"": 1, ""last10_form"": 1, ""season_scoring"": 1, ""travel_km"": 1}"
824971,MLB,2026,regular,2026-08-02,2026-08-02,mlb-det,mlb-ath,final,,,111,111,,,0.35,,,,,0.0,0.0,5,7.4,2.2,5,2.2,7.4,6,4,0,0.6,2,8,0,0.2,4.4505,3.982,111,4.3874,5.6757,111,21,100,4.14,3.99,21,88,4.2955,5.2727,11,0,11,-11,mlb-det,"{""common_opponents"": 1, ""games_played"": 1, ""head_to_head"": 1, ""home_advantage"": 1, ""last10_form"": 1, ""season_scoring"": 1, ""travel_km"": 1}"
822867,MLB,2026,regular,2026-08-03,2026-08-03,mlb-sf,mlb-tex,final,,,113,112,,,0.35,,,,,1874.8,370.8,,,,,,,5,5,0,0.5,4,6,0,0.4,4.2212,4.646,113,4.1518,4.4732,112,19,96,4.0833,4.3854,19,78,4.3718,4.1538,5,1,6,-4,mlb-sf,"{""common_opponents"": 1, ""games_played"": 1, ""head_to_head"": 1, ""home_advantage"": 1, ""last10_form"": 1, ""season_scoring"": 1, ""travel_km"": 1}"
823431,MLB,2026,regular,2026-08-03,2026-08-03,mlb-wsh,mlb-phi,final,,,113,112,,,0.35,,,,,1062.7,142.6,7,6.0,5.8571,7,5.8571,6.0,3,7,0,0.3,3,7,0,0.3,5.3717,5.2301,113,4.375,4.4107,112,20,91,5.1868,5.1429,20,99,4.303,4.2828,3,6,9,3,mlb-phi,"{""common_opponents"": 1, ""games_played"": 1, ""head_to_head"": 1, ""home_advantage"": 1, ""last10_form"": 1, ""season_scoring"": 1, ""travel_km"": 1}"
823520,MLB,2026,regular,2026-08-03,2026-08-03,mlb-stl,mlb-nyy,final,,,112,112,,,0.35,,,,,547.6,1150.8,,,,,,,3,7,0,0.3,6,4,0,0.6,4.3125,4.4554,112,4.5714,3.7946,112,20,92,4.4239,4.587,20,92,4.3804,3.9457,13,7,20,-6,mlb-stl,"{""common_opponents"": 1, ""games_played"": 1, ""head_to_head"": 1, ""home_advantage"": 1, ""last10_form"": 1, ""season_scoring"": 1, ""travel_km"": 1}"
823757,MLB,2026,regular,2026-08-03,2026-08-03,mlb-pit,mlb-mil,final,,,113,111,,,0.35,,,,,524.7,2782.4,6,6.0,3.5,6,3.5,6.0,3,7,0,0.3,6,4,0,0.6,5.115,4.8496,113,5.0,3.7838,111,20,98,5.0816,5.0918,20,90,5.0333,3.6111,4,3,7,-1,mlb-pit,"{""common_opponents"": 1, ""games_played"": 1, ""head_to_head"": 1, ""home_advantage"": 1, ""last10_form"": 1, ""season_scoring"": 1, ""travel_km"": 1}"
824160,MLB,2026,regular,2026-08-03,2026-08-03,mlb-tor,mlb-hou,final,,,112,113,,,0.35,,,,,2092.5,0.0,3,4.0,4.6667,3,4.6667,4.0,6,4,0,0.6,9,1,0,0.9,3.9196,4.4375,112,4.6726,4.9115,113,20,91,3.7692,4.4396,20,104,4.6635,4.9615,3,1,4,-2,mlb-tor,"{""common_opponents"": 1, ""games_played"": 1, ""head_to_head"": 1, ""home_advantage"": 1, ""last10_form"": 1, ""season_scoring"": 1, ""travel_km"": 1}"
824324,MLB,2026,regular,2026-08-03,2026-08-03,mlb-tb,mlb-col,final,,,111,112,,,0.35,,,,,2447.2,0.0,,,,,,,6,4,0,0.6,5,5,0,0.5,4.3604,4.0811,111,4.8036,5.6786,112,16,75,4.3067,3.8533,16,85,4.8941,5.6235,13,9,22,-4,mlb-tb,"{""common_opponents"": 1, ""games_played"": 1, ""head_to_head"": 1, ""home_advantage"": 1, ""last10_form"": 1, ""season_scoring"": 1, ""travel_km"": 1}"
824647,MLB,2026,regular,2026-08-03,2026-08-03,mlb-lad,mlb-chc,final,,,112,112,,,0.35,,,,,2801.6,0.0,3,7.3333,3.3333,3,3.3333,7.3333,5,5,0,0.5,6,4,0,0.6,5.1071,3.7679,112,5.0893,4.2946,112,22,100,5.16,3.72,22,99,5.1111,4.2222,5,10,15,5,mlb-chc,"{""common_opponents"": 1, ""games_played"": 1, ""head_to_head"": 1, ""home_advantage"": 1, ""last10_form"": 1, ""season_scoring"": 1, ""travel_km"": 1}"
825095,MLB,2026,regular,2026-08-03,2026-08-03,mlb-sd,mlb-ari,final,,,112,112,,,0.35,,,,,481.2,2809.7,6,4.6667,5.3333,6,5.3333,4.6667,8,2,0,0.8,6,4,0,0.6,4.2143,4.3214,112,4.5357,4.5179,112,21,100,4.05,4.24,21,97,4.5052,4.3711,1,5,6,4,mlb-ari,"{""common_opponents"": 1, ""games_played"": 1, ""head_to_head"": 1, ""home_advantage"": 1, ""last10_form"": 1, ""season_scoring"": 1, ""travel_km"": 1}"
822865,MLB,2026,regular,2026-08-04,2026-08-04,mlb-sf,mlb-tex,final,,,114,113,,,0.35,,,,,0.0,0.0,1,5.0,1.0,1,1.0,5.0,5,5,0,0.5,3,7,0,0.3,4.2281,4.614,114,4.1239,4.4779,113,19,96,4.0833,4.3854,19,78,4.3718,4.1538,4,5,9,1,mlb-tex,"{""common_opponents"": 1, ""games_played"": 1, ""head_to_head"": 1, ""home_advantage"": 1, ""last10_form"": 1, ""season_scoring"": 1, ""travel_km"": 1}"
823108,MLB,2026,regular,2026-08-04,2026-08-04,mlb-det,mlb-sea,final,,,112,113,,,0.35,,,,,1004.2,0.0,3,4.0,3.6667,3,3.6667,4.0,6,4,0,0.6,4,6,0,0.4,4.5089,3.9464,112,4.0177,3.9912,113,20,100,4.52,3.84,20,98,4.1122,3.7959,8,0,8,-8,mlb-det,"{""common_opponents"": 1, ""games_played"": 1, ""head_to_head"": 1, ""home_advantage"": 1, ""last10_form"": 1, ""season_scoring"": 1, ""travel_km"": 1}"
823432,MLB,2026,regular,2026-08-04,2026-08-04,mlb-wsh,mlb-phi,final,,,114,113,,,0.35,,,,,0.0,0.0,8,5.625,5.875,8,5.875,5.625,3,7,0,0.3,4,6,0,0.4,5.3509,5.2368,114,4.3894,4.3982,113,20,91,5.1868,5.1429,20,99,4.303,4.2828,0,5,5,5,mlb-phi,"{""common_opponents"": 1, ""games_played"": 1, ""head_to_head"": 1, ""home_advantage"": 1, ""last10_form"": 1, ""season_scoring"": 1, ""travel_km"": 1}"
823517,MLB,2026,regular,2026-08-04,2026-08-04,mlb-stl,mlb-nyy,final,,,113,113,,,0.35,,,,,0.0,0.0,1,13.0,7.0,1,7.0,13.0,4,6,0,0.4,5,5,0,0.5,4.3894,4.4779,113,4.5929,3.8761,113,20,92,4.4239,4.587,20,92,4.3804,3.9457,0,2,2,2,mlb-nyy,"{""common_opponents"": 1, ""games_played"": 1, ""head_to_head"": 1, ""home_advantage"": 1, ""last10_form"": 1, ""season_scoring"": 1, ""travel_km"": 1}"
823756,MLB,2026,regular,2026-08-04,2026-08-04,mlb-pit,mlb-mil,final,,,114,112,,,0.35,,,,,0.0,0.0,7,5.7143,3.4286,7,3.4286,5.7143,4,6,0,0.4,5,5,0,0.5,5.1053,4.8333,114,4.9821,3.7857,112,20,98,5.0816,5.0918,20,90,5.0333,3.6111,2,4,6,2,mlb-mil,"{""common_opponents"": 1, ""games_played"": 1, ""head_to_head"": 1, ""home_advantage"": 1, ""last10_form"": 1, ""season_scoring"": 1, ""travel_km"": 1}"
824084,MLB,2026,regular,2026-08-04,2026-08-04,mlb-min,mlb-kc,final,,,113,113,,,0.35,,,,,2428.2,906.2,10,4.0,4.6,10,4.6,4.0,6,4,0,0.6,3,7,0,0.3,4.708,4.9646,113,4.1327,5.0973,113,18,81,4.7037,4.7778,18,91,4.033,5.2637,2,8,10,6,mlb-kc,"{""common_opponents"": 1, ""games_played"": 1, ""head_to_head"": 1, ""home_advantage"": 1, ""last10_form"": 1, ""season_scoring"": 1, ""travel_km"": 1}"
824161,MLB,2026,regular,2026-08-04,2026-08-04,mlb-tor,mlb-hou,final,,,113,114,,,0.35,,,,,0.0,0.0,4,3.75,3.75,4,3.75,3.75,6,4,0,0.6,8,2,0,0.8,3.9115,4.4071,113,4.6404,4.8947,114,20,91,3.7692,4.4396,20,104,4.6635,4.9615,2,7,9,5,mlb-hou,"{""common_opponents"": 1, ""games_played"": 1, ""head_to_head"": 1, ""home_advantage"": 1, ""last10_form"": 1, ""season_scoring"": 1, ""travel_km"": 1}"
824321,MLB,2026,regular,2026-08-04,2026-08-04,mlb-tb,mlb-col,final,,,112,113,,,0.35,,,,,0.0,0.0,1,13.0,9.0,1,9.0,13.0,7,3,0,0.7,4,6,0,0.4,4.4375,4.125,112,4.8407,5.7434,113,16,75,4.3067,3.8533,16,85,4.8941,5.6235,9,7,16,-2,mlb-tb,"{""common_opponents"": 1, ""games_played"": 1, ""head_to_head"": 1, ""home_advantage"": 1, ""last10_form"": 1, ""season_scoring"": 1, ""travel_km"": 1}"
824403,MLB,2026,regular,2026-08-04,2026-08-04,mlb-nym,mlb-cle,final,,,113,113,,,0.35,,,,,661.5,0.0,,,,,,,4,6,0,0.4,3,7,0,0.3,4.0442,4.5575,113,3.9469,4.0885,113,20,100,3.97,4.74,20,84,4.131,4.0952,6,2,8,-4,mlb-nym,"{""common_opponents"": 1, ""games_played"": 1, ""head_to_head"": 1, ""home_advantage"": 1, ""last10_form"": 1, ""season_scoring"": 1, ""travel_km"": 1}"
824484,MLB,2026,regular,2026-08-04,2026-08-04,mlb-ath,mlb-cin,final,,,112,111,,,0.35,,,,,3183.2,0.0,,,,,,,2,8,0,0.2,6,4,0,0.6,4.3482,5.7232,112,4.1622,4.7297,111,24,100,4.47,5.6,24,108,4.1019,4.7407,4,5,9,1,mlb-cin,"{""common_opponents"": 1, ""games_played"": 1, ""head_to_head"": 1, ""home_advantage"": 1, ""last10_form"": 1, ""season_scoring"": 1, ""travel_km"": 1}"
824645,MLB,2026,regular,2026-08-04,2026-08-04,mlb-lad,mlb-chc,final,,,113,113,,,0.35,,,,,0.0,0.0,4,6.75,5.0,4,5.0,6.75,4,6,0,0.4,6,4,0,0.6,5.1062,3.823,113,5.1327,4.3009,113,22,100,5.16,3.72,22,99,5.1111,4.2222,1,5,6,4,mlb-chc,"{""common_opponents"": 1, ""games_played"": 1, ""head_to_head"": 1, ""home_advantage"": 1, ""last10_form"": 1, ""season_scoring"": 1, ""travel_km"": 1}"
824731,MLB,2026,regular,2026-08-04,2026-08-04,mlb-cws,mlb-bos,final,,,111,111,,,0.35,,,,,1928.2,4165.1,3,0.6667,5.0,3,5.0,0.6667,5,5,0,0.5,8,2,0,0.8,4.7838,4.2883,111,4.2703,3.7297,111,19,96,4.7604,3.9375,19,96,4.2188,3.9479,2,14,16,12,mlb-bos,"{""common_opponents"": 1, ""games_played"": 1, ""head_to_head"": 1, ""home_advantage"": 1, ""last10_form"": 1, ""season_scoring"": 1, ""travel_km"": 1}"
824805,MLB,2026,regular,2026-08-04,2026-08-04,mlb-laa,mlb-bal,final,,,112,112,,,0.35,,,,,3703.7,0.0,3,4.3333,4.3333,3,4.3333,4.3333,2,8,0,0.2,5,5,0,0.5,4.1964,4.8571,112,4.5268,4.8393,112,20,97,4.268,5.0,20,94,4.6702,4.7979,1,3,4,2,mlb-bal,"{""common_opponents"": 1, ""games_played"": 1, ""head_to_head"": 1, ""home_advantage"": 1, ""last10_form"": 1, ""season_scoring"": 1, ""travel_km"": 1}"
824888,MLB,2026,regular,2026-08-04,2026-08-04,mlb-mia,mlb-atl,final,,,113,113,,,0.35,,,,,1208.8,0.0,7,5.4286,6.0,7,6.0,5.4286,6,4,0,0.6,7,3,0,0.7,4.3894,4.2743,113,4.8761,3.9646,113,20,91,4.3846,3.9011,20,91,4.8352,4.033,2,4,6,2,mlb-atl,"{""common_opponents"": 1, ""games_played"": 1, ""head_to_head"": 1, ""home_advantage"": 1, ""last10_form"": 1, ""season_scoring"": 1, ""travel_km"": 1}"
825054,MLB,2026,regular,2026-08-04,2026-08-04,mlb-sd,mlb-ari,final,,,113,113,,,0.35,,,,,0.0,0.0,7,4.1429,5.2857,7,5.2857,4.1429,8,2,0,0.8,6,4,0,0.6,4.1858,4.3274,113,4.5398,4.4867,113,21,100,4.05,4.24,21,97,4.5052,4.3711,9,4,13,-5,mlb-sd,"{""common_opponents"": 1, ""games_played"": 1, ""head_to_head"": 1, ""home_advantage"": 1, ""last10_form"": 1, ""season_scoring"": 1, ""travel_km"": 1}"
822866,MLB,2026,regular,2026-08-05,2026-08-05,mlb-sf,mlb-tex,final,,,115,114,,,0.35,,,,,0.0,0.0,2,4.5,3.0,2,3.0,4.5,4,6,0,0.4,3,7,0,0.3,4.2261,4.6174,115,4.1316,4.4737,114,19,96,4.0833,4.3854,19,78,4.3718,4.1538,0,6,6,6,mlb-tex,"{""common_opponents"": 1, ""games_played"": 1, ""head_to_head"": 1, ""home_advantage"": 1, ""last10_form"": 1, ""season_scoring"": 1, ""travel_km"": 1}"
823106,MLB,2026,regular,2026-08-05,2026-08-05,mlb-det,mlb-sea,final,,,113,114,,,0.35,,,,,0.0,0.0,4,5.0,2.75,4,2.75,5.0,6,4,0,0.6,4,6,0,0.4,4.5398,3.9115,113,3.9825,4.0263,114,20,100,4.52,3.84,20,98,4.1122,3.7959,2,4,6,2,mlb-sea,"{""common_opponents"": 1, ""games_played"": 1, ""head_to_head"": 1, ""home_advantage"": 1, ""last10_form"": 1, ""season_scoring"": 1, ""travel_km"": 1}"
823429,MLB,2026,regular,2026-08-05,2026-08-05,mlb-wsh,mlb-phi,final,,,115,114,,,0.35,,,,,0.0,0.0,9,5.0,5.7778,9,5.7778,5.0,2,8,0,0.2,5,5,0,0.5,5.3043,5.2348,115,4.3947,4.3596,114,20,91,5.1868,5.1429,20,99,4.303,4.2828,10,4,14,-6,mlb-wsh,"{""common_opponents"": 1, ""games_played"": 1, ""head_to_head"": 1, ""home_advantage"": 1, ""last10_form"": 1, ""season_scoring"": 1, ""travel_km"": 1}"
823516,MLB,2026,regular,2026-08-05,2026-08-05,mlb-stl,mlb-nyy,final,,,114,114,,,0.35,,,,,0.0,0.0,2,6.5,4.5,2,4.5,6.5,3,7,0,0.3,5,5,0,0.5,4.3509,4.4561,114,4.5702,3.8421,114,20,92,4.4239,4.587,20,92,4.3804,3.9457,3,1,4,-2,mlb-stl,"{""common_opponents"": 1, ""games_played"": 1, ""head_to_head"": 1, ""home_advantage"": 1, ""last10_form"": 1, ""season_scoring"": 1, ""travel_km"": 1}"
823753,MLB,2026,regular,2026-08-05,2026-08-05,mlb-pit,mlb-mil,final,,,115,113,,,0.35,,,,,0.0,0.0,8,5.25,3.5,8,3.5,5.25,4,6,0,0.4,6,4,0,0.6,5.0783,4.8261,115,4.9735,3.7699,113,20,98,5.0816,5.0918,20,90,5.0333,3.6111,2,4,6,2,mlb-mil,"{""common_opponents"": 1, ""games_played"": 1, ""head_to_head"": 1, ""home_advantage"": 1, ""last10_form"": 1, ""season_scoring"": 1, ""travel_km"": 1}"
824082,MLB,2026,regular,2026-08-05,2026-08-05,mlb-min,mlb-kc,final,,,114,114,,,0.35,,,,,0.0,0.0,11,3.8182,4.9091,11,4.9091,3.8182,5,5,0,0.5,4,6,0,0.4,4.6842,4.9912,114,4.1667,5.0702,114,18,81,4.7037,4.7778,18,91,4.033,5.2637,1,2,3,1,mlb-kc,"{""common_opponents"": 1, ""games_played"": 1, ""head_to_head"": 1, ""home_advantage"": 1, ""last10_form"": 1, ""season_scoring"": 1, ""travel_km"": 1}"
824158,MLB,2026,regular,2026-08-05,2026-08-05,mlb-tor,mlb-hou,final,,,114,115,,,0.35,,,,,0.0,0.0,5,3.4,4.4,5,4.4,3.4,6,4,0,0.6,8,2,0,0.8,3.8947,4.4298,114,4.6609,4.8696,115,20,91,3.7692,4.4396,20,104,4.6635,4.9615,5,4,9,-1,mlb-tor,"{""common_opponents"": 1, ""games_played"": 1, ""head_to_head"": 1, ""home_advantage"": 1, ""last10_form"": 1, ""season_scoring"": 1, ""travel_km"": 1}"
824322,MLB,2026,regular,2026-08-05,2026-08-05,mlb-tb,mlb-col,final,,,113,114,,,0.35,,,,,0.0,0.0,2,11.0,8.0,2,8.0,11.0,7,3,0,0.7,4,6,0,0.4,4.4779,4.1504,113,4.8596,5.7719,114,16,75,4.3067,3.8533,16,85,4.8941,5.6235,4,0,4,-4,mlb-tb,"{""common_opponents"": 1, ""games_played"": 1, ""head_to_head"": 1, ""home_advantage"": 1, ""last10_form"": 1, ""season_scoring"": 1, ""travel_km"": 1}"
824402,MLB,2026,regular,2026-08-05,2026-08-05,mlb-nym,mlb-cle,final,,,114,114,,,0.35,,,,,0.0,0.0,1,6.0,2.0,1,2.0,6.0,5,5,0,0.5,3,7,0,0.3,4.0614,4.5351,114,3.9298,4.1053,114,20,100,3.97,4.74,20,84,4.131,4.0952,6,5,11,-1,mlb-nym,"{""common_opponents"": 1, ""games_played"": 1, ""head_to_head"": 1, ""home_advantage"": 1, ""last10_form"": 1, ""season_scoring"": 1, ""travel_km"": 1}"
824482,MLB,2026,regular,2026-08-05,2026-08-05,mlb-ath,mlb-cin,final,,,113,112,,,0.35,,,,,0.0,0.0,1,4.0,5.0,1,5.0,4.0,1,9,0,0.1,6,4,0,0.6,4.3451,5.7168,113,4.1696,4.7232,112,24,100,4.47,5.6,24,108,4.1019,4.7407,2,3,5,1,mlb-cin,"{""common_opponents"": 1, ""games_played"": 1, ""head_to_head"": 1, ""home_advantage"": 1, ""last10_form"": 1, ""season_scoring"": 1, ""travel_km"": 1}"
824646,MLB,2026,regular,2026-08-05,2026-08-05,mlb-lad,mlb-chc,final,,,114,114,,,0.35,,,,,0.0,0.0,5,5.6,5.0,5,5.0,5.6,3,7,0,0.3,6,4,0,0.6,5.0702,3.8333,114,5.1316,4.2719,114,22,100,5.16,3.72,22,99,5.1111,4.2222,6,7,13,1,mlb-chc,"{""common_opponents"": 1, ""games_played"": 1, ""head_to_head"": 1, ""home_advantage"": 1, ""last10_form"": 1, ""season_scoring"": 1, ""travel_km"": 1}"
824728,MLB,2026,regular,2026-08-05,2026-08-05,mlb-cws,mlb-bos,final,,,112,112,,,0.35,,,,,0.0,0.0,4,1.0,7.25,4,7.25,1.0,5,5,0,0.5,8,2,0,0.8,4.7589,4.375,112,4.3571,3.7143,112,19,96,4.7604,3.9375,19,96,4.2188,3.9479,0,4,4,4,mlb-bos,"{""common_opponents"": 1, ""games_played"": 1, ""head_to_head"": 1, ""home_advantage"": 1, ""last10_form"": 1, ""season_scoring"": 1, ""travel_km"": 1}"
824806,MLB,2026,regular,2026-08-05,2026-08-05,mlb-laa,mlb-bal,final,,,113,113,,,0.35,,,,,0.0,0.0,4,3.5,4.0,4,4.0,3.5,2,8,0,0.2,5,5,0,0.5,4.1681,4.8407,113,4.5133,4.8053,113,20,97,4.268,5.0,20,94,4.6702,4.7979,2,5,7,3,mlb-bal,"{""common_opponents"": 1, ""games_played"": 1, ""head_to_head"": 1, ""home_advantage"": 1, ""last10_form"": 1, ""season_scoring"": 1, ""travel_km"": 1}"
824889,MLB,2026,regular,2026-08-05,2026-08-05,mlb-mia,mlb-atl,final,,,114,114,,,0.35,,,,,0.0,0.0,8,5.0,5.75,8,5.75,5.0,6,4,0,0.6,7,3,0,0.7,4.3684,4.2719,114,4.8684,3.9474,114,20,91,4.3846,3.9011,20,91,4.8352,4.033,1,4,5,3,mlb-atl,"{""common_opponents"": 1, ""games_played"": 1, ""head_to_head"": 1, ""home_advantage"": 1, ""last10_form"": 1, ""season_scoring"": 1, ""travel_km"": 1}"
825052,MLB,2026,regular,2026-08-05,2026-08-05,mlb-sd,mlb-ari,final,,,114,114,,,0.35,,,,,0.0,0.0,8,4.75,5.125,8,5.125,4.75,8,2,0,0.8,5,5,0,0.5,4.2281,4.3246,114,4.5351,4.5263,114,21,100,4.05,4.24,21,97,4.5052,4.3711,4,10,14,6,mlb-ari,"{""common_opponents"": 1, ""games_played"": 1, ""head_to_head"": 1, ""home_advantage"": 1, ""last10_form"": 1, ""season_scoring"": 1, ""travel_km"": 1}"
823105,MLB,2026,regular,2026-08-06,2026-08-06,mlb-det,mlb-sea,final,,,114,115,,,0.35,,,,,0.0,0.0,5,4.4,3.0,5,3.0,4.4,5,5,0,0.5,5,5,0,0.5,4.5175,3.9123,114,3.9826,4.0087,115,20,100,4.52,3.84,20,98,4.1122,3.7959,11,0,11,-11,mlb-det,"{""common_opponents"": 1, ""games_played"": 1, ""head_to_head"": 1, ""home_advantage"": 1, ""last10_form"": 1, ""season_scoring"": 1, ""travel_km"": 1}"
823430,MLB,2026,regular,2026-08-06,2026-08-06,mlb-wsh,mlb-phi,final,,,116,115,,,0.35,,,,,0.0,0.0,10,5.5,5.6,10,5.6,5.5,2,8,0,0.2,5,5,0,0.5,5.3448,5.2241,116,4.3913,4.4087,115,20,91,5.1868,5.1429,20,99,4.303,4.2828,3,7,10,4,mlb-phi,"{""common_opponents"": 1, ""games_played"": 1, ""head_to_head"": 1, ""home_advantage"": 1, ""last10_form"": 1, ""season_scoring"": 1, ""travel_km"": 1}"
823754,MLB,2026,regular,2026-08-06,2026-08-06,mlb-pit,mlb-mil,final,,,116,114,,,0.35,,,,,0.0,0.0,9,4.8889,3.5556,9,3.5556,4.8889,3,7,0,0.3,6,4,0,0.6,5.0517,4.819,116,4.9649,3.7544,114,20,98,5.0816,5.0918,20,90,5.0333,3.6111,2,5,7,3,mlb-mil,"{""common_opponents"": 1, ""games_played"": 1, ""head_to_head"": 1, ""home_advantage"": 1, ""last10_form"": 1, ""season_scoring"": 1, ""travel_km"": 1}"
824080,MLB,2026,regular,2026-08-06,2026-08-06,mlb-min,mlb-kc,final,,,115,115,,,0.35,,,,,0.0,0.0,12,3.5833,4.6667,12,4.6667,3.5833,5,5,0,0.5,5,5,0,0.5,4.6522,4.9652,115,4.1478,5.0348,115,18,81,4.7037,4.7778,18,91,4.033,5.2637,4,3,7,-1,mlb-min,"{""common_opponents"": 1, ""games_played"": 1, ""head_to_head"": 1, ""home_advantage"": 1, ""last10_form"": 1, ""season_scoring"": 1, ""travel_km"": 1}"
824401,MLB,2026,regular,2026-08-06,2026-08-06,mlb-nym,mlb-cle,final,,,115,115,,,0.35,,,,,0.0,0.0,2,6.0,3.5,2,3.5,6.0,6,4,0,0.6,3,7,0,0.3,4.0783,4.5391,115,3.9391,4.1217,115,20,100,3.97,4.74,20,84,4.131,4.0952,13,6,19,-7,mlb-nym,"{""common_opponents"": 1, ""games_played"": 1, ""head_to_head"": 1, ""home_advantage"": 1, ""last10_form"": 1, ""season_scoring"": 1, ""travel_km"": 1}"
824481,MLB,2026,regular,2026-08-06,2026-08-06,mlb-ath,mlb-cin,final,,,114,113,,,0.35,,,,,0.0,0.0,2,3.0,4.0,2,4.0,3.0,1,9,0,0.1,7,3,0,0.7,4.3246,5.693,114,4.1593,4.6991,113,24,100,4.47,5.6,24,108,4.1019,4.7407,5,6,11,1,mlb-cin,"{""common_opponents"": 1, ""games_played"": 1, ""head_to_head"": 1, ""home_advantage"": 1, ""last10_form"": 1, ""season_scoring"": 1, ""travel_km"": 1}"
824664,MLB,2026,regular,2026-08-06,2026-08-06,mlb-tor,mlb-chc,postponed,,,115,115,,,0.35,,,,,1521.3,0.0,2,5.0,11.0,2,11.0,5.0,6,4,0,0.6,7,3,0,0.7,3.9043,4.4261,115,5.1478,4.287,115,23,98,3.9796,4.4898,23,106,5.0377,4.3113,2,3,5,1,mlb-chc,"{""common_opponents"": 1, ""games_played"": 1, ""head_to_head"": 1, ""home_advantage"": 1, ""last10_form"": 1, ""season_scoring"": 1, ""travel_km"": 1}"
824664,MLB,2026,regular,2026-08-06,2026-08-06,mlb-tor,mlb-chc,final,,,115,115,,,0.35,,,,,1521.3,0.0,2,5.0,11.0,2,11.0,5.0,6,4,0,0.6,7,3,0,0.7,3.9043,4.4261,115,5.1478,4.287,115,23,98,3.9796,4.4898,23,106,5.0377,4.3113,2,3,5,1,mlb-chc,"{""common_opponents"": 1, ""games_played"": 1, ""head_to_head"": 1, ""home_advantage"": 1, ""last10_form"": 1, ""season_scoring"": 1, ""travel_km"": 1}"
824729,MLB,2026,regular,2026-08-06,2026-08-06,mlb-cws,mlb-bos,final,,,113,113,,,0.35,,,,,0.0,0.0,5,0.8,6.6,5,6.6,0.8,5,5,0,0.5,9,1,0,0.9,4.7168,4.3717,113,4.354,3.6814,113,19,96,4.7604,3.9375,19,96,4.2188,3.9479,11,12,23,1,mlb-bos,"{""common_opponents"": 1, ""games_played"": 1, ""head_to_head"": 1, ""home_advantage"": 1, ""last10_form"": 1, ""season_scoring"": 1, ""travel_km"": 1}"
824804,MLB,2026,regular,2026-08-06,2026-08-06,mlb-laa,mlb-bal,final,,,114,114,,,0.35,,,,,0.0,0.0,5,3.2,4.2,5,4.2,3.2,2,8,0,0.2,6,4,0,0.6,4.1491,4.8421,114,4.5175,4.7807,114,20,97,4.268,5.0,20,94,4.6702,4.7979,4,1,5,-3,mlb-laa,"{""common_opponents"": 1, ""games_played"": 1, ""head_to_head"": 1, ""home_advantage"": 1, ""last10_form"": 1, ""season_scoring"": 1, ""travel_km"": 1}"
824885,MLB,2026,regular,2026-08-06,2026-08-06,mlb-mia,mlb-atl,final,,,115,115,,,0.35,,,,,0.0,0.0,9,4.5556,5.5556,9,5.5556,4.5556,6,4,0,0.6,8,2,0,0.8,4.3391,4.2696,115,4.8609,3.9217,115,20,91,4.3846,3.9011,20,91,4.8352,4.033,3,11,14,8,mlb-atl,"{""common_opponents"": 1, ""games_played"": 1, ""head_to_head"": 1, ""home_advantage"": 1, ""last10_form"": 1, ""season_scoring"": 1, ""travel_km"": 1}"
825053,MLB,2026,regular,2026-08-06,2026-08-06,mlb-sd,mlb-ari,final,,,115,115,,,0.35,,,,,0.0,0.0,9,4.6667,5.6667,9,5.6667,4.6667,7,3,0,0.7,6,4,0,0.6,4.2261,4.3739,115,4.5826,4.5217,115,21,100,4.05,4.24,21,97,4.5052,4.3711,5,1,6,-4,mlb-sd,"{""common_opponents"": 1, ""games_played"": 1, ""head_to_head"": 1, ""home_advantage"": 1, ""last10_form"": 1, ""season_scoring"": 1, ""travel_km"": 1}"
822699,MLB,2026,regular,2026-08-07,2026-08-07,mlb-cin,mlb-wsh,scheduled,,,114,117,,,0.35,,,,,648.5,195.5,3,8.6667,6.3333,3,6.3333,8.6667,7,3,0,0.7,2,8,0,0.2,4.1754,4.7018,114,5.3248,5.2393,117,22,102,3.9706,4.6373,22,105,5.3619,5.0762,,,,,,"{""common_opponents"": 1, ""games_played"": 1, ""head_to_head"": 1, ""home_advantage"": 1, ""last10_form"": 1, ""season_scoring"": 1, ""travel_km"": 1}"
822863,MLB,2026,regular,2026-08-07,2026-08-07,mlb-bal,mlb-tex,scheduled,,,115,115,,,0.35,,,,,1973.2,0.0,3,5.0,5.3333,3,5.3333,5.0,5,5,0,0.5,4,6,0,0.4,4.487,4.7739,115,4.1478,4.4348,115,23,106,4.5189,4.7453,23,106,4.0377,4.4717,,,,,,"{""common_opponents"": 1, ""games_played"": 1, ""head_to_head"": 1, ""home_advantage"": 1, ""last10_form"": 1, ""season_scoring"": 1, ""travel_km"": 1}"
823024,MLB,2026,regular,2026-08-07,2026-08-07,mlb-col,mlb-stl,scheduled,,,115,115,,,0.35,,,,,1280.4,1410.5,,,,,,,3,7,0,0.3,4,6,0,0.4,4.8174,5.7565,115,4.3391,4.4261,115,20,99,4.8384,5.7172,20,103,4.3204,4.3398,,,,,,"{""common_opponents"": 1, ""games_played"": 1, ""head_to_head"": 1, ""home_advantage"": 1, ""last10_form"": 1, ""season_scoring"": 1, ""travel_km"": 1}"
823103,MLB,2026,regular,2026-08-07,2026-08-07,mlb-tb,mlb-sea,scheduled,,,114,116,,,0.35,,,,,1638.6,0.0,3,5.0,3.6667,3,3.6667,5.0,7,3,0,0.7,4,6,0,0.4,4.4737,4.114,114,3.9483,4.069,116,20,102,4.4314,3.9902,20,95,3.9579,4.0526,,,,,,"{""common_opponents"": 1, ""games_played"": 1, ""head_to_head"": 1, ""home_advantage"": 1, ""last10_form"": 1, ""season_scoring"": 1, ""travel_km"": 1}"
823191,MLB,2026,regular,2026-08-07,2026-08-07,mlb-det,mlb-sf,scheduled,,,115,116,,,0.35,,,,,1091.1,2356.7,,,,,,,6,4,0,0.6,4,6,0,0.4,4.5739,3.8783,115,4.1897,4.6293,116,19,85,4.7529,3.7647,19,90,3.9222,4.5222,,,,,,"{""common_opponents"": 1, ""games_played"": 1, ""head_to_head"": 1, ""home_advantage"": 1, ""last10_form"": 1, ""season_scoring"": 1, ""travel_km"": 1}"
823266,MLB,2026,regular,2026-08-07,2026-08-07,mlb-hou,mlb-sd,scheduled,,,116,116,,,0.35,,,,,2094.8,481.2,,,,,,,7,3,0,0.7,7,3,0,0.7,4.6552,4.8707,116,4.2328,4.3448,116,19,98,4.7551,4.898,19,80,4.3125,4.425,,,,,,"{""common_opponents"": 1, ""games_played"": 1, ""head_to_head"": 1, ""home_advantage"": 1, ""last10_form"": 1, ""season_scoring"": 1, ""travel_km"": 1}"
823349,MLB,2026,regular,2026-08-07,2026-08-07,mlb-nym,mlb-pit,scheduled,,,116,117,,,0.35,,,,,183.0,720.2,3,6.0,4.3333,3,4.3333,6.0,6,4,0,0.6,2,8,0,0.2,4.1552,4.5517,116,5.0256,4.8205,117,19,101,3.9703,4.604,19,102,4.9706,4.8333,,,,,,"{""common_opponents"": 1, ""games_played"": 1, ""head_to_head"": 1, ""home_advantage"": 1, ""last10_form"": 1, ""season_scoring"": 1, ""travel_km"": 1}"
823428,MLB,2026,regular,2026-08-07,2026-08-07,mlb-tor,mlb-phi,scheduled,,,116,116,,,0.35,,,,,1072.5,0.0,3,3.0,4.6667,3,4.6667,3.0,6,4,0,0.6,5,5,0,0.5,3.8879,4.4138,116,4.4138,4.3966,116,20,78,4.0256,4.3718,20,104,4.5096,4.3365,,,,,,"{""common_opponents"": 1, ""games_played"": 1, ""head_to_head"": 1, ""home_advantage"": 1, ""last10_form"": 1, ""season_scoring"": 1, ""travel_km"": 1}"
823515,MLB,2026,regular,2026-08-07,2026-08-07,mlb-atl,mlb-nyy,scheduled,,,116,115,,,0.35,,,,,1208.1,0.0,,,,,,,8,2,0,0.8,5,5,0,0.5,4.9138,3.9138,116,4.5391,3.8348,115,22,102,4.8039,3.8922,22,100,4.52,3.75,,,,,,"{""common_opponents"": 1, ""games_played"": 1, ""head_to_head"": 1, ""home_advantage"": 1, ""last10_form"": 1, ""season_scoring"": 1, ""travel_km"": 1}"
823750,MLB,2026,regular,2026-08-07,2026-08-07,mlb-min,mlb-mil,scheduled,,,116,115,,,0.35,,,,,702.1,0.0,3,2.6667,3.0,3,3.0,2.6667,5,5,0,0.5,6,4,0,0.6,4.6466,4.9483,116,4.9652,3.7391,115,21,101,4.6139,5.1188,21,96,4.9167,3.6979,,,,,,"{""common_opponents"": 1, ""games_played"": 1, ""head_to_head"": 1, ""home_advantage"": 1, ""last10_form"": 1, ""season_scoring"": 1, ""travel_km"": 1}"
823836,MLB,2026,regular,2026-08-07,2026-08-07,mlb-laa,mlb-mia,scheduled,,,115,116,,,0.35,,,,,1538.8,990.5,,,,,,,3,7,0,0.3,6,4,0,0.6,4.1478,4.8087,115,4.3276,4.3276,116,22,106,4.2453,4.6321,22,97,4.2577,4.4227,,,,,,"{""common_opponents"": 1, ""games_played"": 1, ""head_to_head"": 1, ""home_advantage"": 1, ""last10_form"": 1, ""season_scoring"": 1, ""travel_km"": 1}"
824081,MLB,2026,regular,2026-08-07,2026-08-07,mlb-chc,mlb-kc,scheduled,,,116,116,,,0.35,,,,,660.6,0.0,,,,,,,7,3,0,0.7,4,6,0,0.4,5.1293,4.2672,116,4.1379,5.0259,116,21,94,5.0213,4.234,21,107,4.1869,5.1589,,,,,,"{""common_opponents"": 1, ""games_played"": 1, ""head_to_head"": 1, ""home_advantage"": 1, ""last10_form"": 1, ""season_scoring"": 1, ""travel_km"": 1}"
824566,MLB,2026,regular,2026-08-07,2026-08-07,mlb-cle,mlb-cws,scheduled,,,116,114,,,0.35,,,,,495.4,1363.6,7,3.8571,4.1429,7,4.1429,3.8571,3,7,0,0.3,4,6,0,0.4,3.9569,4.1983,116,4.7719,4.4386,114,21,94,3.8298,4.0426,21,101,4.7822,4.4653,,,,,,"{""common_opponents"": 1, ""games_played"": 1, ""head_to_head"": 1, ""home_advantage"": 1, ""last10_form"": 1, ""season_scoring"": 1, ""travel_km"": 1}"
824727,MLB,2026,regular,2026-08-07,2026-08-07,mlb-ath,mlb-bos,scheduled,,,115,114,,,0.35,,,,,1184.9,0.0,4,3.0,4.0,4,4.0,3.0,1,9,0,0.1,9,1,0,0.9,4.3304,5.6957,115,4.4211,3.7456,114,22,93,4.3226,5.6667,22,100,4.44,3.79,,,,,,"{""common_opponents"": 1, ""games_played"": 1, ""head_to_head"": 1, ""home_advantage"": 1, ""last10_form"": 1, ""season_scoring"": 1, ""travel_km"": 1}"
825051,MLB,2026,regular,2026-08-07,2026-08-07,mlb-lad,mlb-ari,scheduled,,,115,116,,,0.35,,,,,2336.0,0.0,10,4.0,4.3,10,4.3,4.0,2,8,0,0.2,6,4,0,0.6,5.0783,3.8609,115,4.5517,4.5259,116,22,96,5.2292,3.8438,22,100,4.57,4.67,,,,,,"{""common_opponents"": 1, ""games_played"": 1, ""head_to_head"": 1, ""home_advantage"": 1, ""last10_form"": 1, ""season_scoring"": 1, ""travel_km"": 1}"
