game_id,sport,season,season_type,date,as_of_date,away_team_id,home_team_id,status,away_common_opponents,home_common_opponents,away_games_played,home_games_played,away_head_to_head,home_head_to_head,home_advantage,away_last10_form,home_last10_form,away_season_scoring,home_season_scoring,away_travel_km,home_travel_km,away_last10_form_wins,away_last10_form_losses,away_last10_form_otl,away_last10_form_l10_pct,away_season_scoring_spg,away_season_scoring_sapg,away_season_scoring_gp,home_last10_form_wins,home_last10_form_losses,home_last10_form_otl,home_last10_form_l10_pct,home_season_scoring_spg,home_season_scoring_sapg,home_season_scoring_gp,away_common_opponents_opponents,away_common_opponents_games,away_common_opponents_wrf,away_common_opponents_wra,home_common_opponents_opponents,home_common_opponents_games,home_common_opponents_wrf,home_common_opponents_wra,away_head_to_head_games,away_head_to_head_avg_scored,away_head_to_head_avg_allowed,home_head_to_head_games,home_head_to_head_avg_scored,home_head_to_head_avg_allowed,final_away,final_home,actual_total,actual_margin,winner,feature_versions
2025010101,NHL,20252026,preseason,2025-09-20,2025-09-20,nhl-stl,nhl-dal,final,,,0,0,,,0.25,,,,,,,,,,,,,,,,,,,,,,,,,,,,,,,,,,,1,2,3,1,nhl-dal,"{""common_opponents"": 1, ""games_played"": 1, ""head_to_head"": 1, ""home_advantage"": 1, ""last10_form"": 1, ""season_scoring"": 1, ""travel_km"": 1}"
2025010001,NHL,20252026,preseason,2025-09-21,2025-09-21,nhl-ana,nhl-lak,final,,,0,0,,,0.25,,,,,,,,,,,,,,,,,,,,,,,,,,,,,,,,,,,1,3,4,2,nhl-lak,"{""common_opponents"": 1, ""games_played"": 1, ""head_to_head"": 1, ""home_advantage"": 1, ""last10_form"": 1, ""season_scoring"": 1, ""travel_km"": 1}"
2025010002,NHL,20252026,preseason,2025-09-21,2025-09-21,nhl-cgy,nhl-edm,final,,,0,0,,,0.25,,,,,,,,,,,,,,,,,,,,,,,,,,,,,,,,,,,3,2,5,-1,nhl-cgy,"{""common_opponents"": 1, ""games_played"": 1, ""head_to_head"": 1, ""home_advantage"": 1, ""last10_form"": 1, ""season_scoring"": 1, ""travel_km"": 1}"
2025010003,NHL,20252026,preseason,2025-09-21,2025-09-21,nhl-edm,nhl-cgy,final,,,0,0,,,0.25,,,,,,,,,,,,,,,,,,,,,,,,,,,,,,,,,,,3,0,3,-3,nhl-edm,"{""common_opponents"": 1, ""games_played"": 1, ""head_to_head"": 1, ""home_advantage"": 1, ""last10_form"": 1, ""season_scoring"": 1, ""travel_km"": 1}"
2025010004,NHL,20252026,preseason,2025-09-21,2025-09-21,nhl-fla,nhl-nsh,final,,,0,0,,,0.25,,,,,,,,,,,,,,,,,,,,,,,,,,,,,,,,,,,0,5,5,5,nhl-nsh,"{""common_opponents"": 1, ""games_played"": 1, ""head_to_head"": 1, ""home_advantage"": 1, ""last10_form"": 1, ""season_scoring"": 1, ""travel_km"": 1}"
2025010005,NHL,20252026,preseason,2025-09-21,2025-09-21,nhl-fla,nhl-nsh,final,,,0,0,,,0.25,,,,,,,,,,,,,,,,,,,,,,,,,,,,,,,,,,,3,5,8,2,nhl-nsh,"{""common_opponents"": 1, ""games_played"": 1, ""head_to_head"": 1, ""home_advantage"": 1, ""last10_form"": 1, ""season_scoring"": 1, ""travel_km"": 1}"
2025010006,NHL,20252026,preseason,2025-09-21,2025-09-21,nhl-min,nhl-wpg,final,,,0,0,,,0.25,,,,,,,,,,,,,,,,,,,,,,,,,,,,,,,,,,,3,2,5,-1,nhl-min,"{""common_opponents"": 1, ""games_played"": 1, ""head_to_head"": 1, ""home_advantage"": 1, ""last10_form"": 1, ""season_scoring"": 1, ""travel_km"": 1}"
2025010007,NHL,20252026,preseason,2025-09-21,2025-09-21,nhl-nyr,nhl-njd,final,,,0,0,,,0.25,,,,,,,,,,,,,,,,,,,,,,,,,,,,,,,,,,,5,3,8,-2,nhl-nyr,"{""common_opponents"": 1, ""games_played"": 1, ""head_to_head"": 1, ""home_advantage"": 1, ""last10_form"": 1, ""season_scoring"": 1, ""travel_km"": 1}"
2025010008,NHL,20252026,preseason,2025-09-21,2025-09-21,nhl-phi,nhl-nyi,final,,,0,0,,,0.25,,,,,,,,,,,,,,,,,,,,,,,,,,,,,,,,,,,3,2,5,-1,nhl-phi,"{""common_opponents"": 1, ""games_played"": 1, ""head_to_head"": 1, ""home_advantage"": 1, ""last10_form"": 1, ""season_scoring"": 1, ""travel_km"": 1}"
2025010009,NHL,20252026,preseason,2025-09-21,2025-09-21,nhl-stl,nhl-cbj,final,,,0,0,,,0.25,,,,,,,,,,,,,,,,,,,,,,,,,,,,,,,,,,,1,4,5,3,nhl-cbj,"{""common_opponents"": 1, ""games_played"": 1, ""head_to_head"": 1, ""home_advantage"": 1, ""last10_form"": 1, ""season_scoring"": 1, ""travel_km"": 1}"
2025010010,NHL,20252026,preseason,2025-09-21,2025-09-21,nhl-tor,nhl-ott,final,,,0,0,,,0.25,,,,,,,,,,,,,,,,,,,,,,,,,,,,,,,,,,,4,3,7,-1,nhl-tor,"{""common_opponents"": 1, ""games_played"": 1, ""head_to_head"": 1, ""home_advantage"": 1, ""last10_form"": 1, ""season_scoring"": 1, ""travel_km"": 1}"
2025010011,NHL,20252026,preseason,2025-09-21,2025-09-21,nhl-van,nhl-sea,final,,,0,0,,,0.25,,,,,,,,,,,,,,,,,,,,,,,,,,,,,,,,,,,3,5,8,2,nhl-sea,"{""common_opponents"": 1, ""games_played"": 1, ""head_to_head"": 1, ""home_advantage"": 1, ""last10_form"": 1, ""season_scoring"": 1, ""travel_km"": 1}"
2025010012,NHL,20252026,preseason,2025-09-21,2025-09-21,nhl-vgk,nhl-sjs,final,,,0,0,,,0.25,,,,,,,,,,,,,,,,,,,,,,,,,,,,,,,,,,,0,3,3,3,nhl-sjs,"{""common_opponents"": 1, ""games_played"": 1, ""head_to_head"": 1, ""home_advantage"": 1, ""last10_form"": 1, ""season_scoring"": 1, ""travel_km"": 1}"
2025010013,NHL,20252026,preseason,2025-09-21,2025-09-21,nhl-wsh,nhl-bos,final,,,0,0,,,0.25,,,,,,,,,,,,,,,,,,,,,,,,,,,,,,,,,,,5,2,7,-3,nhl-wsh,"{""common_opponents"": 1, ""games_played"": 1, ""head_to_head"": 1, ""home_advantage"": 1, ""last10_form"": 1, ""season_scoring"": 1, ""travel_km"": 1}"
2025010103,NHL,20252026,preseason,2025-09-21,2025-09-21,nhl-col,nhl-uta,final,,,0,0,,,0.25,,,,,,,,,,,,,,,,,,,,,,,,,,,,,,,,,,,5,1,6,-4,nhl-col,"{""common_opponents"": 1, ""games_played"": 1, ""head_to_head"": 1, ""home_advantage"": 1, ""last10_form"": 1, ""season_scoring"": 1, ""travel_km"": 1}"
2025010104,NHL,20252026,preseason,2025-09-21,2025-09-21,nhl-uta,nhl-col,final,,,0,0,,,0.25,,,,,,,,,,,,,,,,,,,,,,,,,,,,,,,,,,,2,3,5,1,nhl-col,"{""common_opponents"": 1, ""games_played"": 1, ""head_to_head"": 1, ""home_advantage"": 1, ""last10_form"": 1, ""season_scoring"": 1, ""travel_km"": 1}"
2025010014,NHL,20252026,preseason,2025-09-22,2025-09-22,nhl-buf,nhl-cbj,final,,,0,0,,,0.25,,,,,,,,,,,,,,,,,,,,,,,,,,,,,,,,,,,4,0,4,-4,nhl-buf,"{""common_opponents"": 1, ""games_played"": 1, ""head_to_head"": 1, ""home_advantage"": 1, ""last10_form"": 1, ""season_scoring"": 1, ""travel_km"": 1}"
2025010015,NHL,20252026,preseason,2025-09-22,2025-09-22,nhl-pit,nhl-mtl,final,,,0,0,,,0.25,,,,,,,,,,,,,,,,,,,,,,,,,,,,,,,,,,,1,2,3,1,nhl-mtl,"{""common_opponents"": 1, ""games_played"": 1, ""head_to_head"": 1, ""home_advantage"": 1, ""last10_form"": 1, ""season_scoring"": 1, ""travel_km"": 1}"
2025010016,NHL,20252026,preseason,2025-09-22,2025-09-22,nhl-tbl,nhl-car,final,,,0,0,,,0.25,,,,,,,,,,,,,,,,,,,,,,,,,,,,,,,,,,,2,1,3,-1,nhl-tbl,"{""common_opponents"": 1, ""games_played"": 1, ""head_to_head"": 1, ""home_advantage"": 1, ""last10_form"": 1, ""season_scoring"": 1, ""travel_km"": 1}"
2025010017,NHL,20252026,preseason,2025-09-22,2025-09-22,nhl-uta,nhl-ana,final,,,0,0,,,0.25,,,,,,,,,,,,,,,,,,,,,,,,,,,,,,,,,,,1,6,7,5,nhl-ana,"{""common_opponents"": 1, ""games_played"": 1, ""head_to_head"": 1, ""home_advantage"": 1, ""last10_form"": 1, ""season_scoring"": 1, ""travel_km"": 1}"
2025010018,NHL,20252026,preseason,2025-09-23,2025-09-23,nhl-bos,nhl-nyr,final,,,0,0,,,0.25,,,,,,,,,,,,,,,,,,,,,,,,,,,,,,,,,,,5,4,9,-1,nhl-bos,"{""common_opponents"": 1, ""games_played"": 1, ""head_to_head"": 1, ""home_advantage"": 1, ""last10_form"": 1, ""season_scoring"": 1, ""travel_km"": 1}"
2025010019,NHL,20252026,preseason,2025-09-23,2025-09-23,nhl-chi,nhl-det,final,,,0,0,,,0.25,,,,,,,,,,,,,,,,,,,,,,,,,,,,,,,,,,,2,3,5,1,nhl-det,"{""common_opponents"": 1, ""games_played"": 1, ""head_to_head"": 1, ""home_advantage"": 1, ""last10_form"": 1, ""season_scoring"": 1, ""travel_km"": 1}"
2025010020,NHL,20252026,preseason,2025-09-23,2025-09-23,nhl-cbj,nhl-buf,final,,,0,0,,,0.25,,,,,,,,,,,,,,,,,,,,,,,,,,,,,,,,,,,1,2,3,1,nhl-buf,"{""common_opponents"": 1, ""games_played"": 1, ""head_to_head"": 1, ""home_advantage"": 1, ""last10_form"": 1, ""season_scoring"": 1, ""travel_km"": 1}"
2025010021,NHL,20252026,preseason,2025-09-23,2025-09-23,nhl-min,nhl-dal,final,,,0,0,,,0.25,,,,,,,,,,,,,,,,,,,,,,,,,,,,,,,,,,,2,3,5,1,nhl-dal,"{""common_opponents"": 1, ""games_played"": 1, ""head_to_head"": 1, ""home_advantage"": 1, ""last10_form"": 1, ""season_scoring"": 1, ""travel_km"": 1}"
2025010022,NHL,20252026,preseason,2025-09-23,2025-09-23,nhl-edm,nhl-wpg,final,,,0,0,,,0.25,,,,,,,,,,,,,,,,,,,,,,,,,,,,,,,,,,,3,2,5,-1,nhl-edm,"{""common_opponents"": 1, ""games_played"": 1, ""head_to_head"": 1, ""home_advantage"": 1, ""last10_form"": 1, ""season_scoring"": 1, ""travel_km"": 1}"
2025010023,NHL,20252026,preseason,2025-09-23,2025-09-23,nhl-lak,nhl-vgk,final,,,0,0,,,0.25,,,,,,,,,,,,,,,,,,,,,,,,,,,,,,,,,,,3,1,4,-2,nhl-lak,"{""common_opponents"": 1, ""games_played"": 1, ""head_to_head"": 1, ""home_advantage"": 1, ""last10_form"": 1, ""season_scoring"": 1, ""travel_km"": 1}"
2025010024,NHL,20252026,preseason,2025-09-23,2025-09-23,nhl-nyi,nhl-njd,final,,,0,0,,,0.25,,,,,,,,,,,,,,,,,,,,,,,,,,,,,,,,,,,2,6,8,4,nhl-njd,"{""common_opponents"": 1, ""games_played"": 1, ""head_to_head"": 1, ""home_advantage"": 1, ""last10_form"": 1, ""season_scoring"": 1, ""travel_km"": 1}"
2025010025,NHL,20252026,preseason,2025-09-23,2025-09-23,nhl-ott,nhl-tor,final,,,0,0,,,0.25,,,,,,,,,,,,,,,,,,,,,,,,,,,,,,,,,,,3,2,5,-1,nhl-ott,"{""common_opponents"": 1, ""games_played"": 1, ""head_to_head"": 1, ""home_advantage"": 1, ""last10_form"": 1, ""season_scoring"": 1, ""travel_km"": 1}"
2025010026,NHL,20252026,preseason,2025-09-23,2025-09-23,nhl-phi,nhl-mtl,final,,,0,0,,,0.25,,,,,,,,,,,,,,,,,,,,,,,,,,,,,,,,,,,2,4,6,2,nhl-mtl,"{""common_opponents"": 1, ""games_played"": 1, ""head_to_head"": 1, ""home_advantage"": 1, ""last10_form"": 1, ""season_scoring"": 1, ""travel_km"": 1}"
2025010027,NHL,20252026,preseason,2025-09-23,2025-09-23,nhl-sea,nhl-cgy,final,,,0,0,,,0.25,,,,,,,,,,,,,,,,,,,,,,,,,,,,,,,,,,,1,4,5,3,nhl-cgy,"{""common_opponents"": 1, ""games_played"": 1, ""head_to_head"": 1, ""home_advantage"": 1, ""last10_form"": 1, ""season_scoring"": 1, ""travel_km"": 1}"
2025010028,NHL,20252026,preseason,2025-09-23,2025-09-23,nhl-tbl,nhl-nsh,final,,,0,0,,,0.25,,,,,,,,,,,,,,,,,,,,,,,,,,,,,,,,,,,3,2,5,-1,nhl-tbl,"{""common_opponents"": 1, ""games_played"": 1, ""head_to_head"": 1, ""home_advantage"": 1, ""last10_form"": 1, ""season_scoring"": 1, ""travel_km"": 1}"
2025010029,NHL,20252026,preseason,2025-09-24,2025-09-24,nhl-cgy,nhl-van,final,,,0,0,,,0.25,,,,,,,,,,,,,,,,,,,,,,,,,,,,,,,,,,,1,3,4,2,nhl-van,"{""common_opponents"": 1, ""games_played"": 1, ""head_to_head"": 1, ""home_advantage"": 1, ""last10_form"": 1, ""season_scoring"": 1, ""travel_km"": 1}"
2025010030,NHL,20252026,preseason,2025-09-24,2025-09-24,nhl-fla,nhl-car,final,,,0,0,,,0.25,,,,,,,,,,,,,,,,,,,,,,,,,,,,,,,,,,,4,2,6,-2,nhl-fla,"{""common_opponents"": 1, ""games_played"": 1, ""head_to_head"": 1, ""home_advantage"": 1, ""last10_form"": 1, ""season_scoring"": 1, ""travel_km"": 1}"
2025010031,NHL,20252026,preseason,2025-09-24,2025-09-24,nhl-lak,nhl-ana,final,,,0,0,,,0.25,,,,,,,,,,,,,,,,,,,,,,,,,,,,,,,,,,,3,0,3,-3,nhl-lak,"{""common_opponents"": 1, ""games_played"": 1, ""head_to_head"": 1, ""home_advantage"": 1, ""last10_form"": 1, ""season_scoring"": 1, ""travel_km"": 1}"
2025010032,NHL,20252026,preseason,2025-09-24,2025-09-24,nhl-pit,nhl-cbj,final,,,0,0,,,0.25,,,,,,,,,,,,,,,,,,,,,,,,,,,,,,,,,,,1,4,5,3,nhl-cbj,"{""common_opponents"": 1, ""games_played"": 1, ""head_to_head"": 1, ""home_advantage"": 1, ""last10_form"": 1, ""season_scoring"": 1, ""travel_km"": 1}"
2025010033,NHL,20252026,preseason,2025-09-24,2025-09-24,nhl-sea,nhl-edm,final,,,0,0,,,0.25,,,,,,,,,,,,,,,,,,,,,,,,,,,,,,,,,,,4,1,5,-3,nhl-sea,"{""common_opponents"": 1, ""games_played"": 1, ""head_to_head"": 1, ""home_advantage"": 1, ""last10_form"": 1, ""season_scoring"": 1, ""travel_km"": 1}"
2025010034,NHL,20252026,preseason,2025-09-25,2025-09-25,nhl-buf,nhl-det,final,,,0,0,,,0.25,,,,,,,,,,,,,,,,,,,,,,,,,,,,,,,,,,,2,5,7,3,nhl-det,"{""common_opponents"": 1, ""games_played"": 1, ""head_to_head"": 1, ""home_advantage"": 1, ""last10_form"": 1, ""season_scoring"": 1, ""travel_km"": 1}"
2025010035,NHL,20252026,preseason,2025-09-25,2025-09-25,nhl-nyi,nhl-nyr,final,,,0,0,,,0.25,,,,,,,,,,,,,,,,,,,,,,,,,,,,,,,,,,,5,4,9,-1,nhl-nyi,"{""common_opponents"": 1, ""games_played"": 1, ""head_to_head"": 1, ""home_advantage"": 1, ""last10_form"": 1, ""season_scoring"": 1, ""travel_km"": 1}"
2025010036,NHL,20252026,preseason,2025-09-25,2025-09-25,nhl-phi,nhl-wsh,final,,,0,0,,,0.25,,,,,,,,,,,,,,,,,,,,,,,,,,,,,,,,,,,1,5,6,4,nhl-wsh,"{""common_opponents"": 1, ""games_played"": 1, ""head_to_head"": 1, ""home_advantage"": 1, ""last10_form"": 1, ""season_scoring"": 1, ""travel_km"": 1}"
2025010037,NHL,20252026,preseason,2025-09-25,2025-09-25,nhl-tor,nhl-mtl,final,,,0,0,,,0.25,,,,,,,,,,,,,,,,,,,,,,,,,,,,,,,,,,,7,2,9,-5,nhl-tor,"{""common_opponents"": 1, ""games_played"": 1, ""head_to_head"": 1, ""home_advantage"": 1, ""last10_form"": 1, ""season_scoring"": 1, ""travel_km"": 1}"
2025010038,NHL,20252026,preseason,2025-09-25,2025-09-25,nhl-dal,nhl-min,final,,,0,0,,,0.25,,,,,,,,,,,,,,,,,,,,,,,,,,,,,,,,,,,5,2,7,-3,nhl-dal,"{""common_opponents"": 1, ""games_played"": 1, ""head_to_head"": 1, ""home_advantage"": 1, ""last10_form"": 1, ""season_scoring"": 1, ""travel_km"": 1}"
2025010039,NHL,20252026,preseason,2025-09-25,2025-09-25,nhl-uta,nhl-vgk,final,,,0,0,,,0.25,,,,,,,,,,,,,,,,,,,,,,,,,,,,,,,,,,,2,3,5,1,nhl-vgk,"{""common_opponents"": 1, ""games_played"": 1, ""head_to_head"": 1, ""home_advantage"": 1, ""last10_form"": 1, ""season_scoring"": 1, ""travel_km"": 1}"
2025010040,NHL,20252026,preseason,2025-09-26,2025-09-26,nhl-car,nhl-tbl,final,,,0,0,,,0.25,,,,,,,,,,,,,,,,,,,,,,,,,,,,,,,,,,,5,6,11,1,nhl-tbl,"{""common_opponents"": 1, ""games_played"": 1, ""head_to_head"": 1, ""home_advantage"": 1, ""last10_form"": 1, ""season_scoring"": 1, ""travel_km"": 1}"
2025010041,NHL,20252026,preseason,2025-09-26,2025-09-26,nhl-det,nhl-pit,final,,,0,0,,,0.25,,,,,,,,,,,,,,,,,,,,,,,,,,,,,,,,,,,2,3,5,1,nhl-pit,"{""common_opponents"": 1, ""games_played"": 1, ""head_to_head"": 1, ""home_advantage"": 1, ""last10_form"": 1, ""season_scoring"": 1, ""travel_km"": 1}"
2025010042,NHL,20252026,preseason,2025-09-26,2025-09-26,nhl-njd,nhl-nyi,final,,,0,0,,,0.25,,,,,,,,,,,,,,,,,,,,,,,,,,,,,,,,,,,4,2,6,-2,nhl-njd,"{""common_opponents"": 1, ""games_played"": 1, ""head_to_head"": 1, ""home_advantage"": 1, ""last10_form"": 1, ""season_scoring"": 1, ""travel_km"": 1}"
2025010043,NHL,20252026,preseason,2025-09-26,2025-09-26,nhl-sea,nhl-van,final,,,0,0,,,0.25,,,,,,,,,,,,,,,,,,,,,,,,,,,,,,,,,,,2,4,6,2,nhl-van,"{""common_opponents"": 1, ""games_played"": 1, ""head_to_head"": 1, ""home_advantage"": 1, ""last10_form"": 1, ""season_scoring"": 1, ""travel_km"": 1}"
2025010044,NHL,20252026,preseason,2025-09-26,2025-09-26,nhl-vgk,nhl-sjs,final,,,0,0,,,0.25,,,,,,,,,,,,,,,,,,,,,,,,,,,,,,,,,,,2,1,3,-1,nhl-vgk,"{""common_opponents"": 1, ""games_played"": 1, ""head_to_head"": 1, ""home_advantage"": 1, ""last10_form"": 1, ""season_scoring"": 1, ""travel_km"": 1}"
2025010045,NHL,20252026,preseason,2025-09-26,2025-09-26,nhl-wpg,nhl-edm,final,,,0,0,,,0.25,,,,,,,,,,,,,,,,,,,,,,,,,,,,,,,,,,,0,4,4,4,nhl-edm,"{""common_opponents"": 1, ""games_played"": 1, ""head_to_head"": 1, ""home_advantage"": 1, ""last10_form"": 1, ""season_scoring"": 1, ""travel_km"": 1}"
2025010046,NHL,20252026,preseason,2025-09-27,2025-09-27,nhl-ana,nhl-lak,final,,,0,0,,,0.25,,,,,,,,,,,,,,,,,,,,,,,,,,,,,,,,,,,5,3,8,-2,nhl-ana,"{""common_opponents"": 1, ""games_played"": 1, ""head_to_head"": 1, ""home_advantage"": 1, ""last10_form"": 1, ""season_scoring"": 1, ""travel_km"": 1}"
2025010047,NHL,20252026,preseason,2025-09-27,2025-09-27,nhl-bos,nhl-phi,final,,,0,0,,,0.25,,,,,,,,,,,,,,,,,,,,,,,,,,,,,,,,,,,4,3,7,-1,nhl-bos,"{""common_opponents"": 1, ""games_played"": 1, ""head_to_head"": 1, ""home_advantage"": 1, ""last10_form"": 1, ""season_scoring"": 1, ""travel_km"": 1}"
2025010048,NHL,20252026,preseason,2025-09-27,2025-09-27,nhl-chi,nhl-stl,final,,,0,0,,,0.25,,,,,,,,,,,,,,,,,,,,,,,,,,,,,,,,,,,4,2,6,-2,nhl-chi,"{""common_opponents"": 1, ""games_played"": 1, ""head_to_head"": 1, ""home_advantage"": 1, ""last10_form"": 1, ""season_scoring"": 1, ""travel_km"": 1}"
2025010049,NHL,20252026,preseason,2025-09-27,2025-09-27,nhl-cgy,nhl-wpg,final,,,0,0,,,0.25,,,,,,,,,,,,,,,,,,,,,,,,,,,,,,,,,,,2,4,6,2,nhl-wpg,"{""common_opponents"": 1, ""games_played"": 1, ""head_to_head"": 1, ""home_advantage"": 1, ""last10_form"": 1, ""season_scoring"": 1, ""travel_km"": 1}"
2025010050,NHL,20252026,preseason,2025-09-27,2025-09-27,nhl-cbj,nhl-pit,final,,,0,0,,,0.25,,,,,,,,,,,,,,,,,,,,,,,,,,,,,,,,,,,1,4,5,3,nhl-pit,"{""common_opponents"": 1, ""games_played"": 1, ""head_to_head"": 1, ""home_advantage"": 1, ""last10_form"": 1, ""season_scoring"": 1, ""travel_km"": 1}"
2025010051,NHL,20252026,preseason,2025-09-27,2025-09-27,nhl-dal,nhl-col,final,,,0,0,,,0.25,,,,,,,,,,,,,,,,,,,,,,,,,,,,,,,,,,,1,4,5,3,nhl-col,"{""common_opponents"": 1, ""games_played"": 1, ""head_to_head"": 1, ""home_advantage"": 1, ""last10_form"": 1, ""season_scoring"": 1, ""travel_km"": 1}"
2025010052,NHL,20252026,preseason,2025-09-27,2025-09-27,nhl-det,nhl-buf,final,,,0,0,,,0.25,,,,,,,,,,,,,,,,,,,,,,,,,,,,,,,,,,,2,5,7,3,nhl-buf,"{""common_opponents"": 1, ""games_played"": 1, ""head_to_head"": 1, ""home_advantage"": 1, ""last10_form"": 1, ""season_scoring"": 1, ""travel_km"": 1}"
2025010053,NHL,20252026,preseason,2025-09-27,2025-09-27,nhl-mtl,nhl-tor,final,,,0,0,,,0.25,,,,,,,,,,,,,,,,,,,,,,,,,,,,,,,,,,,4,2,6,-2,nhl-mtl,"{""common_opponents"": 1, ""games_played"": 1, ""head_to_head"": 1, ""home_advantage"": 1, ""last10_form"": 1, ""season_scoring"": 1, ""travel_km"": 1}"
2025010054,NHL,20252026,preseason,2025-09-27,2025-09-27,nhl-nsh,nhl-tbl,final,,,0,0,,,0.25,,,,,,,,,,,,,,,,,,,,,,,,,,,,,,,,,,,1,4,5,3,nhl-tbl,"{""common_opponents"": 1, ""games_played"": 1, ""head_to_head"": 1, ""home_advantage"": 1, ""last10_form"": 1, ""season_scoring"": 1, ""travel_km"": 1}"
2025010055,NHL,20252026,preseason,2025-09-28,2025-09-28,nhl-nsh,nhl-car,final,,,0,0,,,0.25,,,,,,,,,,,,,,,,,,,,,,,,,,,,,,,,,,,2,4,6,2,nhl-car,"{""common_opponents"": 1, ""games_played"": 1, ""head_to_head"": 1, ""home_advantage"": 1, ""last10_form"": 1, ""season_scoring"": 1, ""travel_km"": 1}"
2025010056,NHL,20252026,preseason,2025-09-28,2025-09-28,nhl-njd,nhl-ott,final,,,0,0,,,0.25,,,,,,,,,,,,,,,,,,,,,,,,,,,,,,,,,,,0,2,2,2,nhl-ott,"{""common_opponents"": 1, ""games_played"": 1, ""head_to_head"": 1, ""home_advantage"": 1, ""last10_form"": 1, ""season_scoring"": 1, ""travel_km"": 1}"
2025010057,NHL,20252026,preseason,2025-09-28,2025-09-28,nhl-chi,nhl-min,final,,,0,0,,,0.25,,,,,,,,,,,,,,,,,,,,,,,,,,,,,,,,,,,4,1,5,-3,nhl-chi,"{""common_opponents"": 1, ""games_played"": 1, ""head_to_head"": 1, ""home_advantage"": 1, ""last10_form"": 1, ""season_scoring"": 1, ""travel_km"": 1}"
2025010058,NHL,20252026,preseason,2025-09-28,2025-09-28,nhl-van,nhl-edm,final,,,0,0,,,0.25,,,,,,,,,,,,,,,,,,,,,,,,,,,,,,,,,,,3,4,7,1,nhl-edm,"{""common_opponents"": 1, ""games_played"": 1, ""head_to_head"": 1, ""home_advantage"": 1, ""last10_form"": 1, ""season_scoring"": 1, ""travel_km"": 1}"
2025010059,NHL,20252026,preseason,2025-09-28,2025-09-28,nhl-wsh,nhl-njd,final,,,0,0,,,0.25,,,,,,,,,,,,,,,,,,,,,,,,,,,,,,,,,,,3,2,5,-1,nhl-wsh,"{""common_opponents"": 1, ""games_played"": 1, ""head_to_head"": 1, ""home_advantage"": 1, ""last10_form"": 1, ""season_scoring"": 1, ""travel_km"": 1}"
2025010060,NHL,20252026,preseason,2025-09-29,2025-09-29,nhl-cgy,nhl-sea,final,,,0,0,,,0.25,,,,,,,,,,,,,,,,,,,,,,,,,,,,,,,,,,,2,1,3,-1,nhl-cgy,"{""common_opponents"": 1, ""games_played"": 1, ""head_to_head"": 1, ""home_advantage"": 1, ""last10_form"": 1, ""season_scoring"": 1, ""travel_km"": 1}"
2025010061,NHL,20252026,preseason,2025-09-29,2025-09-29,nhl-car,nhl-fla,final,,,0,0,,,0.25,,,,,,,,,,,,,,,,,,,,,,,,,,,,,,,,,,,3,4,7,1,nhl-fla,"{""common_opponents"": 1, ""games_played"": 1, ""head_to_head"": 1, ""home_advantage"": 1, ""last10_form"": 1, ""season_scoring"": 1, ""travel_km"": 1}"
2025010062,NHL,20252026,preseason,2025-09-29,2025-09-29,nhl-nyr,nhl-nyi,final,,,0,0,,,0.25,,,,,,,,,,,,,,,,,,,,,,,,,,,,,,,,,,,3,2,5,-1,nhl-nyr,"{""common_opponents"": 1, ""games_played"": 1, ""head_to_head"": 1, ""home_advantage"": 1, ""last10_form"": 1, ""season_scoring"": 1, ""travel_km"": 1}"
2025010063,NHL,20252026,preseason,2025-09-29,2025-09-29,nhl-phi,nhl-bos,final,,,0,0,,,0.25,,,,,,,,,,,,,,,,,,,,,,,,,,,,,,,,,,,3,2,5,-1,nhl-phi,"{""common_opponents"": 1, ""games_played"": 1, ""head_to_head"": 1, ""home_advantage"": 1, ""last10_form"": 1, ""season_scoring"": 1, ""travel_km"": 1}"
2025010064,NHL,20252026,preseason,2025-09-29,2025-09-29,nhl-pit,nhl-det,final,,,0,0,,,0.25,,,,,,,,,,,,,,,,,,,,,,,,,,,,,,,,,,,2,1,3,-1,nhl-pit,"{""common_opponents"": 1, ""games_played"": 1, ""head_to_head"": 1, ""home_advantage"": 1, ""last10_form"": 1, ""season_scoring"": 1, ""travel_km"": 1}"
2025010065,NHL,20252026,preseason,2025-09-29,2025-09-29,nhl-sjs,nhl-ana,final,,,0,0,,,0.25,,,,,,,,,,,,,,,,,,,,,,,,,,,,,,,,,,,2,3,5,1,nhl-ana,"{""common_opponents"": 1, ""games_played"": 1, ""head_to_head"": 1, ""home_advantage"": 1, ""last10_form"": 1, ""season_scoring"": 1, ""travel_km"": 1}"
2025010066,NHL,20252026,preseason,2025-09-30,2025-09-30,nhl-det,nhl-chi,final,,,0,0,,,0.25,,,,,,,,,,,,,,,,,,,,,,,,,,,,,,,,,,,3,1,4,-2,nhl-det,"{""common_opponents"": 1, ""games_played"": 1, ""head_to_head"": 1, ""home_advantage"": 1, ""last10_form"": 1, ""season_scoring"": 1, ""travel_km"": 1}"
2025010067,NHL,20252026,preseason,2025-09-30,2025-09-30,nhl-fla,nhl-tbl,final,,,0,0,,,0.25,,,,,,,,,,,,,,,,,,,,,,,,,,,,,,,,,,,2,3,5,1,nhl-tbl,"{""common_opponents"": 1, ""games_played"": 1, ""head_to_head"": 1, ""home_advantage"": 1, ""last10_form"": 1, ""season_scoring"": 1, ""travel_km"": 1}"
2025010068,NHL,20252026,preseason,2025-09-30,2025-09-30,nhl-lak,nhl-uta,final,,,0,0,,,0.25,,,,,,,,,,,,,,,,,,,,,,,,,,,,,,,,,,,3,2,5,-1,nhl-lak,"{""common_opponents"": 1, ""games_played"": 1, ""head_to_head"": 1, ""home_advantage"": 1, ""last10_form"": 1, ""season_scoring"": 1, ""travel_km"": 1}"
2025010069,NHL,20252026,preseason,2025-09-30,2025-09-30,nhl-mtl,nhl-ott,final,,,0,0,,,0.25,,,,,,,,,,,,,,,,,,,,,,,,,,,,,,,,,,,5,0,5,-5,nhl-mtl,"{""common_opponents"": 1, ""games_played"": 1, ""head_to_head"": 1, ""home_advantage"": 1, ""last10_form"": 1, ""season_scoring"": 1, ""travel_km"": 1}"
2025010070,NHL,20252026,preseason,2025-09-30,2025-09-30,nhl-vgk,nhl-col,final,,,0,0,,,0.25,,,,,,,,,,,,,,,,,,,,,,,,,,,,,,,,,,,2,4,6,2,nhl-col,"{""common_opponents"": 1, ""games_played"": 1, ""head_to_head"": 1, ""home_advantage"": 1, ""last10_form"": 1, ""season_scoring"": 1, ""travel_km"": 1}"
2025010071,NHL,20252026,preseason,2025-09-30,2025-09-30,nhl-wsh,nhl-cbj,final,,,0,0,,,0.25,,,,,,,,,,,,,,,,,,,,,,,,,,,,,,,,,,,4,3,7,-1,nhl-wsh,"{""common_opponents"": 1, ""games_played"": 1, ""head_to_head"": 1, ""home_advantage"": 1, ""last10_form"": 1, ""season_scoring"": 1, ""travel_km"": 1}"
2025010072,NHL,20252026,preseason,2025-09-30,2025-09-30,nhl-wpg,nhl-min,final,,,0,0,,,0.25,,,,,,,,,,,,,,,,,,,,,,,,,,,,,,,,,,,2,3,5,1,nhl-min,"{""common_opponents"": 1, ""games_played"": 1, ""head_to_head"": 1, ""home_advantage"": 1, ""last10_form"": 1, ""season_scoring"": 1, ""travel_km"": 1}"
2025010102,NHL,20252026,preseason,2025-09-30,2025-09-30,nhl-dal,nhl-stl,final,,,0,0,,,0.25,,,,,,,,,,,,,,,,,,,,,,,,,,,,,,,,,,,5,3,8,-2,nhl-dal,"{""common_opponents"": 1, ""games_played"": 1, ""head_to_head"": 1, ""home_advantage"": 1, ""last10_form"": 1, ""season_scoring"": 1, ""travel_km"": 1}"
2025010073,NHL,20252026,preseason,2025-10-01,2025-10-01,nhl-ana,nhl-sjs,final,,,0,0,,,0.25,,,,,,,,,,,,,,,,,,,,,,,,,,,,,,,,,,,5,2,7,-3,nhl-ana,"{""common_opponents"": 1, ""games_played"": 1, ""head_to_head"": 1, ""home_advantage"": 1, ""last10_form"": 1, ""season_scoring"": 1, ""travel_km"": 1}"
2025010074,NHL,20252026,preseason,2025-10-01,2025-10-01,nhl-col,nhl-vgk,final,,,0,0,,,0.25,,,,,,,,,,,,,,,,,,,,,,,,,,,,,,,,,,,1,2,3,1,nhl-vgk,"{""common_opponents"": 1, ""games_played"": 1, ""head_to_head"": 1, ""home_advantage"": 1, ""last10_form"": 1, ""season_scoring"": 1, ""travel_km"": 1}"
2025010075,NHL,20252026,preseason,2025-10-01,2025-10-01,nhl-edm,nhl-sea,final,,,0,0,,,0.25,,,,,,,,,,,,,,,,,,,,,,,,,,,,,,,,,,,2,4,6,2,nhl-sea,"{""common_opponents"": 1, ""games_played"": 1, ""head_to_head"": 1, ""home_advantage"": 1, ""last10_form"": 1, ""season_scoring"": 1, ""travel_km"": 1}"
2025010076,NHL,20252026,preseason,2025-10-01,2025-10-01,nhl-pit,nhl-buf,final,,,0,0,,,0.25,,,,,,,,,,,,,,,,,,,,,,,,,,,,,,,,,,,5,3,8,-2,nhl-pit,"{""common_opponents"": 1, ""games_played"": 1, ""head_to_head"": 1, ""home_advantage"": 1, ""last10_form"": 1, ""season_scoring"": 1, ""travel_km"": 1}"
2025010077,NHL,20252026,preseason,2025-10-01,2025-10-01,nhl-van,nhl-cgy,final,,,0,0,,,0.25,,,,,,,,,,,,,,,,,,,,,,,,,,,,,,,,,,,8,1,9,-7,nhl-van,"{""common_opponents"": 1, ""games_played"": 1, ""head_to_head"": 1, ""home_advantage"": 1, ""last10_form"": 1, ""season_scoring"": 1, ""travel_km"": 1}"
2025010078,NHL,20252026,preseason,2025-10-02,2025-10-02,nhl-bos,nhl-wsh,final,,,0,0,,,0.25,,,,,,,,,,,,,,,,,,,,,,,,,,,,,,,,,,,3,1,4,-2,nhl-bos,"{""common_opponents"": 1, ""games_played"": 1, ""head_to_head"": 1, ""home_advantage"": 1, ""last10_form"": 1, ""season_scoring"": 1, ""travel_km"": 1}"
2025010079,NHL,20252026,preseason,2025-10-02,2025-10-02,nhl-det,nhl-tor,final,,,0,0,,,0.25,,,,,,,,,,,,,,,,,,,,,,,,,,,,,,,,,,,3,1,4,-2,nhl-det,"{""common_opponents"": 1, ""games_played"": 1, ""head_to_head"": 1, ""home_advantage"": 1, ""last10_form"": 1, ""season_scoring"": 1, ""travel_km"": 1}"
2025010080,NHL,20252026,preseason,2025-10-02,2025-10-02,nhl-fla,nhl-tbl,final,,,0,0,,,0.25,,,,,,,,,,,,,,,,,,,,,,,,,,,,,,,,,,,2,5,7,3,nhl-tbl,"{""common_opponents"": 1, ""games_played"": 1, ""head_to_head"": 1, ""home_advantage"": 1, ""last10_form"": 1, ""season_scoring"": 1, ""travel_km"": 1}"
2025010081,NHL,20252026,preseason,2025-10-02,2025-10-02,nhl-lak,nhl-uta,final,,,0,0,,,0.25,,,,,,,,,,,,,,,,,,,,,,,,,,,,,,,,,,,1,2,3,1,nhl-uta,"{""common_opponents"": 1, ""games_played"": 1, ""head_to_head"": 1, ""home_advantage"": 1, ""last10_form"": 1, ""season_scoring"": 1, ""travel_km"": 1}"
2025010082,NHL,20252026,preseason,2025-10-02,2025-10-02,nhl-njd,nhl-nyr,final,,,0,0,,,0.25,,,,,,,,,,,,,,,,,,,,,,,,,,,,,,,,,,,3,1,4,-2,nhl-njd,"{""common_opponents"": 1, ""games_played"": 1, ""head_to_head"": 1, ""home_advantage"": 1, ""last10_form"": 1, ""season_scoring"": 1, ""travel_km"": 1}"
2025010083,NHL,20252026,preseason,2025-10-02,2025-10-02,nhl-nyi,nhl-phi,final,,,0,0,,,0.25,,,,,,,,,,,,,,,,,,,,,,,,,,,,,,,,,,,4,3,7,-1,nhl-nyi,"{""common_opponents"": 1, ""games_played"": 1, ""head_to_head"": 1, ""home_advantage"": 1, ""last10_form"": 1, ""season_scoring"": 1, ""travel_km"": 1}"
2025010084,NHL,20252026,preseason,2025-10-02,2025-10-02,nhl-ott,nhl-stl,final,,,0,0,,,0.25,,,,,,,,,,,,,,,,,,,,,,,,,,,,,,,,,,,1,7,8,6,nhl-stl,"{""common_opponents"": 1, ""games_played"": 1, ""head_to_head"": 1, ""home_advantage"": 1, ""last10_form"": 1, ""season_scoring"": 1, ""travel_km"": 1}"
2025010085,NHL,20252026,preseason,2025-10-03,2025-10-03,nhl-buf,nhl-pit,final,,,0,0,,,0.25,,,,,,,,,,,,,,,,,,,,,,,,,,,,,,,,,,,4,5,9,1,nhl-pit,"{""common_opponents"": 1, ""games_played"": 1, ""head_to_head"": 1, ""home_advantage"": 1, ""last10_form"": 1, ""season_scoring"": 1, ""travel_km"": 1}"
2025010086,NHL,20252026,preseason,2025-10-03,2025-10-03,nhl-min,nhl-chi,final,,,0,0,,,0.25,,,,,,,,,,,,,,,,,,,,,,,,,,,,,,,,,,,3,2,5,-1,nhl-min,"{""common_opponents"": 1, ""games_played"": 1, ""head_to_head"": 1, ""home_advantage"": 1, ""last10_form"": 1, ""season_scoring"": 1, ""travel_km"": 1}"
2025010087,NHL,20252026,preseason,2025-10-03,2025-10-03,nhl-edm,nhl-van,final,,,0,0,,,0.25,,,,,,,,,,,,,,,,,,,,,,,,,,,,,,,,,,,2,3,5,1,nhl-van,"{""common_opponents"": 1, ""games_played"": 1, ""head_to_head"": 1, ""home_advantage"": 1, ""last10_form"": 1, ""season_scoring"": 1, ""travel_km"": 1}"
2025010088,NHL,20252026,preseason,2025-10-03,2025-10-03,nhl-sjs,nhl-vgk,final,,,0,0,,,0.25,,,,,,,,,,,,,,,,,,,,,,,,,,,,,,,,,,,4,1,5,-3,nhl-sjs,"{""common_opponents"": 1, ""games_played"": 1, ""head_to_head"": 1, ""home_advantage"": 1, ""last10_form"": 1, ""season_scoring"": 1, ""travel_km"": 1}"
2025010089,NHL,20252026,preseason,2025-10-03,2025-10-03,nhl-wpg,nhl-cgy,final,,,0,0,,,0.25,,,,,,,,,,,,,,,,,,,,,,,,,,,,,,,,,,,5,4,9,-1,nhl-wpg,"{""common_opponents"": 1, ""games_played"": 1, ""head_to_head"": 1, ""home_advantage"": 1, ""last10_form"": 1, ""season_scoring"": 1, ""travel_km"": 1}"
2025010090,NHL,20252026,preseason,2025-10-04,2025-10-04,nhl-ana,nhl-lak,final,,,0,0,,,0.25,,,,,,,,,,,,,,,,,,,,,,,,,,,,,,,,,,,4,5,9,1,nhl-lak,"{""common_opponents"": 1, ""games_played"": 1, ""head_to_head"": 1, ""home_advantage"": 1, ""last10_form"": 1, ""season_scoring"": 1, ""travel_km"": 1}"
2025010091,NHL,20252026,preseason,2025-10-04,2025-10-04,nhl-car,nhl-nsh,final,,,0,0,,,0.25,,,,,,,,,,,,,,,,,,,,,,,,,,,,,,,,,,,2,3,5,1,nhl-nsh,"{""common_opponents"": 1, ""games_played"": 1, ""head_to_head"": 1, ""home_advantage"": 1, ""last10_form"": 1, ""season_scoring"": 1, ""travel_km"": 1}"
2025010092,NHL,20252026,preseason,2025-10-04,2025-10-04,nhl-col,nhl-dal,final,,,0,0,,,0.25,,,,,,,,,,,,,,,,,,,,,,,,,,,,,,,,,,,2,3,5,1,nhl-dal,"{""common_opponents"": 1, ""games_played"": 1, ""head_to_head"": 1, ""home_advantage"": 1, ""last10_form"": 1, ""season_scoring"": 1, ""travel_km"": 1}"
2025010093,NHL,20252026,preseason,2025-10-04,2025-10-04,nhl-cbj,nhl-wsh,final,,,0,0,,,0.25,,,,,,,,,,,,,,,,,,,,,,,,,,,,,,,,,,,1,2,3,1,nhl-wsh,"{""common_opponents"": 1, ""games_played"": 1, ""head_to_head"": 1, ""home_advantage"": 1, ""last10_form"": 1, ""season_scoring"": 1, ""travel_km"": 1}"
2025010094,NHL,20252026,preseason,2025-10-04,2025-10-04,nhl-njd,nhl-phi,final,,,0,0,,,0.25,,,,,,,,,,,,,,,,,,,,,,,,,,,,,,,,,,,3,4,7,1,nhl-phi,"{""common_opponents"": 1, ""games_played"": 1, ""head_to_head"": 1, ""home_advantage"": 1, ""last10_form"": 1, ""season_scoring"": 1, ""travel_km"": 1}"
2025010095,NHL,20252026,preseason,2025-10-04,2025-10-04,nhl-nyr,nhl-bos,final,,,0,0,,,0.25,,,,,,,,,,,,,,,,,,,,,,,,,,,,,,,,,,,1,4,5,3,nhl-bos,"{""common_opponents"": 1, ""games_played"": 1, ""head_to_head"": 1, ""home_advantage"": 1, ""last10_form"": 1, ""season_scoring"": 1, ""travel_km"": 1}"
2025010096,NHL,20252026,preseason,2025-10-04,2025-10-04,nhl-ott,nhl-mtl,final,,,0,0,,,0.25,,,,,,,,,,,,,,,,,,,,,,,,,,,,,,,,,,,3,1,4,-2,nhl-ott,"{""common_opponents"": 1, ""games_played"": 1, ""head_to_head"": 1, ""home_advantage"": 1, ""last10_form"": 1, ""season_scoring"": 1, ""travel_km"": 1}"
2025010097,NHL,20252026,preseason,2025-10-04,2025-10-04,nhl-stl,nhl-chi,final,,,0,0,,,0.25,,,,,,,,,,,,,,,,,,,,,,,,,,,,,,,,,,,4,0,4,-4,nhl-stl,"{""common_opponents"": 1, ""games_played"": 1, ""head_to_head"": 1, ""home_advantage"": 1, ""last10_form"": 1, ""season_scoring"": 1, ""travel_km"": 1}"
2025010098,NHL,20252026,preseason,2025-10-04,2025-10-04,nhl-sjs,nhl-uta,final,,,0,0,,,0.25,,,,,,,,,,,,,,,,,,,,,,,,,,,,,,,,,,,4,6,10,2,nhl-uta,"{""common_opponents"": 1, ""games_played"": 1, ""head_to_head"": 1, ""home_advantage"": 1, ""last10_form"": 1, ""season_scoring"": 1, ""travel_km"": 1}"
2025010099,NHL,20252026,preseason,2025-10-04,2025-10-04,nhl-tbl,nhl-fla,final,,,0,0,,,0.25,,,,,,,,,,,,,,,,,,,,,,,,,,,,,,,,,,,0,7,7,7,nhl-fla,"{""common_opponents"": 1, ""games_played"": 1, ""head_to_head"": 1, ""home_advantage"": 1, ""last10_form"": 1, ""season_scoring"": 1, ""travel_km"": 1}"
2025010100,NHL,20252026,preseason,2025-10-04,2025-10-04,nhl-tor,nhl-det,final,,,0,0,,,0.25,,,,,,,,,,,,,,,,,,,,,,,,,,,,,,,,,,,5,6,11,1,nhl-det,"{""common_opponents"": 1, ""games_played"": 1, ""head_to_head"": 1, ""home_advantage"": 1, ""last10_form"": 1, ""season_scoring"": 1, ""travel_km"": 1}"
2025020001,NHL,20252026,regular,2025-10-07,2025-10-07,nhl-chi,nhl-fla,final,,,0,0,,,0.25,,,,,,,,,,,,,,,,,,,,,,,,,,,,,,,,,,,2,3,5,1,nhl-fla,"{""common_opponents"": 1, ""games_played"": 1, ""head_to_head"": 1, ""home_advantage"": 1, ""last10_form"": 1, ""season_scoring"": 1, ""travel_km"": 1}"
2025020002,NHL,20252026,regular,2025-10-07,2025-10-07,nhl-pit,nhl-nyr,final,,,0,0,,,0.25,,,,,,,,,,,,,,,,,,,,,,,,,,,,,,,,,,,3,0,3,-3,nhl-pit,"{""common_opponents"": 1, ""games_played"": 1, ""head_to_head"": 1, ""home_advantage"": 1, ""last10_form"": 1, ""season_scoring"": 1, ""travel_km"": 1}"
2025020003,NHL,20252026,regular,2025-10-07,2025-10-07,nhl-col,nhl-lak,final,,,0,0,,,0.25,,,,,,,,,,,,,,,,,,,,,,,,,,,,,,,,,,,4,1,5,-3,nhl-col,"{""common_opponents"": 1, ""games_played"": 1, ""head_to_head"": 1, ""home_advantage"": 1, ""last10_form"": 1, ""season_scoring"": 1, ""travel_km"": 1}"
2025020004,NHL,20252026,regular,2025-10-08,2025-10-08,nhl-mtl,nhl-tor,final,,,0,0,,,0.25,,,,,,,,,,,,,,,,,,,,,,,,,,,,,,,,,,,2,5,7,3,nhl-tor,"{""common_opponents"": 1, ""games_played"": 1, ""head_to_head"": 1, ""home_advantage"": 1, ""last10_form"": 1, ""season_scoring"": 1, ""travel_km"": 1}"
2025020005,NHL,20252026,regular,2025-10-08,2025-10-08,nhl-bos,nhl-wsh,final,,,0,0,,,0.25,,,,,,,,,,,,,,,,,,,,,,,,,,,,,,,,,,,3,1,4,-2,nhl-bos,"{""common_opponents"": 1, ""games_played"": 1, ""head_to_head"": 1, ""home_advantage"": 1, ""last10_form"": 1, ""season_scoring"": 1, ""travel_km"": 1}"
2025020006,NHL,20252026,regular,2025-10-08,2025-10-08,nhl-cgy,nhl-edm,final,,,0,0,,,0.25,,,,,,,,,,,,,,,,,,,,,,,,,,,,,,,,,,,4,3,7,-1,nhl-cgy,"{""common_opponents"": 1, ""games_played"": 1, ""head_to_head"": 1, ""home_advantage"": 1, ""last10_form"": 1, ""season_scoring"": 1, ""travel_km"": 1}"
2025020007,NHL,20252026,regular,2025-10-08,2025-10-08,nhl-lak,nhl-vgk,final,,,1,0,,,0.25,,,,,362.6,,0,1,0,0.0,1.0,4.0,1,,,,,,,,,,,,,,,,,,,,,,6,5,11,-1,nhl-lak,"{""common_opponents"": 1, ""games_played"": 1, ""head_to_head"": 1, ""home_advantage"": 1, ""last10_form"": 1, ""season_scoring"": 1, ""travel_km"": 1}"
2025020008,NHL,20252026,regular,2025-10-09,2025-10-09,nhl-chi,nhl-bos,final,,,1,1,,,0.25,,,,,1990.1,633.4,0,1,0,0.0,2.0,3.0,1,1,0,0,1.0,3.0,1.0,1,,,,,,,,,,,,,,,3,4,7,1,nhl-bos,"{""common_opponents"": 1, ""games_played"": 1, ""head_to_head"": 1, ""home_advantage"": 1, ""last10_form"": 1, ""season_scoring"": 1, ""travel_km"": 1}"
2025020009,NHL,20252026,regular,2025-10-09,2025-10-09,nhl-nyr,nhl-buf,final,,,1,0,,,0.25,,,,,468.5,,0,1,0,0.0,0.0,3.0,1,,,,,,,,,,,,,,,,,,,,,,4,0,4,-4,nhl-nyr,"{""common_opponents"": 1, ""games_played"": 1, ""head_to_head"": 1, ""home_advantage"": 1, ""last10_form"": 1, ""season_scoring"": 1, ""travel_km"": 1}"
2025020010,NHL,20252026,regular,2025-10-09,2025-10-09,nhl-mtl,nhl-det,final,,,1,0,,,0.25,,,,,332.2,,0,1,0,0.0,2.0,5.0,1,,,,,,,,,,,,,,,,,,,,,,5,1,6,-4,nhl-mtl,"{""common_opponents"": 1, ""games_played"": 1, ""head_to_head"": 1, ""home_advantage"": 1, ""last10_form"": 1, ""season_scoring"": 1, ""travel_km"": 1}"
2025020011,NHL,20252026,regular,2025-10-09,2025-10-09,nhl-ott,nhl-tbl,final,,,0,0,,,0.25,,,,,,,,,,,,,,,,,,,,,,,,,,,,,,,,,,,5,4,9,-1,nhl-ott,"{""common_opponents"": 1, ""games_played"": 1, ""head_to_head"": 1, ""home_advantage"": 1, ""last10_form"": 1, ""season_scoring"": 1, ""travel_km"": 1}"
2025020012,NHL,20252026,regular,2025-10-09,2025-10-09,nhl-phi,nhl-fla,final,,,0,1,,,0.25,,,,,,0.0,,,,,,,,1,0,0,1.0,3.0,2.0,1,,,,,,,,,,,,,,,1,2,3,1,nhl-fla,"{""common_opponents"": 1, ""games_played"": 1, ""head_to_head"": 1, ""home_advantage"": 1, ""last10_form"": 1, ""season_scoring"": 1, ""travel_km"": 1}"
2025020013,NHL,20252026,regular,2025-10-09,2025-10-09,nhl-nyi,nhl-pit,final,,,0,1,,,0.25,,,,,,507.4,,,,,,,,1,0,0,1.0,3.0,0.0,1,,,,,,,,,,,,,,,3,4,7,1,nhl-pit,"{""common_opponents"": 1, ""games_played"": 1, ""head_to_head"": 1, ""home_advantage"": 1, ""last10_form"": 1, ""season_scoring"": 1, ""travel_km"": 1}"
2025020014,NHL,20252026,regular,2025-10-09,2025-10-09,nhl-njd,nhl-car,final,,,0,0,,,0.25,,,,,,,,,,,,,,,,,,,,,,,,,,,,,,,,,,,3,6,9,3,nhl-car,"{""common_opponents"": 1, ""games_played"": 1, ""head_to_head"": 1, ""home_advantage"": 1, ""last10_form"": 1, ""season_scoring"": 1, ""travel_km"": 1}"
2025020015,NHL,20252026,regular,2025-10-09,2025-10-09,nhl-min,nhl-stl,final,,,0,0,,,0.25,,,,,,,,,,,,,,,,,,,,,,,,,,,,,,,,,,,5,0,5,-5,nhl-min,"{""common_opponents"": 1, ""games_played"": 1, ""head_to_head"": 1, ""home_advantage"": 1, ""last10_form"": 1, ""season_scoring"": 1, ""travel_km"": 1}"
2025020016,NHL,20252026,regular,2025-10-09,2025-10-09,nhl-cbj,nhl-nsh,final,,,0,0,,,0.25,,,,,,,,,,,,,,,,,,,,,,,,,,,,,,,,,,,1,2,3,1,nhl-nsh,"{""common_opponents"": 1, ""games_played"": 1, ""head_to_head"": 1, ""home_advantage"": 1, ""last10_form"": 1, ""season_scoring"": 1, ""travel_km"": 1}"
2025020017,NHL,20252026,regular,2025-10-09,2025-10-09,nhl-dal,nhl-wpg,final,,,0,0,,,0.25,,,,,,,,,,,,,,,,,,,,,,,,,,,,,,,,,,,5,4,9,-1,nhl-dal,"{""common_opponents"": 1, ""games_played"": 1, ""head_to_head"": 1, ""home_advantage"": 1, ""last10_form"": 1, ""season_scoring"": 1, ""travel_km"": 1}"
2025020018,NHL,20252026,regular,2025-10-09,2025-10-09,nhl-uta,nhl-col,final,,,0,1,,,0.25,,,,,,1337.0,,,,,,,,1,0,0,1.0,4.0,1.0,1,,,,,,,,,,,,,,,1,2,3,1,nhl-col,"{""common_opponents"": 1, ""games_played"": 1, ""head_to_head"": 1, ""home_advantage"": 1, ""last10_form"": 1, ""season_scoring"": 1, ""travel_km"": 1}"
2025020019,NHL,20252026,regular,2025-10-09,2025-10-09,nhl-cgy,nhl-van,final,,,1,0,,,0.25,,,,,817.2,,1,0,0,1.0,4.0,3.0,1,,,,,,,,,,,,,,,,,,,,,,1,5,6,4,nhl-van,"{""common_opponents"": 1, ""games_played"": 1, ""head_to_head"": 1, ""home_advantage"": 1, ""last10_form"": 1, ""season_scoring"": 1, ""travel_km"": 1}"
2025020020,NHL,20252026,regular,2025-10-09,2025-10-09,nhl-vgk,nhl-sjs,final,,,1,0,,,0.25,,,,,614.5,,0,0,1,0.5,5.0,6.0,1,,,,,,,,,,,,,,,,,,,,,,4,3,7,-1,nhl-vgk,"{""common_opponents"": 1, ""games_played"": 1, ""head_to_head"": 1, ""home_advantage"": 1, ""last10_form"": 1, ""season_scoring"": 1, ""travel_km"": 1}"
2025020021,NHL,20252026,regular,2025-10-09,2025-10-09,nhl-ana,nhl-sea,final,,,0,0,,,0.25,,,,,,,,,,,,,,,,,,,,,,,,,,,,,,,,,,,1,3,4,2,nhl-sea,"{""common_opponents"": 1, ""games_played"": 1, ""head_to_head"": 1, ""home_advantage"": 1, ""last10_form"": 1, ""season_scoring"": 1, ""travel_km"": 1}"
2025020022,NHL,20252026,regular,2025-10-11,2025-10-11,nhl-lak,nhl-wpg,final,,,2,1,,,0.25,,,,,2111.0,0.0,1,1,0,0.5,3.5,4.5,2,0,1,0,0.0,4.0,5.0,1,,,,,,,,,,,,,,,2,3,5,1,nhl-wpg,"{""common_opponents"": 1, ""games_played"": 1, ""head_to_head"": 1, ""home_advantage"": 1, ""last10_form"": 1, ""season_scoring"": 1, ""travel_km"": 1}"
2025020023,NHL,20252026,regular,2025-10-11,2025-10-11,nhl-stl,nhl-cgy,final,,,1,2,,,0.25,,,,,2315.4,673.7,0,1,0,0.0,0.0,5.0,1,1,1,0,0.5,2.5,4.0,2,,,,,,,,,,,,,,,4,2,6,-2,nhl-stl,"{""common_opponents"": 1, ""games_played"": 1, ""head_to_head"": 1, ""home_advantage"": 1, ""last10_form"": 1, ""season_scoring"": 1, ""travel_km"": 1}"
2025020024,NHL,20252026,regular,2025-10-11,2025-10-11,nhl-buf,nhl-bos,final,,,1,2,,,0.25,,,,,641.7,0.0,0,1,0,0.0,0.0,4.0,1,2,0,0,1.0,3.5,2.0,2,,,,,,,,,,,,,,,1,3,4,2,nhl-bos,"{""common_opponents"": 1, ""games_played"": 1, ""head_to_head"": 1, ""home_advantage"": 1, ""last10_form"": 1, ""season_scoring"": 1, ""travel_km"": 1}"
2025020025,NHL,20252026,regular,2025-10-11,2025-10-11,nhl-tor,nhl-det,final,,,1,1,,,0.25,,,,,332.2,0.0,1,0,0,1.0,5.0,2.0,1,0,1,0,0.0,1.0,5.0,1,1,1,5.0,2.0,1,1,1.0,5.0,,,,,,,3,6,9,3,nhl-det,"{""common_opponents"": 1, ""games_played"": 1, ""head_to_head"": 1, ""home_advantage"": 1, ""last10_form"": 1, ""season_scoring"": 1, ""travel_km"": 1}"
2025020026,NHL,20252026,regular,2025-10-11,2025-10-11,nhl-njd,nhl-tbl,final,,,1,1,,,0.25,,,,,942.1,0.0,0,1,0,0.0,3.0,6.0,1,0,1,0,0.0,4.0,5.0,1,,,,,,,,,,,,,,,5,3,8,-2,nhl-njd,"{""common_opponents"": 1, ""games_played"": 1, ""head_to_head"": 1, ""home_advantage"": 1, ""last10_form"": 1, ""season_scoring"": 1, ""travel_km"": 1}"
2025020027,NHL,20252026,regular,2025-10-11,2025-10-11,nhl-ott,nhl-fla,final,,,1,2,,,0.25,,,,,289.3,0.0,1,0,0,1.0,5.0,4.0,1,2,0,0,1.0,2.5,1.5,2,,,,,,,,,,,,,,,2,6,8,4,nhl-fla,"{""common_opponents"": 1, ""games_played"": 1, ""head_to_head"": 1, ""home_advantage"": 1, ""last10_form"": 1, ""season_scoring"": 1, ""travel_km"": 1}"
2025020028,NHL,20252026,regular,2025-10-11,2025-10-11,nhl-wsh,nhl-nyi,final,,,1,1,,,0.25,,,,,346.1,529.7,0,1,0,0.0,1.0,3.0,1,0,1,0,0.0,3.0,4.0,1,,,,,,,,,,,,,,,4,2,6,-2,nhl-wsh,"{""common_opponents"": 1, ""games_played"": 1, ""head_to_head"": 1, ""home_advantage"": 1, ""last10_form"": 1, ""season_scoring"": 1, ""travel_km"": 1}"
2025020029,NHL,20252026,regular,2025-10-11,2025-10-11,nhl-nyr,nhl-pit,final,,,2,2,,,0.25,,,,,286.2,0.0,1,1,0,0.5,2.0,1.5,2,2,0,0,1.0,3.5,1.5,2,,,,,,,,,1,0.0,3.0,1,3.0,0.0,6,1,7,-5,nhl-nyr,"{""common_opponents"": 1, ""games_played"": 1, ""head_to_head"": 1, ""home_advantage"": 1, ""last10_form"": 1, ""season_scoring"": 1, ""travel_km"": 1}"
2025020030,NHL,20252026,regular,2025-10-11,2025-10-11,nhl-phi,nhl-car,final,,,1,1,,,0.25,,,,,1083.2,0.0,0,1,0,0.0,1.0,2.0,1,1,0,0,1.0,6.0,3.0,1,,,,,,,,,,,,,,,3,4,7,1,nhl-car,"{""common_opponents"": 1, ""games_played"": 1, ""head_to_head"": 1, ""home_advantage"": 1, ""last10_form"": 1, ""season_scoring"": 1, ""travel_km"": 1}"
2025020031,NHL,20252026,regular,2025-10-11,2025-10-11,nhl-mtl,nhl-chi,final,,,2,2,,,0.25,,,,,384.4,1368.9,1,1,0,0.5,3.5,3.0,2,0,1,1,0.25,2.5,3.5,2,,,,,,,,,,,,,,,3,2,5,-1,nhl-mtl,"{""common_opponents"": 1, ""games_played"": 1, ""head_to_head"": 1, ""home_advantage"": 1, ""last10_form"": 1, ""season_scoring"": 1, ""travel_km"": 1}"
2025020032,NHL,20252026,regular,2025-10-11,2025-10-11,nhl-uta,nhl-nsh,final,,,1,1,,,0.25,,,,,1644.2,0.0,0,1,0,0.0,1.0,2.0,1,1,0,0,1.0,2.0,1.0,1,,,,,,,,,,,,,,,3,2,5,-1,nhl-uta,"{""common_opponents"": 1, ""games_played"": 1, ""head_to_head"": 1, ""home_advantage"": 1, ""last10_form"": 1, ""season_scoring"": 1, ""travel_km"": 1}"
2025020033,NHL,20252026,regular,2025-10-11,2025-10-11,nhl-cbj,nhl-min,final,,,1,1,,,0.25,,,,,1112.5,742.3,0,1,0,0.0,1.0,2.0,1,1,0,0,1.0,5.0,0.0,1,,,,,,,,,,,,,,,7,4,11,-3,nhl-cbj,"{""common_opponents"": 1, ""games_played"": 1, ""head_to_head"": 1, ""home_advantage"": 1, ""last10_form"": 1, ""season_scoring"": 1, ""travel_km"": 1}"
2025020034,NHL,20252026,regular,2025-10-11,2025-10-11,nhl-dal,nhl-col,final,,,1,2,,,0.25,,,,,1285.6,0.0,1,0,0,1.0,5.0,4.0,1,2,0,0,1.0,3.0,1.0,2,,,,,,,,,,,,,,,5,4,9,-1,nhl-dal,"{""common_opponents"": 1, ""games_played"": 1, ""head_to_head"": 1, ""home_advantage"": 1, ""last10_form"": 1, ""season_scoring"": 1, ""travel_km"": 1}"
2025020035,NHL,20252026,regular,2025-10-11,2025-10-11,nhl-van,nhl-edm,final,,,1,1,,,0.25,,,,,817.2,0.0,1,0,0,1.0,5.0,1.0,1,0,0,1,0.5,3.0,4.0,1,1,1,5.0,1.0,1,1,3.0,4.0,,,,,,,1,3,4,2,nhl-edm,"{""common_opponents"": 1, ""games_played"": 1, ""head_to_head"": 1, ""home_advantage"": 1, ""last10_form"": 1, ""season_scoring"": 1, ""travel_km"": 1}"
2025020036,NHL,20252026,regular,2025-10-11,2025-10-11,nhl-ana,nhl-sjs,final,,,1,1,,,0.25,,,,,1144.7,0.0,0,1,0,0.0,1.0,3.0,1,0,0,1,0.5,3.0,4.0,1,,,,,,,,,,,,,,,7,6,13,-1,nhl-ana,"{""common_opponents"": 1, ""games_played"": 1, ""head_to_head"": 1, ""home_advantage"": 1, ""last10_form"": 1, ""season_scoring"": 1, ""travel_km"": 1}"
2025020037,NHL,20252026,regular,2025-10-11,2025-10-11,nhl-vgk,nhl-sea,final,,,2,1,,,0.25,,,,,1144.7,0.0,1,0,1,0.75,4.5,4.5,2,1,0,0,1.0,3.0,1.0,1,,,,,,,,,,,,,,,1,2,3,1,nhl-sea,"{""common_opponents"": 1, ""games_played"": 1, ""head_to_head"": 1, ""home_advantage"": 1, ""last10_form"": 1, ""season_scoring"": 1, ""travel_km"": 1}"
2025020038,NHL,20252026,regular,2025-10-12,2025-10-12,nhl-wsh,nhl-nyr,final,,,2,3,,,0.25,,,,,22.8,507.4,1,1,0,0.5,2.5,2.5,2,2,1,0,0.6667,3.3333,1.3333,3,,,,,,,,,,,,,,,1,0,1,-1,nhl-wsh,"{""common_opponents"": 1, ""games_played"": 1, ""head_to_head"": 1, ""home_advantage"": 1, ""last10_form"": 1, ""season_scoring"": 1, ""travel_km"": 1}"
2025020039,NHL,20252026,regular,2025-10-13,2025-10-13,nhl-col,nhl-buf,final,,,3,2,,,0.25,,,,,2200.9,641.7,2,0,1,0.8333,3.3333,2.3333,3,0,2,0,0.0,0.5,3.5,2,,,,,,,,,,,,,,,3,1,4,-2,nhl-col,"{""common_opponents"": 1, ""games_played"": 1, ""head_to_head"": 1, ""home_advantage"": 1, ""last10_form"": 1, ""season_scoring"": 1, ""travel_km"": 1}"
2025020040,NHL,20252026,regular,2025-10-13,2025-10-13,nhl-tbl,nhl-bos,final,,,2,3,,,0.25,,,,,1905.0,0.0,0,2,0,0.0,3.5,5.0,2,3,0,0,1.0,3.3333,1.6667,3,,,,,,,,,,,,,,,4,3,7,-1,nhl-tbl,"{""common_opponents"": 1, ""games_played"": 1, ""head_to_head"": 1, ""home_advantage"": 1, ""last10_form"": 1, ""season_scoring"": 1, ""travel_km"": 1}"
2025020041,NHL,20252026,regular,2025-10-13,2025-10-13,nhl-nsh,nhl-ott,final,,,2,2,,,0.25,,,,,1364.4,2163.9,1,0,1,0.75,2.0,2.0,2,1,1,0,0.5,3.5,5.0,2,,,,,,,,,,,,,,,4,1,5,-3,nhl-nsh,"{""common_opponents"": 1, ""games_played"": 1, ""head_to_head"": 1, ""home_advantage"": 1, ""last10_form"": 1, ""season_scoring"": 1, ""travel_km"": 1}"
2025020042,NHL,20252026,regular,2025-10-13,2025-10-13,nhl-wpg,nhl-nyi,final,,,2,2,,,0.25,,,,,2084.0,0.0,1,1,0,0.5,3.5,3.5,2,0,2,0,0.0,2.5,4.0,2,,,,,,,,,,,,,,,5,2,7,-3,nhl-wpg,"{""common_opponents"": 1, ""games_played"": 1, ""head_to_head"": 1, ""home_advantage"": 1, ""last10_form"": 1, ""season_scoring"": 1, ""travel_km"": 1}"
2025020043,NHL,20252026,regular,2025-10-13,2025-10-13,nhl-det,nhl-tor,final,,,2,2,,,0.25,,,,,332.2,332.2,1,1,0,0.5,3.5,4.0,2,1,1,0,0.5,4.0,4.0,2,1,1,1.0,5.0,1,1,5.0,2.0,1,6.0,3.0,1,3.0,6.0,3,2,5,-1,nhl-det,"{""common_opponents"": 1, ""games_played"": 1, ""head_to_head"": 1, ""home_advantage"": 1, ""last10_form"": 1, ""season_scoring"": 1, ""travel_km"": 1}"
2025020044,NHL,20252026,regular,2025-10-13,2025-10-13,nhl-fla,nhl-phi,final,,,3,2,,,0.25,,,,,1601.1,551.9,3,0,0,1.0,3.6667,1.6667,3,0,1,1,0.25,2.0,3.0,2,,,,,,,,,1,2.0,1.0,1,1.0,2.0,2,5,7,3,nhl-phi,"{""common_opponents"": 1, ""games_played"": 1, ""head_to_head"": 1, ""home_advantage"": 1, ""last10_form"": 1, ""season_scoring"": 1, ""travel_km"": 1}"
2025020045,NHL,20252026,regular,2025-10-13,2025-10-13,nhl-njd,nhl-cbj,final,,,2,2,,,0.25,,,,,1338.3,994.8,1,1,0,0.5,4.0,4.5,2,1,1,0,0.5,4.0,3.0,2,,,,,,,,,,,,,,,3,2,5,-1,nhl-njd,"{""common_opponents"": 1, ""games_played"": 1, ""head_to_head"": 1, ""home_advantage"": 1, ""last10_form"": 1, ""season_scoring"": 1, ""travel_km"": 1}"
2025020046,NHL,20252026,regular,2025-10-13,2025-10-13,nhl-stl,nhl-van,final,,,2,2,,,0.25,,,,,673.7,817.2,1,1,0,0.5,2.0,3.5,2,1,1,0,0.5,3.0,2.0,2,1,1,4.0,2.0,1,1,5.0,1.0,,,,,,,5,2,7,-3,nhl-stl,"{""common_opponents"": 1, ""games_played"": 1, ""head_to_head"": 1, ""home_advantage"": 1, ""last10_form"": 1, ""season_scoring"": 1, ""travel_km"": 1}"
2025020047,NHL,20252026,regular,2025-10-13,2025-10-13,nhl-lak,nhl-min,final,,,3,2,,,0.25,,,,,628.4,0.0,1,2,0,0.3333,3.0,4.0,3,1,1,0,0.5,4.5,3.5,2,,,,,,,,,,,,,,,3,4,7,1,nhl-min,"{""common_opponents"": 1, ""games_played"": 1, ""head_to_head"": 1, ""home_advantage"": 1, ""last10_form"": 1, ""season_scoring"": 1, ""travel_km"": 1}"
2025020048,NHL,20252026,regular,2025-10-13,2025-10-13,nhl-uta,nhl-chi,final,,,2,3,,,0.25,,,,,640.9,0.0,1,1,0,0.5,2.0,2.0,2,0,2,1,0.1667,2.3333,3.3333,3,,,,,,,,,,,,,,,1,3,4,2,nhl-chi,"{""common_opponents"": 1, ""games_played"": 1, ""head_to_head"": 1, ""home_advantage"": 1, ""last10_form"": 1, ""season_scoring"": 1, ""travel_km"": 1}"
2025020049,NHL,20252026,regular,2025-10-14,2025-10-14,nhl-nsh,nhl-tor,final,,,3,3,,,0.25,,,,,329.8,0.0,2,0,1,0.8333,2.6667,1.6667,3,1,2,0,0.3333,3.3333,3.6667,3,,,,,,,,,,,,,,,4,7,11,3,nhl-tor,"{""common_opponents"": 1, ""games_played"": 1, ""head_to_head"": 1, ""home_advantage"": 1, ""last10_form"": 1, ""season_scoring"": 1, ""travel_km"": 1}"
2025020050,NHL,20252026,regular,2025-10-14,2025-10-14,nhl-sea,nhl-mtl,final,,,2,3,,,0.25,,,,,3675.5,1201.3,2,0,0,1.0,2.5,1.0,2,2,1,0,0.6667,3.3333,2.6667,3,,,,,,,,,,,,,,,4,5,9,1,nhl-mtl,"{""common_opponents"": 1, ""games_played"": 1, ""head_to_head"": 1, ""home_advantage"": 1, ""last10_form"": 1, ""season_scoring"": 1, ""travel_km"": 1}"
2025020051,NHL,20252026,regular,2025-10-14,2025-10-14,nhl-edm,nhl-nyr,final,,,2,4,,,0.25,,,,,3254.4,0.0,1,0,1,0.75,3.0,2.5,2,2,2,0,0.5,2.5,1.25,4,,,,,,,,,,,,,,,2,0,2,-2,nhl-edm,"{""common_opponents"": 1, ""games_played"": 1, ""head_to_head"": 1, ""home_advantage"": 1, ""last10_form"": 1, ""season_scoring"": 1, ""travel_km"": 1}"
2025020052,NHL,20252026,regular,2025-10-14,2025-10-14,nhl-tbl,nhl-wsh,final,,,3,3,,,0.25,,,,,633.4,330.5,1,2,0,0.3333,3.6667,4.3333,3,2,1,0,0.6667,2.0,1.6667,3,1,1,4.0,3.0,1,1,1.0,3.0,,,,,,,2,3,5,1,nhl-wsh,"{""common_opponents"": 1, ""games_played"": 1, ""head_to_head"": 1, ""home_advantage"": 1, ""last10_form"": 1, ""season_scoring"": 1, ""travel_km"": 1}"
2025020053,NHL,20252026,regular,2025-10-14,2025-10-14,nhl-vgk,nhl-cgy,final,,,3,3,,,0.25,,,,,710.8,0.0,1,0,2,0.6667,3.3333,3.6667,3,1,2,0,0.3333,2.3333,4.0,3,,,,,,,,,,,,,,,4,2,6,-2,nhl-vgk,"{""common_opponents"": 1, ""games_played"": 1, ""head_to_head"": 1, ""home_advantage"": 1, ""last10_form"": 1, ""season_scoring"": 1, ""travel_km"": 1}"
2025020054,NHL,20252026,regular,2025-10-14,2025-10-14,nhl-min,nhl-dal,final,,,3,2,,,0.25,,,,,1388.7,1066.1,2,1,0,0.6667,4.3333,3.3333,3,2,0,0,1.0,5.0,4.0,2,,,,,,,,,,,,,,,2,5,7,3,nhl-dal,"{""common_opponents"": 1, ""games_played"": 1, ""head_to_head"": 1, ""home_advantage"": 1, ""last10_form"": 1, ""season_scoring"": 1, ""travel_km"": 1}"
2025020055,NHL,20252026,regular,2025-10-14,2025-10-14,nhl-car,nhl-sjs,final,,,2,2,,,0.25,,,,,3826.1,0.0,2,0,0,1.0,5.0,3.0,2,0,0,2,0.5,4.5,5.5,2,,,,,,,,,,,,,,,5,1,6,-4,nhl-car,"{""common_opponents"": 1, ""games_played"": 1, ""head_to_head"": 1, ""home_advantage"": 1, ""last10_form"": 1, ""season_scoring"": 1, ""travel_km"": 1}"
2025020056,NHL,20252026,regular,2025-10-14,2025-10-14,nhl-pit,nhl-ana,final,,,3,2,,,0.25,,,,,3411.7,534.8,2,1,0,0.6667,2.6667,3.0,3,1,1,0,0.5,4.0,4.5,2,,,,,,,,,,,,,,,3,4,7,1,nhl-ana,"{""common_opponents"": 1, ""games_played"": 1, ""head_to_head"": 1, ""home_advantage"": 1, ""last10_form"": 1, ""season_scoring"": 1, ""travel_km"": 1}"
2025020057,NHL,20252026,regular,2025-10-15,2025-10-15,nhl-ott,nhl-buf,final,,,3,3,,,0.25,,,,,357.7,0.0,1,2,0,0.3333,2.6667,4.6667,3,0,3,0,0.0,0.6667,3.3333,3,,,,,,,,,,,,,,,4,8,12,4,nhl-buf,"{""common_opponents"": 1, ""games_played"": 1, ""head_to_head"": 1, ""home_advantage"": 1, ""last10_form"": 1, ""season_scoring"": 1, ""travel_km"": 1}"
2025020058,NHL,20252026,regular,2025-10-15,2025-10-15,nhl-fla,nhl-det,final,,,4,3,,,0.25,,,,,713.5,332.2,3,1,0,0.75,3.25,2.5,4,2,1,0,0.6667,3.3333,3.3333,3,,,,,,,,,,,,,,,1,4,5,3,nhl-det,"{""common_opponents"": 1, ""games_played"": 1, ""head_to_head"": 1, ""home_advantage"": 1, ""last10_form"": 1, ""season_scoring"": 1, ""travel_km"": 1}"
2025020059,NHL,20252026,regular,2025-10-15,2025-10-15,nhl-chi,nhl-stl,final,,,4,3,,,0.25,,,,,420.6,2858.8,1,2,1,0.375,2.5,2.75,4,2,1,0,0.6667,3.0,3.0,3,,,,,,,,,,,,,,,8,3,11,-5,nhl-chi,"{""common_opponents"": 1, ""games_played"": 1, ""head_to_head"": 1, ""home_advantage"": 1, ""last10_form"": 1, ""season_scoring"": 1, ""travel_km"": 1}"
2025020060,NHL,20252026,regular,2025-10-15,2025-10-15,nhl-cgy,nhl-uta,final,,,4,3,,,0.25,,,,,1153.8,2020.1,1,3,0,0.25,2.25,4.0,4,1,2,0,0.3333,1.6667,2.3333,3,,,,,,,,,,,,,,,1,3,4,2,nhl-uta,"{""common_opponents"": 1, ""games_played"": 1, ""head_to_head"": 1, ""home_advantage"": 1, ""last10_form"": 1, ""season_scoring"": 1, ""travel_km"": 1}"
2025020061,NHL,20252026,regular,2025-10-16,2025-10-16,nhl-nyr,nhl-tor,final,,,5,4,,,0.25,,,,,547.8,0.0,2,3,0,0.4,2.0,1.4,5,2,2,0,0.5,4.25,3.75,4,,,,,,,,,,,,,,,1,2,3,1,nhl-tor,"{""common_opponents"": 1, ""games_played"": 1, ""head_to_head"": 1, ""home_advantage"": 1, ""last10_form"": 1, ""season_scoring"": 1, ""travel_km"": 1}"
2025020062,NHL,20252026,regular,2025-10-16,2025-10-16,nhl-nsh,nhl-mtl,final,,,4,4,,,0.25,,,,,504.1,0.0,2,1,1,0.625,3.0,3.0,4,3,1,0,0.75,3.75,3.0,4,1,1,4.0,7.0,1,1,2.0,5.0,,,,,,,2,3,5,1,nhl-mtl,"{""common_opponents"": 1, ""games_played"": 1, ""head_to_head"": 1, ""home_advantage"": 1, ""last10_form"": 1, ""season_scoring"": 1, ""travel_km"": 1}"
2025020063,NHL,20252026,regular,2025-10-16,2025-10-16,nhl-sea,nhl-ott,final,,,3,4,,,0.25,,,,,185.4,357.7,2,0,1,0.8333,3.0,2.3333,3,1,3,0,0.25,3.0,5.5,4,,,,,,,,,,,,,,,3,4,7,1,nhl-ott,"{""common_opponents"": 1, ""games_played"": 1, ""head_to_head"": 1, ""home_advantage"": 1, ""last10_form"": 1, ""season_scoring"": 1, ""travel_km"": 1}"
2025020064,NHL,20252026,regular,2025-10-16,2025-10-16,nhl-fla,nhl-njd,final,,,5,3,,,0.25,,,,,760.3,753.2,3,2,0,0.6,2.8,2.8,5,2,1,0,0.6667,3.6667,3.6667,3,,,,,,,,,,,,,,,1,3,4,2,nhl-njd,"{""common_opponents"": 1, ""games_played"": 1, ""head_to_head"": 1, ""home_advantage"": 1, ""last10_form"": 1, ""season_scoring"": 1, ""travel_km"": 1}"
2025020065,NHL,20252026,regular,2025-10-16,2025-10-16,nhl-edm,nhl-nyi,final,,,3,3,,,0.25,,,,,22.8,0.0,2,0,1,0.8333,2.6667,1.6667,3,0,3,0,0.0,2.3333,4.3333,3,,,,,,,,,,,,,,,2,4,6,2,nhl-nyi,"{""common_opponents"": 1, ""games_played"": 1, ""head_to_head"": 1, ""home_advantage"": 1, ""last10_form"": 1, ""season_scoring"": 1, ""travel_km"": 1}"
2025020066,NHL,20252026,regular,2025-10-16,2025-10-16,nhl-wpg,nhl-phi,final,,,3,3,,,0.25,,,,,152.1,0.0,2,1,0,0.6667,4.0,3.0,3,1,1,1,0.5,3.0,2.6667,3,,,,,,,,,,,,,,,5,2,7,-3,nhl-wpg,"{""common_opponents"": 1, ""games_played"": 1, ""head_to_head"": 1, ""home_advantage"": 1, ""last10_form"": 1, ""season_scoring"": 1, ""travel_km"": 1}"
2025020067,NHL,20252026,regular,2025-10-16,2025-10-16,nhl-col,nhl-cbj,final,,,4,3,,,0.25,,,,,472.1,0.0,3,0,1,0.875,3.25,2.0,4,1,2,0,0.3333,3.3333,3.0,3,,,,,,,,,,,,,,,4,1,5,-3,nhl-col,"{""common_opponents"": 1, ""games_played"": 1, ""head_to_head"": 1, ""home_advantage"": 1, ""last10_form"": 1, ""season_scoring"": 1, ""travel_km"": 1}"
2025020068,NHL,20252026,regular,2025-10-16,2025-10-16,nhl-van,nhl-dal,final,,,3,3,,,0.25,,,,,2842.4,0.0,1,2,0,0.3333,2.6667,3.0,3,3,0,0,1.0,5.0,3.3333,3,,,,,,,,,,,,,,,5,3,8,-2,nhl-van,"{""common_opponents"": 1, ""games_played"": 1, ""head_to_head"": 1, ""home_advantage"": 1, ""last10_form"": 1, ""season_scoring"": 1, ""travel_km"": 1}"
2025020069,NHL,20252026,regular,2025-10-16,2025-10-16,nhl-bos,nhl-vgk,final,,,4,4,,,0.25,,,,,3819.1,1663.1,3,1,0,0.75,3.25,2.25,4,2,0,2,0.75,3.5,3.25,4,,,,,,,,,,,,,,,5,6,11,1,nhl-vgk,"{""common_opponents"": 1, ""games_played"": 1, ""head_to_head"": 1, ""home_advantage"": 1, ""last10_form"": 1, ""season_scoring"": 1, ""travel_km"": 1}"
2025020070,NHL,20252026,regular,2025-10-16,2025-10-16,nhl-car,nhl-ana,final,,,3,3,,,0.25,,,,,534.8,0.0,3,0,0,1.0,5.0,2.3333,3,2,1,0,0.6667,4.0,4.0,3,1,1,5.0,1.0,1,1,7.0,6.0,,,,,,,4,1,5,-3,nhl-car,"{""common_opponents"": 1, ""games_played"": 1, ""head_to_head"": 1, ""home_advantage"": 1, ""last10_form"": 1, ""season_scoring"": 1, ""travel_km"": 1}"
2025020071,NHL,20252026,regular,2025-10-16,2025-10-16,nhl-pit,nhl-lak,final,,,4,4,,,0.25,,,,,44.5,2461.6,2,2,0,0.5,2.75,3.25,4,1,2,1,0.375,3.0,4.0,4,,,,,,,,,,,,,,,4,2,6,-2,nhl-pit,"{""common_opponents"": 1, ""games_played"": 1, ""head_to_head"": 1, ""home_advantage"": 1, ""last10_form"": 1, ""season_scoring"": 1, ""travel_km"": 1}"
2025020072,NHL,20252026,regular,2025-10-17,2025-10-17,nhl-tbl,nhl-det,final,,,4,4,,,0.25,,,,,636.9,0.0,1,2,1,0.375,3.25,4.0,4,3,1,0,0.75,3.5,2.75,4,,,,,,,,,,,,,,,1,2,3,1,nhl-det,"{""common_opponents"": 1, ""games_played"": 1, ""head_to_head"": 1, ""home_advantage"": 1, ""last10_form"": 1, ""season_scoring"": 1, ""travel_km"": 1}"
2025020073,NHL,20252026,regular,2025-10-17,2025-10-17,nhl-min,nhl-wsh,final,,,4,4,,,0.25,,,,,1903.8,0.0,2,2,0,0.5,3.75,3.75,4,3,1,0,0.75,2.25,1.75,4,,,,,,,,,,,,,,,1,5,6,4,nhl-wsh,"{""common_opponents"": 1, ""games_played"": 1, ""head_to_head"": 1, ""home_advantage"": 1, ""last10_form"": 1, ""season_scoring"": 1, ""travel_km"": 1}"
2025020074,NHL,20252026,regular,2025-10-17,2025-10-17,nhl-van,nhl-chi,final,,,4,5,,,0.25,,,,,1292.2,420.6,2,2,0,0.5,3.25,3.0,4,2,2,1,0.5,3.6,2.8,5,1,1,2.0,5.0,1,1,8.0,3.0,,,,,,,3,2,5,-1,nhl-van,"{""common_opponents"": 1, ""games_played"": 1, ""head_to_head"": 1, ""home_advantage"": 1, ""last10_form"": 1, ""season_scoring"": 1, ""travel_km"": 1}"
2025020075,NHL,20252026,regular,2025-10-17,2025-10-17,nhl-sjs,nhl-uta,final,,,3,4,,,0.25,,,,,943.5,0.0,0,1,2,0.3333,3.3333,5.3333,3,2,2,0,0.5,2.0,2.0,4,,,,,,,,,,,,,,,3,6,9,3,nhl-uta,"{""common_opponents"": 1, ""games_played"": 1, ""head_to_head"": 1, ""home_advantage"": 1, ""last10_form"": 1, ""season_scoring"": 1, ""travel_km"": 1}"
2025020076,NHL,20252026,regular,2025-10-18,2025-10-18,nhl-fla,nhl-buf,final,,,6,4,,,0.25,,,,,456.9,0.0,3,3,0,0.5,2.5,2.8333,6,1,3,0,0.25,2.5,3.5,4,1,1,6.0,2.0,1,1,8.0,4.0,,,,,,,0,3,3,3,nhl-buf,"{""common_opponents"": 1, ""games_played"": 1, ""head_to_head"": 1, ""home_advantage"": 1, ""last10_form"": 1, ""season_scoring"": 1, ""travel_km"": 1}"
2025020077,NHL,20252026,regular,2025-10-18,2025-10-18,nhl-nyi,nhl-ott,final,,,4,5,,,0.25,,,,,540.2,0.0,1,3,0,0.25,2.75,3.75,4,2,3,0,0.4,3.2,5.0,5,,,,,,,,,,,,,,,5,4,9,-1,nhl-nyi,"{""common_opponents"": 1, ""games_played"": 1, ""head_to_head"": 1, ""home_advantage"": 1, ""last10_form"": 1, ""season_scoring"": 1, ""travel_km"": 1}"
2025020078,NHL,20252026,regular,2025-10-18,2025-10-18,nhl-edm,nhl-njd,final,,,4,4,,,0.25,,,,,37.5,0.0,2,1,1,0.625,2.5,2.25,4,3,1,0,0.75,3.5,3.0,4,,,,,,,,,,,,,,,3,5,8,2,nhl-njd,"{""common_opponents"": 1, ""games_played"": 1, ""head_to_head"": 1, ""home_advantage"": 1, ""last10_form"": 1, ""season_scoring"": 1, ""travel_km"": 1}"
2025020079,NHL,20252026,regular,2025-10-18,2025-10-18,nhl-sea,nhl-tor,final,,,4,5,,,0.25,,,,,329.8,0.0,2,0,2,0.75,3.0,2.75,4,3,2,0,0.6,3.8,3.2,5,1,1,4.0,5.0,1,1,5.0,2.0,,,,,,,4,3,7,-1,nhl-sea,"{""common_opponents"": 1, ""games_played"": 1, ""head_to_head"": 1, ""home_advantage"": 1, ""last10_form"": 1, ""season_scoring"": 1, ""travel_km"": 1}"
2025020080,NHL,20252026,regular,2025-10-18,2025-10-18,nhl-nyr,nhl-mtl,final,,,6,5,,,0.25,,,,,504.1,0.0,2,3,1,0.4167,1.8333,1.5,6,4,1,0,0.8,3.6,2.8,5,1,1,1.0,2.0,1,1,2.0,5.0,,,,,,,4,3,7,-1,nhl-nyr,"{""common_opponents"": 1, ""games_played"": 1, ""head_to_head"": 1, ""home_advantage"": 1, ""last10_form"": 1, ""season_scoring"": 1, ""travel_km"": 1}"
2025020081,NHL,20252026,regular,2025-10-18,2025-10-18,nhl-min,nhl-phi,final,,,5,4,,,0.25,,,,,194.1,0.0,2,3,0,0.4,3.2,4.0,5,1,2,1,0.375,2.75,3.25,4,,,,,,,,,,,,,,,1,2,3,1,nhl-phi,"{""common_opponents"": 1, ""games_played"": 1, ""head_to_head"": 1, ""home_advantage"": 1, ""last10_form"": 1, ""season_scoring"": 1, ""travel_km"": 1}"
2025020082,NHL,20252026,regular,2025-10-18,2025-10-18,nhl-tbl,nhl-cbj,final,,,5,4,,,0.25,,,,,263.7,0.0,1,2,2,0.4,2.8,3.6,5,1,3,0,0.25,2.75,3.25,4,1,1,3.0,5.0,1,1,2.0,3.0,,,,,,,2,3,5,1,nhl-cbj,"{""common_opponents"": 1, ""games_played"": 1, ""head_to_head"": 1, ""home_advantage"": 1, ""last10_form"": 1, ""season_scoring"": 1, ""travel_km"": 1}"
2025020083,NHL,20252026,regular,2025-10-18,2025-10-18,nhl-dal,nhl-stl,final,,,4,4,,,0.25,,,,,881.0,0.0,3,1,0,0.75,4.5,3.75,4,2,2,0,0.5,3.0,4.25,4,2,2,4.0,3.5,2,2,2.5,3.5,,,,,,,1,3,4,2,nhl-stl,"{""common_opponents"": 1, ""games_played"": 1, ""head_to_head"": 1, ""home_advantage"": 1, ""last10_form"": 1, ""season_scoring"": 1, ""travel_km"": 1}"
2025020084,NHL,20252026,regular,2025-10-18,2025-10-18,nhl-nsh,nhl-wpg,final,,,5,4,,,0.25,,,,,1822.3,2044.7,2,1,2,0.6,2.8,3.0,5,3,1,0,0.75,4.25,2.75,4,,,,,,,,,,,,,,,1,4,5,3,nhl-wpg,"{""common_opponents"": 1, ""games_played"": 1, ""head_to_head"": 1, ""home_advantage"": 1, ""last10_form"": 1, ""season_scoring"": 1, ""travel_km"": 1}"
2025020085,NHL,20252026,regular,2025-10-18,2025-10-18,nhl-bos,nhl-col,final,,,5,5,,,0.25,,,,,979.1,1873.3,3,2,0,0.6,3.6,3.0,5,4,0,1,0.9,3.4,1.8,5,1,1,3.0,1.0,1,1,3.0,1.0,,,,,,,1,4,5,3,nhl-col,"{""common_opponents"": 1, ""games_played"": 1, ""head_to_head"": 1, ""home_advantage"": 1, ""last10_form"": 1, ""season_scoring"": 1, ""travel_km"": 1}"
2025020086,NHL,20252026,regular,2025-10-18,2025-10-18,nhl-car,nhl-lak,final,,,4,5,,,0.25,,,,,44.5,0.0,4,0,0,1.0,4.75,2.0,4,1,3,1,0.3,2.8,4.0,5,,,,,,,,,,,,,,,4,3,7,-1,nhl-car,"{""common_opponents"": 1, ""games_played"": 1, ""head_to_head"": 1, ""home_advantage"": 1, ""last10_form"": 1, ""season_scoring"": 1, ""travel_km"": 1}"
2025020087,NHL,20252026,regular,2025-10-18,2025-10-18,nhl-cgy,nhl-vgk,final,,,5,5,,,0.25,,,,,592.0,0.0,1,4,0,0.2,2.0,3.8,5,3,0,2,0.8,4.0,3.6,5,,,,,,,,,1,2.0,4.0,1,4.0,2.0,1,6,7,5,nhl-vgk,"{""common_opponents"": 1, ""games_played"": 1, ""head_to_head"": 1, ""home_advantage"": 1, ""last10_form"": 1, ""season_scoring"": 1, ""travel_km"": 1}"
2025020088,NHL,20252026,regular,2025-10-18,2025-10-18,nhl-pit,nhl-sjs,final,,,5,4,,,0.25,,,,,491.4,943.5,3,2,0,0.6,3.0,3.0,5,0,2,2,0.25,3.25,5.5,4,1,1,3.0,4.0,1,1,6.0,7.0,,,,,,,3,0,3,-3,nhl-pit,"{""common_opponents"": 1, ""games_played"": 1, ""head_to_head"": 1, ""home_advantage"": 1, ""last10_form"": 1, ""season_scoring"": 1, ""travel_km"": 1}"
2025020089,NHL,20252026,regular,2025-10-19,2025-10-19,nhl-van,nhl-wsh,final,,,5,5,,,0.25,,,,,960.5,0.0,3,2,0,0.6,3.2,2.8,5,4,1,0,0.8,2.8,1.6,5,,,,,,,,,,,,,,,4,3,7,-1,nhl-van,"{""common_opponents"": 1, ""games_played"": 1, ""head_to_head"": 1, ""home_advantage"": 1, ""last10_form"": 1, ""season_scoring"": 1, ""travel_km"": 1}"
2025020090,NHL,20252026,regular,2025-10-19,2025-10-19,nhl-edm,nhl-det,final,,,5,5,,,0.25,,,,,760.3,0.0,2,2,1,0.5,2.6,2.8,5,4,1,0,0.8,3.2,2.4,5,,,,,,,,,,,,,,,2,4,6,2,nhl-det,"{""common_opponents"": 1, ""games_played"": 1, ""head_to_head"": 1, ""home_advantage"": 1, ""last10_form"": 1, ""season_scoring"": 1, ""travel_km"": 1}"
2025020091,NHL,20252026,regular,2025-10-19,2025-10-19,nhl-ana,nhl-chi,final,,,4,6,,,0.25,,,,,2782.8,0.0,2,2,0,0.5,3.25,4.0,4,2,2,2,0.5,3.3333,2.8333,6,,,,,,,,,,,,,,,1,2,3,1,nhl-chi,"{""common_opponents"": 1, ""games_played"": 1, ""head_to_head"": 1, ""home_advantage"": 1, ""last10_form"": 1, ""season_scoring"": 1, ""travel_km"": 1}"
2025020092,NHL,20252026,regular,2025-10-19,2025-10-19,nhl-bos,nhl-uta,final,,,6,5,,,0.25,,,,,595.7,0.0,3,3,0,0.5,3.1667,3.1667,6,3,2,0,0.6,2.8,2.2,5,2,2,2.5,3.5,2,2,1.0,2.5,,,,,,,2,3,5,1,nhl-uta,"{""common_opponents"": 1, ""games_played"": 1, ""head_to_head"": 1, ""home_advantage"": 1, ""last10_form"": 1, ""season_scoring"": 1, ""travel_km"": 1}"
2025020093,NHL,20252026,regular,2025-10-20,2025-10-20,nhl-min,nhl-nyr,final,,,6,7,,,0.25,,,,,137.5,528.8,2,3,1,0.4167,2.8333,3.6667,6,3,3,1,0.5,2.1429,1.7143,7,1,1,1.0,5.0,1,1,0.0,1.0,,,,,,,3,1,4,-2,nhl-min,"{""common_opponents"": 1, ""games_played"": 1, ""head_to_head"": 1, ""home_advantage"": 1, ""last10_form"": 1, ""season_scoring"": 1, ""travel_km"": 1}"
2025020094,NHL,20252026,regular,2025-10-20,2025-10-20,nhl-sea,nhl-phi,final,,,5,5,,,0.25,,,,,542.9,0.0,3,0,2,0.8,3.2,2.8,5,2,2,1,0.5,2.6,2.8,5,,,,,,,,,,,,,,,2,5,7,3,nhl-phi,"{""common_opponents"": 1, ""games_played"": 1, ""head_to_head"": 1, ""home_advantage"": 1, ""last10_form"": 1, ""season_scoring"": 1, ""travel_km"": 1}"
2025020095,NHL,20252026,regular,2025-10-20,2025-10-20,nhl-buf,nhl-mtl,final,,,5,6,,,0.25,,,,,513.7,0.0,2,3,0,0.4,2.6,2.8,5,4,2,0,0.6667,3.5,3.0,6,1,1,0.0,4.0,1,1,3.0,4.0,,,,,,,2,4,6,2,nhl-mtl,"{""common_opponents"": 1, ""games_played"": 1, ""head_to_head"": 1, ""home_advantage"": 1, ""last10_form"": 1, ""season_scoring"": 1, ""travel_km"": 1}"
2025020096,NHL,20252026,regular,2025-10-20,2025-10-20,nhl-wpg,nhl-cgy,final,,,5,6,,,0.25,,,,,1200.9,1663.1,4,1,0,0.8,4.2,2.4,5,1,5,0,0.1667,1.8333,4.1667,6,,,,,,,,,,,,,,,2,1,3,-1,nhl-wpg,"{""common_opponents"": 1, ""games_played"": 1, ""head_to_head"": 1, ""home_advantage"": 1, ""last10_form"": 1, ""season_scoring"": 1, ""travel_km"": 1}"
2025020097,NHL,20252026,regular,2025-10-20,2025-10-20,nhl-car,nhl-vgk,final,,,5,6,,,0.25,,,,,362.6,0.0,5,0,0,1.0,4.6,2.2,5,4,0,2,0.8333,4.3333,3.1667,6,2,2,4.5,2.0,2,2,4.5,4.5,,,,,,,1,4,5,3,nhl-vgk,"{""common_opponents"": 1, ""games_played"": 1, ""head_to_head"": 1, ""home_advantage"": 1, ""last10_form"": 1, ""season_scoring"": 1, ""travel_km"": 1}"
2025020098,NHL,20252026,regular,2025-10-21,2025-10-21,nhl-njd,nhl-tor,final,,,5,6,,,0.25,,,,,537.2,0.0,4,1,0,0.8,3.8,3.0,5,3,2,1,0.5833,3.6667,3.3333,6,,,,,,,,,,,,,,,5,2,7,-3,nhl-njd,"{""common_opponents"": 1, ""games_played"": 1, ""head_to_head"": 1, ""home_advantage"": 1, ""last10_form"": 1, ""season_scoring"": 1, ""travel_km"": 1}"
2025020099,NHL,20252026,regular,2025-10-21,2025-10-21,nhl-edm,nhl-ott,final,,,6,6,,,0.25,,,,,659.2,0.0,2,3,1,0.4167,2.5,3.0,6,2,4,0,0.3333,3.3333,5.0,6,1,1,2.0,4.0,1,1,4.0,5.0,,,,,,,3,2,5,-1,nhl-edm,"{""common_opponents"": 1, ""games_played"": 1, ""head_to_head"": 1, ""home_advantage"": 1, ""last10_form"": 1, ""season_scoring"": 1, ""travel_km"": 1}"
2025020100,NHL,20252026,regular,2025-10-21,2025-10-21,nhl-sjs,nhl-nyi,final,,,5,5,,,0.25,,,,,4126.4,540.2,0,3,2,0.2,2.6,5.0,5,2,3,0,0.4,3.2,3.8,5,1,1,0.0,3.0,1,1,3.0,4.0,,,,,,,3,4,7,1,nhl-nyi,"{""common_opponents"": 1, ""games_played"": 1, ""head_to_head"": 1, ""home_advantage"": 1, ""last10_form"": 1, ""season_scoring"": 1, ""travel_km"": 1}"
2025020101,NHL,20252026,regular,2025-10-21,2025-10-21,nhl-van,nhl-pit,final,,,6,6,,,0.25,,,,,306.5,3610.0,4,2,0,0.6667,3.3333,2.8333,6,4,2,0,0.6667,3.0,2.5,6,,,,,,,,,,,,,,,1,5,6,4,nhl-pit,"{""common_opponents"": 1, ""games_played"": 1, ""head_to_head"": 1, ""home_advantage"": 1, ""last10_form"": 1, ""season_scoring"": 1, ""travel_km"": 1}"
2025020102,NHL,20252026,regular,2025-10-21,2025-10-21,nhl-sea,nhl-wsh,final,,,6,6,,,0.25,,,,,194.1,0.0,3,1,2,0.6667,3.0,3.1667,6,4,2,0,0.6667,2.8333,2.0,6,,,,,,,,,,,,,,,1,4,5,3,nhl-wsh,"{""common_opponents"": 1, ""games_played"": 1, ""head_to_head"": 1, ""home_advantage"": 1, ""last10_form"": 1, ""season_scoring"": 1, ""travel_km"": 1}"
2025020103,NHL,20252026,regular,2025-10-21,2025-10-21,nhl-fla,nhl-bos,final,,,7,7,,,0.25,,,,,641.7,3369.4,3,4,0,0.4286,2.1429,2.8571,7,3,4,0,0.4286,3.0,3.1429,7,2,2,1.5,2.5,2,2,3.5,2.0,,,,,,,4,3,7,-1,nhl-fla,"{""common_opponents"": 1, ""games_played"": 1, ""head_to_head"": 1, ""home_advantage"": 1, ""last10_form"": 1, ""season_scoring"": 1, ""travel_km"": 1}"
2025020104,NHL,20252026,regular,2025-10-21,2025-10-21,nhl-lak,nhl-stl,final,,,6,5,,,0.25,,,,,2554.5,0.0,1,3,2,0.3333,2.8333,4.0,6,3,2,0,0.6,3.0,3.6,5,1,1,3.0,4.0,1,1,0.0,5.0,,,,,,,2,1,3,-1,nhl-lak,"{""common_opponents"": 1, ""games_played"": 1, ""head_to_head"": 1, ""home_advantage"": 1, ""last10_form"": 1, ""season_scoring"": 1, ""travel_km"": 1}"
2025020105,NHL,20252026,regular,2025-10-21,2025-10-21,nhl-ana,nhl-nsh,final,,,5,6,,,0.25,,,,,640.9,1740.3,2,2,1,0.5,2.8,3.6,5,2,2,2,0.5,2.5,3.1667,6,,,,,,,,,,,,,,,5,2,7,-3,nhl-ana,"{""common_opponents"": 1, ""games_played"": 1, ""head_to_head"": 1, ""home_advantage"": 1, ""last10_form"": 1, ""season_scoring"": 1, ""travel_km"": 1}"
2025020106,NHL,20252026,regular,2025-10-21,2025-10-21,nhl-cbj,nhl-dal,final,,,5,5,,,0.25,,,,,1468.5,881.0,2,3,0,0.4,2.8,3.0,5,3,2,0,0.6,3.8,3.6,5,2,2,4.0,4.0,2,2,5.0,3.0,,,,,,,5,1,6,-4,nhl-cbj,"{""common_opponents"": 1, ""games_played"": 1, ""head_to_head"": 1, ""home_advantage"": 1, ""last10_form"": 1, ""season_scoring"": 1, ""travel_km"": 1}"
2025020107,NHL,20252026,regular,2025-10-21,2025-10-21,nhl-col,nhl-uta,final,,,6,6,,,0.25,,,,,595.7,0.0,5,0,1,0.9167,3.5,1.6667,6,4,2,0,0.6667,2.8333,2.1667,6,1,1,4.0,1.0,1,1,3.0,2.0,1,2.0,1.0,1,1.0,2.0,3,4,7,1,nhl-uta,"{""common_opponents"": 1, ""games_played"": 1, ""head_to_head"": 1, ""home_advantage"": 1, ""last10_form"": 1, ""season_scoring"": 1, ""travel_km"": 1}"
2025020108,NHL,20252026,regular,2025-10-22,2025-10-22,nhl-min,nhl-njd,final,,,7,6,,,0.25,,,,,15.1,537.2,3,3,1,0.5,2.8571,3.2857,7,5,1,0,0.8333,4.0,2.8333,6,1,1,4.0,7.0,1,1,3.0,2.0,,,,,,,1,4,5,3,nhl-njd,"{""common_opponents"": 1, ""games_played"": 1, ""head_to_head"": 1, ""home_advantage"": 1, ""last10_form"": 1, ""season_scoring"": 1, ""travel_km"": 1}"
2025020109,NHL,20252026,regular,2025-10-22,2025-10-22,nhl-det,nhl-buf,final,,,6,6,,,0.25,,,,,347.1,513.7,5,1,0,0.8333,3.3333,2.3333,6,2,4,0,0.3333,2.5,3.0,6,2,2,2.5,3.0,2,2,2.5,2.0,,,,,,,2,4,6,2,nhl-buf,"{""common_opponents"": 1, ""games_played"": 1, ""head_to_head"": 1, ""home_advantage"": 1, ""last10_form"": 1, ""season_scoring"": 1, ""travel_km"": 1}"
2025020110,NHL,20252026,regular,2025-10-22,2025-10-22,nhl-mtl,nhl-cgy,final,,,7,7,,,0.25,,,,,3019.0,0.0,5,2,0,0.7143,3.5714,2.8571,7,1,6,0,0.1429,1.7143,3.8571,7,,,,,,,,,,,,,,,2,1,3,-1,nhl-mtl,"{""common_opponents"": 1, ""games_played"": 1, ""head_to_head"": 1, ""home_advantage"": 1, ""last10_form"": 1, ""season_scoring"": 1, ""travel_km"": 1}"
2025020111,NHL,20252026,regular,2025-10-23,2025-10-23,nhl-ana,nhl-bos,final,,,6,8,,,0.25,,,,,1515.6,0.0,3,2,1,0.5833,3.1667,3.3333,6,3,5,0,0.375,3.0,3.25,8,1,1,1.0,2.0,1,1,4.0,3.0,,,,,,,7,5,12,-2,nhl-ana,"{""common_opponents"": 1, ""games_played"": 1, ""head_to_head"": 1, ""home_advantage"": 1, ""last10_form"": 1, ""season_scoring"": 1, ""travel_km"": 1}"
2025020112,NHL,20252026,regular,2025-10-23,2025-10-23,nhl-phi,nhl-ott,final,,,6,7,,,0.25,,,,,603.1,0.0,3,2,1,0.5833,3.0,2.6667,6,2,4,1,0.3571,3.1429,4.7143,7,2,3,3.6667,2.0,2,2,3.0,4.5,,,,,,,1,2,3,1,nhl-ott,"{""common_opponents"": 1, ""games_played"": 1, ""head_to_head"": 1, ""home_advantage"": 1, ""last10_form"": 1, ""season_scoring"": 1, ""travel_km"": 1}"
2025020113,NHL,20252026,regular,2025-10-23,2025-10-23,nhl-chi,nhl-tbl,final,,,7,6,,,0.25,,,,,1620.5,1338.3,3,2,2,0.5714,3.1429,2.5714,7,1,3,2,0.3333,2.6667,3.5,6,1,1,3.0,4.0,1,1,4.0,3.0,,,,,,,3,2,5,-1,nhl-chi,"{""common_opponents"": 1, ""games_played"": 1, ""head_to_head"": 1, ""home_advantage"": 1, ""last10_form"": 1, ""season_scoring"": 1, ""travel_km"": 1}"
2025020114,NHL,20252026,regular,2025-10-23,2025-10-23,nhl-pit,nhl-fla,final,,,7,8,,,0.25,,,,,1588.3,1990.1,5,2,0,0.7143,3.2857,2.2857,7,4,4,0,0.5,2.375,2.875,8,,,,,,,,,,,,,,,5,3,8,-2,nhl-pit,"{""common_opponents"": 1, ""games_played"": 1, ""head_to_head"": 1, ""home_advantage"": 1, ""last10_form"": 1, ""season_scoring"": 1, ""travel_km"": 1}"
2025020115,NHL,20252026,regular,2025-10-23,2025-10-23,nhl-det,nhl-nyi,final,,,7,6,,,0.25,,,,,489.8,0.0,5,2,0,0.7143,3.1429,2.5714,7,3,3,0,0.5,3.3333,3.6667,6,1,1,4.0,2.0,1,1,4.0,2.0,,,,,,,2,7,9,5,nhl-nyi,"{""common_opponents"": 1, ""games_played"": 1, ""head_to_head"": 1, ""home_advantage"": 1, ""last10_form"": 1, ""season_scoring"": 1, ""travel_km"": 1}"
2025020116,NHL,20252026,regular,2025-10-23,2025-10-23,nhl-sjs,nhl-nyr,final,,,6,8,,,0.25,,,,,22.8,0.0,0,4,2,0.1667,2.6667,4.8333,6,3,4,1,0.4375,2.0,1.875,8,1,1,0.0,3.0,1,2,3.0,2.0,,,,,,,6,5,11,-1,nhl-sjs,"{""common_opponents"": 1, ""games_played"": 1, ""head_to_head"": 1, ""home_advantage"": 1, ""last10_form"": 1, ""season_scoring"": 1, ""travel_km"": 1}"
2025020117,NHL,20252026,regular,2025-10-23,2025-10-23,nhl-uta,nhl-stl,final,,,7,6,,,0.25,,,,,1866.8,0.0,5,2,0,0.7143,3.0,2.2857,7,3,2,1,0.5833,2.6667,3.3333,6,2,2,2.0,2.0,2,2,3.5,5.0,,,,,,,7,4,11,-3,nhl-uta,"{""common_opponents"": 1, ""games_played"": 1, ""head_to_head"": 1, ""home_advantage"": 1, ""last10_form"": 1, ""season_scoring"": 1, ""travel_km"": 1}"
2025020118,NHL,20252026,regular,2025-10-23,2025-10-23,nhl-van,nhl-nsh,final,,,7,7,,,0.25,,,,,759.5,0.0,4,3,0,0.5714,3.0,3.1429,7,2,3,2,0.4286,2.4286,3.4286,7,,,,,,,,,,,,,,,1,2,3,1,nhl-nsh,"{""common_opponents"": 1, ""games_played"": 1, ""head_to_head"": 1, ""home_advantage"": 1, ""last10_form"": 1, ""season_scoring"": 1, ""travel_km"": 1}"
2025020119,NHL,20252026,regular,2025-10-23,2025-10-23,nhl-lak,nhl-dal,final,,,7,6,,,0.25,,,,,881.0,0.0,2,3,2,0.4286,2.7143,3.5714,7,3,3,0,0.5,3.3333,3.8333,6,4,4,2.0,3.0,4,4,4.0,3.25,,,,,,,3,2,5,-1,nhl-lak,"{""common_opponents"": 1, ""games_played"": 1, ""head_to_head"": 1, ""home_advantage"": 1, ""last10_form"": 1, ""season_scoring"": 1, ""travel_km"": 1}"
2025020120,NHL,20252026,regular,2025-10-23,2025-10-23,nhl-sea,nhl-wpg,final,,,7,6,,,0.25,,,,,2001.8,1200.9,3,2,2,0.5714,2.7143,3.2857,7,5,1,0,0.8333,3.8333,2.1667,6,1,1,2.0,5.0,1,1,5.0,2.0,,,,,,,3,0,3,-3,nhl-sea,"{""common_opponents"": 1, ""games_played"": 1, ""head_to_head"": 1, ""home_advantage"": 1, ""last10_form"": 1, ""season_scoring"": 1, ""travel_km"": 1}"
2025020121,NHL,20252026,regular,2025-10-23,2025-10-23,nhl-car,nhl-col,final,,,6,7,,,0.25,,,,,979.1,595.7,5,1,0,0.8333,4.0,2.5,6,5,0,2,0.8571,3.4286,2.0,7,1,1,4.0,3.0,1,1,4.0,1.0,,,,,,,5,4,9,-1,nhl-car,"{""common_opponents"": 1, ""games_played"": 1, ""head_to_head"": 1, ""home_advantage"": 1, ""last10_form"": 1, ""season_scoring"": 1, ""travel_km"": 1}"
2025020122,NHL,20252026,regular,2025-10-23,2025-10-23,nhl-mtl,nhl-edm,final,,,8,7,,,0.25,,,,,281.6,2829.8,6,2,0,0.75,3.375,2.625,8,3,3,1,0.5,2.5714,2.8571,7,3,3,3.3333,2.0,3,3,2.3333,2.6667,,,,,,,5,6,11,1,nhl-edm,"{""common_opponents"": 1, ""games_played"": 1, ""head_to_head"": 1, ""home_advantage"": 1, ""last10_form"": 1, ""season_scoring"": 1, ""travel_km"": 1}"
2025020123,NHL,20252026,regular,2025-10-24,2025-10-24,nhl-tor,nhl-buf,final,,,7,7,,,0.25,,,,,94.7,0.0,3,3,1,0.5,3.4286,3.5714,7,3,4,0,0.4286,2.7143,2.8571,7,3,4,3.0,3.0,3,3,2.0,3.3333,,,,,,,3,5,8,2,nhl-buf,"{""common_opponents"": 1, ""games_played"": 1, ""head_to_head"": 1, ""home_advantage"": 1, ""last10_form"": 1, ""season_scoring"": 1, ""travel_km"": 1}"
2025020124,NHL,20252026,regular,2025-10-24,2025-10-24,nhl-sjs,nhl-njd,final,,,7,7,,,0.25,,,,,15.1,0.0,1,4,2,0.2857,3.1429,4.8571,7,6,1,0,0.8571,4.0,2.5714,7,1,1,1.0,5.0,1,1,3.0,6.0,,,,,,,1,3,4,2,nhl-njd,"{""common_opponents"": 1, ""games_played"": 1, ""head_to_head"": 1, ""home_advantage"": 1, ""last10_form"": 1, ""season_scoring"": 1, ""travel_km"": 1}"
2025020125,NHL,20252026,regular,2025-10-24,2025-10-24,nhl-wsh,nhl-cbj,final,,,7,6,,,0.25,,,,,527.5,1468.5,5,2,0,0.7143,3.0,1.8571,7,3,3,0,0.5,3.1667,2.6667,6,2,2,4.0,1.5,2,2,5.0,3.0,,,,,,,5,1,6,-4,nhl-wsh,"{""common_opponents"": 1, ""games_played"": 1, ""head_to_head"": 1, ""home_advantage"": 1, ""last10_form"": 1, ""season_scoring"": 1, ""travel_km"": 1}"
2025020126,NHL,20252026,regular,2025-10-24,2025-10-24,nhl-cgy,nhl-wpg,final,,,8,7,,,0.25,,,,,1200.9,0.0,1,6,1,0.1875,1.625,3.625,8,5,2,0,0.7143,3.2857,2.2857,7,,,,,,,,,1,1.0,2.0,1,2.0,1.0,3,5,8,2,nhl-wpg,"{""common_opponents"": 1, ""games_played"": 1, ""head_to_head"": 1, ""home_advantage"": 1, ""last10_form"": 1, ""season_scoring"": 1, ""travel_km"": 1}"
2025020127,NHL,20252026,regular,2025-10-25,2025-10-25,nhl-nyi,nhl-phi,final,,,7,7,,,0.25,,,,,152.1,603.1,4,3,0,0.5714,3.8571,3.4286,7,3,3,1,0.5,2.7143,2.5714,7,2,2,3.5,4.5,2,2,1.5,3.5,,,,,,,3,4,7,1,nhl-phi,"{""common_opponents"": 1, ""games_played"": 1, ""head_to_head"": 1, ""home_advantage"": 1, ""last10_form"": 1, ""season_scoring"": 1, ""travel_km"": 1}"
2025020128,NHL,20252026,regular,2025-10-25,2025-10-25,nhl-col,nhl-bos,final,,,8,9,,,0.25,,,,,2842.1,0.0,5,0,3,0.8125,3.5,2.375,8,3,6,0,0.3333,3.2222,3.6667,9,2,3,2.6667,2.0,2,2,2.5,2.0,1,4.0,1.0,1,1.0,4.0,2,3,5,1,nhl-bos,"{""common_opponents"": 1, ""games_played"": 1, ""head_to_head"": 1, ""home_advantage"": 1, ""last10_form"": 1, ""season_scoring"": 1, ""travel_km"": 1}"
2025020129,NHL,20252026,regular,2025-10-25,2025-10-25,nhl-ana,nhl-tbl,final,,,7,7,,,0.25,,,,,1905.0,0.0,4,2,1,0.6429,3.7143,3.5714,7,1,4,2,0.2857,2.5714,3.4286,7,2,2,4.0,3.5,2,2,3.0,3.0,,,,,,,3,4,7,1,nhl-tbl,"{""common_opponents"": 1, ""games_played"": 1, ""head_to_head"": 1, ""home_advantage"": 1, ""last10_form"": 1, ""season_scoring"": 1, ""travel_km"": 1}"
2025020130,NHL,20252026,regular,2025-10-25,2025-10-25,nhl-vgk,nhl-fla,final,,,7,9,,,0.25,,,,,3475.1,0.0,5,0,2,0.8571,4.2857,2.8571,7,4,5,0,0.4444,2.4444,3.1111,9,1,1,6.0,5.0,1,1,4.0,3.0,,,,,,,0,3,3,3,nhl-fla,"{""common_opponents"": 1, ""games_played"": 1, ""head_to_head"": 1, ""home_advantage"": 1, ""last10_form"": 1, ""season_scoring"": 1, ""travel_km"": 1}"
2025020131,NHL,20252026,regular,2025-10-25,2025-10-25,nhl-uta,nhl-min,final,,,8,8,,,0.25,,,,,742.3,1608.6,6,2,0,0.75,3.5,2.5,8,3,4,1,0.4375,2.625,3.375,8,1,1,7.0,4.0,1,1,5.0,0.0,,,,,,,6,2,8,-4,nhl-uta,"{""common_opponents"": 1, ""games_played"": 1, ""head_to_head"": 1, ""home_advantage"": 1, ""last10_form"": 1, ""season_scoring"": 1, ""travel_km"": 1}"
2025020132,NHL,20252026,regular,2025-10-25,2025-10-25,nhl-buf,nhl-tor,final,,,8,8,,,0.25,,,,,94.7,94.7,4,4,0,0.5,3.0,2.875,8,3,4,1,0.4375,3.375,3.75,8,3,3,2.0,3.3333,3,4,3.0,3.0,1,5.0,3.0,1,3.0,5.0,3,4,7,1,nhl-tor,"{""common_opponents"": 1, ""games_played"": 1, ""head_to_head"": 1, ""home_advantage"": 1, ""last10_form"": 1, ""season_scoring"": 1, ""travel_km"": 1}"
2025020133,NHL,20252026,regular,2025-10-25,2025-10-25,nhl-stl,nhl-det,final,,,7,8,,,0.25,,,,,731.7,796.9,3,3,1,0.5,2.8571,3.8571,7,5,3,0,0.625,3.0,3.125,8,,,,,,,,,,,,,,,4,6,10,2,nhl-det,"{""common_opponents"": 1, ""games_played"": 1, ""head_to_head"": 1, ""home_advantage"": 1, ""last10_form"": 1, ""season_scoring"": 1, ""travel_km"": 1}"
2025020134,NHL,20252026,regular,2025-10-25,2025-10-25,nhl-cbj,nhl-pit,final,,,7,8,,,0.25,,,,,261.4,1588.3,3,4,0,0.4286,2.8571,3.0,7,6,2,0,0.75,3.5,2.375,8,,,,,,,,,,,,,,,5,4,9,-1,nhl-cbj,"{""common_opponents"": 1, ""games_played"": 1, ""head_to_head"": 1, ""home_advantage"": 1, ""last10_form"": 1, ""season_scoring"": 1, ""travel_km"": 1}"
2025020135,NHL,20252026,regular,2025-10-25,2025-10-25,nhl-ott,nhl-wsh,final,,,8,8,,,0.25,,,,,717.2,527.5,3,4,1,0.4375,3.0,4.25,8,6,2,0,0.75,3.25,1.75,8,3,3,4.3333,4.0,3,3,3.6667,1.6667,,,,,,,7,1,8,-6,nhl-ott,"{""common_opponents"": 1, ""games_played"": 1, ""head_to_head"": 1, ""home_advantage"": 1, ""last10_form"": 1, ""season_scoring"": 1, ""travel_km"": 1}"
2025020136,NHL,20252026,regular,2025-10-25,2025-10-25,nhl-mtl,nhl-van,final,,,9,8,,,0.25,,,,,817.2,3265.2,6,3,0,0.6667,3.5556,3.0,9,4,4,0,0.5,2.75,3.0,8,4,4,3.25,2.75,4,4,2.5,2.0,,,,,,,4,3,7,-1,nhl-mtl,"{""common_opponents"": 1, ""games_played"": 1, ""head_to_head"": 1, ""home_advantage"": 1, ""last10_form"": 1, ""season_scoring"": 1, ""travel_km"": 1}"
2025020137,NHL,20252026,regular,2025-10-25,2025-10-25,nhl-lak,nhl-nsh,final,,,8,8,,,0.25,,,,,992.3,0.0,3,3,2,0.5,2.75,3.375,8,3,3,2,0.5,2.375,3.125,8,1,1,2.0,3.0,1,1,1.0,4.0,,,,,,,4,5,9,1,nhl-nsh,"{""common_opponents"": 1, ""games_played"": 1, ""head_to_head"": 1, ""home_advantage"": 1, ""last10_form"": 1, ""season_scoring"": 1, ""travel_km"": 1}"
2025020138,NHL,20252026,regular,2025-10-25,2025-10-25,nhl-car,nhl-dal,final,,,7,7,,,0.25,,,,,1066.1,0.0,6,1,0,0.8571,4.1429,2.7143,7,3,3,1,0.5,3.1429,3.7143,7,2,2,4.5,3.5,2,2,3.5,3.5,,,,,,,2,3,5,1,nhl-dal,"{""common_opponents"": 1, ""games_played"": 1, ""head_to_head"": 1, ""home_advantage"": 1, ""last10_form"": 1, ""season_scoring"": 1, ""travel_km"": 1}"
2025020139,NHL,20252026,regular,2025-10-25,2025-10-25,nhl-edm,nhl-sea,final,,,8,8,,,0.25,,,,,907.0,1856.2,4,3,1,0.5625,3.0,3.125,8,4,2,2,0.625,2.75,2.875,8,2,2,4.5,3.5,2,2,3.5,4.5,,,,,,,2,3,5,1,nhl-sea,"{""common_opponents"": 1, ""games_played"": 1, ""head_to_head"": 1, ""home_advantage"": 1, ""last10_form"": 1, ""season_scoring"": 1, ""travel_km"": 1}"
2025020140,NHL,20252026,regular,2025-10-26,2025-10-26,nhl-col,nhl-njd,final,,,9,8,,,0.25,,,,,316.0,0.0,5,1,3,0.7222,3.3333,2.4444,9,7,1,0,0.875,3.875,2.375,8,2,2,4.0,3.0,2,2,3.0,4.0,,,,,,,3,4,7,1,nhl-njd,"{""common_opponents"": 1, ""games_played"": 1, ""head_to_head"": 1, ""home_advantage"": 1, ""last10_form"": 1, ""season_scoring"": 1, ""travel_km"": 1}"
2025020141,NHL,20252026,regular,2025-10-26,2025-10-26,nhl-vgk,nhl-tbl,final,,,8,8,,,0.25,,,,,289.3,0.0,5,1,2,0.75,3.75,2.875,8,2,4,2,0.375,2.75,3.375,8,1,1,6.0,5.0,1,1,4.0,3.0,,,,,,,1,2,3,1,nhl-tbl,"{""common_opponents"": 1, ""games_played"": 1, ""head_to_head"": 1, ""home_advantage"": 1, ""last10_form"": 1, ""season_scoring"": 1, ""travel_km"": 1}"
2025020142,NHL,20252026,regular,2025-10-26,2025-10-26,nhl-sjs,nhl-min,final,,,8,9,,,0.25,,,,,1608.6,0.0,1,5,2,0.25,2.875,4.625,8,3,5,1,0.3889,2.5556,3.6667,9,3,3,3.3333,4.6667,3,3,2.0,3.6667,,,,,,,6,5,11,-1,nhl-sjs,"{""common_opponents"": 1, ""games_played"": 1, ""head_to_head"": 1, ""home_advantage"": 1, ""last10_form"": 1, ""season_scoring"": 1, ""travel_km"": 1}"
2025020143,NHL,20252026,regular,2025-10-26,2025-10-26,nhl-uta,nhl-wpg,final,,,9,8,,,0.25,,,,,628.4,0.0,7,2,0,0.7778,3.7778,2.4444,9,6,2,0,0.75,3.5,2.375,8,2,2,3.0,1.5,2,3,3.6667,1.6667,,,,,,,3,2,5,-1,nhl-uta,"{""common_opponents"": 1, ""games_played"": 1, ""head_to_head"": 1, ""home_advantage"": 1, ""last10_form"": 1, ""season_scoring"": 1, ""travel_km"": 1}"
2025020144,NHL,20252026,regular,2025-10-26,2025-10-26,nhl-lak,nhl-chi,final,,,9,8,,,0.25,,,,,640.9,1620.5,3,3,3,0.5,2.8889,3.5556,9,4,2,2,0.625,3.125,2.5,8,1,1,2.0,1.0,1,1,8.0,3.0,,,,,,,3,1,4,-2,nhl-lak,"{""common_opponents"": 1, ""games_played"": 1, ""head_to_head"": 1, ""home_advantage"": 1, ""last10_form"": 1, ""season_scoring"": 1, ""travel_km"": 1}"
2025020145,NHL,20252026,regular,2025-10-26,2025-10-26,nhl-dal,nhl-nsh,final,,,8,9,,,0.25,,,,,992.3,0.0,4,3,1,0.5625,3.125,3.5,8,4,3,2,0.5556,2.6667,3.2222,9,4,4,2.75,4.25,4,4,2.5,2.5,,,,,,,3,2,5,-1,nhl-dal,"{""common_opponents"": 1, ""games_played"": 1, ""head_to_head"": 1, ""home_advantage"": 1, ""last10_form"": 1, ""season_scoring"": 1, ""travel_km"": 1}"
2025020146,NHL,20252026,regular,2025-10-26,2025-10-26,nhl-nyr,nhl-cgy,final,,,9,9,,,0.25,,,,,3256.8,1200.9,3,4,2,0.4444,2.3333,2.3333,9,1,7,1,0.1667,1.7778,3.7778,9,2,2,2.0,2.5,2,2,2.5,2.5,,,,,,,1,5,6,4,nhl-cgy,"{""common_opponents"": 1, ""games_played"": 1, ""head_to_head"": 1, ""home_advantage"": 1, ""last10_form"": 1, ""season_scoring"": 1, ""travel_km"": 1}"
2025020147,NHL,20252026,regular,2025-10-26,2025-10-26,nhl-edm,nhl-van,final,,,9,9,,,0.25,,,,,192.3,0.0,4,4,1,0.5,2.8889,3.1111,9,4,5,0,0.4444,2.7778,3.1111,9,2,2,4.5,4.5,2,2,4.0,2.5,1,3.0,1.0,1,1.0,3.0,3,4,7,1,nhl-van,"{""common_opponents"": 1, ""games_played"": 1, ""head_to_head"": 1, ""home_advantage"": 1, ""last10_form"": 1, ""season_scoring"": 1, ""travel_km"": 1}"
2025020148,NHL,20252026,regular,2025-10-27,2025-10-27,nhl-stl,nhl-pit,final,,,8,9,,,0.25,,,,,331.8,0.0,3,4,1,0.4375,3.0,4.125,8,6,2,1,0.7222,3.5556,2.6667,9,2,2,3.0,2.0,2,2,4.5,1.5,,,,,,,3,6,9,3,nhl-pit,"{""common_opponents"": 1, ""games_played"": 1, ""head_to_head"": 1, ""home_advantage"": 1, ""last10_form"": 1, ""season_scoring"": 1, ""travel_km"": 1}"
2025020149,NHL,20252026,regular,2025-10-27,2025-10-27,nhl-bos,nhl-ott,final,,,10,9,,,0.25,,,,,508.3,717.2,4,6,0,0.4,3.2,3.5,10,4,4,1,0.5,3.4444,3.8889,9,4,4,3.0,2.5,4,4,4.5,4.75,,,,,,,2,7,9,5,nhl-ott,"{""common_opponents"": 1, ""games_played"": 1, ""head_to_head"": 1, ""home_advantage"": 1, ""last10_form"": 1, ""season_scoring"": 1, ""travel_km"": 1}"
2025020150,NHL,20252026,regular,2025-10-28,2025-10-28,nhl-pit,nhl-phi,final,,,10,8,,,0.25,,,,,413.6,0.0,7,2,1,0.75,3.8,2.7,10,4,3,1,0.5625,2.875,2.625,8,2,2,4.5,3.0,2,3,3.3333,2.3333,,,,,,,2,3,5,1,nhl-phi,"{""common_opponents"": 1, ""games_played"": 1, ""head_to_head"": 1, ""home_advantage"": 1, ""last10_form"": 1, ""season_scoring"": 1, ""travel_km"": 1}"
2025020151,NHL,20252026,regular,2025-10-28,2025-10-28,nhl-cgy,nhl-tor,final,,,10,9,,,0.25,,,,,2710.2,0.0,2,7,1,0.25,2.1,3.5,10,4,4,1,0.5,3.4444,3.6667,9,2,2,3.0,1.5,2,2,3.5,1.5,,,,,,,3,4,7,1,nhl-tor,"{""common_opponents"": 1, ""games_played"": 1, ""head_to_head"": 1, ""home_advantage"": 1, ""last10_form"": 1, ""season_scoring"": 1, ""travel_km"": 1}"
2025020152,NHL,20252026,regular,2025-10-28,2025-10-28,nhl-cbj,nhl-buf,final,,,8,9,,,0.25,,,,,286.2,94.7,4,4,0,0.5,3.125,3.125,8,4,4,1,0.5,3.0,3.0,9,1,1,1.0,4.0,1,1,1.0,3.0,,,,,,,4,3,7,-1,nhl-cbj,"{""common_opponents"": 1, ""games_played"": 1, ""head_to_head"": 1, ""home_advantage"": 1, ""last10_form"": 1, ""season_scoring"": 1, ""travel_km"": 1}"
2025020153,NHL,20252026,regular,2025-10-28,2025-10-28,nhl-ana,nhl-fla,final,,,8,10,,,0.25,,,,,289.3,0.0,4,3,1,0.5625,3.625,3.625,8,5,5,0,0.5,2.5,2.8,10,3,3,4.0,3.3333,3,3,3.3333,3.3333,,,,,,,3,2,5,-1,nhl-ana,"{""common_opponents"": 1, ""games_played"": 1, ""head_to_head"": 1, ""home_advantage"": 1, ""last10_form"": 1, ""season_scoring"": 1, ""travel_km"": 1}"
2025020154,NHL,20252026,regular,2025-10-28,2025-10-28,nhl-nyi,nhl-bos,final,,,8,11,,,0.25,,,,,439.9,508.3,4,3,1,0.5625,3.75,3.5,8,3,7,0,0.3,3.0909,3.8182,11,2,2,3.5,4.0,2,2,2.5,4.0,,,,,,,2,5,7,3,nhl-bos,"{""common_opponents"": 1, ""games_played"": 1, ""head_to_head"": 1, ""home_advantage"": 1, ""last10_form"": 1, ""season_scoring"": 1, ""travel_km"": 1}"
2025020155,NHL,20252026,regular,2025-10-28,2025-10-28,nhl-vgk,nhl-car,final,,,9,8,,,0.25,,,,,942.1,1692.4,5,1,3,0.7222,3.4444,2.7778,9,6,2,0,0.75,3.875,2.75,8,2,2,4.5,4.5,2,2,4.5,2.0,1,4.0,1.0,1,1.0,4.0,6,3,9,-3,nhl-vgk,"{""common_opponents"": 1, ""games_played"": 1, ""head_to_head"": 1, ""home_advantage"": 1, ""last10_form"": 1, ""season_scoring"": 1, ""travel_km"": 1}"
2025020156,NHL,20252026,regular,2025-10-28,2025-10-28,nhl-tbl,nhl-nsh,final,,,9,10,,,0.25,,,,,1000.2,0.0,3,4,2,0.4444,2.6667,3.1111,9,4,4,2,0.5,2.6,3.2,10,3,3,3.3333,3.6667,3,3,2.6667,2.3333,,,,,,,5,2,7,-3,nhl-tbl,"{""common_opponents"": 1, ""games_played"": 1, ""head_to_head"": 1, ""home_advantage"": 1, ""last10_form"": 1, ""season_scoring"": 1, ""travel_km"": 1}"
2025020157,NHL,20252026,regular,2025-10-28,2025-10-28,nhl-wpg,nhl-min,final,,,9,10,,,0.25,,,,,628.4,0.0,6,3,0,0.6667,3.3333,2.4444,9,3,5,2,0.4,2.8,3.9,10,4,4,3.5,3.0,4,4,2.25,4.0,,,,,,,4,3,7,-1,nhl-wpg,"{""common_opponents"": 1, ""games_played"": 1, ""head_to_head"": 1, ""home_advantage"": 1, ""last10_form"": 1, ""season_scoring"": 1, ""travel_km"": 1}"
2025020158,NHL,20252026,regular,2025-10-28,2025-10-28,nhl-det,nhl-stl,final,,,9,9,,,0.25,,,,,731.7,898.2,6,3,0,0.6667,3.3333,3.2222,9,3,5,1,0.3889,3.0,4.3333,9,,,,,,,,,1,6.0,4.0,1,4.0,6.0,5,2,7,-3,nhl-det,"{""common_opponents"": 1, ""games_played"": 1, ""head_to_head"": 1, ""home_advantage"": 1, ""last10_form"": 1, ""season_scoring"": 1, ""travel_km"": 1}"
2025020159,NHL,20252026,regular,2025-10-28,2025-10-28,nhl-wsh,nhl-dal,final,,,9,9,,,0.25,,,,,1903.8,992.3,6,3,0,0.6667,3.0,2.3333,9,5,3,1,0.6111,3.1111,3.3333,9,3,3,4.3333,2.0,3,3,3.0,4.0,,,,,,,0,1,1,1,nhl-dal,"{""common_opponents"": 1, ""games_played"": 1, ""head_to_head"": 1, ""home_advantage"": 1, ""last10_form"": 1, ""season_scoring"": 1, ""travel_km"": 1}"
2025020160,NHL,20252026,regular,2025-10-28,2025-10-28,nhl-ott,nhl-chi,final,,,10,9,,,0.25,,,,,1018.3,0.0,5,4,1,0.55,3.8,3.7,10,4,3,2,0.5556,2.8889,2.5556,9,3,3,4.6667,4.0,3,3,2.6667,3.0,,,,,,,3,7,10,4,nhl-chi,"{""common_opponents"": 1, ""games_played"": 1, ""head_to_head"": 1, ""home_advantage"": 1, ""last10_form"": 1, ""season_scoring"": 1, ""travel_km"": 1}"
2025020161,NHL,20252026,regular,2025-10-28,2025-10-28,nhl-njd,nhl-col,final,,,9,10,,,0.25,,,,,2606.2,2606.2,8,1,0,0.8889,3.8889,2.4444,9,5,1,4,0.7,3.3,2.6,10,2,2,3.0,4.0,2,2,4.0,3.0,1,4.0,3.0,1,3.0,4.0,4,8,12,4,nhl-col,"{""common_opponents"": 1, ""games_played"": 1, ""head_to_head"": 1, ""home_advantage"": 1, ""last10_form"": 1, ""season_scoring"": 1, ""travel_km"": 1}"
2025020162,NHL,20252026,regular,2025-10-28,2025-10-28,nhl-uta,nhl-edm,final,,,10,10,,,0.25,,,,,1194.3,817.2,8,2,0,0.8,3.7,2.4,10,4,4,2,0.5,2.9,3.2,10,1,1,3.0,1.0,1,1,3.0,4.0,,,,,,,3,6,9,3,nhl-edm,"{""common_opponents"": 1, ""games_played"": 1, ""head_to_head"": 1, ""home_advantage"": 1, ""last10_form"": 1, ""season_scoring"": 1, ""travel_km"": 1}"
2025020163,NHL,20252026,regular,2025-10-28,2025-10-28,nhl-nyr,nhl-van,final,,,10,10,,,0.25,,,,,673.7,0.0,3,5,2,0.4,2.2,2.6,10,5,5,0,0.5,2.9,3.1,10,5,6,1.8333,2.5,5,6,3.0,3.1667,,,,,,,2,0,2,-2,nhl-nyr,"{""common_opponents"": 1, ""games_played"": 1, ""head_to_head"": 1, ""home_advantage"": 1, ""last10_form"": 1, ""season_scoring"": 1, ""travel_km"": 1}"
2025020164,NHL,20252026,regular,2025-10-28,2025-10-28,nhl-mtl,nhl-sea,final,,,10,9,,,0.25,,,,,192.3,0.0,7,3,0,0.7,3.6,3.0,10,5,2,2,0.6667,2.7778,2.7778,9,2,2,3.5,5.5,2,2,3.5,2.5,1,5.0,4.0,1,4.0,5.0,4,3,7,-1,nhl-mtl,"{""common_opponents"": 1, ""games_played"": 1, ""head_to_head"": 1, ""home_advantage"": 1, ""last10_form"": 1, ""season_scoring"": 1, ""travel_km"": 1}"
2025020165,NHL,20252026,regular,2025-10-28,2025-10-28,nhl-lak,nhl-sjs,final,,,10,9,,,0.25,,,,,2955.3,2540.0,4,3,3,0.55,2.9,3.3,10,2,5,2,0.3333,3.2222,4.6667,9,4,4,3.5,4.25,4,4,2.5,4.25,,,,,,,4,3,7,-1,nhl-lak,"{""common_opponents"": 1, ""games_played"": 1, ""head_to_head"": 1, ""home_advantage"": 1, ""last10_form"": 1, ""season_scoring"": 1, ""travel_km"": 1}"
2025020166,NHL,20252026,regular,2025-10-29,2025-10-29,nhl-tor,nhl-cbj,final,,,10,9,,,0.25,,,,,507.1,472.1,5,4,1,0.55,3.5,3.6,10,5,4,0,0.5556,3.2222,3.1111,9,3,4,4.0,4.25,3,3,2.3333,2.6667,,,,,,,3,6,9,3,nhl-cbj,"{""common_opponents"": 1, ""games_played"": 1, ""head_to_head"": 1, ""home_advantage"": 1, ""last10_form"": 1, ""season_scoring"": 1, ""travel_km"": 1}"
2025020167,NHL,20252026,regular,2025-10-30,2025-10-30,nhl-buf,nhl-bos,final,,,10,12,,,0.25,,,,,641.7,0.0,4,4,2,0.5,3.0,3.1,10,3,7,0,0.3,3.25,3.6667,12,3,3,4.0,2.3333,3,4,2.25,4.25,1,1.0,3.0,1,3.0,1.0,3,4,7,1,nhl-bos,"{""common_opponents"": 1, ""games_played"": 1, ""head_to_head"": 1, ""home_advantage"": 1, ""last10_form"": 1, ""season_scoring"": 1, ""travel_km"": 1}"
2025020168,NHL,20252026,regular,2025-10-30,2025-10-30,nhl-cgy,nhl-ott,final,,,11,11,,,0.25,,,,,329.8,1018.3,1,8,1,0.15,2.1818,3.5455,11,4,5,1,0.45,3.7273,4.0,11,1,1,4.0,3.0,1,1,2.0,3.0,,,,,,,3,4,7,1,nhl-ott,"{""common_opponents"": 1, ""games_played"": 1, ""head_to_head"": 1, ""home_advantage"": 1, ""last10_form"": 1, ""season_scoring"": 1, ""travel_km"": 1}"
2025020169,NHL,20252026,regular,2025-10-30,2025-10-30,nhl-dal,nhl-tbl,final,,,10,10,,,0.25,,,,,1477.6,1000.2,6,3,1,0.65,2.9,3.0,10,4,4,2,0.5,2.9,3.0,10,3,3,1.6667,2.3333,3,3,3.0,2.6667,,,,,,,1,2,3,1,nhl-tbl,"{""common_opponents"": 1, ""games_played"": 1, ""head_to_head"": 1, ""home_advantage"": 1, ""last10_form"": 1, ""season_scoring"": 1, ""travel_km"": 1}"
2025020170,NHL,20252026,regular,2025-10-30,2025-10-30,nhl-nsh,nhl-phi,final,,,11,9,,,0.25,,,,,1097.3,0.0,3,5,2,0.4,2.5455,3.3636,11,5,3,1,0.6111,2.8889,2.5556,9,2,2,2.5,2.5,2,2,1.5,3.5,,,,,,,1,4,5,3,nhl-phi,"{""common_opponents"": 1, ""games_played"": 1, ""head_to_head"": 1, ""home_advantage"": 1, ""last10_form"": 1, ""season_scoring"": 1, ""travel_km"": 1}"
2025020171,NHL,20252026,regular,2025-10-30,2025-10-30,nhl-nyi,nhl-car,final,,,9,9,,,0.25,,,,,983.8,0.0,4,4,1,0.5,3.5556,3.6667,9,6,3,0,0.6667,3.7778,3.1111,9,2,2,3.5,3.5,2,2,4.5,2.0,,,,,,,2,6,8,4,nhl-car,"{""common_opponents"": 1, ""games_played"": 1, ""head_to_head"": 1, ""home_advantage"": 1, ""last10_form"": 1, ""season_scoring"": 1, ""travel_km"": 1}"
2025020172,NHL,20252026,regular,2025-10-30,2025-10-30,nhl-van,nhl-stl,final,,,11,10,,,0.25,,,,,2858.8,0.0,4,6,0,0.4,2.6364,3.0,11,3,6,1,0.35,2.9,4.4,10,4,4,3.5,2.75,4,4,3.25,4.25,1,2.0,5.0,1,5.0,2.0,4,3,7,-1,nhl-van,"{""common_opponents"": 1, ""games_played"": 1, ""head_to_head"": 1, ""home_advantage"": 1, ""last10_form"": 1, ""season_scoring"": 1, ""travel_km"": 1}"
2025020173,NHL,20252026,regular,2025-10-30,2025-10-30,nhl-pit,nhl-min,final,,,11,11,,,0.25,,,,,1570.8,0.0,6,2,2,0.7,3.6364,2.7273,11,2,5,3,0.35,2.8182,3.9091,11,6,7,3.2857,2.7143,6,6,3.6667,3.1667,,,,,,,4,1,5,-3,nhl-pit,"{""common_opponents"": 1, ""games_played"": 1, ""head_to_head"": 1, ""home_advantage"": 1, ""last10_form"": 1, ""season_scoring"": 1, ""travel_km"": 1}"
2025020174,NHL,20252026,regular,2025-10-30,2025-10-30,nhl-chi,nhl-wpg,final,,,10,10,,,0.25,,,,,1151.8,628.4,5,3,2,0.6,3.3,2.6,10,7,3,0,0.7,3.4,2.5,10,2,2,2.0,2.0,2,2,2.5,2.5,,,,,,,3,6,9,3,nhl-wpg,"{""common_opponents"": 1, ""games_played"": 1, ""head_to_head"": 1, ""home_advantage"": 1, ""last10_form"": 1, ""season_scoring"": 1, ""travel_km"": 1}"
2025020175,NHL,20252026,regular,2025-10-30,2025-10-30,nhl-nyr,nhl-edm,final,,,11,11,,,0.25,,,,,817.2,0.0,4,4,2,0.5,2.1818,2.3636,11,5,4,1,0.55,3.1818,3.1818,11,3,3,2.3333,2.6667,3,4,3.75,3.5,1,0.0,2.0,1,2.0,0.0,4,3,7,-1,nhl-nyr,"{""common_opponents"": 1, ""games_played"": 1, ""head_to_head"": 1, ""home_advantage"": 1, ""last10_form"": 1, ""season_scoring"": 1, ""travel_km"": 1}"
2025020176,NHL,20252026,regular,2025-10-30,2025-10-30,nhl-njd,nhl-sjs,final,,,10,10,,,0.25,,,,,1491.3,0.0,8,2,0,0.8,3.9,3.0,10,2,6,2,0.3,3.2,4.6,10,2,2,3.5,3.5,2,2,3.5,5.0,1,3.0,1.0,1,1.0,3.0,2,5,7,3,nhl-sjs,"{""common_opponents"": 1, ""games_played"": 1, ""head_to_head"": 1, ""home_advantage"": 1, ""last10_form"": 1, ""season_scoring"": 1, ""travel_km"": 1}"
2025020177,NHL,20252026,regular,2025-10-30,2025-10-30,nhl-det,nhl-lak,final,,,10,11,,,0.25,,,,,2554.5,491.4,7,3,0,0.7,3.5,3.1,10,5,2,3,0.65,3.0,3.2727,11,1,2,5.5,3.0,1,1,2.0,1.0,,,,,,,4,3,7,-1,nhl-det,"{""common_opponents"": 1, ""games_played"": 1, ""head_to_head"": 1, ""home_advantage"": 1, ""last10_form"": 1, ""season_scoring"": 1, ""travel_km"": 1}"
2025020178,NHL,20252026,regular,2025-10-31,2025-10-31,nhl-col,nhl-vgk,final,,,11,10,,,0.25,,,,,979.1,3262.1,5,1,4,0.7,3.7273,2.7273,11,6,1,3,0.75,3.7,2.8,10,3,4,3.5,2.5,3,4,5.25,3.75,,,,,,,4,2,6,-2,nhl-col,"{""common_opponents"": 1, ""games_played"": 1, ""head_to_head"": 1, ""home_advantage"": 1, ""last10_form"": 1, ""season_scoring"": 1, ""travel_km"": 1}"
2025020179,NHL,20252026,regular,2025-10-31,2025-10-31,nhl-nyi,nhl-wsh,final,,,10,10,,,0.25,,,,,375.5,1903.8,4,5,1,0.45,3.4,3.9,10,6,4,0,0.6,2.7,2.2,10,2,2,3.5,4.5,2,2,1.0,5.0,1,2.0,4.0,1,4.0,2.0,3,1,4,-2,nhl-nyi,"{""common_opponents"": 1, ""games_played"": 1, ""head_to_head"": 1, ""home_advantage"": 1, ""last10_form"": 1, ""season_scoring"": 1, ""travel_km"": 1}"
2025020180,NHL,20252026,regular,2025-10-31,2025-10-31,nhl-det,nhl-ana,final,,,11,9,,,0.25,,,,,44.5,3693.8,8,2,0,0.8,3.5455,3.0909,11,5,3,1,0.6111,3.5556,3.4444,9,2,2,3.0,1.0,2,2,3.0,3.0,,,,,,,2,5,7,3,nhl-ana,"{""common_opponents"": 1, ""games_played"": 1, ""head_to_head"": 1, ""home_advantage"": 1, ""last10_form"": 1, ""season_scoring"": 1, ""travel_km"": 1}"
2025020181,NHL,20252026,regular,2025-11-01,2025-11-01,nhl-car,nhl-bos,final,,,10,13,,,0.25,,,,,983.8,0.0,7,3,0,0.7,4.0,3.0,10,3,7,0,0.3,3.3077,3.6154,13,4,5,3.8,3.4,4,5,3.8,4.2,,,,,,,1,2,3,1,nhl-bos,"{""common_opponents"": 1, ""games_played"": 1, ""head_to_head"": 1, ""home_advantage"": 1, ""last10_form"": 1, ""season_scoring"": 1, ""travel_km"": 1}"
2025020182,NHL,20252026,regular,2025-11-01,2025-11-01,nhl-pit,nhl-wpg,final,,,12,11,,,0.25,,,,,628.4,0.0,6,2,2,0.7,3.6667,2.5833,12,8,2,0,0.8,3.6364,2.5455,11,4,4,3.5,2.25,4,4,4.25,2.25,,,,,,,2,5,7,3,nhl-wpg,"{""common_opponents"": 1, ""games_played"": 1, ""head_to_head"": 1, ""home_advantage"": 1, ""last10_form"": 1, ""season_scoring"": 1, ""travel_km"": 1}"
2025020183,NHL,20252026,regular,2025-11-01,2025-11-01,nhl-cgy,nhl-nsh,final,,,12,12,,,0.25,,,,,1364.4,1097.3,1,7,2,0.2,2.25,3.5833,12,3,6,1,0.35,2.4167,3.4167,12,6,7,1.8571,3.5714,6,6,2.5,3.1667,,,,,,,2,4,6,2,nhl-nsh,"{""common_opponents"": 1, ""games_played"": 1, ""head_to_head"": 1, ""home_advantage"": 1, ""last10_form"": 1, ""season_scoring"": 1, ""travel_km"": 1}"
2025020184,NHL,20252026,regular,2025-11-01,2025-11-01,nhl-col,nhl-sjs,final,,,12,11,,,0.25,,,,,614.5,0.0,5,1,4,0.7,3.75,2.6667,12,3,6,1,0.35,3.3636,4.3636,11,5,7,4.0,3.0,5,6,2.6667,4.0,,,,,,,2,3,5,1,nhl-sjs,"{""common_opponents"": 1, ""games_played"": 1, ""head_to_head"": 1, ""home_advantage"": 1, ""last10_form"": 1, ""season_scoring"": 1, ""travel_km"": 1}"
2025020185,NHL,20252026,regular,2025-11-01,2025-11-01,nhl-dal,nhl-fla,final,,,11,11,,,0.25,,,,,289.3,0.0,5,3,2,0.6,2.7273,2.9091,11,4,5,1,0.45,2.4545,2.8182,11,,,,,,,,,,,,,,,3,4,7,1,nhl-fla,"{""common_opponents"": 1, ""games_played"": 1, ""head_to_head"": 1, ""home_advantage"": 1, ""last10_form"": 1, ""season_scoring"": 1, ""travel_km"": 1}"
2025020186,NHL,20252026,regular,2025-11-01,2025-11-01,nhl-wsh,nhl-buf,final,,,11,11,,,0.25,,,,,468.9,641.7,6,4,0,0.6,2.5455,2.2727,11,4,3,3,0.55,3.0,3.1818,11,4,4,2.0,2.75,4,5,3.0,3.8,,,,,,,3,4,7,1,nhl-buf,"{""common_opponents"": 1, ""games_played"": 1, ""head_to_head"": 1, ""home_advantage"": 1, ""last10_form"": 1, ""season_scoring"": 1, ""travel_km"": 1}"
2025020187,NHL,20252026,regular,2025-11-01,2025-11-01,nhl-ott,nhl-mtl,final,,,12,11,,,0.25,,,,,185.4,3675.5,5,4,1,0.55,3.75,3.9167,12,8,2,0,0.8,3.6364,3.0,11,6,6,3.0,4.6667,6,7,3.7143,2.8571,,,,,,,3,4,7,1,nhl-mtl,"{""common_opponents"": 1, ""games_played"": 1, ""head_to_head"": 1, ""home_advantage"": 1, ""last10_form"": 1, ""season_scoring"": 1, ""travel_km"": 1}"
2025020188,NHL,20252026,regular,2025-11-01,2025-11-01,nhl-tor,nhl-phi,final,,,11,10,,,0.25,,,,,667.8,0.0,4,5,1,0.45,3.4545,3.8182,11,6,3,1,0.65,3.0,2.4,10,2,2,5.0,4.0,2,2,4.5,1.5,,,,,,,5,2,7,-3,nhl-tor,"{""common_opponents"": 1, ""games_played"": 1, ""head_to_head"": 1, ""home_advantage"": 1, ""last10_form"": 1, ""season_scoring"": 1, ""travel_km"": 1}"
2025020189,NHL,20252026,regular,2025-11-01,2025-11-01,nhl-stl,nhl-cbj,final,,,11,10,,,0.25,,,,,636.8,0.0,3,5,2,0.4,2.9091,4.3636,11,6,4,0,0.6,3.5,3.1,10,3,3,2.0,4.0,3,3,5.6667,3.0,,,,,,,2,3,5,1,nhl-cbj,"{""common_opponents"": 1, ""games_played"": 1, ""head_to_head"": 1, ""home_advantage"": 1, ""last10_form"": 1, ""season_scoring"": 1, ""travel_km"": 1}"
2025020190,NHL,20252026,regular,2025-11-01,2025-11-01,nhl-van,nhl-min,final,,,12,12,,,0.25,,,,,742.3,0.0,5,5,0,0.5,2.75,3.0,12,2,5,3,0.35,2.6667,3.9167,12,5,6,2.6667,3.5,5,5,2.4,3.0,,,,,,,2,5,7,3,nhl-min,"{""common_opponents"": 1, ""games_played"": 1, ""head_to_head"": 1, ""home_advantage"": 1, ""last10_form"": 1, ""season_scoring"": 1, ""travel_km"": 1}"
2025020191,NHL,20252026,regular,2025-11-01,2025-11-01,nhl-njd,nhl-lak,final,,,11,12,,,0.25,,,,,491.4,0.0,8,2,0,0.8,3.7273,3.1818,11,4,2,4,0.6,3.0,3.3333,12,4,6,3.3333,4.0,4,4,2.75,3.75,,,,,,,4,1,5,-3,nhl-njd,"{""common_opponents"": 1, ""games_played"": 1, ""head_to_head"": 1, ""home_advantage"": 1, ""last10_form"": 1, ""season_scoring"": 1, ""travel_km"": 1}"
2025020192,NHL,20252026,regular,2025-11-01,2025-11-01,nhl-chi,nhl-edm,final,,,11,12,,,0.25,,,,,1194.3,0.0,5,3,2,0.6,3.2727,2.9091,11,4,4,2,0.5,3.1667,3.25,12,4,4,3.5,2.5,4,5,4.2,3.0,,,,,,,2,3,5,1,nhl-edm,"{""common_opponents"": 1, ""games_played"": 1, ""head_to_head"": 1, ""home_advantage"": 1, ""last10_form"": 1, ""season_scoring"": 1, ""travel_km"": 1}"
2025020193,NHL,20252026,regular,2025-11-01,2025-11-01,nhl-nyr,nhl-sea,final,,,12,10,,,0.25,,,,,907.0,0.0,4,4,2,0.5,2.3333,2.4167,12,5,2,3,0.65,2.8,2.9,10,4,5,1.8,2.2,4,5,3.0,3.6,,,,,,,3,2,5,-1,nhl-nyr,"{""common_opponents"": 1, ""games_played"": 1, ""head_to_head"": 1, ""home_advantage"": 1, ""last10_form"": 1, ""season_scoring"": 1, ""travel_km"": 1}"
2025020194,NHL,20252026,regular,2025-11-02,2025-11-02,nhl-tbl,nhl-uta,final,,,11,11,,,0.25,,,,,3035.8,1425.9,5,3,2,0.6,2.8182,2.8182,11,8,2,0,0.8,3.6364,2.7273,11,3,3,3.6667,2.6667,3,3,2.3333,2.3333,,,,,,,4,2,6,-2,nhl-tbl,"{""common_opponents"": 1, ""games_played"": 1, ""head_to_head"": 1, ""home_advantage"": 1, ""last10_form"": 1, ""season_scoring"": 1, ""travel_km"": 1}"
2025020195,NHL,20252026,regular,2025-11-02,2025-11-02,nhl-cbj,nhl-nyi,final,,,11,11,,,0.25,,,,,790.4,346.1,7,3,0,0.7,3.4545,3.0,11,5,4,1,0.55,3.3636,3.6364,11,2,2,3.0,4.5,2,3,2.6667,3.0,,,,,,,2,3,5,1,nhl-nyi,"{""common_opponents"": 1, ""games_played"": 1, ""head_to_head"": 1, ""home_advantage"": 1, ""last10_form"": 1, ""season_scoring"": 1, ""travel_km"": 1}"
2025020196,NHL,20252026,regular,2025-11-02,2025-11-02,nhl-cgy,nhl-phi,final,,,13,11,,,0.25,,,,,1097.3,0.0,1,7,2,0.2,2.2308,3.6154,13,6,3,1,0.65,2.9091,2.6364,11,4,5,2.4,3.8,4,4,2.25,3.25,,,,,,,2,1,3,-1,nhl-cgy,"{""common_opponents"": 1, ""games_played"": 1, ""head_to_head"": 1, ""home_advantage"": 1, ""last10_form"": 1, ""season_scoring"": 1, ""travel_km"": 1}"
2025020197,NHL,20252026,regular,2025-11-02,2025-11-02,nhl-njd,nhl-ana,final,,,12,10,,,0.25,,,,,44.5,0.0,8,2,0,0.8,3.75,3.0,12,6,3,1,0.65,3.7,3.3,10,4,5,3.2,3.2,4,4,3.5,4.0,,,,,,,1,4,5,3,nhl-ana,"{""common_opponents"": 1, ""games_played"": 1, ""head_to_head"": 1, ""home_advantage"": 1, ""last10_form"": 1, ""season_scoring"": 1, ""travel_km"": 1}"
2025020198,NHL,20252026,regular,2025-11-02,2025-11-02,nhl-det,nhl-sjs,final,,,12,12,,,0.25,,,,,534.8,0.0,7,3,0,0.7,3.4167,3.25,12,4,6,0,0.4,3.3333,4.1667,12,3,3,2.6667,5.0,3,3,4.0,5.0,,,,,,,3,2,5,-1,nhl-det,"{""common_opponents"": 1, ""games_played"": 1, ""head_to_head"": 1, ""home_advantage"": 1, ""last10_form"": 1, ""season_scoring"": 1, ""travel_km"": 1}"
2025020199,NHL,20252026,regular,2025-11-03,2025-11-03,nhl-pit,nhl-tor,final,,,13,12,,,0.25,,,,,1515.8,542.9,6,2,2,0.7,3.5385,2.7692,13,5,4,1,0.55,3.5833,3.6667,12,3,4,2.5,3.5,3,3,3.3333,3.0,,,,,,,3,4,7,1,nhl-tor,"{""common_opponents"": 1, ""games_played"": 1, ""head_to_head"": 1, ""home_advantage"": 1, ""last10_form"": 1, ""season_scoring"": 1, ""travel_km"": 1}"
2025020200,NHL,20252026,regular,2025-11-03,2025-11-03,nhl-edm,nhl-stl,final,,,13,12,,,0.25,,,,,2424.7,636.8,4,4,2,0.5,3.1538,3.1538,13,2,6,2,0.3,2.8333,4.25,12,5,6,3.3333,3.0,5,7,3.5714,4.8571,,,,,,,2,3,5,1,nhl-stl,"{""common_opponents"": 1, ""games_played"": 1, ""head_to_head"": 1, ""home_advantage"": 1, ""last10_form"": 1, ""season_scoring"": 1, ""travel_km"": 1}"
2025020201,NHL,20252026,regular,2025-11-03,2025-11-03,nhl-van,nhl-nsh,final,,,13,13,,,0.25,,,,,1112.5,0.0,5,5,0,0.5,2.6923,3.1538,13,3,6,1,0.35,2.5385,3.3077,13,3,3,4.3333,2.6667,3,3,2.6667,2.6667,1,1.0,2.0,1,2.0,1.0,5,4,9,-1,nhl-van,"{""common_opponents"": 1, ""games_played"": 1, ""head_to_head"": 1, ""home_advantage"": 1, ""last10_form"": 1, ""season_scoring"": 1, ""travel_km"": 1}"
2025020202,NHL,20252026,regular,2025-11-03,2025-11-03,nhl-chi,nhl-sea,final,,,12,11,,,0.25,,,,,907.0,0.0,5,3,2,0.6,3.1667,2.9167,12,4,2,4,0.6,2.7273,2.9091,11,5,5,3.2,3.2,5,6,3.1667,2.6667,,,,,,,1,3,4,2,nhl-sea,"{""common_opponents"": 1, ""games_played"": 1, ""head_to_head"": 1, ""home_advantage"": 1, ""last10_form"": 1, ""season_scoring"": 1, ""travel_km"": 1}"
2025020203,NHL,20252026,regular,2025-11-04,2025-11-04,nhl-uta,nhl-buf,final,,,12,12,,,0.25,,,,,2729.0,0.0,7,3,0,0.7,3.5,2.8333,12,5,2,3,0.65,3.0833,3.1667,12,2,3,2.6667,2.3333,2,3,1.6667,3.3333,,,,,,,2,1,3,-1,nhl-uta,"{""common_opponents"": 1, ""games_played"": 1, ""head_to_head"": 1, ""home_advantage"": 1, ""last10_form"": 1, ""season_scoring"": 1, ""travel_km"": 1}"
2025020204,NHL,20252026,regular,2025-11-04,2025-11-04,nhl-phi,nhl-mtl,final,,,12,12,,,0.25,,,,,635.7,0.0,6,4,0,0.6,2.75,2.5833,12,8,2,0,0.8,3.6667,3.0,12,5,5,2.6,2.4,5,6,3.3333,3.0,,,,,,,5,4,9,-1,nhl-phi,"{""common_opponents"": 1, ""games_played"": 1, ""head_to_head"": 1, ""home_advantage"": 1, ""last10_form"": 1, ""season_scoring"": 1, ""travel_km"": 1}"
2025020205,NHL,20252026,regular,2025-11-04,2025-11-04,nhl-bos,nhl-nyi,final,,,14,12,,,0.25,,,,,288.1,0.0,4,6,0,0.4,3.2143,3.4286,14,6,3,1,0.65,3.3333,3.5,12,3,3,2.3333,3.0,3,4,3.0,3.75,1,5.0,2.0,1,2.0,5.0,4,3,7,-1,nhl-bos,"{""common_opponents"": 1, ""games_played"": 1, ""head_to_head"": 1, ""home_advantage"": 1, ""last10_form"": 1, ""season_scoring"": 1, ""travel_km"": 1}"
2025020206,NHL,20252026,regular,2025-11-04,2025-11-04,nhl-car,nhl-nyr,final,,,11,13,,,0.25,,,,,302.9,3865.9,6,4,0,0.6,3.7273,2.9091,11,4,4,2,0.5,2.3846,2.3846,13,1,1,5.0,1.0,1,1,5.0,6.0,,,,,,,3,0,3,-3,nhl-car,"{""common_opponents"": 1, ""games_played"": 1, ""head_to_head"": 1, ""home_advantage"": 1, ""last10_form"": 1, ""season_scoring"": 1, ""travel_km"": 1}"
2025020207,NHL,20252026,regular,2025-11-04,2025-11-04,nhl-edm,nhl-dal,final,,,14,12,,,0.25,,,,,881.0,1755.1,4,4,2,0.5,3.0714,3.1429,14,4,3,3,0.55,2.75,3.0,12,2,3,2.6667,2.6667,2,2,2.0,4.0,,,,,,,3,4,7,1,nhl-dal,"{""common_opponents"": 1, ""games_played"": 1, ""head_to_head"": 1, ""home_advantage"": 1, ""last10_form"": 1, ""season_scoring"": 1, ""travel_km"": 1}"
2025020208,NHL,20252026,regular,2025-11-04,2025-11-04,nhl-nsh,nhl-min,final,,,14,13,,,0.25,,,,,1112.5,0.0,3,5,2,0.4,2.6429,3.4286,14,2,5,3,0.35,2.8462,3.7692,13,7,8,2.375,3.125,7,7,3.0,4.1429,,,,,,,2,3,5,1,nhl-min,"{""common_opponents"": 1, ""games_played"": 1, ""head_to_head"": 1, ""home_advantage"": 1, ""last10_form"": 1, ""season_scoring"": 1, ""travel_km"": 1}"
2025020209,NHL,20252026,regular,2025-11-04,2025-11-04,nhl-tbl,nhl-col,final,,,12,13,,,0.25,,,,,595.7,1491.3,6,2,2,0.7,2.9167,2.75,12,5,1,4,0.7,3.6154,2.6923,13,6,6,2.8333,2.5,6,9,3.7778,2.7778,,,,,,,2,3,5,1,nhl-col,"{""common_opponents"": 1, ""games_played"": 1, ""head_to_head"": 1, ""home_advantage"": 1, ""last10_form"": 1, ""season_scoring"": 1, ""travel_km"": 1}"
2025020210,NHL,20252026,regular,2025-11-04,2025-11-04,nhl-det,nhl-vgk,final,,,13,11,,,0.25,,,,,614.5,0.0,7,3,0,0.7,3.3846,3.1538,13,6,2,2,0.7,3.5455,2.9091,11,4,4,3.25,1.75,4,4,2.5,3.5,,,,,,,0,1,1,1,nhl-vgk,"{""common_opponents"": 1, ""games_played"": 1, ""head_to_head"": 1, ""home_advantage"": 1, ""last10_form"": 1, ""season_scoring"": 1, ""travel_km"": 1}"
2025020211,NHL,20252026,regular,2025-11-04,2025-11-04,nhl-fla,nhl-ana,final,,,12,11,,,0.25,,,,,3693.8,0.0,4,5,1,0.45,2.5833,2.8333,12,7,2,1,0.75,3.7273,3.0909,11,5,5,2.4,3.4,5,5,4.2,2.6,1,2.0,3.0,1,3.0,2.0,3,7,10,4,nhl-ana,"{""common_opponents"": 1, ""games_played"": 1, ""head_to_head"": 1, ""home_advantage"": 1, ""last10_form"": 1, ""season_scoring"": 1, ""travel_km"": 1}"
2025020212,NHL,20252026,regular,2025-11-04,2025-11-04,nhl-wpg,nhl-lak,final,,,12,13,,,0.25,,,,,2464.5,0.0,8,2,0,0.8,3.75,2.5,12,4,2,4,0.6,2.8462,3.3846,13,5,5,4.6,2.8,5,5,3.0,3.2,1,3.0,2.0,1,2.0,3.0,0,3,3,3,nhl-lak,"{""common_opponents"": 1, ""games_played"": 1, ""head_to_head"": 1, ""home_advantage"": 1, ""last10_form"": 1, ""season_scoring"": 1, ""travel_km"": 1}"
2025020213,NHL,20252026,regular,2025-11-05,2025-11-05,nhl-uta,nhl-tor,final,,,13,13,,,0.25,,,,,94.7,0.0,8,2,0,0.8,3.3846,2.6923,13,6,3,1,0.65,3.6154,3.6154,13,3,3,2.6667,1.3333,3,4,4.5,3.75,,,,,,,3,5,8,2,nhl-tor,"{""common_opponents"": 1, ""games_played"": 1, ""head_to_head"": 1, ""home_advantage"": 1, ""last10_form"": 1, ""season_scoring"": 1, ""travel_km"": 1}"
2025020214,NHL,20252026,regular,2025-11-05,2025-11-05,nhl-stl,nhl-wsh,final,,,13,12,,,0.25,,,,,1142.3,468.9,2,6,2,0.3,2.8462,4.0769,13,5,4,1,0.55,2.5833,2.4167,12,4,5,2.6,3.0,4,4,3.25,1.75,,,,,,,1,6,7,5,nhl-wsh,"{""common_opponents"": 1, ""games_played"": 1, ""head_to_head"": 1, ""home_advantage"": 1, ""last10_form"": 1, ""season_scoring"": 1, ""travel_km"": 1}"
2025020215,NHL,20252026,regular,2025-11-05,2025-11-05,nhl-cbj,nhl-cgy,final,,,12,14,,,0.25,,,,,3277.7,3228.8,6,4,0,0.6,3.3333,3.0,12,2,6,2,0.3,2.2143,3.4286,14,3,3,3.3333,2.3333,3,3,2.3333,4.0,,,,,,,1,5,6,4,nhl-cgy,"{""common_opponents"": 1, ""games_played"": 1, ""head_to_head"": 1, ""home_advantage"": 1, ""last10_form"": 1, ""season_scoring"": 1, ""travel_km"": 1}"
2025020216,NHL,20252026,regular,2025-11-05,2025-11-05,nhl-chi,nhl-van,final,,,13,14,,,0.25,,,,,192.3,3265.2,5,3,2,0.6,3.0,2.9231,13,5,5,0,0.5,2.8571,3.2143,14,3,3,4.0,3.0,3,5,2.8,3.6,1,2.0,3.0,1,3.0,2.0,5,2,7,-3,nhl-chi,"{""common_opponents"": 1, ""games_played"": 1, ""head_to_head"": 1, ""home_advantage"": 1, ""last10_form"": 1, ""season_scoring"": 1, ""travel_km"": 1}"
2025020217,NHL,20252026,regular,2025-11-05,2025-11-05,nhl-sjs,nhl-sea,final,,,13,12,,,0.25,,,,,1144.7,0.0,4,5,1,0.45,3.2308,4.0769,13,4,2,4,0.6,2.75,2.75,12,3,3,5.0,5.3333,3,3,2.3333,1.6667,,,,,,,6,1,7,-5,nhl-sjs,"{""common_opponents"": 1, ""games_played"": 1, ""head_to_head"": 1, ""home_advantage"": 1, ""last10_form"": 1, ""season_scoring"": 1, ""travel_km"": 1}"
2025020218,NHL,20252026,regular,2025-11-06,2025-11-06,nhl-ott,nhl-bos,final,,,13,15,,,0.25,,,,,401.7,288.1,5,3,2,0.6,3.6923,3.9231,13,5,5,0,0.5,3.2667,3.4,15,6,6,4.1667,5.1667,6,8,3.625,2.625,1,7.0,2.0,1,2.0,7.0,2,3,5,1,nhl-bos,"{""common_opponents"": 1, ""games_played"": 1, ""head_to_head"": 1, ""home_advantage"": 1, ""last10_form"": 1, ""season_scoring"": 1, ""travel_km"": 1}"
2025020219,NHL,20252026,regular,2025-11-06,2025-11-06,nhl-stl,nhl-buf,final,,,14,13,,,0.25,,,,,468.9,0.0,2,6,2,0.3,2.7143,4.2143,14,5,1,4,0.7,2.9231,3.0769,13,4,5,2.6,5.4,4,4,3.0,2.75,,,,,,,3,0,3,-3,nhl-stl,"{""common_opponents"": 1, ""games_played"": 1, ""head_to_head"": 1, ""home_advantage"": 1, ""last10_form"": 1, ""season_scoring"": 1, ""travel_km"": 1}"
2025020220,NHL,20252026,regular,2025-11-06,2025-11-06,nhl-mtl,nhl-njd,final,,,13,13,,,0.25,,,,,531.8,3902.0,7,2,1,0.75,3.6923,3.1538,13,7,3,0,0.7,3.5385,3.0769,13,2,2,3.5,5.5,2,2,5.0,2.5,,,,,,,3,4,7,1,nhl-njd,"{""common_opponents"": 1, ""games_played"": 1, ""head_to_head"": 1, ""home_advantage"": 1, ""last10_form"": 1, ""season_scoring"": 1, ""travel_km"": 1}"
2025020221,NHL,20252026,regular,2025-11-06,2025-11-06,nhl-wsh,nhl-pit,final,,,13,14,,,0.25,,,,,306.5,359.8,5,4,1,0.55,2.8462,2.3077,13,6,2,2,0.7,3.5,2.8571,14,6,7,3.5714,1.7143,6,7,3.8571,2.7143,,,,,,,3,5,8,2,nhl-pit,"{""common_opponents"": 1, ""games_played"": 1, ""head_to_head"": 1, ""home_advantage"": 1, ""last10_form"": 1, ""season_scoring"": 1, ""travel_km"": 1}"
2025020222,NHL,20252026,regular,2025-11-06,2025-11-06,nhl-min,nhl-car,final,,,14,12,,,0.25,,,,,1582.3,687.5,3,4,3,0.45,2.8571,3.6429,14,6,4,0,0.6,3.6667,2.6667,12,6,6,2.6667,3.5,6,6,4.0,2.1667,,,,,,,3,4,7,1,nhl-car,"{""common_opponents"": 1, ""games_played"": 1, ""head_to_head"": 1, ""home_advantage"": 1, ""last10_form"": 1, ""season_scoring"": 1, ""travel_km"": 1}"
2025020223,NHL,20252026,regular,2025-11-06,2025-11-06,nhl-phi,nhl-nsh,final,,,13,15,,,0.25,,,,,1517.2,1112.5,6,4,0,0.6,2.9231,2.6923,13,3,5,2,0.4,2.6,3.4,15,6,6,2.1667,3.1667,6,6,2.8333,3.3333,1,4.0,1.0,1,1.0,4.0,3,1,4,-2,nhl-phi,"{""common_opponents"": 1, ""games_played"": 1, ""head_to_head"": 1, ""home_advantage"": 1, ""last10_form"": 1, ""season_scoring"": 1, ""travel_km"": 1}"
2025020224,NHL,20252026,regular,2025-11-06,2025-11-06,nhl-ana,nhl-dal,final,,,12,13,,,0.25,,,,,1957.7,0.0,7,2,1,0.75,4.0,3.0833,12,4,3,3,0.55,2.8462,3.0,13,4,5,3.8,3.0,4,4,2.5,2.5,,,,,,,7,5,12,-2,nhl-ana,"{""common_opponents"": 1, ""games_played"": 1, ""head_to_head"": 1, ""home_advantage"": 1, ""last10_form"": 1, ""season_scoring"": 1, ""travel_km"": 1}"
2025020225,NHL,20252026,regular,2025-11-06,2025-11-06,nhl-tbl,nhl-vgk,final,,,13,12,,,0.25,,,,,979.1,0.0,5,3,2,0.6,2.8462,2.7692,13,6,2,2,0.7,3.3333,2.6667,12,3,3,2.3333,2.6667,3,3,3.0,3.0,1,2.0,1.0,1,1.0,2.0,6,3,9,-3,nhl-tbl,"{""common_opponents"": 1, ""games_played"": 1, ""head_to_head"": 1, ""home_advantage"": 1, ""last10_form"": 1, ""season_scoring"": 1, ""travel_km"": 1}"
2025020226,NHL,20252026,regular,2025-11-06,2025-11-06,nhl-fla,nhl-lak,final,,,13,14,,,0.25,,,,,44.5,0.0,3,6,1,0.35,2.6154,3.1538,13,5,2,3,0.65,2.8571,3.1429,14,6,6,2.5,2.8333,6,6,3.0,3.3333,,,,,,,5,2,7,-3,nhl-fla,"{""common_opponents"": 1, ""games_played"": 1, ""head_to_head"": 1, ""home_advantage"": 1, ""last10_form"": 1, ""season_scoring"": 1, ""travel_km"": 1}"
2025020227,NHL,20252026,regular,2025-11-07,2025-11-07,nhl-nyr,nhl-det,final,,,14,14,,,0.25,,,,,774.2,2834.5,4,4,2,0.5,2.2143,2.4286,14,6,4,0,0.6,3.1429,3.0,14,5,6,3.0,2.6667,5,6,3.1667,3.0,,,,,,,4,1,5,-3,nhl-nyr,"{""common_opponents"": 1, ""games_played"": 1, ""head_to_head"": 1, ""home_advantage"": 1, ""last10_form"": 1, ""season_scoring"": 1, ""travel_km"": 1}"
2025020228,NHL,20252026,regular,2025-11-07,2025-11-07,nhl-min,nhl-nyi,final,,,15,13,,,0.25,,,,,698.4,0.0,3,4,3,0.45,2.8667,3.6667,15,6,2,2,0.7,3.3077,3.5385,13,7,7,2.5714,4.5714,7,8,2.75,3.625,,,,,,,5,2,7,-3,nhl-min,"{""common_opponents"": 1, ""games_played"": 1, ""head_to_head"": 1, ""home_advantage"": 1, ""last10_form"": 1, ""season_scoring"": 1, ""travel_km"": 1}"
2025020229,NHL,20252026,regular,2025-11-07,2025-11-07,nhl-chi,nhl-cgy,final,,,14,15,,,0.25,,,,,673.7,0.0,5,3,2,0.6,3.1429,2.8571,14,3,5,2,0.4,2.4,3.2667,15,7,8,4.0,3.0,7,8,2.0,3.5,,,,,,,4,0,4,-4,nhl-chi,"{""common_opponents"": 1, ""games_played"": 1, ""head_to_head"": 1, ""home_advantage"": 1, ""last10_form"": 1, ""season_scoring"": 1, ""travel_km"": 1}"
2025020230,NHL,20252026,regular,2025-11-07,2025-11-07,nhl-wpg,nhl-sjs,final,,,13,14,,,0.25,,,,,491.4,1144.7,7,3,0,0.7,3.4615,2.5385,13,5,4,1,0.55,3.4286,3.8571,14,6,7,2.7143,2.5714,6,6,3.5,3.8333,,,,,,,1,2,3,1,nhl-sjs,"{""common_opponents"": 1, ""games_played"": 1, ""head_to_head"": 1, ""home_advantage"": 1, ""last10_form"": 1, ""season_scoring"": 1, ""travel_km"": 1}"
2025020231,NHL,20252026,regular,2025-11-08,2025-11-08,nhl-pit,nhl-njd,final,,,15,14,,,0.25,,,,,492.3,0.0,6,2,2,0.7,3.6,2.8667,15,7,3,0,0.7,3.5714,3.0714,14,7,7,3.7143,2.7143,7,8,3.125,2.125,,,,,,,1,2,3,1,nhl-njd,"{""common_opponents"": 1, ""games_played"": 1, ""head_to_head"": 1, ""home_advantage"": 1, ""last10_form"": 1, ""season_scoring"": 1, ""travel_km"": 1}"
2025020232,NHL,20252026,regular,2025-11-08,2025-11-08,nhl-ott,nhl-phi,final,,,14,14,,,0.25,,,,,439.9,1097.3,5,2,3,0.65,3.5714,3.8571,14,7,3,0,0.7,2.9286,2.5714,14,6,6,3.0,4.1667,6,8,3.5,2.125,1,2.0,1.0,1,1.0,2.0,3,2,5,-1,nhl-ott,"{""common_opponents"": 1, ""games_played"": 1, ""head_to_head"": 1, ""home_advantage"": 1, ""last10_form"": 1, ""season_scoring"": 1, ""travel_km"": 1}"
2025020233,NHL,20252026,regular,2025-11-08,2025-11-08,nhl-dal,nhl-nsh,final,,,14,16,,,0.25,,,,,992.3,0.0,4,3,3,0.55,3.0,3.2857,14,3,5,2,0.4,2.5,3.375,16,7,7,3.1429,4.0,7,8,2.5,3.5,1,3.0,2.0,1,2.0,3.0,5,4,9,-1,nhl-dal,"{""common_opponents"": 1, ""games_played"": 1, ""head_to_head"": 1, ""home_advantage"": 1, ""last10_form"": 1, ""season_scoring"": 1, ""travel_km"": 1}"
2025020234,NHL,20252026,regular,2025-11-08,2025-11-08,nhl-bos,nhl-tor,final,,,16,14,,,0.25,,,,,690.7,0.0,6,4,0,0.6,3.25,3.3125,16,6,3,1,0.65,3.7143,3.5714,14,2,3,3.0,2.3333,2,3,4.0,3.6667,,,,,,,5,3,8,-2,nhl-bos,"{""common_opponents"": 1, ""games_played"": 1, ""head_to_head"": 1, ""home_advantage"": 1, ""last10_form"": 1, ""season_scoring"": 1, ""travel_km"": 1}"
2025020235,NHL,20252026,regular,2025-11-08,2025-11-08,nhl-uta,nhl-mtl,final,,,14,14,,,0.25,,,,,504.1,531.8,7,3,0,0.7,3.3571,2.8571,14,6,2,2,0.7,3.6429,3.2143,14,6,6,2.5,3.0,6,6,3.1667,3.0,,,,,,,2,6,8,4,nhl-mtl,"{""common_opponents"": 1, ""games_played"": 1, ""head_to_head"": 1, ""home_advantage"": 1, ""last10_form"": 1, ""season_scoring"": 1, ""travel_km"": 1}"
2025020236,NHL,20252026,regular,2025-11-08,2025-11-08,nhl-wsh,nhl-tbl,final,,,14,14,,,0.25,,,,,1407.7,3198.9,4,5,1,0.45,2.8571,2.5,14,6,3,1,0.65,3.0714,2.7857,14,4,4,1.75,3.0,4,4,3.0,3.0,1,3.0,2.0,1,2.0,3.0,2,3,5,1,nhl-tbl,"{""common_opponents"": 1, ""games_played"": 1, ""head_to_head"": 1, ""home_advantage"": 1, ""last10_form"": 1, ""season_scoring"": 1, ""travel_km"": 1}"
2025020237,NHL,20252026,regular,2025-11-08,2025-11-08,nhl-nyi,nhl-nyr,final,,,14,15,,,0.25,,,,,22.8,774.2,5,3,2,0.6,3.2143,3.6429,14,5,3,2,0.6,2.3333,2.3333,15,7,8,3.375,3.375,7,9,2.2222,2.5556,,,,,,,5,0,5,-5,nhl-nyi,"{""common_opponents"": 1, ""games_played"": 1, ""head_to_head"": 1, ""home_advantage"": 1, ""last10_form"": 1, ""season_scoring"": 1, ""travel_km"": 1}"
2025020238,NHL,20252026,regular,2025-11-08,2025-11-08,nhl-buf,nhl-car,final,,,14,13,,,0.25,,,,,786.4,0.0,4,2,4,0.6,2.7143,3.0714,14,6,4,0,0.6,3.6923,2.6923,13,3,4,1.25,3.5,3,3,3.0,2.0,,,,,,,3,6,9,3,nhl-car,"{""common_opponents"": 1, ""games_played"": 1, ""head_to_head"": 1, ""home_advantage"": 1, ""last10_form"": 1, ""season_scoring"": 1, ""travel_km"": 1}"
2025020239,NHL,20252026,regular,2025-11-08,2025-11-08,nhl-sea,nhl-stl,final,,,13,15,,,0.25,,,,,2770.2,1063.4,4,3,3,0.55,2.6154,3.0,13,2,6,2,0.3,2.7333,3.9333,15,3,3,2.3333,2.3333,3,3,2.3333,5.3333,,,,,,,4,3,7,-1,nhl-sea,"{""common_opponents"": 1, ""games_played"": 1, ""head_to_head"": 1, ""home_advantage"": 1, ""last10_form"": 1, ""season_scoring"": 1, ""travel_km"": 1}"
2025020240,NHL,20252026,regular,2025-11-08,2025-11-08,nhl-col,nhl-edm,final,,,14,15,,,0.25,,,,,1662.8,2660.6,5,1,4,0.7,3.5714,2.6429,14,4,3,3,0.55,3.0667,3.2,15,3,5,4.0,3.6,3,3,4.0,4.0,,,,,,,9,1,10,-8,nhl-col,"{""common_opponents"": 1, ""games_played"": 1, ""head_to_head"": 1, ""home_advantage"": 1, ""last10_form"": 1, ""season_scoring"": 1, ""travel_km"": 1}"
2025020241,NHL,20252026,regular,2025-11-08,2025-11-08,nhl-cbj,nhl-van,final,,,13,15,,,0.25,,,,,673.7,0.0,6,4,0,0.6,3.1538,3.1538,13,4,6,0,0.4,2.8,3.3333,15,7,7,3.2857,3.2857,7,9,3.2222,3.4444,,,,,,,3,4,7,1,nhl-van,"{""common_opponents"": 1, ""games_played"": 1, ""head_to_head"": 1, ""home_advantage"": 1, ""last10_form"": 1, ""season_scoring"": 1, ""travel_km"": 1}"
2025020242,NHL,20252026,regular,2025-11-08,2025-11-08,nhl-ana,nhl-vgk,final,,,13,13,,,0.25,,,,,1721.3,0.0,7,2,1,0.75,4.2308,3.2308,13,6,3,1,0.65,3.3077,2.9231,13,7,8,4.25,3.625,7,9,2.8889,2.7778,,,,,,,4,3,7,-1,nhl-ana,"{""common_opponents"": 1, ""games_played"": 1, ""head_to_head"": 1, ""home_advantage"": 1, ""last10_form"": 1, ""season_scoring"": 1, ""travel_km"": 1}"
2025020243,NHL,20252026,regular,2025-11-08,2025-11-08,nhl-fla,nhl-sjs,final,,,14,15,,,0.25,,,,,491.4,0.0,4,5,1,0.45,2.7857,3.0714,14,6,3,1,0.65,3.3333,3.6667,15,6,7,2.5714,3.4286,6,7,2.8571,3.7143,,,,,,,1,3,4,2,nhl-sjs,"{""common_opponents"": 1, ""games_played"": 1, ""head_to_head"": 1, ""home_advantage"": 1, ""last10_form"": 1, ""season_scoring"": 1, ""travel_km"": 1}"
2025020244,NHL,20252026,regular,2025-11-09,2025-11-09,nhl-chi,nhl-det,final,,,15,15,,,0.25,,,,,2530.8,0.0,5,3,2,0.6,3.2,2.6667,15,5,5,0,0.5,3.0,3.0667,15,7,7,2.8571,2.5714,7,8,3.5,2.875,,,,,,,5,1,6,-4,nhl-chi,"{""common_opponents"": 1, ""games_played"": 1, ""head_to_head"": 1, ""home_advantage"": 1, ""last10_form"": 1, ""season_scoring"": 1, ""travel_km"": 1}"
2025020245,NHL,20252026,regular,2025-11-09,2025-11-09,nhl-lak,nhl-pit,final,,,15,16,,,0.25,,,,,3434.3,492.3,5,2,3,0.65,2.8,3.2667,15,5,2,3,0.65,3.4375,2.8125,16,6,7,2.4286,2.8571,6,6,3.5,2.3333,1,2.0,4.0,1,4.0,2.0,3,2,5,-1,nhl-lak,"{""common_opponents"": 1, ""games_played"": 1, ""head_to_head"": 1, ""home_advantage"": 1, ""last10_form"": 1, ""season_scoring"": 1, ""travel_km"": 1}"
2025020246,NHL,20252026,regular,2025-11-09,2025-11-09,nhl-car,nhl-tor,final,,,14,15,,,0.25,,,,,873.6,0.0,6,4,0,0.6,3.8571,2.7143,14,5,4,1,0.55,3.6667,3.6667,15,5,5,4.0,2.2,5,6,3.1667,3.5,,,,,,,5,4,9,-1,nhl-car,"{""common_opponents"": 1, ""games_played"": 1, ""head_to_head"": 1, ""home_advantage"": 1, ""last10_form"": 1, ""season_scoring"": 1, ""travel_km"": 1}"
2025020247,NHL,20252026,regular,2025-11-09,2025-11-09,nhl-uta,nhl-ott,final,,,15,15,,,0.25,,,,,185.4,603.1,6,4,0,0.6,3.2667,3.0667,15,5,2,3,0.65,3.5333,3.7333,15,8,8,2.375,3.125,8,9,3.4444,4.2222,,,,,,,2,4,6,2,nhl-ott,"{""common_opponents"": 1, ""games_played"": 1, ""head_to_head"": 1, ""home_advantage"": 1, ""last10_form"": 1, ""season_scoring"": 1, ""travel_km"": 1}"
2025020248,NHL,20252026,regular,2025-11-09,2025-11-09,nhl-sea,nhl-dal,final,,,14,15,,,0.25,,,,,881.0,992.3,5,3,2,0.6,2.7143,3.0,14,5,2,3,0.65,3.1333,3.3333,15,5,5,2.8,2.0,5,5,3.2,3.4,,,,,,,1,2,3,1,nhl-dal,"{""common_opponents"": 1, ""games_played"": 1, ""head_to_head"": 1, ""home_advantage"": 1, ""last10_form"": 1, ""season_scoring"": 1, ""travel_km"": 1}"
2025020249,NHL,20252026,regular,2025-11-09,2025-11-09,nhl-cgy,nhl-min,final,,,16,16,,,0.25,,,,,1692.3,1643.9,3,5,2,0.4,2.25,3.3125,16,4,4,2,0.5,3.0,3.5625,16,8,9,2.4444,2.8889,8,8,3.25,3.0,,,,,,,0,2,2,2,nhl-min,"{""common_opponents"": 1, ""games_played"": 1, ""head_to_head"": 1, ""home_advantage"": 1, ""last10_form"": 1, ""season_scoring"": 1, ""travel_km"": 1}"
2025020250,NHL,20252026,regular,2025-11-09,2025-11-09,nhl-col,nhl-van,final,,,15,16,,,0.25,,,,,817.2,0.0,5,1,4,0.7,3.9333,2.5333,15,4,6,0,0.4,2.875,3.3125,16,3,3,5.6667,2.3333,3,4,3.5,3.0,,,,,,,5,4,9,-1,nhl-col,"{""common_opponents"": 1, ""games_played"": 1, ""head_to_head"": 1, ""home_advantage"": 1, ""last10_form"": 1, ""season_scoring"": 1, ""travel_km"": 1}"
2025020251,NHL,20252026,regular,2025-11-09,2025-11-09,nhl-wpg,nhl-ana,final,,,14,14,,,0.25,,,,,534.8,354.4,6,4,0,0.6,3.2857,2.5,14,8,1,1,0.85,4.2143,3.2143,14,6,6,3.3333,2.6667,6,6,4.1667,3.5,,,,,,,1,4,5,3,nhl-ana,"{""common_opponents"": 1, ""games_played"": 1, ""head_to_head"": 1, ""home_advantage"": 1, ""last10_form"": 1, ""season_scoring"": 1, ""travel_km"": 1}"
2025020252,NHL,20252026,regular,2025-11-10,2025-11-10,nhl-nyi,nhl-njd,final,,,15,15,,,0.25,,,,,15.1,0.0,5,3,2,0.6,3.3333,3.4,15,7,3,0,0.7,3.4667,2.9333,15,6,6,3.0,3.6667,6,7,3.1429,2.7143,,,,,,,3,2,5,-1,nhl-nyi,"{""common_opponents"": 1, ""games_played"": 1, ""head_to_head"": 1, ""home_advantage"": 1, ""last10_form"": 1, ""season_scoring"": 1, ""travel_km"": 1}"
2025020253,NHL,20252026,regular,2025-11-10,2025-11-10,nhl-nsh,nhl-nyr,final,,,17,16,,,0.25,,,,,1223.2,0.0,3,5,2,0.4,2.5882,3.4706,17,5,4,1,0.55,2.1875,2.5,16,5,6,3.0,3.5,5,5,1.8,2.6,,,,,,,3,6,9,3,nhl-nyr,"{""common_opponents"": 1, ""games_played"": 1, ""head_to_head"": 1, ""home_advantage"": 1, ""last10_form"": 1, ""season_scoring"": 1, ""travel_km"": 1}"
2025020254,NHL,20252026,regular,2025-11-10,2025-11-10,nhl-cbj,nhl-edm,final,,,14,16,,,0.25,,,,,817.2,0.0,6,4,0,0.6,3.1429,3.2143,14,4,3,3,0.55,2.9375,3.5625,16,7,7,2.4286,3.1429,7,8,2.5,4.25,,,,,,,4,5,9,1,nhl-edm,"{""common_opponents"": 1, ""games_played"": 1, ""head_to_head"": 1, ""home_advantage"": 1, ""last10_form"": 1, ""season_scoring"": 1, ""travel_km"": 1}"
2025020255,NHL,20252026,regular,2025-11-10,2025-11-10,nhl-fla,nhl-vgk,final,,,15,14,,,0.25,,,,,614.5,0.0,4,5,1,0.45,2.6667,3.0667,15,5,3,2,0.6,3.2857,3.0,14,5,6,2.6667,3.6667,5,5,3.8,3.6,1,3.0,0.0,1,0.0,3.0,3,2,5,-1,nhl-fla,"{""common_opponents"": 1, ""games_played"": 1, ""head_to_head"": 1, ""home_advantage"": 1, ""last10_form"": 1, ""season_scoring"": 1, ""travel_km"": 1}"
2025020256,NHL,20252026,regular,2025-11-11,2025-11-11,nhl-tor,nhl-bos,final,,,16,17,,,0.25,,,,,690.7,690.7,5,5,0,0.5,3.6875,3.75,16,7,3,0,0.7,3.3529,3.2941,17,3,4,4.0,4.0,3,4,2.75,2.0,1,3.0,5.0,1,5.0,3.0,3,5,8,2,nhl-bos,"{""common_opponents"": 1, ""games_played"": 1, ""head_to_head"": 1, ""home_advantage"": 1, ""last10_form"": 1, ""season_scoring"": 1, ""travel_km"": 1}"
2025020257,NHL,20252026,regular,2025-11-11,2025-11-11,nhl-lak,nhl-mtl,final,,,16,15,,,0.25,,,,,767.0,0.0,6,2,2,0.7,2.8125,3.1875,16,6,2,2,0.7,3.8,3.1333,15,4,4,2.75,3.5,4,4,3.5,2.25,,,,,,,5,1,6,-4,nhl-lak,"{""common_opponents"": 1, ""games_played"": 1, ""head_to_head"": 1, ""home_advantage"": 1, ""last10_form"": 1, ""season_scoring"": 1, ""travel_km"": 1}"
2025020258,NHL,20252026,regular,2025-11-11,2025-11-11,nhl-dal,nhl-ott,final,,,16,16,,,0.25,,,,,2265.7,0.0,6,1,3,0.75,3.0625,3.1875,16,6,1,3,0.75,3.5625,3.625,16,6,7,2.7143,2.2857,6,6,3.5,3.5,,,,,,,3,2,5,-1,nhl-dal,"{""common_opponents"": 1, ""games_played"": 1, ""head_to_head"": 1, ""home_advantage"": 1, ""last10_form"": 1, ""season_scoring"": 1, ""travel_km"": 1}"
2025020259,NHL,20252026,regular,2025-11-11,2025-11-11,nhl-wsh,nhl-car,final,,,15,15,,,0.25,,,,,942.1,873.6,3,6,1,0.35,2.8,2.5333,15,6,4,0,0.6,3.9333,2.8,15,6,7,2.1429,2.0,6,6,3.6667,2.1667,,,,,,,4,1,5,-3,nhl-wsh,"{""common_opponents"": 1, ""games_played"": 1, ""head_to_head"": 1, ""home_advantage"": 1, ""last10_form"": 1, ""season_scoring"": 1, ""travel_km"": 1}"
2025020260,NHL,20252026,regular,2025-11-11,2025-11-11,nhl-cgy,nhl-stl,final,,,17,16,,,0.25,,,,,742.3,0.0,3,5,2,0.4,2.1176,3.2353,17,2,6,2,0.3,2.75,3.9375,16,6,6,1.8333,3.0,6,7,2.8571,4.4286,1,2.0,4.0,1,4.0,2.0,2,3,5,1,nhl-stl,"{""common_opponents"": 1, ""games_played"": 1, ""head_to_head"": 1, ""home_advantage"": 1, ""last10_form"": 1, ""season_scoring"": 1, ""travel_km"": 1}"
2025020261,NHL,20252026,regular,2025-11-11,2025-11-11,nhl-sjs,nhl-min,final,,,16,17,,,0.25,,,,,2540.0,0.0,7,2,1,0.75,3.3125,3.5,16,4,4,2,0.5,2.9412,3.3529,17,8,9,2.6667,3.6667,8,8,2.75,3.5,1,6.0,5.0,1,5.0,6.0,2,1,3,-1,nhl-sjs,"{""common_opponents"": 1, ""games_played"": 1, ""head_to_head"": 1, ""home_advantage"": 1, ""last10_form"": 1, ""season_scoring"": 1, ""travel_km"": 1}"
2025020262,NHL,20252026,regular,2025-11-11,2025-11-11,nhl-ana,nhl-col,final,,,15,16,,,0.25,,,,,1320.9,1776.4,9,1,0,0.9,4.2,3.0667,15,5,1,4,0.7,4.0,2.625,16,7,7,4.7143,4.0,7,9,3.7778,3.2222,,,,,,,1,4,5,3,nhl-col,"{""common_opponents"": 1, ""games_played"": 1, ""head_to_head"": 1, ""home_advantage"": 1, ""last10_form"": 1, ""season_scoring"": 1, ""travel_km"": 1}"
2025020263,NHL,20252026,regular,2025-11-11,2025-11-11,nhl-wpg,nhl-van,final,,,15,17,,,0.25,,,,,1773.3,0.0,5,5,0,0.5,3.1333,2.6,15,4,5,1,0.45,2.9412,3.4118,17,6,7,4.2857,2.5714,6,8,3.0,3.375,,,,,,,5,3,8,-2,nhl-wpg,"{""common_opponents"": 1, ""games_played"": 1, ""head_to_head"": 1, ""home_advantage"": 1, ""last10_form"": 1, ""season_scoring"": 1, ""travel_km"": 1}"
2025020264,NHL,20252026,regular,2025-11-11,2025-11-11,nhl-cbj,nhl-sea,final,,,15,15,,,0.25,,,,,907.0,2703.6,5,4,1,0.55,3.2,3.3333,15,4,4,2,0.5,2.6,2.9333,15,5,5,3.8,3.2,5,5,2.6,2.8,,,,,,,2,1,3,-1,nhl-cbj,"{""common_opponents"": 1, ""games_played"": 1, ""head_to_head"": 1, ""home_advantage"": 1, ""last10_form"": 1, ""season_scoring"": 1, ""travel_km"": 1}"
2025020265,NHL,20252026,regular,2025-11-12,2025-11-12,nhl-nyr,nhl-tbl,final,,,17,15,,,0.25,,,,,1620.1,0.0,5,4,1,0.55,2.4118,2.5294,17,7,3,0,0.7,3.0667,2.7333,15,3,3,3.3333,1.6667,3,4,2.75,2.25,,,,,,,7,3,10,-4,nhl-nyr,"{""common_opponents"": 1, ""games_played"": 1, ""head_to_head"": 1, ""home_advantage"": 1, ""last10_form"": 1, ""season_scoring"": 1, ""travel_km"": 1}"
2025020266,NHL,20252026,regular,2025-11-12,2025-11-12,nhl-edm,nhl-phi,final,,,17,15,,,0.25,,,,,3238.8,0.0,4,3,3,0.55,3.0588,3.5882,17,6,3,1,0.65,2.8667,2.6,15,5,5,3.2,3.6,5,6,3.0,2.6667,,,,,,,2,1,3,-1,nhl-edm,"{""common_opponents"": 1, ""games_played"": 1, ""head_to_head"": 1, ""home_advantage"": 1, ""last10_form"": 1, ""season_scoring"": 1, ""travel_km"": 1}"
2025020267,NHL,20252026,regular,2025-11-12,2025-11-12,nhl-buf,nhl-uta,final,,,15,16,,,0.25,,,,,2929.9,2941.8,3,3,4,0.5,2.7333,3.2667,15,5,5,0,0.5,3.1875,3.125,16,6,8,2.875,3.5,6,7,3.1429,3.7143,1,1.0,2.0,1,2.0,1.0,2,5,7,3,nhl-uta,"{""common_opponents"": 1, ""games_played"": 1, ""head_to_head"": 1, ""home_advantage"": 1, ""last10_form"": 1, ""season_scoring"": 1, ""travel_km"": 1}"
2025020268,NHL,20252026,regular,2025-11-12,2025-11-12,nhl-njd,nhl-chi,final,,,16,16,,,0.25,,,,,1133.9,384.4,6,3,1,0.65,3.375,2.9375,16,6,3,1,0.65,3.3125,2.5625,16,6,6,3.6667,2.5,6,6,2.0,2.5,,,,,,,4,3,7,-1,nhl-njd,"{""common_opponents"": 1, ""games_played"": 1, ""head_to_head"": 1, ""home_advantage"": 1, ""last10_form"": 1, ""season_scoring"": 1, ""travel_km"": 1}"
2025020269,NHL,20252026,regular,2025-11-13,2025-11-13,nhl-lak,nhl-tor,final,,,17,17,,,0.25,,,,,504.1,690.7,6,2,2,0.7,2.9412,3.0588,17,5,5,0,0.5,3.6471,3.8235,17,6,7,3.0,3.4286,6,7,3.8571,4.0,,,,,,,4,3,7,-1,nhl-lak,"{""common_opponents"": 1, ""games_played"": 1, ""head_to_head"": 1, ""home_advantage"": 1, ""last10_form"": 1, ""season_scoring"": 1, ""travel_km"": 1}"
2025020270,NHL,20252026,regular,2025-11-13,2025-11-13,nhl-dal,nhl-mtl,final,,,17,16,,,0.25,,,,,185.4,0.0,7,1,2,0.8,3.0588,3.1176,17,6,2,2,0.7,3.625,3.25,16,6,7,3.1429,2.8571,6,7,3.7143,3.7143,,,,,,,7,0,7,-7,nhl-dal,"{""common_opponents"": 1, ""games_played"": 1, ""head_to_head"": 1, ""home_advantage"": 1, ""last10_form"": 1, ""season_scoring"": 1, ""travel_km"": 1}"
2025020271,NHL,20252026,regular,2025-11-13,2025-11-13,nhl-bos,nhl-ott,final,,,18,17,,,0.25,,,,,508.3,0.0,8,2,0,0.8,3.4444,3.2778,18,6,1,3,0.75,3.4706,3.5882,17,7,9,3.4444,2.6667,7,7,4.1429,4.7143,2,2.5,4.5,2,4.5,2.5,3,5,8,2,nhl-ott,"{""common_opponents"": 1, ""games_played"": 1, ""head_to_head"": 1, ""home_advantage"": 1, ""last10_form"": 1, ""season_scoring"": 1, ""travel_km"": 1}"
2025020272,NHL,20252026,regular,2025-11-13,2025-11-13,nhl-ana,nhl-det,final,,,16,16,,,0.25,,,,,1858.1,0.0,8,2,0,0.8,4.0,3.125,16,4,6,0,0.4,2.875,3.1875,16,5,6,4.1667,3.3333,5,5,2.0,2.0,1,5.0,2.0,1,2.0,5.0,3,6,9,3,nhl-det,"{""common_opponents"": 1, ""games_played"": 1, ""head_to_head"": 1, ""home_advantage"": 1, ""last10_form"": 1, ""season_scoring"": 1, ""travel_km"": 1}"
2025020273,NHL,20252026,regular,2025-11-13,2025-11-13,nhl-wsh,nhl-fla,final,,,16,16,,,0.25,,,,,1083.2,3475.1,4,5,1,0.45,2.875,2.4375,16,5,4,1,0.55,2.6875,3.0,16,5,5,1.6,4.0,5,5,3.4,3.2,,,,,,,3,6,9,3,nhl-fla,"{""common_opponents"": 1, ""games_played"": 1, ""head_to_head"": 1, ""home_advantage"": 1, ""last10_form"": 1, ""season_scoring"": 1, ""travel_km"": 1}"
2025020274,NHL,20252026,regular,2025-11-13,2025-11-13,nhl-edm,nhl-cbj,final,,,18,16,,,0.25,,,,,667.8,3232.9,4,3,3,0.55,3.0,3.4444,18,5,4,1,0.55,3.125,3.1875,16,8,9,2.4444,4.1111,8,8,2.375,2.875,1,5.0,4.0,1,4.0,5.0,4,5,9,1,nhl-cbj,"{""common_opponents"": 1, ""games_played"": 1, ""head_to_head"": 1, ""home_advantage"": 1, ""last10_form"": 1, ""season_scoring"": 1, ""travel_km"": 1}"
2025020275,NHL,20252026,regular,2025-11-13,2025-11-13,nhl-buf,nhl-col,final,,,16,17,,,0.25,,,,,595.7,0.0,3,3,4,0.5,2.6875,3.375,16,6,1,3,0.75,4.0,2.5294,17,4,6,2.1667,4.0,4,6,3.1667,2.5,1,1.0,3.0,1,3.0,1.0,3,6,9,3,nhl-col,"{""common_opponents"": 1, ""games_played"": 1, ""head_to_head"": 1, ""home_advantage"": 1, ""last10_form"": 1, ""season_scoring"": 1, ""travel_km"": 1}"
2025020276,NHL,20252026,regular,2025-11-13,2025-11-13,nhl-sjs,nhl-cgy,final,,,17,18,,,0.25,,,,,1692.3,2315.4,7,2,1,0.75,3.2353,3.3529,17,3,6,1,0.35,2.1111,3.2222,18,5,6,3.6667,3.6667,5,7,1.8571,3.2857,,,,,,,0,2,2,2,nhl-cgy,"{""common_opponents"": 1, ""games_played"": 1, ""head_to_head"": 1, ""home_advantage"": 1, ""last10_form"": 1, ""season_scoring"": 1, ""travel_km"": 1}"
2025020277,NHL,20252026,regular,2025-11-13,2025-11-13,nhl-nyi,nhl-vgk,final,,,16,15,,,0.25,,,,,3576.7,0.0,5,3,2,0.6,3.3125,3.3125,16,4,4,2,0.5,3.2,3.0,15,4,5,3.6,4.0,4,5,4.2,2.4,,,,,,,4,3,7,-1,nhl-nyi,"{""common_opponents"": 1, ""games_played"": 1, ""head_to_head"": 1, ""home_advantage"": 1, ""last10_form"": 1, ""season_scoring"": 1, ""travel_km"": 1}"
2025020278,NHL,20252026,regular,2025-11-13,2025-11-13,nhl-wpg,nhl-sea,final,,,16,16,,,0.25,,,,,192.3,0.0,5,5,0,0.5,3.25,2.625,16,4,3,3,0.55,2.5,2.875,16,5,5,3.4,3.2,5,5,2.0,3.0,1,0.0,3.0,1,3.0,0.0,3,5,8,2,nhl-sea,"{""common_opponents"": 1, ""games_played"": 1, ""head_to_head"": 1, ""home_advantage"": 1, ""last10_form"": 1, ""season_scoring"": 1, ""travel_km"": 1}"
2025020279,NHL,20252026,regular,2025-11-14,2025-11-14,nhl-van,nhl-car,final,,,18,16,,,0.25,,,,,3865.9,0.0,4,5,1,0.45,2.9444,3.5,18,6,4,0,0.6,3.75,2.875,16,5,5,3.0,3.6,5,5,3.0,2.8,,,,,,,3,4,7,1,nhl-car,"{""common_opponents"": 1, ""games_played"": 1, ""head_to_head"": 1, ""home_advantage"": 1, ""last10_form"": 1, ""season_scoring"": 1, ""travel_km"": 1}"
2025020280,NHL,20252026,regular,2025-11-14,2025-11-14,nhl-phi,nhl-stl,final,,,16,17,,,0.25,,,,,1300.2,0.0,5,3,2,0.6,2.75,2.5625,16,3,5,2,0.4,2.7647,3.8235,17,5,5,2.4,1.8,5,6,2.6667,3.5,,,,,,,6,5,11,-1,nhl-phi,"{""common_opponents"": 1, ""games_played"": 1, ""head_to_head"": 1, ""home_advantage"": 1, ""last10_form"": 1, ""season_scoring"": 1, ""travel_km"": 1}"
2025020281,NHL,20252026,regular,2025-11-14,2025-11-14,nhl-pit,nhl-nsh,final,,,17,18,,,0.25,,,,,759.5,1223.2,4,3,3,0.55,3.3529,2.8235,17,2,6,2,0.3,2.6111,3.6111,18,9,11,3.0,3.0909,9,11,2.4545,3.9091,,,,,,,1,2,3,1,nhl-nsh,"{""common_opponents"": 1, ""games_played"": 1, ""head_to_head"": 1, ""home_advantage"": 1, ""last10_form"": 1, ""season_scoring"": 1, ""travel_km"": 1}"
2025020282,NHL,20252026,regular,2025-11-14,2025-11-14,nhl-nyi,nhl-uta,final,,,17,17,,,0.25,,,,,592.0,0.0,5,3,2,0.6,3.3529,3.2941,17,5,5,0,0.5,3.2941,3.0588,17,6,7,3.1429,4.0,6,6,3.8333,3.1667,,,,,,,3,2,5,-1,nhl-nyi,"{""common_opponents"": 1, ""games_played"": 1, ""head_to_head"": 1, ""home_advantage"": 1, ""last10_form"": 1, ""season_scoring"": 1, ""travel_km"": 1}"
2025020283,NHL,20252026,regular,2025-11-15,2025-11-15,nhl-tbl,nhl-fla,final,,,16,17,,,0.25,,,,,289.3,0.0,7,3,0,0.7,3.0625,3.0,16,6,3,1,0.65,2.8824,3.0,17,9,11,3.0,2.8182,9,11,3.2727,2.9091,,,,,,,3,1,4,-2,nhl-tbl,"{""common_opponents"": 1, ""games_played"": 1, ""head_to_head"": 1, ""home_advantage"": 1, ""last10_form"": 1, ""season_scoring"": 1, ""travel_km"": 1}"
2025020284,NHL,20252026,regular,2025-11-15,2025-11-15,nhl-ana,nhl-min,final,,,17,18,,,0.25,,,,,857.9,0.0,7,3,0,0.7,3.9412,3.2941,17,4,3,3,0.55,2.8333,3.2778,18,7,7,4.5714,3.1429,7,8,2.375,3.875,,,,,,,0,2,2,2,nhl-min,"{""common_opponents"": 1, ""games_played"": 1, ""head_to_head"": 1, ""home_advantage"": 1, ""last10_form"": 1, ""season_scoring"": 1, ""travel_km"": 1}"
2025020285,NHL,20252026,regular,2025-11-15,2025-11-15,nhl-bos,nhl-mtl,final,,,19,17,,,0.25,,,,,185.4,0.0,8,2,0,0.8,3.4211,3.3684,19,5,3,2,0.6,3.4118,3.4706,17,5,9,3.4444,3.3333,5,5,3.8,2.8,,,,,,,3,2,5,-1,nhl-bos,"{""common_opponents"": 1, ""games_played"": 1, ""head_to_head"": 1, ""home_advantage"": 1, ""last10_form"": 1, ""season_scoring"": 1, ""travel_km"": 1}"
2025020286,NHL,20252026,regular,2025-11-15,2025-11-15,nhl-lak,nhl-ott,final,,,18,18,,,0.25,,,,,329.8,0.0,6,2,2,0.7,3.0,3.0556,18,6,1,3,0.75,3.5556,3.5556,18,5,5,3.4,2.8,5,5,2.2,4.8,,,,,,,1,0,1,-1,nhl-lak,"{""common_opponents"": 1, ""games_played"": 1, ""head_to_head"": 1, ""home_advantage"": 1, ""last10_form"": 1, ""season_scoring"": 1, ""travel_km"": 1}"
2025020287,NHL,20252026,regular,2025-11-15,2025-11-15,nhl-buf,nhl-det,final,,,17,17,,,0.25,,,,,1858.1,0.0,2,4,4,0.4,2.7059,3.5294,17,5,5,0,0.5,3.0588,3.1765,17,5,6,2.1667,3.0,5,7,3.7143,3.0,1,4.0,2.0,1,2.0,4.0,5,4,9,-1,nhl-buf,"{""common_opponents"": 1, ""games_played"": 1, ""head_to_head"": 1, ""home_advantage"": 1, ""last10_form"": 1, ""season_scoring"": 1, ""travel_km"": 1}"
2025020288,NHL,20252026,regular,2025-11-15,2025-11-15,nhl-njd,nhl-wsh,final,,,17,17,,,0.25,,,,,960.5,1449.8,6,3,1,0.65,3.4118,2.9412,17,3,6,1,0.35,2.8824,2.6471,17,7,7,3.1429,2.4286,7,9,3.3333,2.6667,,,,,,,3,2,5,-1,nhl-njd,"{""common_opponents"": 1, ""games_played"": 1, ""head_to_head"": 1, ""home_advantage"": 1, ""last10_form"": 1, ""season_scoring"": 1, ""travel_km"": 1}"
2025020289,NHL,20252026,regular,2025-11-15,2025-11-15,nhl-edm,nhl-car,final,,,19,17,,,0.25,,,,,596.5,0.0,4,3,3,0.55,3.0526,3.5263,19,6,4,0,0.6,3.7647,2.8824,17,7,9,2.4444,3.5556,7,7,4.2857,2.5714,,,,,,,4,3,7,-1,nhl-edm,"{""common_opponents"": 1, ""games_played"": 1, ""head_to_head"": 1, ""home_advantage"": 1, ""last10_form"": 1, ""season_scoring"": 1, ""travel_km"": 1}"
2025020290,NHL,20252026,regular,2025-11-15,2025-11-15,nhl-nyr,nhl-cbj,final,,,18,17,,,0.25,,,,,1338.3,0.0,6,3,1,0.65,2.6667,2.5556,18,6,3,1,0.65,3.2353,3.2353,17,12,14,2.5,2.3571,12,13,3.3846,3.4615,,,,,,,2,1,3,-1,nhl-nyr,"{""common_opponents"": 1, ""games_played"": 1, ""head_to_head"": 1, ""home_advantage"": 1, ""last10_form"": 1, ""season_scoring"": 1, ""travel_km"": 1}"
2025020291,NHL,20252026,regular,2025-11-15,2025-11-15,nhl-tor,nhl-chi,final,,,18,17,,,0.25,,,,,704.6,0.0,5,4,1,0.55,3.6111,3.8333,18,5,3,2,0.6,3.2941,2.6471,17,8,10,3.3,4.0,8,8,2.75,2.375,,,,,,,2,3,5,1,nhl-chi,"{""common_opponents"": 1, ""games_played"": 1, ""head_to_head"": 1, ""home_advantage"": 1, ""last10_form"": 1, ""season_scoring"": 1, ""travel_km"": 1}"
2025020292,NHL,20252026,regular,2025-11-15,2025-11-15,nhl-vgk,nhl-stl,final,,,16,18,,,0.25,,,,,2218.1,0.0,3,4,3,0.45,3.1875,3.0625,16,3,4,3,0.45,2.8889,3.9444,18,4,5,3.4,2.2,4,6,2.8333,3.5,,,,,,,4,1,5,-3,nhl-vgk,"{""common_opponents"": 1, ""games_played"": 1, ""head_to_head"": 1, ""home_advantage"": 1, ""last10_form"": 1, ""season_scoring"": 1, ""travel_km"": 1}"
2025020293,NHL,20252026,regular,2025-11-15,2025-11-15,nhl-phi,nhl-dal,final,,,17,18,,,0.25,,,,,881.0,2437.6,6,2,2,0.7,2.9412,2.7059,17,7,1,2,0.8,3.2778,2.9444,18,10,13,3.0769,2.6154,10,11,3.7273,2.4545,,,,,,,1,5,6,4,nhl-dal,"{""common_opponents"": 1, ""games_played"": 1, ""head_to_head"": 1, ""home_advantage"": 1, ""last10_form"": 1, ""season_scoring"": 1, ""travel_km"": 1}"
2025020294,NHL,20252026,regular,2025-11-15,2025-11-15,nhl-wpg,nhl-cgy,final,,,17,19,,,0.25,,,,,710.8,0.0,5,5,0,0.5,3.2353,2.7647,17,4,5,1,0.45,2.1053,3.0526,19,7,7,3.8571,2.4286,7,7,1.1429,2.7143,2,3.5,2.0,2,2.0,3.5,4,3,7,-1,nhl-wpg,"{""common_opponents"": 1, ""games_played"": 1, ""head_to_head"": 1, ""home_advantage"": 1, ""last10_form"": 1, ""season_scoring"": 1, ""travel_km"": 1}"
2025020295,NHL,20252026,regular,2025-11-15,2025-11-15,nhl-sjs,nhl-sea,final,,,18,17,,,0.25,,,,,710.8,0.0,7,2,1,0.75,3.0556,3.2778,18,5,2,3,0.65,2.6471,2.8824,17,4,4,4.25,4.25,4,5,3.0,1.6,1,6.0,1.0,1,1.0,6.0,1,4,5,3,nhl-sea,"{""common_opponents"": 1, ""games_played"": 1, ""head_to_head"": 1, ""home_advantage"": 1, ""last10_form"": 1, ""season_scoring"": 1, ""travel_km"": 1}"
2025020296,NHL,20252026,regular,2025-11-16,2025-11-16,nhl-nsh,nhl-pit,final,,,19,18,,,0.25,,,,,759.5,759.5,2,6,2,0.3,2.5789,3.4737,19,3,3,4,0.5,3.2222,2.7778,18,9,11,2.4545,3.9091,9,11,3.0,3.0909,1,2.0,1.0,1,1.0,2.0,0,4,4,4,nhl-pit,"{""common_opponents"": 1, ""games_played"": 1, ""head_to_head"": 1, ""home_advantage"": 1, ""last10_form"": 1, ""season_scoring"": 1, ""travel_km"": 1}"
2025020297,NHL,20252026,regular,2025-11-16,2025-11-16,nhl-van,nhl-tbl,final,,,19,17,,,0.25,,,,,942.1,289.3,4,4,2,0.5,2.9474,3.5263,19,8,2,0,0.8,3.0588,2.8824,17,7,9,3.1111,3.2222,7,8,2.625,3.0,,,,,,,6,2,8,-4,nhl-van,"{""common_opponents"": 1, ""games_played"": 1, ""head_to_head"": 1, ""home_advantage"": 1, ""last10_form"": 1, ""season_scoring"": 1, ""travel_km"": 1}"
2025020298,NHL,20252026,regular,2025-11-16,2025-11-16,nhl-vgk,nhl-min,final,,,17,19,,,0.25,,,,,742.3,0.0,3,4,3,0.45,3.2353,2.9412,17,5,2,3,0.65,2.7895,3.1053,19,7,9,4.3333,2.7778,7,8,3.375,2.125,,,,,,,2,3,5,1,nhl-min,"{""common_opponents"": 1, ""games_played"": 1, ""head_to_head"": 1, ""home_advantage"": 1, ""last10_form"": 1, ""season_scoring"": 1, ""travel_km"": 1}"
2025020299,NHL,20252026,regular,2025-11-16,2025-11-16,nhl-det,nhl-nyr,final,,,18,19,,,0.25,,,,,774.2,768.2,5,4,1,0.55,3.1111,3.2778,18,7,3,0,0.7,2.6316,2.4737,19,7,9,3.0,3.4444,7,8,3.125,3.0,1,1.0,4.0,1,4.0,1.0,2,1,3,-1,nhl-det,"{""common_opponents"": 1, ""games_played"": 1, ""head_to_head"": 1, ""home_advantage"": 1, ""last10_form"": 1, ""season_scoring"": 1, ""travel_km"": 1}"
2025020300,NHL,20252026,regular,2025-11-16,2025-11-16,nhl-nyi,nhl-col,final,,,18,18,,,0.25,,,,,595.7,0.0,6,3,1,0.65,3.3333,3.2222,18,7,1,2,0.8,4.1111,2.5556,18,8,9,3.1111,3.2222,8,11,4.0909,2.6364,,,,,,,1,4,5,3,nhl-col,"{""common_opponents"": 1, ""games_played"": 1, ""head_to_head"": 1, ""home_advantage"": 1, ""last10_form"": 1, ""season_scoring"": 1, ""travel_km"": 1}"
2025020301,NHL,20252026,regular,2025-11-17,2025-11-17,nhl-car,nhl-bos,final,,,18,20,,,0.25,,,,,983.8,401.7,6,3,1,0.65,3.7222,2.9444,18,8,2,0,0.8,3.4,3.3,20,7,8,3.875,3.5,7,11,3.9091,3.1818,1,1.0,2.0,1,2.0,1.0,3,1,4,-2,nhl-car,"{""common_opponents"": 1, ""games_played"": 1, ""head_to_head"": 1, ""home_advantage"": 1, ""last10_form"": 1, ""season_scoring"": 1, ""travel_km"": 1}"
2025020302,NHL,20252026,regular,2025-11-17,2025-11-17,nhl-edm,nhl-buf,final,,,20,18,,,0.25,,,,,786.4,347.1,5,3,2,0.6,3.1,3.5,20,2,4,4,0.4,2.8333,3.5556,18,9,11,3.4545,3.8182,9,12,2.6667,3.9167,,,,,,,1,5,6,4,nhl-buf,"{""common_opponents"": 1, ""games_played"": 1, ""head_to_head"": 1, ""home_advantage"": 1, ""last10_form"": 1, ""season_scoring"": 1, ""travel_km"": 1}"
2025020303,NHL,20252026,regular,2025-11-17,2025-11-17,nhl-van,nhl-fla,final,,,20,18,,,0.25,,,,,289.3,0.0,4,4,2,0.5,3.1,3.45,20,5,4,1,0.55,2.7778,3.0,18,5,6,3.5,3.3333,5,5,3.4,3.2,,,,,,,5,8,13,3,nhl-fla,"{""common_opponents"": 1, ""games_played"": 1, ""head_to_head"": 1, ""home_advantage"": 1, ""last10_form"": 1, ""season_scoring"": 1, ""travel_km"": 1}"
2025020304,NHL,20252026,regular,2025-11-17,2025-11-17,nhl-lak,nhl-wsh,final,,,19,18,,,0.25,,,,,717.2,0.0,7,2,1,0.75,2.8947,2.8947,19,2,6,2,0.3,2.8333,2.6667,18,8,9,2.2222,2.8889,8,8,3.0,3.125,,,,,,,1,2,3,1,nhl-wsh,"{""common_opponents"": 1, ""games_played"": 1, ""head_to_head"": 1, ""home_advantage"": 1, ""last10_form"": 1, ""season_scoring"": 1, ""travel_km"": 1}"
2025020305,NHL,20252026,regular,2025-11-17,2025-11-17,nhl-mtl,nhl-cbj,final,,,18,18,,,0.25,,,,,984.6,0.0,4,4,2,0.5,3.3333,3.4444,18,5,3,2,0.6,3.1111,3.1667,18,10,11,3.1818,3.7273,10,11,3.0909,3.0,,,,,,,3,4,7,1,nhl-cbj,"{""common_opponents"": 1, ""games_played"": 1, ""head_to_head"": 1, ""home_advantage"": 1, ""last10_form"": 1, ""season_scoring"": 1, ""travel_km"": 1}"
2025020306,NHL,20252026,regular,2025-11-17,2025-11-17,nhl-uta,nhl-ana,final,,,18,18,,,0.25,,,,,936.7,2448.8,4,5,1,0.45,3.2222,3.0556,18,7,3,0,0.7,3.7222,3.2222,18,8,9,3.2222,2.5556,8,8,3.5,3.25,,,,,,,2,3,5,1,nhl-ana,"{""common_opponents"": 1, ""games_played"": 1, ""head_to_head"": 1, ""home_advantage"": 1, ""last10_form"": 1, ""season_scoring"": 1, ""travel_km"": 1}"
2025020307,NHL,20252026,regular,2025-11-18,2025-11-18,nhl-stl,nhl-tor,final,,,19,19,,,0.25,,,,,1063.0,704.6,3,4,3,0.45,2.7895,3.9474,19,4,5,1,0.45,3.5263,3.7895,19,10,12,3.0833,4.25,10,12,3.4167,3.75,,,,,,,2,3,5,1,nhl-tor,"{""common_opponents"": 1, ""games_played"": 1, ""head_to_head"": 1, ""home_advantage"": 1, ""last10_form"": 1, ""season_scoring"": 1, ""travel_km"": 1}"
2025020308,NHL,20252026,regular,2025-11-18,2025-11-18,nhl-sea,nhl-det,final,,,18,19,,,0.25,,,,,3111.5,774.2,5,2,3,0.65,2.7222,2.7778,18,5,4,1,0.55,3.0526,3.1579,19,9,11,3.0,2.7273,9,13,3.0769,3.0,,,,,,,2,4,6,2,nhl-det,"{""common_opponents"": 1, ""games_played"": 1, ""head_to_head"": 1, ""home_advantage"": 1, ""last10_form"": 1, ""season_scoring"": 1, ""travel_km"": 1}"
2025020309,NHL,20252026,regular,2025-11-18,2025-11-18,nhl-njd,nhl-tbl,final,,,18,18,,,0.25,,,,,1317.6,0.0,6,3,1,0.65,3.3889,2.8889,18,7,3,0,0.7,3.0,3.0556,18,6,7,3.1429,3.2857,6,7,2.5714,2.5714,1,5.0,3.0,1,3.0,5.0,1,5,6,4,nhl-tbl,"{""common_opponents"": 1, ""games_played"": 1, ""head_to_head"": 1, ""home_advantage"": 1, ""last10_form"": 1, ""season_scoring"": 1, ""travel_km"": 1}"
2025020310,NHL,20252026,regular,2025-11-18,2025-11-18,nhl-nyi,nhl-dal,final,,,19,19,,,0.25,,,,,1066.1,0.0,6,3,1,0.65,3.2105,3.2632,19,7,1,2,0.8,3.3684,2.8421,19,9,10,2.7,3.7,9,9,3.5556,2.5556,,,,,,,3,2,5,-1,nhl-nyi,"{""common_opponents"": 1, ""games_played"": 1, ""head_to_head"": 1, ""home_advantage"": 1, ""last10_form"": 1, ""season_scoring"": 1, ""travel_km"": 1}"
2025020311,NHL,20252026,regular,2025-11-18,2025-11-18,nhl-cbj,nhl-wpg,final,,,19,18,,,0.25,,,,,1562.3,1200.9,5,3,2,0.6,3.1579,3.1579,19,5,5,0,0.5,3.2778,2.7778,18,8,8,3.25,3.0,8,11,3.7273,2.8182,,,,,,,2,5,7,3,nhl-wpg,"{""common_opponents"": 1, ""games_played"": 1, ""head_to_head"": 1, ""home_advantage"": 1, ""last10_form"": 1, ""season_scoring"": 1, ""travel_km"": 1}"
2025020312,NHL,20252026,regular,2025-11-18,2025-11-18,nhl-cgy,nhl-chi,final,,,20,18,,,0.25,,,,,2245.8,0.0,3,5,2,0.4,2.15,3.1,20,5,3,2,0.6,3.2778,2.6111,18,8,11,2.1818,3.5455,8,9,3.8889,2.8889,1,0.0,4.0,1,4.0,0.0,2,5,7,3,nhl-chi,"{""common_opponents"": 1, ""games_played"": 1, ""head_to_head"": 1, ""home_advantage"": 1, ""last10_form"": 1, ""season_scoring"": 1, ""travel_km"": 1}"
2025020313,NHL,20252026,regular,2025-11-18,2025-11-18,nhl-nyr,nhl-vgk,final,,,20,18,,,0.25,,,,,3591.4,2099.6,7,3,0,0.7,2.55,2.45,20,3,3,4,0.5,3.1667,2.9444,18,8,9,2.4444,3.3333,8,11,3.1818,2.4545,,,,,,,2,3,5,1,nhl-vgk,"{""common_opponents"": 1, ""games_played"": 1, ""head_to_head"": 1, ""home_advantage"": 1, ""last10_form"": 1, ""season_scoring"": 1, ""travel_km"": 1}"
2025020314,NHL,20252026,regular,2025-11-18,2025-11-18,nhl-uta,nhl-sjs,final,,,19,19,,,0.25,,,,,534.8,1144.7,3,5,2,0.4,3.1579,3.0526,19,6,3,1,0.65,2.9474,3.3158,19,6,7,3.0,2.2857,6,7,3.1429,3.1429,1,6.0,3.0,1,3.0,6.0,2,3,5,1,nhl-sjs,"{""common_opponents"": 1, ""games_played"": 1, ""head_to_head"": 1, ""home_advantage"": 1, ""last10_form"": 1, ""season_scoring"": 1, ""travel_km"": 1}"
2025020315,NHL,20252026,regular,2025-11-19,2025-11-19,nhl-edm,nhl-wsh,final,,,21,19,,,0.25,,,,,468.9,0.0,4,4,2,0.5,3.0,3.5714,21,3,5,2,0.4,2.7895,2.5789,19,11,14,2.8571,3.3571,11,12,2.8333,2.3333,,,,,,,4,7,11,3,nhl-wsh,"{""common_opponents"": 1, ""games_played"": 1, ""head_to_head"": 1, ""home_advantage"": 1, ""last10_form"": 1, ""season_scoring"": 1, ""travel_km"": 1}"
2025020316,NHL,20252026,regular,2025-11-19,2025-11-19,nhl-cgy,nhl-buf,final,,,21,19,,,0.25,,,,,730.7,0.0,3,5,2,0.4,2.1429,3.1905,21,3,4,3,0.45,2.9474,3.4211,19,8,9,2.8889,2.7778,8,10,2.9,3.4,,,,,,,6,2,8,-4,nhl-cgy,"{""common_opponents"": 1, ""games_played"": 1, ""head_to_head"": 1, ""home_advantage"": 1, ""last10_form"": 1, ""season_scoring"": 1, ""travel_km"": 1}"
2025020317,NHL,20252026,regular,2025-11-19,2025-11-19,nhl-car,nhl-min,final,,,19,20,,,0.25,,,,,1790.3,0.0,7,2,1,0.75,3.6842,2.8421,19,6,2,2,0.7,2.8,3.05,20,11,12,3.5833,2.75,11,12,2.75,2.8333,1,4.0,3.0,1,3.0,4.0,3,4,7,1,nhl-min,"{""common_opponents"": 1, ""games_played"": 1, ""head_to_head"": 1, ""home_advantage"": 1, ""last10_form"": 1, ""season_scoring"": 1, ""travel_km"": 1}"
2025020318,NHL,20252026,regular,2025-11-19,2025-11-19,nhl-bos,nhl-ana,final,,,21,19,,,0.25,,,,,4151.6,0.0,8,2,0,0.8,3.2857,3.2857,21,7,3,0,0.7,3.6842,3.1579,19,7,9,2.6667,3.3333,7,8,2.875,3.0,1,5.0,7.0,1,7.0,5.0,3,4,7,1,nhl-ana,"{""common_opponents"": 1, ""games_played"": 1, ""head_to_head"": 1, ""home_advantage"": 1, ""last10_form"": 1, ""season_scoring"": 1, ""travel_km"": 1}"
2025020319,NHL,20252026,regular,2025-11-20,2025-11-20,nhl-cbj,nhl-tor,final,,,20,20,,,0.25,,,,,1515.8,0.0,4,4,2,0.5,3.1,3.25,20,4,5,1,0.45,3.5,3.7,20,9,9,2.5556,2.7778,9,10,3.7,3.2,1,6.0,3.0,1,3.0,6.0,3,2,5,-1,nhl-cbj,"{""common_opponents"": 1, ""games_played"": 1, ""head_to_head"": 1, ""home_advantage"": 1, ""last10_form"": 1, ""season_scoring"": 1, ""travel_km"": 1}"
2025020320,NHL,20252026,regular,2025-11-20,2025-11-20,nhl-wsh,nhl-mtl,final,,,20,19,,,0.25,,,,,786.6,984.6,4,4,2,0.5,3.0,2.65,20,4,3,3,0.55,3.3158,3.4737,19,11,11,2.6364,2.6364,11,12,3.1667,4.0,,,,,,,8,4,12,-4,nhl-wsh,"{""common_opponents"": 1, ""games_played"": 1, ""head_to_head"": 1, ""home_advantage"": 1, ""last10_form"": 1, ""season_scoring"": 1, ""travel_km"": 1}"
2025020321,NHL,20252026,regular,2025-11-20,2025-11-20,nhl-nyi,nhl-det,final,,,20,20,,,0.25,,,,,1608.0,0.0,7,2,1,0.75,3.2,3.2,20,5,4,1,0.55,3.1,3.1,20,4,4,4.25,2.0,4,5,2.0,2.0,1,7.0,2.0,1,2.0,7.0,5,0,5,-5,nhl-nyi,"{""common_opponents"": 1, ""games_played"": 1, ""head_to_head"": 1, ""home_advantage"": 1, ""last10_form"": 1, ""season_scoring"": 1, ""travel_km"": 1}"
2025020322,NHL,20252026,regular,2025-11-20,2025-11-20,nhl-edm,nhl-tbl,final,,,22,19,,,0.25,,,,,1317.6,0.0,4,5,1,0.45,3.0455,3.7273,22,7,3,0,0.7,3.1053,2.9474,19,11,14,3.2143,3.8571,11,13,2.6923,3.3077,,,,,,,1,2,3,1,nhl-tbl,"{""common_opponents"": 1, ""games_played"": 1, ""head_to_head"": 1, ""home_advantage"": 1, ""last10_form"": 1, ""season_scoring"": 1, ""travel_km"": 1}"
2025020323,NHL,20252026,regular,2025-11-20,2025-11-20,nhl-njd,nhl-fla,final,,,19,19,,,0.25,,,,,289.3,0.0,5,4,1,0.55,3.2632,3.0,19,6,3,1,0.65,3.0526,3.1053,19,7,9,2.7778,2.7778,7,8,3.0,3.5,1,3.0,1.0,1,1.0,3.0,0,1,1,1,nhl-fla,"{""common_opponents"": 1, ""games_played"": 1, ""head_to_head"": 1, ""home_advantage"": 1, ""last10_form"": 1, ""season_scoring"": 1, ""travel_km"": 1}"
2025020324,NHL,20252026,regular,2025-11-20,2025-11-20,nhl-stl,nhl-phi,final,,,20,18,,,0.25,,,,,542.9,2086.3,3,3,4,0.5,2.75,3.9,20,5,3,2,0.6,2.8333,2.8333,18,7,8,2.625,3.125,7,7,2.1429,2.7143,1,5.0,6.0,1,6.0,5.0,2,3,5,1,nhl-phi,"{""common_opponents"": 1, ""games_played"": 1, ""head_to_head"": 1, ""home_advantage"": 1, ""last10_form"": 1, ""season_scoring"": 1, ""travel_km"": 1}"
2025020325,NHL,20252026,regular,2025-11-20,2025-11-20,nhl-sea,nhl-chi,final,,,19,19,,,0.25,,,,,384.4,0.0,4,3,3,0.55,2.6842,2.8421,19,6,2,2,0.7,3.3684,2.5789,19,8,10,3.4,2.9,8,8,4.0,2.75,1,3.0,1.0,1,1.0,3.0,3,2,5,-1,nhl-sea,"{""common_opponents"": 1, ""games_played"": 1, ""head_to_head"": 1, ""home_advantage"": 1, ""last10_form"": 1, ""season_scoring"": 1, ""travel_km"": 1}"
2025020326,NHL,20252026,regular,2025-11-20,2025-11-20,nhl-nyr,nhl-col,final,,,21,19,,,0.25,,,,,979.1,0.0,6,4,0,0.6,2.5238,2.4762,21,8,0,2,0.9,4.1053,2.4737,19,9,10,2.6,2.6,9,10,4.4,2.3,,,,,,,3,6,9,3,nhl-col,"{""common_opponents"": 1, ""games_played"": 1, ""head_to_head"": 1, ""home_advantage"": 1, ""last10_form"": 1, ""season_scoring"": 1, ""travel_km"": 1}"
2025020327,NHL,20252026,regular,2025-11-20,2025-11-20,nhl-vgk,nhl-uta,final,,,19,20,,,0.25,,,,,592.0,943.5,4,3,3,0.55,3.1579,2.8947,19,2,5,3,0.35,3.1,3.05,20,9,11,3.4545,3.1818,9,11,3.4545,2.7273,,,,,,,4,1,5,-3,nhl-vgk,"{""common_opponents"": 1, ""games_played"": 1, ""head_to_head"": 1, ""home_advantage"": 1, ""last10_form"": 1, ""season_scoring"": 1, ""travel_km"": 1}"
2025020328,NHL,20252026,regular,2025-11-20,2025-11-20,nhl-dal,nhl-van,final,,,20,21,,,0.25,,,,,2842.4,4469.2,6,2,2,0.7,3.3,2.85,20,4,4,2,0.5,3.1905,3.6667,21,12,13,3.3846,2.6923,12,15,3.4,3.9333,1,3.0,5.0,1,5.0,3.0,4,2,6,-2,nhl-dal,"{""common_opponents"": 1, ""games_played"": 1, ""head_to_head"": 1, ""home_advantage"": 1, ""last10_form"": 1, ""season_scoring"": 1, ""travel_km"": 1}"
2025020329,NHL,20252026,regular,2025-11-20,2025-11-20,nhl-ott,nhl-ana,final,,,19,20,,,0.25,,,,,3767.6,0.0,5,2,3,0.65,3.3684,3.4211,19,7,3,0,0.7,3.7,3.15,20,8,10,3.5,3.7,8,10,4.1,3.1,,,,,,,3,2,5,-1,nhl-ott,"{""common_opponents"": 1, ""games_played"": 1, ""head_to_head"": 1, ""home_advantage"": 1, ""last10_form"": 1, ""season_scoring"": 1, ""travel_km"": 1}"
2025020330,NHL,20252026,regular,2025-11-20,2025-11-20,nhl-lak,nhl-sjs,final,,,20,20,,,0.25,,,,,3890.3,0.0,6,3,1,0.65,2.8,2.85,20,7,2,1,0.75,2.95,3.25,20,9,11,2.6364,3.5455,9,11,2.5455,2.7273,1,4.0,3.0,1,3.0,4.0,3,4,7,1,nhl-sjs,"{""common_opponents"": 1, ""games_played"": 1, ""head_to_head"": 1, ""home_advantage"": 1, ""last10_form"": 1, ""season_scoring"": 1, ""travel_km"": 1}"
2025020331,NHL,20252026,regular,2025-11-21,2025-11-21,nhl-chi,nhl-buf,final,,,20,20,,,0.25,,,,,730.7,0.0,5,3,2,0.6,3.3,2.6,20,3,5,2,0.4,2.9,3.55,20,10,11,4.0,2.2727,10,14,3.1429,3.2143,,,,,,,3,9,12,6,nhl-buf,"{""common_opponents"": 1, ""games_played"": 1, ""head_to_head"": 1, ""home_advantage"": 1, ""last10_form"": 1, ""season_scoring"": 1, ""travel_km"": 1}"
2025020332,NHL,20252026,regular,2025-11-21,2025-11-21,nhl-min,nhl-pit,final,,,21,19,,,0.25,,,,,1181.0,0.0,7,2,1,0.75,2.8571,3.0476,21,4,3,3,0.55,3.2632,2.6316,19,13,14,3.0714,2.8571,13,16,3.125,2.625,1,1.0,4.0,1,4.0,1.0,5,0,5,-5,nhl-min,"{""common_opponents"": 1, ""games_played"": 1, ""head_to_head"": 1, ""home_advantage"": 1, ""last10_form"": 1, ""season_scoring"": 1, ""travel_km"": 1}"
2025020333,NHL,20252026,regular,2025-11-21,2025-11-21,nhl-car,nhl-wpg,final,,,20,19,,,0.25,,,,,628.4,0.0,6,2,2,0.7,3.65,2.9,20,6,4,0,0.6,3.3684,2.7368,19,8,9,4.0,2.5556,8,9,3.1111,2.8889,,,,,,,4,3,7,-1,nhl-car,"{""common_opponents"": 1, ""games_played"": 1, ""head_to_head"": 1, ""home_advantage"": 1, ""last10_form"": 1, ""season_scoring"": 1, ""travel_km"": 1}"
2025020334,NHL,20252026,regular,2025-11-21,2025-11-21,nhl-bos,nhl-lak,final,,,22,21,,,0.25,,,,,44.5,491.4,7,3,0,0.7,3.2727,3.3182,22,5,3,2,0.6,2.8095,2.9048,21,9,14,3.0714,3.2857,9,9,2.8889,2.7778,,,,,,,2,1,3,-1,nhl-bos,"{""common_opponents"": 1, ""games_played"": 1, ""head_to_head"": 1, ""home_advantage"": 1, ""last10_form"": 1, ""season_scoring"": 1, ""travel_km"": 1}"
2025020335,NHL,20252026,regular,2025-11-22,2025-11-22,nhl-cbj,nhl-det,final,,,21,21,,,0.25,,,,,332.2,0.0,4,4,2,0.5,3.0952,3.1905,21,4,5,1,0.45,2.9524,3.1905,21,9,11,3.3636,2.7273,9,14,3.0,3.3571,,,,,,,3,4,7,1,nhl-det,"{""common_opponents"": 1, ""games_played"": 1, ""head_to_head"": 1, ""home_advantage"": 1, ""last10_form"": 1, ""season_scoring"": 1, ""travel_km"": 1}"
2025020336,NHL,20252026,regular,2025-11-22,2025-11-22,nhl-stl,nhl-nyi,final,,,21,21,,,0.25,,,,,152.1,796.9,3,3,4,0.5,2.7143,3.8571,21,7,2,1,0.75,3.2857,3.0476,21,10,12,2.5,4.5,10,12,3.5,2.5833,,,,,,,2,1,3,-1,nhl-stl,"{""common_opponents"": 1, ""games_played"": 1, ""head_to_head"": 1, ""home_advantage"": 1, ""last10_form"": 1, ""season_scoring"": 1, ""travel_km"": 1}"
2025020337,NHL,20252026,regular,2025-11-22,2025-11-22,nhl-tor,nhl-mtl,final,,,21,20,,,0.25,,,,,504.1,0.0,4,4,2,0.5,3.4286,3.6667,21,3,4,3,0.45,3.35,3.7,20,13,17,3.2941,3.8235,13,14,3.4286,3.0,1,5.0,2.0,1,2.0,5.0,2,5,7,3,nhl-mtl,"{""common_opponents"": 1, ""games_played"": 1, ""head_to_head"": 1, ""home_advantage"": 1, ""last10_form"": 1, ""season_scoring"": 1, ""travel_km"": 1}"
2025020338,NHL,20252026,regular,2025-11-22,2025-11-22,nhl-edm,nhl-fla,final,,,23,20,,,0.25,,,,,289.3,0.0,3,5,2,0.4,2.9565,3.6522,23,6,3,1,0.65,2.95,2.95,20,10,11,2.5455,3.3636,10,12,2.9167,2.8333,,,,,,,6,3,9,-3,nhl-edm,"{""common_opponents"": 1, ""games_played"": 1, ""head_to_head"": 1, ""home_advantage"": 1, ""last10_form"": 1, ""season_scoring"": 1, ""travel_km"": 1}"
2025020339,NHL,20252026,regular,2025-11-22,2025-11-22,nhl-njd,nhl-phi,final,,,20,19,,,0.25,,,,,1601.1,0.0,5,4,1,0.55,3.1,2.9,20,5,3,2,0.6,2.8421,2.7895,19,8,9,3.1111,2.3333,8,9,2.8889,2.7778,,,,,,,3,6,9,3,nhl-phi,"{""common_opponents"": 1, ""games_played"": 1, ""head_to_head"": 1, ""home_advantage"": 1, ""last10_form"": 1, ""season_scoring"": 1, ""travel_km"": 1}"
2025020340,NHL,20252026,regular,2025-11-22,2025-11-22,nhl-sea,nhl-pit,final,,,20,20,,,0.25,,,,,662.7,0.0,5,3,2,0.6,2.7,2.8,20,3,4,3,0.45,3.1,2.75,20,9,11,2.7273,2.8182,9,10,3.2,3.3,,,,,,,3,2,5,-1,nhl-sea,"{""common_opponents"": 1, ""games_played"": 1, ""head_to_head"": 1, ""home_advantage"": 1, ""last10_form"": 1, ""season_scoring"": 1, ""travel_km"": 1}"
2025020341,NHL,20252026,regular,2025-11-22,2025-11-22,nhl-tbl,nhl-wsh,final,,,20,21,,,0.25,,,,,1317.6,786.6,7,3,0,0.7,3.05,2.85,20,5,3,2,0.6,3.2381,2.7143,21,9,10,3.0,3.3,9,9,2.5556,3.2222,2,2.5,2.5,2,2.5,2.5,5,3,8,-2,nhl-tbl,"{""common_opponents"": 1, ""games_played"": 1, ""head_to_head"": 1, ""home_advantage"": 1, ""last10_form"": 1, ""season_scoring"": 1, ""travel_km"": 1}"
2025020342,NHL,20252026,regular,2025-11-22,2025-11-22,nhl-ott,nhl-sjs,final,,,20,21,,,0.25,,,,,534.8,0.0,5,2,3,0.65,3.35,3.35,20,7,2,1,0.75,3.0,3.2381,21,7,7,3.0,3.1429,7,10,3.2,3.4,,,,,,,3,2,5,-1,nhl-ott,"{""common_opponents"": 1, ""games_played"": 1, ""head_to_head"": 1, ""home_advantage"": 1, ""last10_form"": 1, ""season_scoring"": 1, ""travel_km"": 1}"
2025020343,NHL,20252026,regular,2025-11-22,2025-11-22,nhl-col,nhl-nsh,final,,,20,20,,,0.25,,,,,1644.2,759.5,9,0,1,0.95,4.2,2.5,20,2,6,2,0.3,2.45,3.5,20,8,9,3.8889,2.4444,8,10,2.8,3.8,,,,,,,3,0,3,-3,nhl-col,"{""common_opponents"": 1, ""games_played"": 1, ""head_to_head"": 1, ""home_advantage"": 1, ""last10_form"": 1, ""season_scoring"": 1, ""travel_km"": 1}"
2025020344,NHL,20252026,regular,2025-11-22,2025-11-22,nhl-nyr,nhl-uta,final,,,22,21,,,0.25,,,,,595.7,0.0,5,5,0,0.5,2.5455,2.6364,22,2,5,3,0.35,3.0,3.0952,21,12,13,2.9231,3.3846,12,15,3.0,3.1333,,,,,,,2,3,5,1,nhl-uta,"{""common_opponents"": 1, ""games_played"": 1, ""head_to_head"": 1, ""home_advantage"": 1, ""last10_form"": 1, ""season_scoring"": 1, ""travel_km"": 1}"
2025020345,NHL,20252026,regular,2025-11-22,2025-11-22,nhl-dal,nhl-cgy,final,,,21,22,,,0.25,,,,,673.7,2788.7,7,2,1,0.75,3.3333,2.8095,21,4,5,1,0.45,2.3182,3.1364,22,10,12,3.8333,2.75,10,13,2.2308,3.0769,,,,,,,2,3,5,1,nhl-cgy,"{""common_opponents"": 1, ""games_played"": 1, ""head_to_head"": 1, ""home_advantage"": 1, ""last10_form"": 1, ""season_scoring"": 1, ""travel_km"": 1}"
2025020346,NHL,20252026,regular,2025-11-22,2025-11-22,nhl-vgk,nhl-ana,final,,,20,21,,,0.25,,,,,936.7,0.0,4,3,3,0.55,3.2,2.8,20,6,4,0,0.6,3.619,3.1429,21,10,13,2.7692,2.7692,10,13,3.4615,3.5385,1,3.0,4.0,1,4.0,3.0,3,4,7,1,nhl-ana,"{""common_opponents"": 1, ""games_played"": 1, ""head_to_head"": 1, ""home_advantage"": 1, ""last10_form"": 1, ""season_scoring"": 1, ""travel_km"": 1}"
2025020347,NHL,20252026,regular,2025-11-23,2025-11-23,nhl-car,nhl-buf,final,,,21,21,,,0.25,,,,,1597.8,0.0,7,1,2,0.8,3.6667,2.9048,21,4,5,1,0.45,3.1905,3.5238,21,6,7,3.0,2.7143,6,9,2.7778,3.4444,1,6.0,3.0,1,3.0,6.0,1,4,5,3,nhl-buf,"{""common_opponents"": 1, ""games_played"": 1, ""head_to_head"": 1, ""home_advantage"": 1, ""last10_form"": 1, ""season_scoring"": 1, ""travel_km"": 1}"
2025020348,NHL,20252026,regular,2025-11-23,2025-11-23,nhl-min,nhl-wpg,final,,,22,20,,,0.25,,,,,1700.0,0.0,8,1,1,0.85,2.9545,2.9091,22,5,5,0,0.5,3.35,2.8,20,13,16,3.0625,3.0,13,16,3.375,2.625,1,3.0,4.0,1,4.0,3.0,3,0,3,-3,nhl-min,"{""common_opponents"": 1, ""games_played"": 1, ""head_to_head"": 1, ""home_advantage"": 1, ""last10_form"": 1, ""season_scoring"": 1, ""travel_km"": 1}"
2025020349,NHL,20252026,regular,2025-11-23,2025-11-23,nhl-sea,nhl-nyi,final,,,21,22,,,0.25,,,,,529.7,0.0,6,3,1,0.65,2.7143,2.7619,21,6,3,1,0.65,3.1818,3.0,22,13,15,2.4667,2.8,13,15,3.6,2.5333,,,,,,,0,1,1,1,nhl-nyi,"{""common_opponents"": 1, ""games_played"": 1, ""head_to_head"": 1, ""home_advantage"": 1, ""last10_form"": 1, ""season_scoring"": 1, ""travel_km"": 1}"
2025020350,NHL,20252026,regular,2025-11-23,2025-11-23,nhl-col,nhl-chi,final,,,21,21,,,0.25,,,,,640.9,730.7,9,0,1,0.95,4.1429,2.381,21,5,3,2,0.6,3.2857,2.9048,21,9,13,4.3077,2.3077,9,10,2.7,3.2,,,,,,,1,0,1,-1,nhl-col,"{""common_opponents"": 1, ""games_played"": 1, ""head_to_head"": 1, ""home_advantage"": 1, ""last10_form"": 1, ""season_scoring"": 1, ""travel_km"": 1}"
2025020351,NHL,20252026,regular,2025-11-23,2025-11-23,nhl-bos,nhl-sjs,final,,,23,22,,,0.25,,,,,491.4,0.0,7,3,0,0.7,3.2174,3.2174,23,6,3,1,0.65,2.9545,3.2273,22,9,15,2.9333,3.6,9,11,3.0909,3.7273,,,,,,,1,3,4,2,nhl-sjs,"{""common_opponents"": 1, ""games_played"": 1, ""head_to_head"": 1, ""home_advantage"": 1, ""last10_form"": 1, ""season_scoring"": 1, ""travel_km"": 1}"
2025020352,NHL,20252026,regular,2025-11-23,2025-11-23,nhl-cgy,nhl-van,final,,,23,22,,,0.25,,,,,673.7,0.0,5,4,1,0.55,2.3478,3.087,23,3,5,2,0.4,3.1364,3.6818,22,10,14,2.3571,3.0,10,15,2.7333,3.5333,1,1.0,5.0,1,5.0,1.0,5,2,7,-3,nhl-cgy,"{""common_opponents"": 1, ""games_played"": 1, ""head_to_head"": 1, ""home_advantage"": 1, ""last10_form"": 1, ""season_scoring"": 1, ""travel_km"": 1}"
2025020353,NHL,20252026,regular,2025-11-24,2025-11-24,nhl-phi,nhl-tbl,final,,,20,21,,,0.25,,,,,1488.4,1317.6,5,3,2,0.6,3.0,2.8,20,7,3,0,0.7,3.1429,2.8571,21,6,9,2.6667,2.3333,6,7,3.4286,2.2857,,,,,,,0,3,3,3,nhl-tbl,"{""common_opponents"": 1, ""games_played"": 1, ""head_to_head"": 1, ""home_advantage"": 1, ""last10_form"": 1, ""season_scoring"": 1, ""travel_km"": 1}"
2025020354,NHL,20252026,regular,2025-11-24,2025-11-24,nhl-det,nhl-njd,final,,,22,21,,,0.25,,,,,760.3,125.6,5,4,1,0.55,3.0,3.1818,22,5,4,1,0.55,3.0952,3.0476,21,11,14,3.0,3.3571,11,14,3.0,2.6429,,,,,,,3,4,7,1,nhl-njd,"{""common_opponents"": 1, ""games_played"": 1, ""head_to_head"": 1, ""home_advantage"": 1, ""last10_form"": 1, ""season_scoring"": 1, ""travel_km"": 1}"
2025020355,NHL,20252026,regular,2025-11-24,2025-11-24,nhl-stl,nhl-nyr,final,,,22,23,,,0.25,,,,,22.8,3167.4,4,2,4,0.6,2.6818,3.7273,22,4,6,0,0.4,2.5217,2.6522,23,14,17,2.6471,3.6471,14,17,1.9412,2.1765,,,,,,,2,3,5,1,nhl-nyr,"{""common_opponents"": 1, ""games_played"": 1, ""head_to_head"": 1, ""home_advantage"": 1, ""last10_form"": 1, ""season_scoring"": 1, ""travel_km"": 1}"
2025020356,NHL,20252026,regular,2025-11-24,2025-11-24,nhl-cbj,nhl-wsh,final,,,22,22,,,0.25,,,,,636.9,0.0,4,3,3,0.55,3.0909,3.2273,22,5,4,1,0.55,3.2273,2.8182,22,13,14,3.5714,2.9286,13,16,3.4375,2.6875,1,1.0,5.0,1,5.0,1.0,1,5,6,4,nhl-wsh,"{""common_opponents"": 1, ""games_played"": 1, ""head_to_head"": 1, ""home_advantage"": 1, ""last10_form"": 1, ""season_scoring"": 1, ""travel_km"": 1}"
2025020357,NHL,20252026,regular,2025-11-24,2025-11-24,nhl-fla,nhl-nsh,final,,,21,21,,,0.25,,,,,1269.5,0.0,6,4,0,0.6,2.9524,3.0952,21,2,6,2,0.3,2.3333,3.4762,21,8,10,3.6,3.6,8,12,2.4167,3.4167,,,,,,,8,3,11,-5,nhl-fla,"{""common_opponents"": 1, ""games_played"": 1, ""head_to_head"": 1, ""home_advantage"": 1, ""last10_form"": 1, ""season_scoring"": 1, ""travel_km"": 1}"
2025020358,NHL,20252026,regular,2025-11-24,2025-11-24,nhl-vgk,nhl-uta,final,,,21,22,,,0.25,,,,,936.7,0.0,4,2,4,0.6,3.1905,2.8571,21,3,4,3,0.45,3.0,3.0455,22,10,13,3.3846,3.1538,10,12,3.4167,2.6667,1,4.0,1.0,1,1.0,4.0,1,5,6,4,nhl-uta,"{""common_opponents"": 1, ""games_played"": 1, ""head_to_head"": 1, ""home_advantage"": 1, ""last10_form"": 1, ""season_scoring"": 1, ""travel_km"": 1}"
2025020359,NHL,20252026,regular,2025-11-24,2025-11-24,nhl-ott,nhl-lak,final,,,21,22,,,0.25,,,,,491.4,0.0,6,1,3,0.75,3.3333,3.2857,21,5,3,2,0.6,2.7273,2.8636,22,8,10,3.5,3.5,8,9,2.8889,2.7778,1,0.0,1.0,1,1.0,0.0,1,2,3,1,nhl-lak,"{""common_opponents"": 1, ""games_played"": 1, ""head_to_head"": 1, ""home_advantage"": 1, ""last10_form"": 1, ""season_scoring"": 1, ""travel_km"": 1}"
2025020360,NHL,20252026,regular,2025-11-25,2025-11-25,nhl-dal,nhl-edm,final,,,22,24,,,0.25,,,,,281.6,4089.2,7,2,1,0.75,3.2727,2.8182,22,4,4,2,0.5,3.0833,3.625,24,14,15,2.8667,2.4667,14,16,3.1875,3.75,1,4.0,3.0,1,3.0,4.0,8,3,11,-5,nhl-dal,"{""common_opponents"": 1, ""games_played"": 1, ""head_to_head"": 1, ""home_advantage"": 1, ""last10_form"": 1, ""season_scoring"": 1, ""travel_km"": 1}"
2025020361,NHL,20252026,regular,2025-11-26,2025-11-26,nhl-nsh,nhl-det,final,,,22,23,,,0.25,,,,,758.3,760.3,2,6,2,0.3,2.3636,3.6818,22,4,5,1,0.45,3.0,3.2174,23,8,8,2.875,4.875,8,11,3.1818,2.8182,,,,,,,6,3,9,-3,nhl-nsh,"{""common_opponents"": 1, ""games_played"": 1, ""head_to_head"": 1, ""home_advantage"": 1, ""last10_form"": 1, ""season_scoring"": 1, ""travel_km"": 1}"
2025020362,NHL,20252026,regular,2025-11-26,2025-11-26,nhl-cgy,nhl-tbl,final,,,24,22,,,0.25,,,,,4180.3,0.0,5,4,1,0.55,2.4583,3.0417,24,7,3,0,0.7,3.1364,2.7273,22,11,14,2.5714,3.2143,11,12,3.0833,2.8333,,,,,,,1,5,6,4,nhl-tbl,"{""common_opponents"": 1, ""games_played"": 1, ""head_to_head"": 1, ""home_advantage"": 1, ""last10_form"": 1, ""season_scoring"": 1, ""travel_km"": 1}"
2025020363,NHL,20252026,regular,2025-11-26,2025-11-26,nhl-phi,nhl-fla,final,,,21,22,,,0.25,,,,,289.3,1269.5,5,3,2,0.6,2.8571,2.8095,21,6,4,0,0.6,3.1818,3.0909,22,7,9,2.3333,2.4444,7,8,3.375,3.125,2,3.0,2.0,2,2.0,3.0,4,2,6,-2,nhl-phi,"{""common_opponents"": 1, ""games_played"": 1, ""head_to_head"": 1, ""home_advantage"": 1, ""last10_form"": 1, ""season_scoring"": 1, ""travel_km"": 1}"
2025020364,NHL,20252026,regular,2025-11-26,2025-11-26,nhl-stl,nhl-njd,final,,,23,22,,,0.25,,,,,15.1,0.0,3,3,4,0.5,2.6522,3.6957,23,5,4,1,0.55,3.1364,3.0455,22,11,13,2.3077,4.3077,11,11,3.5455,2.4545,,,,,,,2,3,5,1,nhl-njd,"{""common_opponents"": 1, ""games_played"": 1, ""head_to_head"": 1, ""home_advantage"": 1, ""last10_form"": 1, ""season_scoring"": 1, ""travel_km"": 1}"
2025020365,NHL,20252026,regular,2025-11-26,2025-11-26,nhl-bos,nhl-nyi,final,,,24,23,,,0.25,,,,,4126.4,0.0,6,4,0,0.6,3.125,3.2083,24,7,3,0,0.7,3.087,2.8696,23,7,11,2.3636,3.3636,7,8,3.0,3.375,2,4.5,2.5,2,2.5,4.5,3,1,4,-2,nhl-bos,"{""common_opponents"": 1, ""games_played"": 1, ""head_to_head"": 1, ""home_advantage"": 1, ""last10_form"": 1, ""season_scoring"": 1, ""travel_km"": 1}"
2025020366,NHL,20252026,regular,2025-11-26,2025-11-26,nhl-buf,nhl-pit,final,,,22,21,,,0.25,,,,,286.2,0.0,4,5,1,0.45,3.2273,3.4091,22,3,4,3,0.45,3.0476,2.7619,21,6,7,2.5714,3.0,6,7,3.8571,3.4286,,,,,,,2,4,6,2,nhl-pit,"{""common_opponents"": 1, ""games_played"": 1, ""head_to_head"": 1, ""home_advantage"": 1, ""last10_form"": 1, ""season_scoring"": 1, ""travel_km"": 1}"
2025020367,NHL,20252026,regular,2025-11-26,2025-11-26,nhl-wpg,nhl-wsh,final,,,21,23,,,0.25,,,,,2001.8,0.0,4,6,0,0.4,3.1905,2.8095,21,5,4,1,0.55,3.3043,2.7391,23,9,12,3.0833,3.0833,9,11,3.2727,1.9091,,,,,,,3,4,7,1,nhl-wsh,"{""common_opponents"": 1, ""games_played"": 1, ""head_to_head"": 1, ""home_advantage"": 1, ""last10_form"": 1, ""season_scoring"": 1, ""travel_km"": 1}"
2025020368,NHL,20252026,regular,2025-11-26,2025-11-26,nhl-nyr,nhl-car,final,,,24,22,,,0.25,,,,,687.5,786.4,5,5,0,0.5,2.5417,2.625,24,6,2,2,0.7,3.5455,2.9545,22,10,11,2.0,2.8182,10,13,3.6154,3.5385,1,0.0,3.0,1,3.0,0.0,4,2,6,-2,nhl-nyr,"{""common_opponents"": 1, ""games_played"": 1, ""head_to_head"": 1, ""home_advantage"": 1, ""last10_form"": 1, ""season_scoring"": 1, ""travel_km"": 1}"
2025020369,NHL,20252026,regular,2025-11-26,2025-11-26,nhl-tor,nhl-cbj,final,,,22,23,,,0.25,,,,,984.6,527.5,3,5,2,0.4,3.3636,3.7273,22,4,3,3,0.55,3.0,3.3043,23,10,13,3.3846,3.5385,10,10,2.6,2.9,2,2.5,4.5,2,4.5,2.5,2,1,3,-1,nhl-tor,"{""common_opponents"": 1, ""games_played"": 1, ""head_to_head"": 1, ""home_advantage"": 1, ""last10_form"": 1, ""season_scoring"": 1, ""travel_km"": 1}"
2025020370,NHL,20252026,regular,2025-11-26,2025-11-26,nhl-min,nhl-chi,final,,,23,22,,,0.25,,,,,1151.8,0.0,8,1,1,0.85,2.9565,2.7826,23,5,4,1,0.55,3.1364,2.8182,22,8,9,3.0,2.1111,8,10,3.6,2.5,,,,,,,4,3,7,-1,nhl-min,"{""common_opponents"": 1, ""games_played"": 1, ""head_to_head"": 1, ""home_advantage"": 1, ""last10_form"": 1, ""season_scoring"": 1, ""travel_km"": 1}"
2025020371,NHL,20252026,regular,2025-11-26,2025-11-26,nhl-sjs,nhl-col,final,,,23,22,,,0.25,,,,,1491.3,1475.2,7,3,0,0.7,2.9565,3.1304,23,9,0,1,0.95,4.0,2.2727,22,9,12,3.4167,3.8333,9,12,4.0,2.5,1,3.0,2.0,1,2.0,3.0,0,6,6,6,nhl-col,"{""common_opponents"": 1, ""games_played"": 1, ""head_to_head"": 1, ""home_advantage"": 1, ""last10_form"": 1, ""season_scoring"": 1, ""travel_km"": 1}"
2025020372,NHL,20252026,regular,2025-11-26,2025-11-26,nhl-mtl,nhl-uta,final,,,21,23,,,0.25,,,,,3124.2,0.0,3,4,3,0.45,3.4286,3.619,21,3,4,3,0.45,3.087,2.9565,23,9,10,3.3,3.0,9,10,2.8,2.8,1,6.0,2.0,1,2.0,6.0,4,3,7,-1,nhl-mtl,"{""common_opponents"": 1, ""games_played"": 1, ""head_to_head"": 1, ""home_advantage"": 1, ""last10_form"": 1, ""season_scoring"": 1, ""travel_km"": 1}"
2025020373,NHL,20252026,regular,2025-11-26,2025-11-26,nhl-ott,nhl-vgk,final,,,22,22,,,0.25,,,,,362.6,592.0,5,2,3,0.65,3.2273,3.2273,22,3,3,4,0.5,3.0909,2.9545,22,10,13,3.3846,2.9231,10,15,3.0667,3.4,,,,,,,4,3,7,-1,nhl-ott,"{""common_opponents"": 1, ""games_played"": 1, ""head_to_head"": 1, ""home_advantage"": 1, ""last10_form"": 1, ""season_scoring"": 1, ""travel_km"": 1}"
2025020374,NHL,20252026,regular,2025-11-26,2025-11-26,nhl-van,nhl-ana,final,,,23,22,,,0.25,,,,,1773.3,0.0,3,5,2,0.4,3.087,3.7391,23,6,4,0,0.6,3.6364,3.1364,22,10,13,3.2308,4.1538,10,11,3.2727,2.9091,,,,,,,5,4,9,-1,nhl-van,"{""common_opponents"": 1, ""games_played"": 1, ""head_to_head"": 1, ""home_advantage"": 1, ""last10_form"": 1, ""season_scoring"": 1, ""travel_km"": 1}"
2025020375,NHL,20252026,regular,2025-11-26,2025-11-26,nhl-dal,nhl-sea,final,,,23,22,,,0.25,,,,,907.0,3887.7,7,2,1,0.75,3.4783,2.8261,23,5,3,2,0.6,2.5909,2.6818,22,10,11,3.8182,2.8182,10,12,2.6667,2.8333,1,2.0,1.0,1,1.0,2.0,3,2,5,-1,nhl-dal,"{""common_opponents"": 1, ""games_played"": 1, ""head_to_head"": 1, ""home_advantage"": 1, ""last10_form"": 1, ""season_scoring"": 1, ""travel_km"": 1}"
2025020376,NHL,20252026,regular,2025-11-28,2025-11-28,nhl-nyr,nhl-bos,final,,,25,25,,,0.25,,,,,983.8,288.1,5,5,0,0.5,2.6,2.6,25,6,4,0,0.6,3.12,3.12,25,11,12,2.6667,3.0833,11,17,3.1176,2.6471,,,,,,,6,2,8,-4,nhl-nyr,"{""common_opponents"": 1, ""games_played"": 1, ""head_to_head"": 1, ""home_advantage"": 1, ""last10_form"": 1, ""season_scoring"": 1, ""travel_km"": 1}"
2025020377,NHL,20252026,regular,2025-11-28,2025-11-28,nhl-tbl,nhl-det,final,,,23,24,,,0.25,,,,,1601.9,0.0,8,2,0,0.8,3.2174,2.6522,23,4,5,1,0.45,3.0,3.3333,24,9,11,3.3636,2.7273,9,11,2.7273,3.1818,1,1.0,2.0,1,2.0,1.0,6,3,9,-3,nhl-tbl,"{""common_opponents"": 1, ""games_played"": 1, ""head_to_head"": 1, ""home_advantage"": 1, ""last10_form"": 1, ""season_scoring"": 1, ""travel_km"": 1}"
2025020378,NHL,20252026,regular,2025-11-28,2025-11-28,nhl-col,nhl-min,final,,,23,24,,,0.25,,,,,1134.7,555.0,10,0,0,1.0,4.087,2.1739,23,8,1,1,0.85,3.0,2.7917,24,14,17,3.9412,2.2941,14,16,3.1875,3.25,,,,,,,2,3,5,1,nhl-min,"{""common_opponents"": 1, ""games_played"": 1, ""head_to_head"": 1, ""home_advantage"": 1, ""last10_form"": 1, ""season_scoring"": 1, ""travel_km"": 1}"
2025020379,NHL,20252026,regular,2025-11-28,2025-11-28,nhl-njd,nhl-buf,final,,,23,23,,,0.25,,,,,456.9,286.2,6,3,1,0.65,3.1304,3.0,23,4,6,0,0.4,3.1739,3.4348,23,12,14,3.3571,2.8571,12,16,3.5,3.1875,,,,,,,5,0,5,-5,nhl-njd,"{""common_opponents"": 1, ""games_played"": 1, ""head_to_head"": 1, ""home_advantage"": 1, ""last10_form"": 1, ""season_scoring"": 1, ""travel_km"": 1}"
2025020380,NHL,20252026,regular,2025-11-28,2025-11-28,nhl-cgy,nhl-fla,final,,,25,23,,,0.25,,,,,289.3,0.0,4,5,1,0.45,2.4,3.12,25,6,4,0,0.6,3.1304,3.1304,23,11,14,2.4286,3.3571,11,14,3.2857,3.0,,,,,,,5,3,8,-2,nhl-cgy,"{""common_opponents"": 1, ""games_played"": 1, ""head_to_head"": 1, ""home_advantage"": 1, ""last10_form"": 1, ""season_scoring"": 1, ""travel_km"": 1}"
2025020381,NHL,20252026,regular,2025-11-28,2025-11-28,nhl-phi,nhl-nyi,final,,,22,24,,,0.25,,,,,1728.9,0.0,6,2,2,0.7,2.9091,2.7727,22,7,3,0,0.7,3.0,2.875,24,10,12,2.9167,3.0,10,10,2.6,3.2,1,4.0,3.0,1,3.0,4.0,4,3,7,-1,nhl-phi,"{""common_opponents"": 1, ""games_played"": 1, ""head_to_head"": 1, ""home_advantage"": 1, ""last10_form"": 1, ""season_scoring"": 1, ""travel_km"": 1}"
2025020382,NHL,20252026,regular,2025-11-28,2025-11-28,nhl-ott,nhl-stl,final,,,23,24,,,0.25,,,,,2218.1,1389.8,6,2,2,0.7,3.2609,3.2174,23,3,2,5,0.55,2.625,3.6667,24,12,14,3.1429,3.1429,12,14,2.7143,3.4286,,,,,,,3,4,7,1,nhl-stl,"{""common_opponents"": 1, ""games_played"": 1, ""head_to_head"": 1, ""home_advantage"": 1, ""last10_form"": 1, ""season_scoring"": 1, ""travel_km"": 1}"
2025020383,NHL,20252026,regular,2025-11-28,2025-11-28,nhl-mtl,nhl-vgk,final,,,22,23,,,0.25,,,,,592.0,0.0,3,4,3,0.45,3.4545,3.5909,22,3,2,5,0.55,3.087,3.0,23,8,10,3.6,2.9,8,10,3.4,2.8,,,,,,,4,1,5,-3,nhl-mtl,"{""common_opponents"": 1, ""games_played"": 1, ""head_to_head"": 1, ""home_advantage"": 1, ""last10_form"": 1, ""season_scoring"": 1, ""travel_km"": 1}"
2025020384,NHL,20252026,regular,2025-11-28,2025-11-28,nhl-lak,nhl-ana,final,,,23,23,,,0.25,,,,,44.5,0.0,6,2,2,0.7,2.6957,2.7826,23,5,5,0,0.5,3.6522,3.2174,23,15,19,2.6316,3.0,15,19,3.8421,3.1579,,,,,,,4,5,9,1,nhl-ana,"{""common_opponents"": 1, ""games_played"": 1, ""head_to_head"": 1, ""home_advantage"": 1, ""last10_form"": 1, ""season_scoring"": 1, ""travel_km"": 1}"
2025020385,NHL,20252026,regular,2025-11-28,2025-11-28,nhl-van,nhl-sjs,final,,,24,24,,,0.25,,,,,534.8,1491.3,3,5,2,0.4,3.1667,3.75,24,6,4,0,0.6,2.8333,3.25,24,9,10,3.0,4.4,9,11,2.6364,3.4545,,,,,,,2,3,5,1,nhl-sjs,"{""common_opponents"": 1, ""games_played"": 1, ""head_to_head"": 1, ""home_advantage"": 1, ""last10_form"": 1, ""season_scoring"": 1, ""travel_km"": 1}"
2025020386,NHL,20252026,regular,2025-11-28,2025-11-28,nhl-tor,nhl-wsh,final,,,23,24,,,0.25,,,,,527.5,0.0,3,5,2,0.4,3.3043,3.6087,23,6,3,1,0.65,3.3333,2.75,24,11,16,3.0,3.6875,11,12,3.6667,2.0833,,,,,,,2,4,6,2,nhl-wsh,"{""common_opponents"": 1, ""games_played"": 1, ""head_to_head"": 1, ""home_advantage"": 1, ""last10_form"": 1, ""season_scoring"": 1, ""travel_km"": 1}"
2025020387,NHL,20252026,regular,2025-11-28,2025-11-28,nhl-wpg,nhl-car,final,,,22,23,,,0.25,,,,,375.5,0.0,3,7,0,0.3,3.1818,2.8636,22,5,3,2,0.6,3.4783,3.0,23,9,11,2.8182,3.0,9,10,3.7,2.7,1,3.0,4.0,1,4.0,3.0,1,5,6,4,nhl-car,"{""common_opponents"": 1, ""games_played"": 1, ""head_to_head"": 1, ""home_advantage"": 1, ""last10_form"": 1, ""season_scoring"": 1, ""travel_km"": 1}"
2025020388,NHL,20252026,regular,2025-11-28,2025-11-28,nhl-pit,nhl-cbj,final,,,22,24,,,0.25,,,,,261.4,0.0,3,4,3,0.45,3.0909,2.7273,22,4,2,4,0.6,2.9167,3.25,24,12,15,3.0,2.6667,12,15,2.6,3.0667,1,4.0,5.0,1,5.0,4.0,4,3,7,-1,nhl-pit,"{""common_opponents"": 1, ""games_played"": 1, ""head_to_head"": 1, ""home_advantage"": 1, ""last10_form"": 1, ""season_scoring"": 1, ""travel_km"": 1}"
2025020389,NHL,20252026,regular,2025-11-28,2025-11-28,nhl-nsh,nhl-chi,final,,,23,23,,,0.25,,,,,384.4,0.0,2,6,2,0.3,2.5217,3.6522,23,5,3,2,0.6,3.1304,2.8696,23,14,15,2.8667,3.8,14,16,3.125,2.3125,,,,,,,4,3,7,-1,nhl-nsh,"{""common_opponents"": 1, ""games_played"": 1, ""head_to_head"": 1, ""home_advantage"": 1, ""last10_form"": 1, ""season_scoring"": 1, ""travel_km"": 1}"
2025020390,NHL,20252026,regular,2025-11-28,2025-11-28,nhl-uta,nhl-dal,final,,,24,24,,,0.25,,,,,1606.8,2703.6,3,4,3,0.45,3.0833,3.0,24,8,1,1,0.85,3.4583,2.7917,24,12,14,3.0714,3.2857,12,14,4.0,3.0,,,,,,,3,4,7,1,nhl-dal,"{""common_opponents"": 1, ""games_played"": 1, ""head_to_head"": 1, ""home_advantage"": 1, ""last10_form"": 1, ""season_scoring"": 1, ""travel_km"": 1}"
2025020391,NHL,20252026,regular,2025-11-29,2025-11-29,nhl-tbl,nhl-nyr,final,,,24,26,,,0.25,,,,,774.2,302.9,8,2,0,0.8,3.3333,2.6667,24,6,4,0,0.6,2.7308,2.5769,26,11,15,3.4,2.5333,11,13,2.5385,2.4615,1,3.0,7.0,1,7.0,3.0,4,1,5,-3,nhl-tbl,"{""common_opponents"": 1, ""games_played"": 1, ""head_to_head"": 1, ""home_advantage"": 1, ""last10_form"": 1, ""season_scoring"": 1, ""travel_km"": 1}"
2025020392,NHL,20252026,regular,2025-11-29,2025-11-29,nhl-mtl,nhl-col,final,,,23,24,,,0.25,,,,,979.1,1134.7,4,4,2,0.5,3.4783,3.4783,23,9,0,1,0.95,4.0,2.2083,24,13,14,3.2143,3.4286,13,17,4.1765,2.2353,,,,,,,2,7,9,5,nhl-col,"{""common_opponents"": 1, ""games_played"": 1, ""head_to_head"": 1, ""home_advantage"": 1, ""last10_form"": 1, ""season_scoring"": 1, ""travel_km"": 1}"
2025020393,NHL,20252026,regular,2025-11-29,2025-11-29,nhl-edm,nhl-sea,final,,,25,23,,,0.25,,,,,907.0,0.0,4,5,1,0.45,3.08,3.8,25,5,3,2,0.6,2.5652,2.6957,23,11,14,3.1429,3.7857,11,14,2.2143,3.0714,1,2.0,3.0,1,3.0,2.0,4,0,4,-4,nhl-edm,"{""common_opponents"": 1, ""games_played"": 1, ""head_to_head"": 1, ""home_advantage"": 1, ""last10_form"": 1, ""season_scoring"": 1, ""travel_km"": 1}"
2025020394,NHL,20252026,regular,2025-11-29,2025-11-29,nhl-det,nhl-bos,final,,,25,26,,,0.25,,,,,984.7,0.0,4,5,1,0.45,3.0,3.44,25,5,5,0,0.5,3.0769,3.2308,26,12,18,2.5556,3.5,12,17,3.5294,3.2941,,,,,,,2,3,5,1,nhl-bos,"{""common_opponents"": 1, ""games_played"": 1, ""head_to_head"": 1, ""home_advantage"": 1, ""last10_form"": 1, ""season_scoring"": 1, ""travel_km"": 1}"
2025020395,NHL,20252026,regular,2025-11-29,2025-11-29,nhl-phi,nhl-njd,final,,,23,24,,,0.25,,,,,37.5,456.9,6,2,2,0.7,2.9565,2.7826,23,6,3,1,0.65,3.2083,2.875,24,10,14,3.0714,2.8571,10,12,3.0833,2.5833,1,6.0,3.0,1,3.0,6.0,5,3,8,-2,nhl-phi,"{""common_opponents"": 1, ""games_played"": 1, ""head_to_head"": 1, ""home_advantage"": 1, ""last10_form"": 1, ""season_scoring"": 1, ""travel_km"": 1}"
2025020396,NHL,20252026,regular,2025-11-29,2025-11-29,nhl-tor,nhl-pit,final,,,24,23,,,0.25,,,,,306.5,261.4,2,6,2,0.3,3.25,3.625,24,4,3,3,0.55,3.1304,2.7391,23,10,13,3.1538,3.3846,10,14,3.0714,2.6429,1,4.0,3.0,1,3.0,4.0,7,2,9,-5,nhl-tor,"{""common_opponents"": 1, ""games_played"": 1, ""head_to_head"": 1, ""home_advantage"": 1, ""last10_form"": 1, ""season_scoring"": 1, ""travel_km"": 1}"
2025020397,NHL,20252026,regular,2025-11-29,2025-11-29,nhl-wpg,nhl-nsh,final,,,23,24,,,0.25,,,,,725.8,640.9,3,7,0,0.3,3.087,2.9565,23,3,6,1,0.35,2.5833,3.625,24,11,15,3.4,2.8,11,15,2.4667,3.1333,1,4.0,1.0,1,1.0,4.0,5,2,7,-3,nhl-wpg,"{""common_opponents"": 1, ""games_played"": 1, ""head_to_head"": 1, ""home_advantage"": 1, ""last10_form"": 1, ""season_scoring"": 1, ""travel_km"": 1}"
2025020398,NHL,20252026,regular,2025-11-29,2025-11-29,nhl-uta,nhl-stl,final,,,25,25,,,0.25,,,,,881.0,0.0,3,4,3,0.45,3.08,3.04,25,3,2,5,0.55,2.68,3.64,25,11,13,3.0,2.9231,11,12,2.5,2.8333,1,7.0,4.0,1,4.0,7.0,0,1,1,1,nhl-stl,"{""common_opponents"": 1, ""games_played"": 1, ""head_to_head"": 1, ""home_advantage"": 1, ""last10_form"": 1, ""season_scoring"": 1, ""travel_km"": 1}"
2025020399,NHL,20252026,regular,2025-11-29,2025-11-29,nhl-buf,nhl-min,final,,,24,25,,,0.25,,,,,1160.9,0.0,4,6,0,0.4,3.0417,3.5,24,9,0,1,0.95,3.0,2.76,25,11,14,2.4286,3.9286,11,13,2.9231,3.0,,,,,,,3,2,5,-1,nhl-buf,"{""common_opponents"": 1, ""games_played"": 1, ""head_to_head"": 1, ""home_advantage"": 1, ""last10_form"": 1, ""season_scoring"": 1, ""travel_km"": 1}"
2025020400,NHL,20252026,regular,2025-11-29,2025-11-29,nhl-sjs,nhl-vgk,final,,,25,24,,,0.25,,,,,614.5,0.0,6,4,0,0.6,2.84,3.2,25,3,3,4,0.5,3.0,3.0417,24,14,19,3.0,3.4211,14,19,3.1053,3.0,1,3.0,4.0,1,4.0,3.0,3,4,7,1,nhl-vgk,"{""common_opponents"": 1, ""games_played"": 1, ""head_to_head"": 1, ""home_advantage"": 1, ""last10_form"": 1, ""season_scoring"": 1, ""travel_km"": 1}"
2025020401,NHL,20252026,regular,2025-11-29,2025-11-29,nhl-van,nhl-lak,final,,,25,24,,,0.25,,,,,491.4,44.5,3,5,2,0.4,3.12,3.72,25,5,2,3,0.65,2.75,2.875,24,14,18,3.1111,4.1111,14,17,2.8235,2.9412,,,,,,,1,2,3,1,nhl-lak,"{""common_opponents"": 1, ""games_played"": 1, ""head_to_head"": 1, ""home_advantage"": 1, ""last10_form"": 1, ""season_scoring"": 1, ""travel_km"": 1}"
2025020402,NHL,20252026,regular,2025-11-30,2025-11-30,nhl-wsh,nhl-nyi,final,,,25,25,,,0.25,,,,,346.1,0.0,7,2,1,0.75,3.36,2.72,25,6,3,1,0.65,3.0,2.92,25,13,14,3.4286,2.2857,13,15,2.6667,3.0667,2,2.5,2.5,2,2.5,2.5,4,1,5,-3,nhl-wsh,"{""common_opponents"": 1, ""games_played"": 1, ""head_to_head"": 1, ""home_advantage"": 1, ""last10_form"": 1, ""season_scoring"": 1, ""travel_km"": 1}"
2025020403,NHL,20252026,regular,2025-11-30,2025-11-30,nhl-ana,nhl-chi,final,,,24,24,,,0.25,,,,,2782.8,0.0,5,5,0,0.5,3.7083,3.25,24,4,4,2,0.5,3.125,2.9167,24,14,17,3.5882,3.0588,14,16,2.875,2.9375,1,1.0,2.0,1,2.0,1.0,3,5,8,2,nhl-chi,"{""common_opponents"": 1, ""games_played"": 1, ""head_to_head"": 1, ""home_advantage"": 1, ""last10_form"": 1, ""season_scoring"": 1, ""travel_km"": 1}"
2025020404,NHL,20252026,regular,2025-11-30,2025-11-30,nhl-cgy,nhl-car,final,,,26,24,,,0.25,,,,,1083.2,0.0,5,4,1,0.55,2.5,3.1154,26,5,3,2,0.6,3.5417,2.9167,24,11,15,2.7333,2.8667,11,16,3.4375,3.125,,,,,,,0,1,1,1,nhl-car,"{""common_opponents"": 1, ""games_played"": 1, ""head_to_head"": 1, ""home_advantage"": 1, ""last10_form"": 1, ""season_scoring"": 1, ""travel_km"": 1}"
2025020405,NHL,20252026,regular,2025-11-30,2025-11-30,nhl-ott,nhl-dal,final,,,24,25,,,0.25,,,,,881.0,0.0,6,3,1,0.65,3.25,3.25,24,8,1,1,0.85,3.48,2.8,25,14,16,3.0,2.9375,14,17,3.4118,2.5882,1,2.0,3.0,1,3.0,2.0,1,6,7,5,nhl-dal,"{""common_opponents"": 1, ""games_played"": 1, ""head_to_head"": 1, ""home_advantage"": 1, ""last10_form"": 1, ""season_scoring"": 1, ""travel_km"": 1}"
2025020406,NHL,20252026,regular,2025-12-01,2025-12-01,nhl-cbj,nhl-njd,final,,,25,25,,,0.25,,,,,753.2,0.0,4,2,4,0.6,2.92,3.28,25,5,4,1,0.55,3.2,2.96,25,12,17,3.2941,3.4706,12,14,3.6429,2.7857,1,2.0,3.0,1,3.0,2.0,5,3,8,-2,nhl-cbj,"{""common_opponents"": 1, ""games_played"": 1, ""head_to_head"": 1, ""home_advantage"": 1, ""last10_form"": 1, ""season_scoring"": 1, ""travel_km"": 1}"
2025020407,NHL,20252026,regular,2025-12-01,2025-12-01,nhl-pit,nhl-phi,final,,,24,24,,,0.25,,,,,413.6,125.6,4,3,3,0.55,3.0833,2.9167,24,6,2,2,0.7,3.0417,2.7917,24,9,12,2.8333,3.1667,9,15,3.7333,2.6667,1,2.0,3.0,1,3.0,2.0,5,1,6,-4,nhl-pit,"{""common_opponents"": 1, ""games_played"": 1, ""head_to_head"": 1, ""home_advantage"": 1, ""last10_form"": 1, ""season_scoring"": 1, ""travel_km"": 1}"
2025020408,NHL,20252026,regular,2025-12-01,2025-12-01,nhl-wpg,nhl-buf,final,,,24,25,,,0.25,,,,,1007.6,1160.9,4,6,0,0.4,3.1667,2.9167,24,5,5,0,0.5,3.04,3.44,25,8,12,3.3333,3.0,8,10,3.3,3.6,,,,,,,1,5,6,4,nhl-buf,"{""common_opponents"": 1, ""games_played"": 1, ""head_to_head"": 1, ""home_advantage"": 1, ""last10_form"": 1, ""season_scoring"": 1, ""travel_km"": 1}"
2025020409,NHL,20252026,regular,2025-12-01,2025-12-01,nhl-ana,nhl-stl,final,,,25,26,,,0.25,,,,,420.6,0.0,4,6,0,0.4,3.68,3.32,25,4,2,4,0.6,2.6154,3.5,26,12,15,3.3333,3.2667,12,15,2.6,4.0,,,,,,,4,1,5,-3,nhl-ana,"{""common_opponents"": 1, ""games_played"": 1, ""head_to_head"": 1, ""home_advantage"": 1, ""last10_form"": 1, ""season_scoring"": 1, ""travel_km"": 1}"
2025020410,NHL,20252026,regular,2025-12-01,2025-12-01,nhl-uta,nhl-sjs,final,,,26,26,,,0.25,,,,,2768.2,614.5,3,4,3,0.45,2.9615,2.9615,26,5,5,0,0.5,2.8462,3.2308,26,10,12,2.9167,2.4167,10,13,3.0,3.4615,2,4.0,3.0,2,3.0,4.0,3,6,9,3,nhl-sjs,"{""common_opponents"": 1, ""games_played"": 1, ""head_to_head"": 1, ""home_advantage"": 1, ""last10_form"": 1, ""season_scoring"": 1, ""travel_km"": 1}"
2025020411,NHL,20252026,regular,2025-12-02,2025-12-02,nhl-ott,nhl-mtl,final,,,25,24,,,0.25,,,,,2437.6,2632.2,5,4,1,0.55,3.16,3.36,25,4,5,1,0.45,3.4167,3.625,24,13,18,3.1111,3.1667,13,15,3.4,3.6,1,3.0,4.0,1,4.0,3.0,5,2,7,-3,nhl-ott,"{""common_opponents"": 1, ""games_played"": 1, ""head_to_head"": 1, ""home_advantage"": 1, ""last10_form"": 1, ""season_scoring"": 1, ""travel_km"": 1}"
2025020412,NHL,20252026,regular,2025-12-02,2025-12-02,nhl-bos,nhl-det,final,,,27,26,,,0.25,,,,,984.7,984.7,5,5,0,0.5,3.0741,3.1852,27,4,4,2,0.5,2.9615,3.4231,26,12,17,3.5294,3.2941,12,18,2.5556,3.5,1,3.0,2.0,1,2.0,3.0,4,5,9,1,nhl-det,"{""common_opponents"": 1, ""games_played"": 1, ""head_to_head"": 1, ""home_advantage"": 1, ""last10_form"": 1, ""season_scoring"": 1, ""travel_km"": 1}"
2025020413,NHL,20252026,regular,2025-12-02,2025-12-02,nhl-tor,nhl-fla,final,,,25,24,,,0.25,,,,,1588.3,0.0,3,5,2,0.4,3.4,3.56,25,5,5,0,0.5,3.125,3.2083,24,11,15,3.6,3.8,11,14,2.9286,3.0714,,,,,,,4,1,5,-3,nhl-tor,"{""common_opponents"": 1, ""games_played"": 1, ""head_to_head"": 1, ""home_advantage"": 1, ""last10_form"": 1, ""season_scoring"": 1, ""travel_km"": 1}"
2025020414,NHL,20252026,regular,2025-12-02,2025-12-02,nhl-tbl,nhl-nyi,final,,,25,26,,,0.25,,,,,22.8,0.0,8,2,0,0.8,3.36,2.6,25,5,4,1,0.55,2.9231,2.9615,26,13,19,3.3158,2.5789,13,19,3.2105,2.7368,,,,,,,1,2,3,1,nhl-nyi,"{""common_opponents"": 1, ""games_played"": 1, ""head_to_head"": 1, ""home_advantage"": 1, ""last10_form"": 1, ""season_scoring"": 1, ""travel_km"": 1}"
2025020415,NHL,20252026,regular,2025-12-02,2025-12-02,nhl-dal,nhl-nyr,final,,,26,27,,,0.25,,,,,2208.2,0.0,8,1,1,0.85,3.5769,2.7308,26,5,5,0,0.5,2.6667,2.6296,27,15,19,3.3684,2.5789,15,18,2.3889,2.8333,,,,,,,2,3,5,1,nhl-nyr,"{""common_opponents"": 1, ""games_played"": 1, ""head_to_head"": 1, ""home_advantage"": 1, ""last10_form"": 1, ""season_scoring"": 1, ""travel_km"": 1}"
2025020416,NHL,20252026,regular,2025-12-02,2025-12-02,nhl-cgy,nhl-nsh,final,,,27,25,,,0.25,,,,,725.8,0.0,5,3,2,0.6,2.4074,3.037,27,3,7,0,0.3,2.56,3.68,25,14,18,2.4444,3.0556,14,18,2.5,3.8889,1,2.0,4.0,1,4.0,2.0,1,5,6,4,nhl-nsh,"{""common_opponents"": 1, ""games_played"": 1, ""head_to_head"": 1, ""home_advantage"": 1, ""last10_form"": 1, ""season_scoring"": 1, ""travel_km"": 1}"
2025020417,NHL,20252026,regular,2025-12-02,2025-12-02,nhl-van,nhl-col,final,,,26,25,,,0.25,,,,,1337.0,0.0,2,5,3,0.35,3.0385,3.6538,26,9,0,1,0.95,4.12,2.2,25,13,17,2.8824,3.2353,13,14,4.2143,1.9286,1,4.0,5.0,1,5.0,4.0,1,3,4,2,nhl-col,"{""common_opponents"": 1, ""games_played"": 1, ""head_to_head"": 1, ""home_advantage"": 1, ""last10_form"": 1, ""season_scoring"": 1, ""travel_km"": 1}"
2025020418,NHL,20252026,regular,2025-12-02,2025-12-02,nhl-min,nhl-edm,final,,,26,26,,,0.25,,,,,1753.0,907.0,8,0,2,0.9,2.9615,2.7692,26,5,4,1,0.55,3.1154,3.6538,26,15,16,2.9375,3.0625,15,19,3.0,4.0,,,,,,,1,0,1,-1,nhl-min,"{""common_opponents"": 1, ""games_played"": 1, ""head_to_head"": 1, ""home_advantage"": 1, ""last10_form"": 1, ""season_scoring"": 1, ""travel_km"": 1}"
2025020419,NHL,20252026,regular,2025-12-02,2025-12-02,nhl-chi,nhl-vgk,final,,,25,25,,,0.25,,,,,2450.6,0.0,4,4,2,0.5,3.2,2.92,25,4,2,4,0.6,3.04,3.04,25,14,17,3.2941,2.3529,14,19,2.7368,3.1579,,,,,,,3,4,7,1,nhl-vgk,"{""common_opponents"": 1, ""games_played"": 1, ""head_to_head"": 1, ""home_advantage"": 1, ""last10_form"": 1, ""season_scoring"": 1, ""travel_km"": 1}"
2025020420,NHL,20252026,regular,2025-12-02,2025-12-02,nhl-wsh,nhl-lak,final,,,26,25,,,0.25,,,,,3961.6,0.0,7,2,1,0.75,3.3846,2.6538,26,6,1,3,0.75,2.72,2.8,25,13,13,3.3846,3.1538,13,16,2.4375,2.3125,1,2.0,1.0,1,1.0,2.0,3,1,4,-2,nhl-wsh,"{""common_opponents"": 1, ""games_played"": 1, ""head_to_head"": 1, ""home_advantage"": 1, ""last10_form"": 1, ""season_scoring"": 1, ""travel_km"": 1}"
2025020421,NHL,20252026,regular,2025-12-03,2025-12-03,nhl-dal,nhl-njd,final,,,27,26,,,0.25,,,,,15.1,0.0,7,1,2,0.8,3.5185,2.7407,27,5,5,0,0.5,3.1923,3.0385,26,14,15,3.5333,2.8,14,19,3.0526,3.3684,,,,,,,3,0,3,-3,nhl-dal,"{""common_opponents"": 1, ""games_played"": 1, ""head_to_head"": 1, ""home_advantage"": 1, ""last10_form"": 1, ""season_scoring"": 1, ""travel_km"": 1}"
2025020422,NHL,20252026,regular,2025-12-03,2025-12-03,nhl-wpg,nhl-mtl,final,,,25,25,,,0.25,,,,,513.7,0.0,4,6,0,0.4,3.08,3.0,25,3,6,1,0.35,3.36,3.68,25,12,17,3.3529,2.9412,12,14,3.3571,3.6429,,,,,,,2,3,5,1,nhl-mtl,"{""common_opponents"": 1, ""games_played"": 1, ""head_to_head"": 1, ""home_advantage"": 1, ""last10_form"": 1, ""season_scoring"": 1, ""travel_km"": 1}"
2025020423,NHL,20252026,regular,2025-12-03,2025-12-03,nhl-buf,nhl-phi,final,,,26,25,,,0.25,,,,,452.5,0.0,6,4,0,0.6,3.1154,3.3462,26,6,3,1,0.65,2.96,2.88,25,12,14,3.2143,3.1429,12,18,2.9444,3.0,,,,,,,2,5,7,3,nhl-phi,"{""common_opponents"": 1, ""games_played"": 1, ""head_to_head"": 1, ""home_advantage"": 1, ""last10_form"": 1, ""season_scoring"": 1, ""travel_km"": 1}"
2025020424,NHL,20252026,regular,2025-12-03,2025-12-03,nhl-uta,nhl-ana,final,,,27,26,,,0.25,,,,,534.8,2529.6,2,5,3,0.35,2.963,3.0741,27,5,5,0,0.5,3.6923,3.2308,26,12,17,3.0588,2.9412,12,15,3.7333,3.2667,1,2.0,3.0,1,3.0,2.0,7,0,7,-7,nhl-uta,"{""common_opponents"": 1, ""games_played"": 1, ""head_to_head"": 1, ""home_advantage"": 1, ""last10_form"": 1, ""season_scoring"": 1, ""travel_km"": 1}"
2025020425,NHL,20252026,regular,2025-12-03,2025-12-03,nhl-wsh,nhl-sjs,final,,,27,27,,,0.25,,,,,491.4,0.0,8,1,1,0.85,3.3704,2.5926,27,5,5,0,0.5,2.963,3.2222,27,13,16,2.8125,2.625,13,17,3.0,2.8235,,,,,,,7,1,8,-6,nhl-wsh,"{""common_opponents"": 1, ""games_played"": 1, ""head_to_head"": 1, ""home_advantage"": 1, ""last10_form"": 1, ""season_scoring"": 1, ""travel_km"": 1}"
2025020426,NHL,20252026,regular,2025-12-04,2025-12-04,nhl-stl,nhl-bos,final,,,27,28,,,0.25,,,,,1667.1,984.7,3,3,4,0.5,2.5556,3.5185,27,4,6,0,0.4,3.1071,3.25,28,12,14,2.2143,3.7143,12,20,3.5,3.4,,,,,,,2,5,7,3,nhl-bos,"{""common_opponents"": 1, ""games_played"": 1, ""head_to_head"": 1, ""home_advantage"": 1, ""last10_form"": 1, ""season_scoring"": 1, ""travel_km"": 1}"
2025020427,NHL,20252026,regular,2025-12-04,2025-12-04,nhl-nyr,nhl-ott,final,,,28,26,,,0.25,,,,,529.4,185.4,5,5,0,0.5,2.6786,2.6071,28,5,4,1,0.55,3.2308,3.3077,26,15,17,3.0,2.8824,15,19,3.6842,3.4211,,,,,,,4,2,6,-2,nhl-nyr,"{""common_opponents"": 1, ""games_played"": 1, ""head_to_head"": 1, ""home_advantage"": 1, ""last10_form"": 1, ""season_scoring"": 1, ""travel_km"": 1}"
2025020428,NHL,20252026,regular,2025-12-04,2025-12-04,nhl-pit,nhl-tbl,final,,,25,26,,,0.25,,,,,1488.4,1628.2,4,3,3,0.55,3.16,2.84,25,8,2,0,0.8,3.2692,2.5769,26,10,14,3.3571,2.5714,10,14,3.2143,2.7857,,,,,,,4,3,7,-1,nhl-pit,"{""common_opponents"": 1, ""games_played"": 1, ""head_to_head"": 1, ""home_advantage"": 1, ""last10_form"": 1, ""season_scoring"": 1, ""travel_km"": 1}"
2025020429,NHL,20252026,regular,2025-12-04,2025-12-04,nhl-nsh,nhl-fla,final,,,26,25,,,0.25,,,,,1269.5,0.0,4,6,0,0.4,2.6538,3.5769,26,5,5,0,0.5,3.04,3.24,25,12,17,3.0588,3.3529,12,15,3.0667,3.6667,1,3.0,8.0,1,8.0,3.0,2,1,3,-1,nhl-nsh,"{""common_opponents"": 1, ""games_played"": 1, ""head_to_head"": 1, ""home_advantage"": 1, ""last10_form"": 1, ""season_scoring"": 1, ""travel_km"": 1}"
2025020430,NHL,20252026,regular,2025-12-04,2025-12-04,nhl-col,nhl-nyi,final,,,26,27,,,0.25,,,,,2643.6,0.0,9,0,1,0.95,4.0769,2.1538,26,5,4,1,0.55,2.8889,2.8889,27,12,16,4.125,2.625,12,14,2.9286,2.8571,1,4.0,1.0,1,1.0,4.0,3,6,9,3,nhl-nyi,"{""common_opponents"": 1, ""games_played"": 1, ""head_to_head"": 1, ""home_advantage"": 1, ""last10_form"": 1, ""season_scoring"": 1, ""travel_km"": 1}"
2025020431,NHL,20252026,regular,2025-12-04,2025-12-04,nhl-tor,nhl-car,final,,,26,25,,,0.25,,,,,1083.2,0.0,4,4,2,0.5,3.4231,3.4615,26,5,3,2,0.6,3.44,2.8,25,8,10,3.1,3.7,8,11,2.9091,2.4545,1,4.0,5.0,1,5.0,4.0,5,1,6,-4,nhl-tor,"{""common_opponents"": 1, ""games_played"": 1, ""head_to_head"": 1, ""home_advantage"": 1, ""last10_form"": 1, ""season_scoring"": 1, ""travel_km"": 1}"
2025020432,NHL,20252026,regular,2025-12-04,2025-12-04,nhl-det,nhl-cbj,final,,,27,26,,,0.25,,,,,263.7,753.2,4,4,2,0.5,3.037,3.4444,27,4,2,4,0.6,3.0,3.2692,26,11,17,3.0,3.7059,11,15,3.0667,2.6667,1,4.0,3.0,1,3.0,4.0,5,6,11,1,nhl-cbj,"{""common_opponents"": 1, ""games_played"": 1, ""head_to_head"": 1, ""home_advantage"": 1, ""last10_form"": 1, ""season_scoring"": 1, ""travel_km"": 1}"
2025020433,NHL,20252026,regular,2025-12-04,2025-12-04,nhl-min,nhl-cgy,final,,,27,28,,,0.25,,,,,281.6,2723.2,8,0,2,0.9,2.8889,2.6667,27,5,3,2,0.6,2.3571,3.1071,28,15,18,3.0,2.8889,15,22,2.4091,3.0455,1,2.0,0.0,1,0.0,2.0,1,4,5,3,nhl-cgy,"{""common_opponents"": 1, ""games_played"": 1, ""head_to_head"": 1, ""home_advantage"": 1, ""last10_form"": 1, ""season_scoring"": 1, ""travel_km"": 1}"
2025020434,NHL,20252026,regular,2025-12-04,2025-12-04,nhl-sea,nhl-edm,final,,,24,27,,,0.25,,,,,907.0,0.0,4,4,2,0.5,2.4583,2.75,24,4,5,1,0.45,3.0,3.5556,27,11,14,2.2143,3.0714,11,14,3.1429,3.7857,2,1.5,3.0,2,3.0,1.5,4,9,13,5,nhl-edm,"{""common_opponents"": 1, ""games_played"": 1, ""head_to_head"": 1, ""home_advantage"": 1, ""last10_form"": 1, ""season_scoring"": 1, ""travel_km"": 1}"
2025020435,NHL,20252026,regular,2025-12-04,2025-12-04,nhl-chi,nhl-lak,final,,,26,26,,,0.25,,,,,362.6,0.0,3,4,3,0.45,3.1923,2.9615,26,5,2,3,0.65,2.6538,2.8077,26,15,17,3.4706,3.0,15,17,2.7059,2.8235,1,1.0,3.0,1,3.0,1.0,2,1,3,-1,nhl-chi,"{""common_opponents"": 1, ""games_played"": 1, ""head_to_head"": 1, ""home_advantage"": 1, ""last10_form"": 1, ""season_scoring"": 1, ""travel_km"": 1}"
2025020436,NHL,20252026,regular,2025-12-05,2025-12-05,nhl-vgk,nhl-njd,final,,,26,27,,,0.25,,,,,3576.7,0.0,5,2,3,0.65,3.0769,3.0385,26,4,6,0,0.4,3.0741,3.037,27,13,18,2.8889,3.1667,13,17,3.0,3.1176,,,,,,,3,0,3,-3,nhl-vgk,"{""common_opponents"": 1, ""games_played"": 1, ""head_to_head"": 1, ""home_advantage"": 1, ""last10_form"": 1, ""season_scoring"": 1, ""travel_km"": 1}"
2025020437,NHL,20252026,regular,2025-12-05,2025-12-05,nhl-buf,nhl-wpg,final,,,27,26,,,0.25,,,,,2044.7,1822.3,6,4,0,0.6,3.0741,3.4074,27,3,6,1,0.35,3.0385,3.0,26,10,12,3.0833,3.75,10,14,3.3571,2.9286,1,5.0,1.0,1,1.0,5.0,1,4,5,3,nhl-wpg,"{""common_opponents"": 1, ""games_played"": 1, ""head_to_head"": 1, ""home_advantage"": 1, ""last10_form"": 1, ""season_scoring"": 1, ""travel_km"": 1}"
2025020438,NHL,20252026,regular,2025-12-05,2025-12-05,nhl-sjs,nhl-dal,final,,,28,28,,,0.25,,,,,2331.5,2193.3,5,5,0,0.5,2.8929,3.3571,28,7,1,2,0.8,3.5,2.6429,28,16,23,3.0435,3.4348,16,19,3.3158,2.6842,,,,,,,1,4,5,3,nhl-dal,"{""common_opponents"": 1, ""games_played"": 1, ""head_to_head"": 1, ""home_advantage"": 1, ""last10_form"": 1, ""season_scoring"": 1, ""travel_km"": 1}"
2025020439,NHL,20252026,regular,2025-12-05,2025-12-05,nhl-uta,nhl-van,final,,,28,27,,,0.25,,,,,1773.3,1776.4,3,5,2,0.4,3.1071,2.9643,28,2,6,2,0.3,2.963,3.6296,27,14,20,3.2,3.05,14,21,2.9524,3.4762,,,,,,,4,1,5,-3,nhl-uta,"{""common_opponents"": 1, ""games_played"": 1, ""head_to_head"": 1, ""home_advantage"": 1, ""last10_form"": 1, ""season_scoring"": 1, ""travel_km"": 1}"
2025020440,NHL,20252026,regular,2025-12-05,2025-12-05,nhl-wsh,nhl-ana,final,,,28,27,,,0.25,,,,,534.8,0.0,9,1,0,0.9,3.5,2.5357,28,5,5,0,0.5,3.5556,3.3704,27,15,18,3.1111,2.7222,15,17,3.9412,3.2353,,,,,,,3,4,7,1,nhl-ana,"{""common_opponents"": 1, ""games_played"": 1, ""head_to_head"": 1, ""home_advantage"": 1, ""last10_form"": 1, ""season_scoring"": 1, ""travel_km"": 1}"
2025020441,NHL,20252026,regular,2025-12-06,2025-12-06,nhl-col,nhl-nyr,final,,,27,29,,,0.25,,,,,22.8,529.4,8,1,1,0.85,4.037,2.2963,27,5,5,0,0.5,2.7241,2.5862,29,15,21,3.9524,2.3333,15,18,2.9444,2.6667,1,6.0,3.0,1,3.0,6.0,3,2,5,-1,nhl-col,"{""common_opponents"": 1, ""games_played"": 1, ""head_to_head"": 1, ""home_advantage"": 1, ""last10_form"": 1, ""season_scoring"": 1, ""travel_km"": 1}"
2025020442,NHL,20252026,regular,2025-12-06,2025-12-06,nhl-cbj,nhl-fla,final,,,27,26,,,0.25,,,,,1555.7,0.0,4,2,4,0.6,3.1111,3.3333,27,4,5,1,0.45,2.9615,3.1923,26,12,19,3.2632,3.4737,12,14,2.9286,3.5,,,,,,,6,7,13,1,nhl-fla,"{""common_opponents"": 1, ""games_played"": 1, ""head_to_head"": 1, ""home_advantage"": 1, ""last10_form"": 1, ""season_scoring"": 1, ""travel_km"": 1}"
2025020443,NHL,20252026,regular,2025-12-06,2025-12-06,nhl-njd,nhl-bos,final,,,28,29,,,0.25,,,,,316.0,0.0,3,7,0,0.3,2.9643,3.0357,28,5,5,0,0.5,3.1724,3.2069,29,16,20,3.0,2.95,16,24,3.3333,2.9167,,,,,,,1,4,5,3,nhl-bos,"{""common_opponents"": 1, ""games_played"": 1, ""head_to_head"": 1, ""home_advantage"": 1, ""last10_form"": 1, ""season_scoring"": 1, ""travel_km"": 1}"
2025020444,NHL,20252026,regular,2025-12-06,2025-12-06,nhl-mtl,nhl-tor,final,,,26,27,,,0.25,,,,,504.1,873.6,4,5,1,0.45,3.3462,3.6154,26,5,3,2,0.6,3.4815,3.3704,27,14,16,3.5,3.3125,14,19,3.1579,3.6842,2,3.5,3.5,2,3.5,3.5,2,1,3,-1,nhl-mtl,"{""common_opponents"": 1, ""games_played"": 1, ""head_to_head"": 1, ""home_advantage"": 1, ""last10_form"": 1, ""season_scoring"": 1, ""travel_km"": 1}"
2025020445,NHL,20252026,regular,2025-12-06,2025-12-06,nhl-stl,nhl-ott,final,,,28,27,,,0.25,,,,,508.3,0.0,3,4,3,0.45,2.5357,3.5714,28,5,5,0,0.5,3.1852,3.3333,27,15,18,2.4444,3.3333,15,20,3.2,3.2,1,4.0,3.0,1,3.0,4.0,2,1,3,-1,nhl-stl,"{""common_opponents"": 1, ""games_played"": 1, ""head_to_head"": 1, ""home_advantage"": 1, ""last10_form"": 1, ""season_scoring"": 1, ""travel_km"": 1}"
2025020446,NHL,20252026,regular,2025-12-06,2025-12-06,nhl-nyi,nhl-tbl,final,,,28,27,,,0.25,,,,,1628.2,0.0,5,4,1,0.55,3.0,2.8929,28,7,3,0,0.7,3.2593,2.6296,27,14,21,3.3333,2.8095,14,20,3.3,2.65,1,2.0,1.0,1,1.0,2.0,2,0,2,-2,nhl-nyi,"{""common_opponents"": 1, ""games_played"": 1, ""head_to_head"": 1, ""home_advantage"": 1, ""last10_form"": 1, ""season_scoring"": 1, ""travel_km"": 1}"
2025020447,NHL,20252026,regular,2025-12-06,2025-12-06,nhl-nsh,nhl-car,final,,,27,26,,,0.25,,,,,1083.2,0.0,5,5,0,0.5,2.6296,3.4815,27,5,3,2,0.6,3.3462,2.8846,26,11,16,2.625,3.8125,11,15,3.4,2.7333,,,,,,,3,6,9,3,nhl-car,"{""common_opponents"": 1, ""games_played"": 1, ""head_to_head"": 1, ""home_advantage"": 1, ""last10_form"": 1, ""season_scoring"": 1, ""travel_km"": 1}"
2025020448,NHL,20252026,regular,2025-12-06,2025-12-06,nhl-uta,nhl-cgy,final,,,29,29,,,0.25,,,,,673.7,0.0,4,5,1,0.45,3.1379,2.8966,29,5,3,2,0.6,2.4138,3.0345,29,16,22,3.1364,3.1818,16,24,2.375,3.2917,1,3.0,1.0,1,1.0,3.0,0,2,2,2,nhl-cgy,"{""common_opponents"": 1, ""games_played"": 1, ""head_to_head"": 1, ""home_advantage"": 1, ""last10_form"": 1, ""season_scoring"": 1, ""travel_km"": 1}"
2025020449,NHL,20252026,regular,2025-12-06,2025-12-06,nhl-chi,nhl-lak,final,,,27,27,,,0.25,,,,,0.0,0.0,4,4,2,0.5,3.1481,2.8889,27,4,3,3,0.55,2.5926,2.7778,27,15,17,3.4706,3.0,15,17,2.7059,2.8235,2,1.5,2.0,2,2.0,1.5,0,6,6,6,nhl-lak,"{""common_opponents"": 1, ""games_played"": 1, ""head_to_head"": 1, ""home_advantage"": 1, ""last10_form"": 1, ""season_scoring"": 1, ""travel_km"": 1}"
2025020450,NHL,20252026,regular,2025-12-06,2025-12-06,nhl-wpg,nhl-edm,final,,,27,28,,,0.25,,,,,1194.3,0.0,4,5,1,0.45,3.0741,2.9259,27,4,5,1,0.45,3.2143,3.5714,28,14,20,3.2,3.15,14,19,3.5263,3.5789,,,,,,,2,6,8,4,nhl-edm,"{""common_opponents"": 1, ""games_played"": 1, ""head_to_head"": 1, ""home_advantage"": 1, ""last10_form"": 1, ""season_scoring"": 1, ""travel_km"": 1}"
2025020451,NHL,20252026,regular,2025-12-06,2025-12-06,nhl-min,nhl-van,final,,,28,28,,,0.25,,,,,673.7,0.0,8,1,1,0.85,2.8214,2.7143,28,2,6,2,0.3,2.8929,3.6429,28,17,22,2.8182,2.7727,17,24,2.7083,3.4583,1,5.0,2.0,1,2.0,5.0,2,4,6,2,nhl-van,"{""common_opponents"": 1, ""games_played"": 1, ""head_to_head"": 1, ""home_advantage"": 1, ""last10_form"": 1, ""season_scoring"": 1, ""travel_km"": 1}"
2025020452,NHL,20252026,regular,2025-12-06,2025-12-06,nhl-det,nhl-sea,final,,,28,25,,,0.25,,,,,3232.9,907.0,4,4,2,0.5,3.1071,3.5357,28,4,4,2,0.5,2.52,3.0,25,11,17,3.0,3.5294,11,16,2.5625,3.0,1,4.0,2.0,1,2.0,4.0,4,3,7,-1,nhl-det,"{""common_opponents"": 1, ""games_played"": 1, ""head_to_head"": 1, ""home_advantage"": 1, ""last10_form"": 1, ""season_scoring"": 1, ""travel_km"": 1}"
2025020453,NHL,20252026,regular,2025-12-07,2025-12-07,nhl-col,nhl-phi,final,,,28,26,,,0.25,,,,,137.5,0.0,8,1,1,0.85,4.0,2.2857,28,7,3,0,0.7,3.0385,2.8462,26,10,13,4.5385,2.8462,10,13,3.3077,2.6923,,,,,,,3,2,5,-1,nhl-col,"{""common_opponents"": 1, ""games_played"": 1, ""head_to_head"": 1, ""home_advantage"": 1, ""last10_form"": 1, ""season_scoring"": 1, ""travel_km"": 1}"
2025020454,NHL,20252026,regular,2025-12-07,2025-12-07,nhl-nyi,nhl-fla,final,,,29,27,,,0.25,,,,,289.3,0.0,6,3,1,0.65,2.9655,2.7931,29,4,5,1,0.45,3.1111,3.2963,27,13,20,3.15,2.7,13,17,2.9412,3.1176,,,,,,,1,4,5,3,nhl-fla,"{""common_opponents"": 1, ""games_played"": 1, ""head_to_head"": 1, ""home_advantage"": 1, ""last10_form"": 1, ""season_scoring"": 1, ""travel_km"": 1}"
2025020455,NHL,20252026,regular,2025-12-07,2025-12-07,nhl-sjs,nhl-car,final,,,29,27,,,0.25,,,,,1692.4,0.0,5,5,0,0.5,2.8276,3.3793,29,5,3,2,0.6,3.4444,2.8889,27,14,19,2.8947,3.5263,14,19,3.2632,2.6842,1,1.0,5.0,1,5.0,1.0,4,1,5,-3,nhl-sjs,"{""common_opponents"": 1, ""games_played"": 1, ""head_to_head"": 1, ""home_advantage"": 1, ""last10_form"": 1, ""season_scoring"": 1, ""travel_km"": 1}"
2025020456,NHL,20252026,regular,2025-12-07,2025-12-07,nhl-pit,nhl-dal,final,,,26,29,,,0.25,,,,,1477.6,0.0,5,3,2,0.6,3.1923,2.8462,26,7,1,2,0.8,3.5172,2.5862,29,17,23,3.2174,2.6522,17,20,3.0,2.7,,,,,,,2,3,5,1,nhl-dal,"{""common_opponents"": 1, ""games_played"": 1, ""head_to_head"": 1, ""home_advantage"": 1, ""last10_form"": 1, ""season_scoring"": 1, ""travel_km"": 1}"
2025020457,NHL,20252026,regular,2025-12-07,2025-12-07,nhl-stl,nhl-mtl,final,,,29,27,,,0.25,,,,,185.4,504.1,4,3,3,0.55,2.5172,3.4828,29,5,4,1,0.55,3.2963,3.5185,27,19,25,2.68,3.4,19,24,3.375,3.5,,,,,,,4,3,7,-1,nhl-stl,"{""common_opponents"": 1, ""games_played"": 1, ""head_to_head"": 1, ""home_advantage"": 1, ""last10_form"": 1, ""season_scoring"": 1, ""travel_km"": 1}"
2025020458,NHL,20252026,regular,2025-12-07,2025-12-07,nhl-vgk,nhl-nyr,final,,,27,30,,,0.25,,,,,15.1,0.0,5,2,3,0.65,3.0741,2.9259,27,5,4,1,0.55,2.7,2.6,30,14,19,3.1579,2.8421,14,18,2.8333,3.1667,1,3.0,2.0,1,2.0,3.0,3,2,5,-1,nhl-vgk,"{""common_opponents"": 1, ""games_played"": 1, ""head_to_head"": 1, ""home_advantage"": 1, ""last10_form"": 1, ""season_scoring"": 1, ""travel_km"": 1}"
2025020459,NHL,20252026,regular,2025-12-07,2025-12-07,nhl-cbj,nhl-wsh,final,,,28,29,,,0.25,,,,,1449.8,3671.4,4,2,4,0.6,3.2143,3.4643,28,8,1,1,0.85,3.4828,2.5862,29,16,21,3.619,3.1905,16,20,3.5,2.75,2,1.0,5.0,2,5.0,1.0,0,2,2,2,nhl-wsh,"{""common_opponents"": 1, ""games_played"": 1, ""head_to_head"": 1, ""home_advantage"": 1, ""last10_form"": 1, ""season_scoring"": 1, ""travel_km"": 1}"
2025020460,NHL,20252026,regular,2025-12-07,2025-12-07,nhl-chi,nhl-ana,final,,,28,28,,,0.25,,,,,44.5,0.0,3,5,2,0.4,3.0357,3.0,28,6,4,0,0.6,3.5714,3.3571,28,16,20,2.95,3.05,16,21,3.4762,3.1429,2,3.5,2.0,2,2.0,3.5,1,7,8,6,nhl-ana,"{""common_opponents"": 1, ""games_played"": 1, ""head_to_head"": 1, ""home_advantage"": 1, ""last10_form"": 1, ""season_scoring"": 1, ""travel_km"": 1}"
2025020461,NHL,20252026,regular,2025-12-08,2025-12-08,nhl-tbl,nhl-tor,final,,,28,28,,,0.25,,,,,1767.4,0.0,7,3,0,0.7,3.1429,2.6071,28,5,3,2,0.6,3.3929,3.3214,28,13,18,3.5,2.5556,13,18,3.4444,3.3333,,,,,,,0,2,2,2,nhl-tor,"{""common_opponents"": 1, ""games_played"": 1, ""head_to_head"": 1, ""home_advantage"": 1, ""last10_form"": 1, ""season_scoring"": 1, ""travel_km"": 1}"
2025020462,NHL,20252026,regular,2025-12-08,2025-12-08,nhl-lak,nhl-uta,final,,,28,30,,,0.25,,,,,935.0,1153.8,4,3,3,0.55,2.7143,2.6786,28,4,6,0,0.4,3.0333,2.8667,30,15,20,3.0,2.35,15,22,3.2273,2.9545,,,,,,,4,2,6,-2,nhl-lak,"{""common_opponents"": 1, ""games_played"": 1, ""head_to_head"": 1, ""home_advantage"": 1, ""last10_form"": 1, ""season_scoring"": 1, ""travel_km"": 1}"
2025020463,NHL,20252026,regular,2025-12-08,2025-12-08,nhl-buf,nhl-cgy,final,,,28,30,,,0.25,,,,,1200.9,0.0,5,5,0,0.5,3.0,3.4286,28,6,3,1,0.65,2.4,2.9333,30,14,18,3.2778,3.1111,14,20,2.4,2.65,1,2.0,6.0,1,6.0,2.0,4,7,11,3,nhl-cgy,"{""common_opponents"": 1, ""games_played"": 1, ""head_to_head"": 1, ""home_advantage"": 1, ""last10_form"": 1, ""season_scoring"": 1, ""travel_km"": 1}"
2025020464,NHL,20252026,regular,2025-12-08,2025-12-08,nhl-det,nhl-van,final,,,29,29,,,0.25,,,,,192.3,0.0,4,4,2,0.5,3.1379,3.5172,29,3,6,1,0.35,2.931,3.5862,29,12,17,3.2941,3.4706,12,16,3.0,3.4375,,,,,,,4,0,4,-4,nhl-det,"{""common_opponents"": 1, ""games_played"": 1, ""head_to_head"": 1, ""home_advantage"": 1, ""last10_form"": 1, ""season_scoring"": 1, ""travel_km"": 1}"
2025020465,NHL,20252026,regular,2025-12-08,2025-12-08,nhl-min,nhl-sea,final,,,29,26,,,0.25,,,,,192.3,0.0,7,2,1,0.75,2.7931,2.7586,29,4,5,1,0.45,2.5385,3.0385,26,14,17,2.8824,2.5294,14,20,2.35,2.75,,,,,,,4,1,5,-3,nhl-min,"{""common_opponents"": 1, ""games_played"": 1, ""head_to_head"": 1, ""home_advantage"": 1, ""last10_form"": 1, ""season_scoring"": 1, ""travel_km"": 1}"
2025020466,NHL,20252026,regular,2025-12-09,2025-12-09,nhl-tbl,nhl-mtl,final,,,29,28,,,0.25,,,,,504.1,0.0,6,4,0,0.6,3.0345,2.5862,29,5,4,1,0.55,3.2857,3.5357,28,18,24,3.2083,2.625,18,22,3.2727,3.5909,,,,,,,6,1,7,-5,nhl-tbl,"{""common_opponents"": 1, ""games_played"": 1, ""head_to_head"": 1, ""home_advantage"": 1, ""last10_form"": 1, ""season_scoring"": 1, ""travel_km"": 1}"
2025020467,NHL,20252026,regular,2025-12-09,2025-12-09,nhl-njd,nhl-ott,final,,,29,28,,,0.25,,,,,508.3,0.0,3,7,0,0.3,2.8966,3.069,29,4,6,0,0.4,3.1071,3.2857,28,16,20,2.6,2.9,16,23,3.1304,3.3043,,,,,,,4,3,7,-1,nhl-njd,"{""common_opponents"": 1, ""games_played"": 1, ""head_to_head"": 1, ""home_advantage"": 1, ""last10_form"": 1, ""season_scoring"": 1, ""travel_km"": 1}"
2025020468,NHL,20252026,regular,2025-12-09,2025-12-09,nhl-vgk,nhl-nyi,final,,,28,30,,,0.25,,,,,22.8,1728.9,6,2,2,0.7,3.0714,2.8929,28,5,4,1,0.55,2.9,2.8333,30,14,20,2.85,2.65,14,19,2.9474,2.6316,1,3.0,4.0,1,4.0,3.0,4,5,9,1,nhl-nyi,"{""common_opponents"": 1, ""games_played"": 1, ""head_to_head"": 1, ""home_advantage"": 1, ""last10_form"": 1, ""season_scoring"": 1, ""travel_km"": 1}"
2025020469,NHL,20252026,regular,2025-12-09,2025-12-09,nhl-sjs,nhl-phi,final,,,30,27,,,0.25,,,,,551.9,0.0,5,5,0,0.5,2.8667,3.3,30,6,4,0,0.6,3.0,2.8519,27,12,17,2.3529,2.8235,12,18,2.8889,2.8889,,,,,,,1,4,5,3,nhl-phi,"{""common_opponents"": 1, ""games_played"": 1, ""head_to_head"": 1, ""home_advantage"": 1, ""last10_form"": 1, ""season_scoring"": 1, ""travel_km"": 1}"
2025020470,NHL,20252026,regular,2025-12-09,2025-12-09,nhl-ana,nhl-pit,final,,,29,27,,,0.25,,,,,3411.7,1721.2,6,4,0,0.6,3.6897,3.2759,29,5,2,3,0.65,3.1481,2.8519,27,13,14,4.1429,3.0,13,16,3.125,2.4375,1,4.0,3.0,1,3.0,4.0,4,3,7,-1,nhl-ana,"{""common_opponents"": 1, ""games_played"": 1, ""head_to_head"": 1, ""home_advantage"": 1, ""last10_form"": 1, ""season_scoring"": 1, ""travel_km"": 1}"
2025020471,NHL,20252026,regular,2025-12-09,2025-12-09,nhl-cbj,nhl-car,final,,,29,28,,,0.25,,,,,375.5,0.0,3,3,4,0.5,3.1034,3.4138,29,5,4,1,0.55,3.3571,2.9286,28,14,20,2.75,3.35,14,19,3.5789,3.0,,,,,,,1,4,5,3,nhl-car,"{""common_opponents"": 1, ""games_played"": 1, ""head_to_head"": 1, ""home_advantage"": 1, ""last10_form"": 1, ""season_scoring"": 1, ""travel_km"": 1}"
2025020472,NHL,20252026,regular,2025-12-09,2025-12-09,nhl-bos,nhl-stl,final,,,30,30,,,0.25,,,,,1667.1,1566.9,5,5,0,0.5,3.2,3.1333,30,5,3,2,0.6,2.5667,3.4667,30,14,22,3.5,3.2273,14,17,2.2941,3.4706,1,5.0,2.0,1,2.0,5.0,5,2,7,-3,nhl-bos,"{""common_opponents"": 1, ""games_played"": 1, ""head_to_head"": 1, ""home_advantage"": 1, ""last10_form"": 1, ""season_scoring"": 1, ""travel_km"": 1}"
2025020473,NHL,20252026,regular,2025-12-09,2025-12-09,nhl-dal,nhl-wpg,final,,,30,28,,,0.25,,,,,1901.9,1194.3,8,0,2,0.9,3.5,2.5667,30,3,6,1,0.35,3.0357,3.0357,28,17,21,3.619,2.5714,17,24,2.9167,2.9583,1,5.0,4.0,1,4.0,5.0,4,3,7,-1,nhl-dal,"{""common_opponents"": 1, ""games_played"": 1, ""head_to_head"": 1, ""home_advantage"": 1, ""last10_form"": 1, ""season_scoring"": 1, ""travel_km"": 1}"
2025020474,NHL,20252026,regular,2025-12-09,2025-12-09,nhl-buf,nhl-edm,final,,,29,29,,,0.25,,,,,281.6,0.0,4,6,0,0.4,3.0345,3.5517,29,5,4,1,0.55,3.3103,3.5172,29,17,23,3.0,3.6522,17,19,3.4211,3.5263,1,5.0,1.0,1,1.0,5.0,4,3,7,-1,nhl-buf,"{""common_opponents"": 1, ""games_played"": 1, ""head_to_head"": 1, ""home_advantage"": 1, ""last10_form"": 1, ""season_scoring"": 1, ""travel_km"": 1}"
2025020475,NHL,20252026,regular,2025-12-09,2025-12-09,nhl-col,nhl-nsh,final,,,29,28,,,0.25,,,,,1097.3,725.8,8,1,1,0.85,3.9655,2.2759,29,5,5,0,0.5,2.6429,3.5714,28,13,16,3.625,2.3125,13,16,2.5625,3.75,1,3.0,0.0,1,0.0,3.0,3,4,7,1,nhl-nsh,"{""common_opponents"": 1, ""games_played"": 1, ""head_to_head"": 1, ""home_advantage"": 1, ""last10_form"": 1, ""season_scoring"": 1, ""travel_km"": 1}"
2025020476,NHL,20252026,regular,2025-12-10,2025-12-10,nhl-nyr,nhl-chi,final,,,31,29,,,0.25,,,,,1148.2,2782.8,5,3,2,0.6,2.6774,2.6129,31,2,6,2,0.3,2.9655,3.1379,29,17,22,2.8636,2.5909,17,20,3.35,2.85,,,,,,,0,3,3,3,nhl-chi,"{""common_opponents"": 1, ""games_played"": 1, ""head_to_head"": 1, ""home_advantage"": 1, ""last10_form"": 1, ""season_scoring"": 1, ""travel_km"": 1}"
2025020477,NHL,20252026,regular,2025-12-10,2025-12-10,nhl-det,nhl-cgy,final,,,30,31,,,0.25,,,,,673.7,0.0,4,4,2,0.5,3.1667,3.4,30,7,2,1,0.75,2.5484,2.9677,31,14,20,3.15,3.15,14,20,2.85,3.35,,,,,,,4,3,7,-1,nhl-det,"{""common_opponents"": 1, ""games_played"": 1, ""head_to_head"": 1, ""home_advantage"": 1, ""last10_form"": 1, ""season_scoring"": 1, ""travel_km"": 1}"
2025020478,NHL,20252026,regular,2025-12-10,2025-12-10,nhl-fla,nhl-uta,final,,,28,31,,,0.25,,,,,3323.1,0.0,5,4,1,0.55,3.1429,3.2143,28,4,6,0,0.4,3.0,2.9032,31,16,19,3.3158,3.1053,16,22,2.9091,2.9091,,,,,,,4,3,7,-1,nhl-fla,"{""common_opponents"": 1, ""games_played"": 1, ""head_to_head"": 1, ""home_advantage"": 1, ""last10_form"": 1, ""season_scoring"": 1, ""travel_km"": 1}"
2025020479,NHL,20252026,regular,2025-12-10,2025-12-10,nhl-lak,nhl-sea,final,,,29,27,,,0.25,,,,,1127.5,0.0,4,3,3,0.55,2.7586,2.6552,29,3,6,1,0.35,2.4815,3.0741,27,14,21,2.9524,2.381,14,20,2.75,2.85,,,,,,,2,3,5,1,nhl-sea,"{""common_opponents"": 1, ""games_played"": 1, ""head_to_head"": 1, ""home_advantage"": 1, ""last10_form"": 1, ""season_scoring"": 1, ""travel_km"": 1}"
2025020480,NHL,20252026,regular,2025-12-11,2025-12-11,nhl-sjs,nhl-tor,final,,,31,29,,,0.25,,,,,542.9,0.0,4,6,0,0.4,2.8065,3.3226,31,6,2,2,0.7,3.3448,3.2069,29,13,19,2.7895,3.1579,13,17,3.5882,3.3529,,,,,,,3,2,5,-1,nhl-sjs,"{""common_opponents"": 1, ""games_played"": 1, ""head_to_head"": 1, ""home_advantage"": 1, ""last10_form"": 1, ""season_scoring"": 1, ""travel_km"": 1}"
2025020481,NHL,20252026,regular,2025-12-11,2025-12-11,nhl-tbl,nhl-njd,final,,,30,30,,,0.25,,,,,531.8,527.1,6,4,0,0.6,3.1333,2.5333,30,4,6,0,0.4,2.9333,3.0667,30,17,22,2.8636,2.3182,17,21,2.7619,3.2381,2,4.0,3.0,2,3.0,4.0,8,4,12,-4,nhl-tbl,"{""common_opponents"": 1, ""games_played"": 1, ""head_to_head"": 1, ""home_advantage"": 1, ""last10_form"": 1, ""season_scoring"": 1, ""travel_km"": 1}"
2025020482,NHL,20252026,regular,2025-12-11,2025-12-11,nhl-ana,nhl-nyi,final,,,30,31,,,0.25,,,,,529.7,0.0,6,4,0,0.6,3.7,3.2667,30,5,4,1,0.55,2.9677,2.871,31,18,24,3.5833,3.2917,18,26,2.8462,2.9615,,,,,,,2,5,7,3,nhl-nyi,"{""common_opponents"": 1, ""games_played"": 1, ""head_to_head"": 1, ""home_advantage"": 1, ""last10_form"": 1, ""season_scoring"": 1, ""travel_km"": 1}"
2025020483,NHL,20252026,regular,2025-12-11,2025-12-11,nhl-vgk,nhl-phi,final,,,29,28,,,0.25,,,,,152.1,0.0,5,2,3,0.65,3.1034,2.9655,29,7,3,0,0.7,3.0357,2.7857,28,13,19,3.0,2.8421,13,19,3.3158,2.6316,,,,,,,3,2,5,-1,nhl-vgk,"{""common_opponents"": 1, ""games_played"": 1, ""head_to_head"": 1, ""home_advantage"": 1, ""last10_form"": 1, ""season_scoring"": 1, ""travel_km"": 1}"
2025020484,NHL,20252026,regular,2025-12-11,2025-12-11,nhl-mtl,nhl-pit,final,,,29,28,,,0.25,,,,,767.0,0.0,5,5,0,0.5,3.2069,3.6207,29,5,2,3,0.65,3.1429,2.8929,28,15,18,3.0,3.9444,15,21,3.1429,2.9048,,,,,,,4,2,6,-2,nhl-mtl,"{""common_opponents"": 1, ""games_played"": 1, ""head_to_head"": 1, ""home_advantage"": 1, ""last10_form"": 1, ""season_scoring"": 1, ""travel_km"": 1}"
2025020485,NHL,20252026,regular,2025-12-11,2025-12-11,nhl-car,nhl-wsh,final,,,29,30,,,0.25,,,,,375.5,0.0,5,4,1,0.55,3.3793,2.8621,29,8,1,1,0.85,3.4333,2.5,30,15,22,3.5,2.6818,15,20,3.3,2.0,1,1.0,4.0,1,4.0,1.0,3,2,5,-1,nhl-car,"{""common_opponents"": 1, ""games_played"": 1, ""head_to_head"": 1, ""home_advantage"": 1, ""last10_form"": 1, ""season_scoring"": 1, ""travel_km"": 1}"
2025020486,NHL,20252026,regular,2025-12-11,2025-12-11,nhl-ott,nhl-cbj,final,,,29,30,,,0.25,,,,,827.8,596.5,4,6,0,0.4,3.1034,3.3103,29,3,3,4,0.5,3.0333,3.4333,30,14,17,3.1176,3.8824,14,18,2.7778,3.2222,,,,,,,6,3,9,-3,nhl-ott,"{""common_opponents"": 1, ""games_played"": 1, ""head_to_head"": 1, ""home_advantage"": 1, ""last10_form"": 1, ""season_scoring"": 1, ""travel_km"": 1}"
2025020487,NHL,20252026,regular,2025-12-11,2025-12-11,nhl-stl,nhl-nsh,final,,,31,29,,,0.25,,,,,408.3,0.0,5,4,1,0.55,2.5484,3.5161,31,5,5,0,0.5,2.6897,3.5517,29,16,22,2.7273,3.5909,16,21,2.9048,3.2381,,,,,,,2,7,9,5,nhl-nsh,"{""common_opponents"": 1, ""games_played"": 1, ""head_to_head"": 1, ""home_advantage"": 1, ""last10_form"": 1, ""season_scoring"": 1, ""travel_km"": 1}"
2025020488,NHL,20252026,regular,2025-12-11,2025-12-11,nhl-dal,nhl-min,final,,,31,30,,,0.25,,,,,628.4,2253.9,8,0,2,0.9,3.5161,2.5806,31,7,2,1,0.75,2.8333,2.7,30,20,25,3.36,2.76,20,26,2.8462,2.6154,1,5.0,2.0,1,2.0,5.0,2,5,7,3,nhl-min,"{""common_opponents"": 1, ""games_played"": 1, ""head_to_head"": 1, ""home_advantage"": 1, ""last10_form"": 1, ""season_scoring"": 1, ""travel_km"": 1}"
2025020489,NHL,20252026,regular,2025-12-11,2025-12-11,nhl-bos,nhl-wpg,final,,,31,29,,,0.25,,,,,1367.8,0.0,6,4,0,0.6,3.2581,3.0968,31,2,7,1,0.25,3.0345,3.069,29,10,15,3.0,2.5333,10,13,2.4615,3.1538,,,,,,,6,3,9,-3,nhl-bos,"{""common_opponents"": 1, ""games_played"": 1, ""head_to_head"": 1, ""home_advantage"": 1, ""last10_form"": 1, ""season_scoring"": 1, ""travel_km"": 1}"
2025020490,NHL,20252026,regular,2025-12-11,2025-12-11,nhl-fla,nhl-col,final,,,29,30,,,0.25,,,,,595.7,1644.2,5,4,1,0.55,3.1724,3.2069,29,7,1,2,0.8,3.9333,2.3333,30,17,23,3.1304,3.0435,17,25,3.84,2.2,,,,,,,2,6,8,4,nhl-col,"{""common_opponents"": 1, ""games_played"": 1, ""head_to_head"": 1, ""home_advantage"": 1, ""last10_form"": 1, ""season_scoring"": 1, ""travel_km"": 1}"
2025020491,NHL,20252026,regular,2025-12-11,2025-12-11,nhl-det,nhl-edm,final,,,31,30,,,0.25,,,,,281.6,0.0,5,3,2,0.6,3.1935,3.3871,31,4,4,2,0.5,3.3,3.5333,30,13,20,3.05,3.55,13,19,3.4211,3.2632,1,4.0,2.0,1,2.0,4.0,1,4,5,3,nhl-edm,"{""common_opponents"": 1, ""games_played"": 1, ""head_to_head"": 1, ""home_advantage"": 1, ""last10_form"": 1, ""season_scoring"": 1, ""travel_km"": 1}"
2025020492,NHL,20252026,regular,2025-12-11,2025-12-11,nhl-buf,nhl-van,final,,,30,30,,,0.25,,,,,817.2,0.0,5,5,0,0.5,3.0667,3.5333,30,2,7,1,0.25,2.8333,3.6,30,16,23,3.0435,3.3913,16,22,2.6364,3.8182,,,,,,,3,2,5,-1,nhl-buf,"{""common_opponents"": 1, ""games_played"": 1, ""head_to_head"": 1, ""home_advantage"": 1, ""last10_form"": 1, ""season_scoring"": 1, ""travel_km"": 1}"
2025020493,NHL,20252026,regular,2025-12-12,2025-12-12,nhl-chi,nhl-stl,final,,,30,32,,,0.25,,,,,420.6,408.3,3,5,2,0.4,2.9667,3.0333,30,4,5,1,0.45,2.5312,3.625,32,18,25,2.92,3.04,18,24,2.5,3.4167,1,8.0,3.0,1,3.0,8.0,2,3,5,1,nhl-stl,"{""common_opponents"": 1, ""games_played"": 1, ""head_to_head"": 1, ""home_advantage"": 1, ""last10_form"": 1, ""season_scoring"": 1, ""travel_km"": 1}"
2025020494,NHL,20252026,regular,2025-12-12,2025-12-12,nhl-sea,nhl-uta,final,,,28,32,,,0.25,,,,,1127.5,0.0,3,6,1,0.35,2.5,3.0357,28,3,7,0,0.3,3.0,2.9375,32,15,22,2.6364,2.9091,15,21,3.1429,3.3333,,,,,,,3,5,8,2,nhl-uta,"{""common_opponents"": 1, ""games_played"": 1, ""head_to_head"": 1, ""home_advantage"": 1, ""last10_form"": 1, ""season_scoring"": 1, ""travel_km"": 1}"
2025020495,NHL,20252026,regular,2025-12-13,2025-12-13,nhl-ana,nhl-njd,final,,,31,31,,,0.25,,,,,37.5,0.0,6,4,0,0.6,3.6452,3.3226,31,4,6,0,0.4,2.9677,3.2258,31,17,24,3.8333,3.4167,17,22,2.7273,3.1818,1,4.0,1.0,1,1.0,4.0,1,4,5,3,nhl-njd,"{""common_opponents"": 1, ""games_played"": 1, ""head_to_head"": 1, ""home_advantage"": 1, ""last10_form"": 1, ""season_scoring"": 1, ""travel_km"": 1}"
2025020496,NHL,20252026,regular,2025-12-13,2025-12-13,nhl-ott,nhl-min,final,,,30,31,,,0.25,,,,,994.8,0.0,4,6,0,0.4,3.2,3.3,30,7,2,1,0.75,2.9032,2.6774,31,19,23,2.913,3.2609,19,22,2.7727,2.7273,,,,,,,2,3,5,1,nhl-min,"{""common_opponents"": 1, ""games_played"": 1, ""head_to_head"": 1, ""home_advantage"": 1, ""last10_form"": 1, ""season_scoring"": 1, ""travel_km"": 1}"
2025020497,NHL,20252026,regular,2025-12-13,2025-12-13,nhl-sjs,nhl-pit,final,,,32,29,,,0.25,,,,,359.8,0.0,5,5,0,0.5,2.8125,3.2812,32,4,3,3,0.55,3.1034,2.931,29,14,18,3.1667,3.3333,14,20,2.9,3.15,1,0.0,3.0,1,3.0,0.0,6,5,11,-1,nhl-sjs,"{""common_opponents"": 1, ""games_played"": 1, ""head_to_head"": 1, ""home_advantage"": 1, ""last10_form"": 1, ""season_scoring"": 1, ""travel_km"": 1}"
2025020498,NHL,20252026,regular,2025-12-13,2025-12-13,nhl-tbl,nhl-nyi,final,,,31,32,,,0.25,,,,,37.5,0.0,6,4,0,0.6,3.2903,2.5806,31,6,3,1,0.65,3.0312,2.8438,32,16,23,3.5217,2.6522,16,24,3.375,2.875,2,0.5,2.0,2,2.0,0.5,2,3,5,1,nhl-nyi,"{""common_opponents"": 1, ""games_played"": 1, ""head_to_head"": 1, ""home_advantage"": 1, ""last10_form"": 1, ""season_scoring"": 1, ""travel_km"": 1}"
2025020499,NHL,20252026,regular,2025-12-13,2025-12-13,nhl-edm,nhl-tor,final,,,31,30,,,0.25,,,,,2706.9,0.0,5,3,2,0.6,3.3226,3.4516,31,5,2,3,0.65,3.3,3.2,30,16,22,3.5909,3.2727,16,23,3.0435,3.0435,,,,,,,6,3,9,-3,nhl-edm,"{""common_opponents"": 1, ""games_played"": 1, ""head_to_head"": 1, ""home_advantage"": 1, ""last10_form"": 1, ""season_scoring"": 1, ""travel_km"": 1}"
2025020500,NHL,20252026,regular,2025-12-13,2025-12-13,nhl-mtl,nhl-nyr,final,,,30,32,,,0.25,,,,,507.4,1148.2,6,4,0,0.6,3.2333,3.5667,30,5,3,2,0.6,2.5938,2.625,32,20,25,3.32,3.48,20,26,2.6538,2.3846,1,3.0,4.0,1,4.0,3.0,4,5,9,1,nhl-nyr,"{""common_opponents"": 1, ""games_played"": 1, ""head_to_head"": 1, ""home_advantage"": 1, ""last10_form"": 1, ""season_scoring"": 1, ""travel_km"": 1}"
2025020501,NHL,20252026,regular,2025-12-13,2025-12-13,nhl-car,nhl-phi,final,,,30,29,,,0.25,,,,,194.1,0.0,6,4,0,0.6,3.3667,2.8333,30,6,3,1,0.65,3.0,2.7931,29,13,19,3.5789,3.2105,13,16,3.0,2.6875,1,4.0,3.0,1,3.0,4.0,4,3,7,-1,nhl-car,"{""common_opponents"": 1, ""games_played"": 1, ""head_to_head"": 1, ""home_advantage"": 1, ""last10_form"": 1, ""season_scoring"": 1, ""travel_km"": 1}"
2025020502,NHL,20252026,regular,2025-12-13,2025-12-13,nhl-vgk,nhl-cbj,final,,,30,31,,,0.25,,,,,667.8,0.0,5,2,3,0.65,3.1,2.9333,30,2,4,4,0.4,3.0323,3.5161,31,14,20,2.8,2.6,14,16,3.125,3.625,,,,,,,3,2,5,-1,nhl-vgk,"{""common_opponents"": 1, ""games_played"": 1, ""head_to_head"": 1, ""home_advantage"": 1, ""last10_form"": 1, ""season_scoring"": 1, ""travel_km"": 1}"
2025020503,NHL,20252026,regular,2025-12-13,2025-12-13,nhl-wsh,nhl-wpg,final,,,31,30,,,0.25,,,,,2001.8,0.0,7,1,2,0.8,3.3871,2.5161,31,2,7,1,0.25,3.0333,3.1667,30,15,21,3.619,2.1905,15,21,2.619,3.4762,1,4.0,3.0,1,3.0,4.0,1,5,6,4,nhl-wpg,"{""common_opponents"": 1, ""games_played"": 1, ""head_to_head"": 1, ""home_advantage"": 1, ""last10_form"": 1, ""season_scoring"": 1, ""travel_km"": 1}"
2025020504,NHL,20252026,regular,2025-12-13,2025-12-13,nhl-det,nhl-chi,final,,,32,31,,,0.25,,,,,2306.7,420.6,4,4,2,0.5,3.125,3.4062,32,3,5,2,0.4,2.9355,3.0323,31,17,26,3.2692,3.1154,17,25,2.8,3.12,1,1.0,5.0,1,5.0,1.0,4,0,4,-4,nhl-det,"{""common_opponents"": 1, ""games_played"": 1, ""head_to_head"": 1, ""home_advantage"": 1, ""last10_form"": 1, ""season_scoring"": 1, ""travel_km"": 1}"
2025020505,NHL,20252026,regular,2025-12-13,2025-12-13,nhl-fla,nhl-dal,final,,,30,32,,,0.25,,,,,1066.1,1388.7,4,5,1,0.45,3.1333,3.3,30,8,1,1,0.85,3.4688,2.6562,32,17,22,3.4091,3.5455,17,21,3.5238,2.6667,1,4.0,3.0,1,3.0,4.0,4,0,4,-4,nhl-fla,"{""common_opponents"": 1, ""games_played"": 1, ""head_to_head"": 1, ""home_advantage"": 1, ""last10_form"": 1, ""season_scoring"": 1, ""travel_km"": 1}"
2025020506,NHL,20252026,regular,2025-12-13,2025-12-13,nhl-nsh,nhl-col,final,,,30,31,,,0.25,,,,,1644.2,0.0,6,4,0,0.6,2.8333,3.5,30,7,1,2,0.8,4.0,2.3226,31,14,18,2.5556,3.8333,14,17,3.7647,2.2941,2,2.0,3.0,2,3.0,2.0,2,4,6,2,nhl-col,"{""common_opponents"": 1, ""games_played"": 1, ""head_to_head"": 1, ""home_advantage"": 1, ""last10_form"": 1, ""season_scoring"": 1, ""travel_km"": 1}"
2025020507,NHL,20252026,regular,2025-12-13,2025-12-13,nhl-cgy,nhl-lak,final,,,32,30,,,0.25,,,,,1920.2,1548.0,6,3,1,0.65,2.5625,3.0,32,4,2,4,0.6,2.7333,2.6667,30,16,25,2.08,3.16,16,21,3.1429,2.4286,,,,,,,2,1,3,-1,nhl-cgy,"{""common_opponents"": 1, ""games_played"": 1, ""head_to_head"": 1, ""home_advantage"": 1, ""last10_form"": 1, ""season_scoring"": 1, ""travel_km"": 1}"
2025020508,NHL,20252026,regular,2025-12-14,2025-12-14,nhl-van,nhl-njd,final,,,31,32,,,0.25,,,,,3890.4,0.0,2,7,1,0.25,2.8065,3.5806,31,4,6,0,0.4,3.0,3.1562,32,18,24,2.9167,3.6667,18,25,3.12,3.0,,,,,,,2,1,3,-1,nhl-van,"{""common_opponents"": 1, ""games_played"": 1, ""head_to_head"": 1, ""home_advantage"": 1, ""last10_form"": 1, ""season_scoring"": 1, ""travel_km"": 1}"
2025020509,NHL,20252026,regular,2025-12-14,2025-12-14,nhl-uta,nhl-pit,final,,,33,30,,,0.25,,,,,2679.3,0.0,3,7,0,0.3,3.0606,2.9394,33,4,2,4,0.6,3.1667,3.0333,30,17,23,3.3913,3.0,17,24,3.0833,3.0833,,,,,,,5,4,9,-1,nhl-uta,"{""common_opponents"": 1, ""games_played"": 1, ""head_to_head"": 1, ""home_advantage"": 1, ""last10_form"": 1, ""season_scoring"": 1, ""travel_km"": 1}"
2025020510,NHL,20252026,regular,2025-12-14,2025-12-14,nhl-phi,nhl-car,final,,,30,31,,,0.25,,,,,551.9,551.9,5,3,2,0.6,3.0,2.8333,30,6,4,0,0.6,3.3871,2.8387,31,13,16,3.0,2.6875,13,19,3.5789,3.2105,2,3.0,4.0,2,4.0,3.0,2,3,5,1,nhl-car,"{""common_opponents"": 1, ""games_played"": 1, ""head_to_head"": 1, ""home_advantage"": 1, ""last10_form"": 1, ""season_scoring"": 1, ""travel_km"": 1}"
2025020511,NHL,20252026,regular,2025-12-14,2025-12-14,nhl-bos,nhl-min,final,,,32,32,,,0.25,,,,,628.4,0.0,7,3,0,0.7,3.3438,3.0938,32,7,2,1,0.75,2.9062,2.6562,32,16,25,3.24,3.04,16,19,3.0,2.7368,,,,,,,2,6,8,4,nhl-min,"{""common_opponents"": 1, ""games_played"": 1, ""head_to_head"": 1, ""home_advantage"": 1, ""last10_form"": 1, ""season_scoring"": 1, ""travel_km"": 1}"
2025020512,NHL,20252026,regular,2025-12-14,2025-12-14,nhl-edm,nhl-mtl,final,,,32,31,,,0.25,,,,,504.1,528.8,6,2,2,0.7,3.4062,3.4375,32,5,4,1,0.55,3.2581,3.6129,31,19,27,3.3704,3.4815,19,25,3.28,3.72,1,6.0,5.0,1,5.0,6.0,1,4,5,3,nhl-mtl,"{""common_opponents"": 1, ""games_played"": 1, ""head_to_head"": 1, ""home_advantage"": 1, ""last10_form"": 1, ""season_scoring"": 1, ""travel_km"": 1}"
2025020513,NHL,20252026,regular,2025-12-14,2025-12-14,nhl-buf,nhl-sea,final,,,31,29,,,0.25,,,,,192.3,1127.5,5,5,0,0.5,3.0645,3.4839,31,3,6,1,0.35,2.5172,3.1034,29,15,20,3.4,3.25,15,21,2.7143,3.4762,,,,,,,3,1,4,-2,nhl-buf,"{""common_opponents"": 1, ""games_played"": 1, ""head_to_head"": 1, ""home_advantage"": 1, ""last10_form"": 1, ""season_scoring"": 1, ""travel_km"": 1}"
2025020514,NHL,20252026,regular,2025-12-15,2025-12-15,nhl-fla,nhl-tbl,final,,,31,32,,,0.25,,,,,1477.6,1628.2,5,4,1,0.55,3.1613,3.1935,31,5,4,1,0.55,3.25,2.5938,32,20,27,3.3704,3.2593,20,28,3.1429,2.6071,1,1.0,3.0,1,3.0,1.0,5,2,7,-3,nhl-fla,"{""common_opponents"": 1, ""games_played"": 1, ""head_to_head"": 1, ""home_advantage"": 1, ""last10_form"": 1, ""season_scoring"": 1, ""travel_km"": 1}"
2025020515,NHL,20252026,regular,2025-12-15,2025-12-15,nhl-ana,nhl-nyr,final,,,32,33,,,0.25,,,,,15.1,0.0,5,5,0,0.5,3.5625,3.3438,32,6,2,2,0.7,2.6667,2.6667,33,19,26,3.4615,3.5385,19,25,2.68,2.72,,,,,,,4,1,5,-3,nhl-ana,"{""common_opponents"": 1, ""games_played"": 1, ""head_to_head"": 1, ""home_advantage"": 1, ""last10_form"": 1, ""season_scoring"": 1, ""travel_km"": 1}"
2025020516,NHL,20252026,regular,2025-12-15,2025-12-15,nhl-ott,nhl-wpg,final,,,31,31,,,0.25,,,,,628.4,0.0,3,7,0,0.3,3.1613,3.2903,31,3,6,1,0.35,3.0968,3.0968,31,18,24,3.25,3.125,18,27,3.037,3.037,,,,,,,3,2,5,-1,nhl-ott,"{""common_opponents"": 1, ""games_played"": 1, ""head_to_head"": 1, ""home_advantage"": 1, ""last10_form"": 1, ""season_scoring"": 1, ""travel_km"": 1}"
2025020517,NHL,20252026,regular,2025-12-15,2025-12-15,nhl-nsh,nhl-stl,final,,,31,33,,,0.25,,,,,1280.6,0.0,6,4,0,0.6,2.8065,3.5161,31,5,4,1,0.55,2.5455,3.5758,33,16,21,2.9048,3.2381,16,23,2.7391,3.5217,1,7.0,2.0,1,2.0,7.0,5,2,7,-3,nhl-nsh,"{""common_opponents"": 1, ""games_played"": 1, ""head_to_head"": 1, ""home_advantage"": 1, ""last10_form"": 1, ""season_scoring"": 1, ""travel_km"": 1}"
2025020518,NHL,20252026,regular,2025-12-15,2025-12-15,nhl-lak,nhl-dal,final,,,31,33,,,0.25,,,,,1992.7,0.0,4,2,4,0.6,2.6774,2.6452,31,7,2,1,0.75,3.3636,2.697,33,18,23,2.4348,2.7391,18,25,3.44,2.64,1,3.0,2.0,1,2.0,3.0,1,4,5,3,nhl-dal,"{""common_opponents"": 1, ""games_played"": 1, ""head_to_head"": 1, ""home_advantage"": 1, ""last10_form"": 1, ""season_scoring"": 1, ""travel_km"": 1}"
2025020519,NHL,20252026,regular,2025-12-16,2025-12-16,nhl-uta,nhl-bos,final,,,34,33,,,0.25,,,,,774.4,1790.3,4,6,0,0.4,3.1176,2.9706,34,6,4,0,0.6,3.303,3.1818,33,17,25,3.08,3.04,17,26,3.4615,3.4231,1,3.0,2.0,1,2.0,3.0,1,4,5,3,nhl-bos,"{""common_opponents"": 1, ""games_played"": 1, ""head_to_head"": 1, ""home_advantage"": 1, ""last10_form"": 1, ""season_scoring"": 1, ""travel_km"": 1}"
2025020520,NHL,20252026,regular,2025-12-16,2025-12-16,nhl-chi,nhl-tor,final,,,32,31,,,0.25,,,,,704.6,0.0,3,5,2,0.4,2.8438,3.0625,32,5,3,2,0.6,3.2903,3.2903,31,15,21,2.7143,2.9524,15,20,3.2,3.45,1,3.0,2.0,1,2.0,3.0,2,3,5,1,nhl-tor,"{""common_opponents"": 1, ""games_played"": 1, ""head_to_head"": 1, ""home_advantage"": 1, ""last10_form"": 1, ""season_scoring"": 1, ""travel_km"": 1}"
2025020521,NHL,20252026,regular,2025-12-16,2025-12-16,nhl-phi,nhl-mtl,final,,,31,32,,,0.25,,,,,1161.5,0.0,5,2,3,0.65,2.9677,2.8387,31,5,4,1,0.55,3.2812,3.5312,32,15,20,2.75,2.95,15,20,3.1,3.4,1,5.0,4.0,1,4.0,5.0,4,1,5,-3,nhl-phi,"{""common_opponents"": 1, ""games_played"": 1, ""head_to_head"": 1, ""home_advantage"": 1, ""last10_form"": 1, ""season_scoring"": 1, ""travel_km"": 1}"
2025020522,NHL,20252026,regular,2025-12-16,2025-12-16,nhl-nyi,nhl-det,final,,,33,33,,,0.25,,,,,796.9,384.4,6,3,1,0.65,3.0303,2.8182,33,5,3,2,0.6,3.1515,3.303,33,12,17,2.8824,2.2941,12,20,3.3,3.05,2,6.0,1.0,2,1.0,6.0,2,3,5,1,nhl-det,"{""common_opponents"": 1, ""games_played"": 1, ""head_to_head"": 1, ""home_advantage"": 1, ""last10_form"": 1, ""season_scoring"": 1, ""travel_km"": 1}"
2025020523,NHL,20252026,regular,2025-12-16,2025-12-16,nhl-van,nhl-nyr,final,,,32,34,,,0.25,,,,,15.1,0.0,3,6,1,0.35,2.7812,3.5,32,5,3,2,0.6,2.6176,2.7059,34,19,27,2.8889,3.4815,19,26,2.6538,2.8077,1,0.0,2.0,1,2.0,0.0,3,0,3,-3,nhl-van,"{""common_opponents"": 1, ""games_played"": 1, ""head_to_head"": 1, ""home_advantage"": 1, ""last10_form"": 1, ""season_scoring"": 1, ""travel_km"": 1}"
2025020524,NHL,20252026,regular,2025-12-16,2025-12-16,nhl-edm,nhl-pit,final,,,33,31,,,0.25,,,,,767.0,0.0,6,3,1,0.65,3.3333,3.4545,33,4,2,4,0.6,3.1935,3.0968,31,18,26,3.4615,3.4231,18,23,3.2174,3.2609,,,,,,,6,4,10,-2,nhl-edm,"{""common_opponents"": 1, ""games_played"": 1, ""head_to_head"": 1, ""home_advantage"": 1, ""last10_form"": 1, ""season_scoring"": 1, ""travel_km"": 1}"
2025020525,NHL,20252026,regular,2025-12-16,2025-12-16,nhl-ana,nhl-cbj,final,,,33,32,,,0.25,,,,,768.2,0.0,6,4,0,0.6,3.5758,3.2727,33,2,5,3,0.35,3.0,3.5,32,19,24,3.375,3.0417,19,24,2.8333,3.5417,,,,,,,3,4,7,1,nhl-cbj,"{""common_opponents"": 1, ""games_played"": 1, ""head_to_head"": 1, ""home_advantage"": 1, ""last10_form"": 1, ""season_scoring"": 1, ""travel_km"": 1}"
2025020526,NHL,20252026,regular,2025-12-16,2025-12-16,nhl-wsh,nhl-min,final,,,32,33,,,0.25,,,,,628.4,0.0,7,1,2,0.8,3.3125,2.5938,32,7,2,1,0.75,3.0,2.6364,33,18,25,3.12,2.4,18,24,3.2917,2.5417,1,5.0,1.0,1,1.0,5.0,0,5,5,5,nhl-min,"{""common_opponents"": 1, ""games_played"": 1, ""head_to_head"": 1, ""home_advantage"": 1, ""last10_form"": 1, ""season_scoring"": 1, ""travel_km"": 1}"
2025020527,NHL,20252026,regular,2025-12-16,2025-12-16,nhl-cgy,nhl-sjs,final,,,33,33,,,0.25,,,,,491.4,3610.0,6,3,1,0.65,2.5455,2.9394,33,5,5,0,0.5,2.9091,3.3333,33,14,20,2.45,2.75,14,20,3.05,3.15,1,2.0,0.0,1,0.0,2.0,3,6,9,3,nhl-sjs,"{""common_opponents"": 1, ""games_played"": 1, ""head_to_head"": 1, ""home_advantage"": 1, ""last10_form"": 1, ""season_scoring"": 1, ""travel_km"": 1}"
2025020528,NHL,20252026,regular,2025-12-16,2025-12-16,nhl-col,nhl-sea,final,,,32,30,,,0.25,,,,,1641.2,0.0,7,1,2,0.8,4.0,2.3125,32,2,7,1,0.25,2.4667,3.1,30,15,20,4.0,2.1,15,21,2.1905,3.1429,,,,,,,5,3,8,-2,nhl-col,"{""common_opponents"": 1, ""games_played"": 1, ""head_to_head"": 1, ""home_advantage"": 1, ""last10_form"": 1, ""season_scoring"": 1, ""travel_km"": 1}"
2025020529,NHL,20252026,regular,2025-12-17,2025-12-17,nhl-lak,nhl-fla,final,,,32,32,,,0.25,,,,,1755.1,289.3,4,3,3,0.55,2.625,2.6875,32,5,4,1,0.55,3.2188,3.1562,32,17,24,2.5833,2.7083,17,22,3.2727,3.0909,1,2.0,5.0,1,5.0,2.0,2,3,5,1,nhl-fla,"{""common_opponents"": 1, ""games_played"": 1, ""head_to_head"": 1, ""home_advantage"": 1, ""last10_form"": 1, ""season_scoring"": 1, ""travel_km"": 1}"
2025020530,NHL,20252026,regular,2025-12-17,2025-12-17,nhl-uta,nhl-det,final,,,35,34,,,0.25,,,,,984.7,0.0,4,6,0,0.4,3.0571,3.0,35,6,2,2,0.7,3.1471,3.2647,34,19,28,2.9643,3.0,19,31,3.0645,3.1613,,,,,,,4,1,5,-3,nhl-uta,"{""common_opponents"": 1, ""games_played"": 1, ""head_to_head"": 1, ""home_advantage"": 1, ""last10_form"": 1, ""season_scoring"": 1, ""travel_km"": 1}"
2025020531,NHL,20252026,regular,2025-12-17,2025-12-17,nhl-wpg,nhl-stl,final,,,32,34,,,0.25,,,,,1367.8,0.0,3,5,2,0.4,3.0625,3.0938,32,5,5,0,0.5,2.5294,3.6176,34,20,29,3.2069,3.0345,20,28,2.6071,3.5357,,,,,,,0,1,1,1,nhl-stl,"{""common_opponents"": 1, ""games_played"": 1, ""head_to_head"": 1, ""home_advantage"": 1, ""last10_form"": 1, ""season_scoring"": 1, ""travel_km"": 1}"
2025020532,NHL,20252026,regular,2025-12-17,2025-12-17,nhl-car,nhl-nsh,final,,,32,32,,,0.25,,,,,725.8,408.3,7,3,0,0.7,3.375,2.8125,32,7,3,0,0.7,2.875,3.4688,32,12,18,3.4444,2.6111,12,19,2.6316,3.6316,1,6.0,3.0,1,3.0,6.0,4,1,5,-3,nhl-car,"{""common_opponents"": 1, ""games_played"": 1, ""head_to_head"": 1, ""home_advantage"": 1, ""last10_form"": 1, ""season_scoring"": 1, ""travel_km"": 1}"
2025020533,NHL,20252026,regular,2025-12-17,2025-12-17,nhl-njd,nhl-vgk,final,,,33,31,,,0.25,,,,,3576.7,2834.6,3,7,0,0.3,2.9394,3.1212,33,6,2,2,0.7,3.0968,2.9032,31,17,25,3.04,3.48,17,23,3.087,3.2609,1,0.0,3.0,1,3.0,0.0,2,1,3,-1,nhl-njd,"{""common_opponents"": 1, ""games_played"": 1, ""head_to_head"": 1, ""home_advantage"": 1, ""last10_form"": 1, ""season_scoring"": 1, ""travel_km"": 1}"
2025020534,NHL,20252026,regular,2025-12-18,2025-12-18,nhl-edm,nhl-bos,final,,,34,34,,,0.25,,,,,774.4,0.0,6,3,1,0.65,3.4118,3.4706,34,7,3,0,0.7,3.3235,3.1176,34,18,22,3.1364,3.4545,18,29,3.3448,2.931,,,,,,,3,1,4,-2,nhl-edm,"{""common_opponents"": 1, ""games_played"": 1, ""head_to_head"": 1, ""home_advantage"": 1, ""last10_form"": 1, ""season_scoring"": 1, ""travel_km"": 1}"
2025020535,NHL,20252026,regular,2025-12-18,2025-12-18,nhl-phi,nhl-buf,final,,,32,32,,,0.25,,,,,513.7,3398.7,5,2,3,0.65,3.0,2.7812,32,5,5,0,0.5,3.0625,3.4062,32,14,23,3.0,2.913,14,20,3.05,3.4,1,5.0,2.0,1,2.0,5.0,3,5,8,2,nhl-buf,"{""common_opponents"": 1, ""games_played"": 1, ""head_to_head"": 1, ""home_advantage"": 1, ""last10_form"": 1, ""season_scoring"": 1, ""travel_km"": 1}"
2025020536,NHL,20252026,regular,2025-12-18,2025-12-18,nhl-chi,nhl-mtl,final,,,33,33,,,0.25,,,,,504.1,0.0,3,6,1,0.35,2.8182,3.0606,33,4,5,1,0.45,3.2121,3.5455,33,19,27,2.8889,2.963,19,26,3.3462,3.2692,1,2.0,3.0,1,3.0,2.0,1,4,5,3,nhl-mtl,"{""common_opponents"": 1, ""games_played"": 1, ""head_to_head"": 1, ""home_advantage"": 1, ""last10_form"": 1, ""season_scoring"": 1, ""travel_km"": 1}"
2025020537,NHL,20252026,regular,2025-12-18,2025-12-18,nhl-pit,nhl-ott,final,,,32,32,,,0.25,,,,,633.3,1664.4,3,3,4,0.5,3.2188,3.1875,32,4,6,0,0.4,3.1562,3.25,32,21,29,3.2069,3.1034,21,26,2.9231,3.1923,,,,,,,0,4,4,4,nhl-ott,"{""common_opponents"": 1, ""games_played"": 1, ""head_to_head"": 1, ""home_advantage"": 1, ""last10_form"": 1, ""season_scoring"": 1, ""travel_km"": 1}"
2025020538,NHL,20252026,regular,2025-12-18,2025-12-18,nhl-lak,nhl-tbl,final,,,33,33,,,0.25,,,,,289.3,0.0,3,4,3,0.45,2.6061,2.697,33,4,5,1,0.45,3.2121,2.6667,33,18,25,2.56,2.68,18,25,3.56,2.76,,,,,,,2,1,3,-1,nhl-lak,"{""common_opponents"": 1, ""games_played"": 1, ""head_to_head"": 1, ""home_advantage"": 1, ""last10_form"": 1, ""season_scoring"": 1, ""travel_km"": 1}"
2025020539,NHL,20252026,regular,2025-12-18,2025-12-18,nhl-tor,nhl-wsh,final,,,32,33,,,0.25,,,,,563.2,1487.0,6,2,2,0.7,3.2812,3.25,32,6,2,2,0.7,3.2121,2.6667,33,15,23,3.1304,3.2174,15,21,3.619,2.381,1,2.0,4.0,1,4.0,2.0,0,4,4,4,nhl-wsh,"{""common_opponents"": 1, ""games_played"": 1, ""head_to_head"": 1, ""home_advantage"": 1, ""last10_form"": 1, ""season_scoring"": 1, ""travel_km"": 1}"
2025020540,NHL,20252026,regular,2025-12-18,2025-12-18,nhl-min,nhl-cbj,final,,,34,33,,,0.25,,,,,994.8,0.0,7,2,1,0.75,3.0588,2.5588,34,3,4,3,0.45,3.0303,3.4848,33,19,26,2.9615,2.1538,19,24,2.5417,3.4583,1,4.0,7.0,1,7.0,4.0,5,2,7,-3,nhl-min,"{""common_opponents"": 1, ""games_played"": 1, ""head_to_head"": 1, ""home_advantage"": 1, ""last10_form"": 1, ""season_scoring"": 1, ""travel_km"": 1}"
2025020541,NHL,20252026,regular,2025-12-18,2025-12-18,nhl-nyr,nhl-stl,final,,,35,35,,,0.25,,,,,1404.8,0.0,4,4,2,0.5,2.5429,2.7143,35,5,5,0,0.5,2.4857,3.5143,35,21,27,2.3704,2.4444,21,29,2.5517,3.6552,1,3.0,2.0,1,2.0,3.0,2,1,3,-1,nhl-nyr,"{""common_opponents"": 1, ""games_played"": 1, ""head_to_head"": 1, ""home_advantage"": 1, ""last10_form"": 1, ""season_scoring"": 1, ""travel_km"": 1}"
2025020542,NHL,20252026,regular,2025-12-18,2025-12-18,nhl-sea,nhl-cgy,final,,,31,34,,,0.25,,,,,710.8,1645.1,1,8,1,0.15,2.4839,3.1613,31,5,4,1,0.55,2.5588,3.0294,34,18,26,2.5769,3.2692,18,27,2.6667,2.8889,,,,,,,2,4,6,2,nhl-cgy,"{""common_opponents"": 1, ""games_played"": 1, ""head_to_head"": 1, ""home_advantage"": 1, ""last10_form"": 1, ""season_scoring"": 1, ""travel_km"": 1}"
2025020543,NHL,20252026,regular,2025-12-18,2025-12-18,nhl-dal,nhl-sjs,final,,,34,34,,,0.25,,,,,2331.5,0.0,7,2,1,0.75,3.3824,2.6471,34,6,4,0,0.6,3.0,3.3235,34,18,25,3.24,2.68,18,28,3.1071,3.3929,1,4.0,1.0,1,1.0,4.0,5,3,8,-2,nhl-dal,"{""common_opponents"": 1, ""games_played"": 1, ""head_to_head"": 1, ""home_advantage"": 1, ""last10_form"": 1, ""season_scoring"": 1, ""travel_km"": 1}"
2025020544,NHL,20252026,regular,2025-12-19,2025-12-19,nhl-car,nhl-fla,final,,,33,33,,,0.25,,,,,1269.5,0.0,8,2,0,0.8,3.3939,2.7576,33,6,3,1,0.65,3.2121,3.1212,33,18,27,3.3704,2.8148,18,26,3.1923,3.1538,,,,,,,3,4,7,1,nhl-fla,"{""common_opponents"": 1, ""games_played"": 1, ""head_to_head"": 1, ""home_advantage"": 1, ""last10_form"": 1, ""season_scoring"": 1, ""travel_km"": 1}"
2025020545,NHL,20252026,regular,2025-12-19,2025-12-19,nhl-van,nhl-nyi,final,,,33,34,,,0.25,,,,,22.8,796.9,4,5,1,0.45,2.7879,3.3939,33,6,3,1,0.65,3.0,2.8235,34,18,24,2.8333,3.5,18,25,3.0,2.6,,,,,,,4,1,5,-3,nhl-van,"{""common_opponents"": 1, ""games_played"": 1, ""head_to_head"": 1, ""home_advantage"": 1, ""last10_form"": 1, ""season_scoring"": 1, ""travel_km"": 1}"
2025020546,NHL,20252026,regular,2025-12-19,2025-12-19,nhl-wpg,nhl-col,final,,,33,33,,,0.25,,,,,1280.6,1641.2,3,5,2,0.4,2.9697,3.0303,33,7,1,2,0.8,4.0303,2.3333,33,18,25,2.88,3.28,18,26,3.8462,2.2308,,,,,,,2,3,5,1,nhl-col,"{""common_opponents"": 1, ""games_played"": 1, ""head_to_head"": 1, ""home_advantage"": 1, ""last10_form"": 1, ""season_scoring"": 1, ""travel_km"": 1}"
2025020547,NHL,20252026,regular,2025-12-19,2025-12-19,nhl-njd,nhl-uta,final,,,34,36,,,0.25,,,,,592.0,2395.1,3,7,0,0.3,2.9118,3.0588,34,5,5,0,0.5,3.0833,2.9444,36,21,28,2.8929,2.7857,21,30,3.1333,3.1333,,,,,,,2,1,3,-1,nhl-njd,"{""common_opponents"": 1, ""games_played"": 1, ""head_to_head"": 1, ""home_advantage"": 1, ""last10_form"": 1, ""season_scoring"": 1, ""travel_km"": 1}"
2025020548,NHL,20252026,regular,2025-12-19,2025-12-19,nhl-dal,nhl-ana,final,,,35,34,,,0.25,,,,,534.8,3154.8,7,2,1,0.75,3.4286,2.6571,35,5,4,1,0.55,3.5588,3.2941,34,20,29,3.069,2.6207,20,24,3.1667,3.2083,1,5.0,7.0,1,7.0,5.0,8,3,11,-5,nhl-dal,"{""common_opponents"": 1, ""games_played"": 1, ""head_to_head"": 1, ""home_advantage"": 1, ""last10_form"": 1, ""season_scoring"": 1, ""travel_km"": 1}"
2025020549,NHL,20252026,regular,2025-12-20,2025-12-20,nhl-phi,nhl-nyr,final,,,33,36,,,0.25,,,,,468.5,1404.8,4,3,3,0.55,3.0,2.8485,33,4,4,2,0.5,2.5278,2.6667,36,18,27,2.8148,2.8519,18,26,2.8077,2.9231,,,,,,,4,5,9,1,nhl-nyr,"{""common_opponents"": 1, ""games_played"": 1, ""head_to_head"": 1, ""home_advantage"": 1, ""last10_form"": 1, ""season_scoring"": 1, ""travel_km"": 1}"
2025020550,NHL,20252026,regular,2025-12-20,2025-12-20,nhl-det,nhl-wsh,final,,,35,34,,,0.25,,,,,636.9,0.0,6,2,2,0.7,3.0857,3.2857,35,6,2,2,0.7,3.2353,2.5882,34,17,29,3.2759,3.3103,17,25,3.6,2.28,,,,,,,5,2,7,-3,nhl-det,"{""common_opponents"": 1, ""games_played"": 1, ""head_to_head"": 1, ""home_advantage"": 1, ""last10_form"": 1, ""season_scoring"": 1, ""travel_km"": 1}"
2025020551,NHL,20252026,regular,2025-12-20,2025-12-20,nhl-chi,nhl-ott,final,,,34,33,,,0.25,,,,,185.4,0.0,3,6,1,0.35,2.7647,3.0882,34,4,6,0,0.4,3.1818,3.1515,33,18,26,2.6923,3.3077,18,23,3.0435,3.2174,1,7.0,3.0,1,3.0,7.0,4,6,10,2,nhl-ott,"{""common_opponents"": 1, ""games_played"": 1, ""head_to_head"": 1, ""home_advantage"": 1, ""last10_form"": 1, ""season_scoring"": 1, ""travel_km"": 1}"
2025020552,NHL,20252026,regular,2025-12-20,2025-12-20,nhl-edm,nhl-min,final,,,35,35,,,0.25,,,,,1790.3,994.8,7,2,1,0.75,3.4,3.4,35,7,2,1,0.75,3.1143,2.5429,35,20,27,3.4444,3.5556,20,28,3.2143,2.6429,1,0.0,1.0,1,1.0,0.0,2,5,7,3,nhl-min,"{""common_opponents"": 1, ""games_played"": 1, ""head_to_head"": 1, ""home_advantage"": 1, ""last10_form"": 1, ""season_scoring"": 1, ""travel_km"": 1}"
2025020553,NHL,20252026,regular,2025-12-20,2025-12-20,nhl-nyi,nhl-buf,final,,,35,33,,,0.25,,,,,489.8,0.0,6,4,0,0.6,2.9429,2.8571,35,6,4,0,0.6,3.1212,3.3939,33,19,27,2.7778,3.0741,19,27,2.8889,3.1481,,,,,,,2,3,5,1,nhl-buf,"{""common_opponents"": 1, ""games_played"": 1, ""head_to_head"": 1, ""home_advantage"": 1, ""last10_form"": 1, ""season_scoring"": 1, ""travel_km"": 1}"
2025020554,NHL,20252026,regular,2025-12-20,2025-12-20,nhl-stl,nhl-fla,final,,,36,34,,,0.25,,,,,1665.6,0.0,4,5,1,0.45,2.4444,3.4722,36,7,2,1,0.75,3.2353,3.1176,34,21,30,2.5667,3.6,21,29,3.3448,3.069,,,,,,,6,2,8,-4,nhl-stl,"{""common_opponents"": 1, ""games_played"": 1, ""head_to_head"": 1, ""home_advantage"": 1, ""last10_form"": 1, ""season_scoring"": 1, ""travel_km"": 1}"
2025020555,NHL,20252026,regular,2025-12-20,2025-12-20,nhl-van,nhl-bos,final,,,34,35,,,0.25,,,,,288.1,0.0,4,5,1,0.45,2.8235,3.3235,34,6,4,0,0.6,3.2571,3.1143,35,20,26,2.7308,3.3077,20,29,3.1379,2.8621,,,,,,,5,4,9,-1,nhl-van,"{""common_opponents"": 1, ""games_played"": 1, ""head_to_head"": 1, ""home_advantage"": 1, ""last10_form"": 1, ""season_scoring"": 1, ""travel_km"": 1}"
2025020556,NHL,20252026,regular,2025-12-20,2025-12-20,nhl-pit,nhl-mtl,final,,,33,34,,,0.25,,,,,185.4,0.0,2,4,4,0.4,3.1212,3.2121,33,5,4,1,0.55,3.2353,3.4706,34,18,24,3.0833,3.1667,18,26,3.2308,3.8462,1,2.0,4.0,1,4.0,2.0,0,4,4,4,nhl-mtl,"{""common_opponents"": 1, ""games_played"": 1, ""head_to_head"": 1, ""home_advantage"": 1, ""last10_form"": 1, ""season_scoring"": 1, ""travel_km"": 1}"
2025020557,NHL,20252026,regular,2025-12-20,2025-12-20,nhl-car,nhl-tbl,final,,,34,34,,,0.25,,,,,289.3,0.0,7,2,1,0.75,3.3824,2.7941,34,3,6,1,0.35,3.1471,2.6471,34,18,26,3.3077,2.7692,18,27,3.0,2.5926,,,,,,,4,6,10,2,nhl-tbl,"{""common_opponents"": 1, ""games_played"": 1, ""head_to_head"": 1, ""home_advantage"": 1, ""last10_form"": 1, ""season_scoring"": 1, ""travel_km"": 1}"
2025020558,NHL,20252026,regular,2025-12-20,2025-12-20,nhl-tor,nhl-nsh,final,,,33,33,,,0.25,,,,,912.2,0.0,5,3,2,0.6,3.1818,3.2727,33,6,4,0,0.6,2.8182,3.4848,33,14,22,3.3182,2.7273,14,20,3.0,3.3,1,7.0,4.0,1,4.0,7.0,3,5,8,2,nhl-nsh,"{""common_opponents"": 1, ""games_played"": 1, ""head_to_head"": 1, ""home_advantage"": 1, ""last10_form"": 1, ""season_scoring"": 1, ""travel_km"": 1}"
2025020559,NHL,20252026,regular,2025-12-20,2025-12-20,nhl-vgk,nhl-cgy,final,,,32,35,,,0.25,,,,,1663.1,0.0,6,1,3,0.75,3.0312,2.875,32,6,3,1,0.65,2.6,3.0,35,16,22,2.8182,2.7727,16,21,2.3333,2.5238,2,5.0,1.5,2,1.5,5.0,3,6,9,3,nhl-cgy,"{""common_opponents"": 1, ""games_played"": 1, ""head_to_head"": 1, ""home_advantage"": 1, ""last10_form"": 1, ""season_scoring"": 1, ""travel_km"": 1}"
2025020560,NHL,20252026,regular,2025-12-20,2025-12-20,nhl-cbj,nhl-ana,final,,,34,35,,,0.25,,,,,3154.8,0.0,3,5,2,0.4,3.0,3.5294,34,5,4,1,0.55,3.5429,3.4286,35,19,25,2.8,3.6,19,25,3.36,3.24,1,4.0,3.0,1,3.0,4.0,3,4,7,1,nhl-ana,"{""common_opponents"": 1, ""games_played"": 1, ""head_to_head"": 1, ""home_advantage"": 1, ""last10_form"": 1, ""season_scoring"": 1, ""travel_km"": 1}"
2025020561,NHL,20252026,regular,2025-12-20,2025-12-20,nhl-sea,nhl-sjs,final,,,32,35,,,0.25,,,,,1645.1,0.0,1,9,0,0.1,2.4688,3.1875,32,5,5,0,0.5,3.0,3.3714,35,17,20,2.4,3.0,17,26,3.0,3.7692,2,2.5,3.5,2,3.5,2.5,4,2,6,-2,nhl-sea,"{""common_opponents"": 1, ""games_played"": 1, ""head_to_head"": 1, ""home_advantage"": 1, ""last10_form"": 1, ""season_scoring"": 1, ""travel_km"": 1}"
2025020562,NHL,20252026,regular,2025-12-21,2025-12-21,nhl-wsh,nhl-det,final,,,35,36,,,0.25,,,,,636.9,636.9,5,3,2,0.6,3.2,2.6571,35,7,2,1,0.75,3.1389,3.25,36,17,25,3.6,2.28,17,29,3.2759,3.3103,1,2.0,5.0,1,5.0,2.0,2,3,5,1,nhl-det,"{""common_opponents"": 1, ""games_played"": 1, ""head_to_head"": 1, ""home_advantage"": 1, ""last10_form"": 1, ""season_scoring"": 1, ""travel_km"": 1}"
2025020563,NHL,20252026,regular,2025-12-21,2025-12-21,nhl-col,nhl-min,final,,,34,36,,,0.25,,,,,1134.7,0.0,8,1,1,0.85,4.0,2.3235,34,8,2,0,0.8,3.1667,2.5278,36,20,30,3.9333,2.3333,20,27,3.2593,2.7407,1,2.0,3.0,1,3.0,2.0,5,1,6,-4,nhl-col,"{""common_opponents"": 1, ""games_played"": 1, ""head_to_head"": 1, ""home_advantage"": 1, ""last10_form"": 1, ""season_scoring"": 1, ""travel_km"": 1}"
2025020564,NHL,20252026,regular,2025-12-21,2025-12-21,nhl-ott,nhl-bos,final,,,34,36,,,0.25,,,,,508.3,0.0,5,5,0,0.5,3.2647,3.1765,34,6,3,1,0.65,3.2778,3.1667,36,18,22,3.1818,3.4091,18,24,3.4167,3.0,3,4.6667,2.6667,3,2.6667,4.6667,6,2,8,-4,nhl-ott,"{""common_opponents"": 1, ""games_played"": 1, ""head_to_head"": 1, ""home_advantage"": 1, ""last10_form"": 1, ""season_scoring"": 1, ""travel_km"": 1}"
2025020565,NHL,20252026,regular,2025-12-21,2025-12-21,nhl-buf,nhl-njd,final,,,34,35,,,0.25,,,,,456.9,3153.2,7,3,0,0.7,3.1176,3.3529,34,4,6,0,0.4,2.8857,3.0,35,19,27,3.3704,3.1852,19,23,3.0435,3.0435,1,0.0,5.0,1,5.0,0.0,3,1,4,-2,nhl-buf,"{""common_opponents"": 1, ""games_played"": 1, ""head_to_head"": 1, ""home_advantage"": 1, ""last10_form"": 1, ""season_scoring"": 1, ""travel_km"": 1}"
2025020566,NHL,20252026,regular,2025-12-21,2025-12-21,nhl-mtl,nhl-pit,final,,,35,34,,,0.25,,,,,767.0,767.0,6,3,1,0.65,3.2571,3.3714,35,2,4,4,0.4,3.0294,3.2353,34,18,26,3.2308,3.8462,18,24,3.0833,3.1667,2,4.0,1.0,2,1.0,4.0,3,4,7,1,nhl-pit,"{""common_opponents"": 1, ""games_played"": 1, ""head_to_head"": 1, ""home_advantage"": 1, ""last10_form"": 1, ""season_scoring"": 1, ""travel_km"": 1}"
2025020567,NHL,20252026,regular,2025-12-21,2025-12-21,nhl-nyr,nhl-nsh,final,,,37,34,,,0.25,,,,,1223.2,0.0,5,3,2,0.6,2.5946,2.7027,37,6,4,0,0.6,2.8824,3.4706,34,18,26,2.4615,2.6923,18,28,2.9286,3.2143,1,6.0,3.0,1,3.0,6.0,1,2,3,1,nhl-nsh,"{""common_opponents"": 1, ""games_played"": 1, ""head_to_head"": 1, ""home_advantage"": 1, ""last10_form"": 1, ""season_scoring"": 1, ""travel_km"": 1}"
2025020568,NHL,20252026,regular,2025-12-21,2025-12-21,nhl-tor,nhl-dal,final,,,34,36,,,0.25,,,,,992.3,1957.7,5,3,2,0.6,3.1765,3.3235,34,7,2,1,0.75,3.5556,2.6667,36,18,26,3.2692,3.1154,18,24,3.1667,2.2917,,,,,,,1,5,6,4,nhl-dal,"{""common_opponents"": 1, ""games_played"": 1, ""head_to_head"": 1, ""home_advantage"": 1, ""last10_form"": 1, ""season_scoring"": 1, ""travel_km"": 1}"
2025020569,NHL,20252026,regular,2025-12-21,2025-12-21,nhl-wpg,nhl-uta,final,,,34,37,,,0.25,,,,,595.7,0.0,2,6,2,0.3,2.9412,3.0294,34,5,5,0,0.5,3.027,2.9189,37,19,27,2.8148,3.037,19,28,3.1071,2.9643,1,2.0,3.0,1,3.0,2.0,3,4,7,1,nhl-uta,"{""common_opponents"": 1, ""games_played"": 1, ""head_to_head"": 1, ""home_advantage"": 1, ""last10_form"": 1, ""season_scoring"": 1, ""travel_km"": 1}"
2025020570,NHL,20252026,regular,2025-12-21,2025-12-21,nhl-vgk,nhl-edm,final,,,33,36,,,0.25,,,,,281.6,1753.0,6,2,2,0.7,3.0303,2.9697,33,6,3,1,0.65,3.3611,3.4444,36,19,28,2.8929,2.7857,19,26,3.1923,3.1538,,,,,,,3,4,7,1,nhl-edm,"{""common_opponents"": 1, ""games_played"": 1, ""head_to_head"": 1, ""home_advantage"": 1, ""last10_form"": 1, ""season_scoring"": 1, ""travel_km"": 1}"
2025020571,NHL,20252026,regular,2025-12-22,2025-12-22,nhl-stl,nhl-tbl,final,,,37,35,,,0.25,,,,,289.3,0.0,5,4,1,0.55,2.5405,3.4324,37,3,6,1,0.35,3.2286,2.6857,35,23,33,2.6364,3.5758,23,33,3.1818,2.6364,,,,,,,1,4,5,3,nhl-tbl,"{""common_opponents"": 1, ""games_played"": 1, ""head_to_head"": 1, ""home_advantage"": 1, ""last10_form"": 1, ""season_scoring"": 1, ""travel_km"": 1}"
2025020572,NHL,20252026,regular,2025-12-22,2025-12-22,nhl-van,nhl-phi,final,,,35,34,,,0.25,,,,,439.9,137.5,5,4,1,0.55,2.8857,3.3429,35,3,3,4,0.5,3.0294,2.9118,34,18,26,2.9231,3.3077,18,29,3.1379,2.8966,,,,,,,2,5,7,3,nhl-phi,"{""common_opponents"": 1, ""games_played"": 1, ""head_to_head"": 1, ""home_advantage"": 1, ""last10_form"": 1, ""season_scoring"": 1, ""travel_km"": 1}"
2025020573,NHL,20252026,regular,2025-12-22,2025-12-22,nhl-sea,nhl-ana,final,,,33,36,,,0.25,,,,,534.8,0.0,2,8,0,0.2,2.5152,3.1515,33,5,4,1,0.55,3.5556,3.4167,36,17,23,2.4783,2.7826,17,25,3.52,3.48,1,3.0,1.0,1,1.0,3.0,3,1,4,-2,nhl-sea,"{""common_opponents"": 1, ""games_played"": 1, ""head_to_head"": 1, ""home_advantage"": 1, ""last10_form"": 1, ""season_scoring"": 1, ""travel_km"": 1}"
2025020574,NHL,20252026,regular,2025-12-22,2025-12-22,nhl-cbj,nhl-lak,final,,,35,34,,,0.25,,,,,44.5,3462.5,3,6,1,0.35,3.0,3.5429,35,4,4,2,0.5,2.5882,2.6471,34,21,30,2.9667,3.5667,21,27,2.4444,2.8148,,,,,,,3,1,4,-2,nhl-cbj,"{""common_opponents"": 1, ""games_played"": 1, ""head_to_head"": 1, ""home_advantage"": 1, ""last10_form"": 1, ""season_scoring"": 1, ""travel_km"": 1}"
2025020575,NHL,20252026,regular,2025-12-23,2025-12-23,nhl-pit,nhl-tor,final,,,35,35,,,0.25,,,,,359.8,1936.1,2,4,4,0.4,3.0571,3.2286,35,4,4,2,0.5,3.1143,3.3714,35,17,25,3.24,3.0,17,24,2.875,3.3333,2,2.5,5.5,2,5.5,2.5,3,6,9,3,nhl-tor,"{""common_opponents"": 1, ""games_played"": 1, ""head_to_head"": 1, ""home_advantage"": 1, ""last10_form"": 1, ""season_scoring"": 1, ""travel_km"": 1}"
2025020576,NHL,20252026,regular,2025-12-23,2025-12-23,nhl-nyr,nhl-wsh,final,,,38,36,,,0.25,,,,,912.2,636.9,4,4,2,0.5,2.5526,2.6842,38,4,3,3,0.55,3.1667,2.6667,36,19,27,2.7037,2.4444,19,29,3.3793,2.6552,1,0.0,1.0,1,1.0,0.0,7,3,10,-4,nhl-nyr,"{""common_opponents"": 1, ""games_played"": 1, ""head_to_head"": 1, ""home_advantage"": 1, ""last10_form"": 1, ""season_scoring"": 1, ""travel_km"": 1}"
2025020577,NHL,20252026,regular,2025-12-23,2025-12-23,nhl-mtl,nhl-bos,final,,,36,37,,,0.25,,,,,774.4,0.0,5,3,2,0.6,3.25,3.3889,36,5,4,1,0.55,3.2432,3.2432,37,17,24,3.4167,3.4583,17,26,3.3846,3.2308,1,2.0,3.0,1,3.0,2.0,6,2,8,-4,nhl-mtl,"{""common_opponents"": 1, ""games_played"": 1, ""head_to_head"": 1, ""home_advantage"": 1, ""last10_form"": 1, ""season_scoring"": 1, ""travel_km"": 1}"
2025020578,NHL,20252026,regular,2025-12-23,2025-12-23,nhl-buf,nhl-ott,final,,,35,35,,,0.25,,,,,527.1,508.3,7,3,0,0.7,3.1143,3.2857,35,6,4,0,0.6,3.3429,3.1429,35,18,25,2.8,3.2,18,25,3.72,3.0,1,8.0,4.0,1,4.0,8.0,3,2,5,-1,nhl-buf,"{""common_opponents"": 1, ""games_played"": 1, ""head_to_head"": 1, ""home_advantage"": 1, ""last10_form"": 1, ""season_scoring"": 1, ""travel_km"": 1}"
2025020579,NHL,20252026,regular,2025-12-23,2025-12-23,nhl-dal,nhl-det,final,,,37,37,,,0.25,,,,,1608.0,0.0,8,2,0,0.8,3.5946,2.6216,37,7,2,1,0.75,3.1351,3.2162,37,19,27,3.4074,2.6296,19,30,3.2667,3.2333,,,,,,,3,4,7,1,nhl-det,"{""common_opponents"": 1, ""games_played"": 1, ""head_to_head"": 1, ""home_advantage"": 1, ""last10_form"": 1, ""season_scoring"": 1, ""travel_km"": 1}"
2025020580,NHL,20252026,regular,2025-12-23,2025-12-23,nhl-njd,nhl-nyi,final,,,36,36,,,0.25,,,,,37.5,489.8,4,6,0,0.4,2.8333,3.0,36,6,3,1,0.65,2.9167,2.8611,36,21,31,2.6774,3.0968,21,32,2.9375,3.0,1,2.0,3.0,1,3.0,2.0,1,2,3,1,nhl-nyi,"{""common_opponents"": 1, ""games_played"": 1, ""head_to_head"": 1, ""home_advantage"": 1, ""last10_form"": 1, ""season_scoring"": 1, ""travel_km"": 1}"
2025020581,NHL,20252026,regular,2025-12-23,2025-12-23,nhl-fla,nhl-car,final,,,35,35,,,0.25,,,,,1083.2,942.1,7,2,1,0.75,3.2,3.2,35,6,3,1,0.65,3.4,2.8857,35,19,28,3.1786,3.1071,19,28,3.3929,2.9286,1,4.0,3.0,1,3.0,4.0,5,2,7,-3,nhl-fla,"{""common_opponents"": 1, ""games_played"": 1, ""head_to_head"": 1, ""home_advantage"": 1, ""last10_form"": 1, ""season_scoring"": 1, ""travel_km"": 1}"
2025020582,NHL,20252026,regular,2025-12-23,2025-12-23,nhl-nsh,nhl-min,final,,,35,37,,,0.25,,,,,1112.5,0.0,7,3,0,0.7,2.8571,3.4,35,7,3,0,0.7,3.1081,2.5946,37,16,27,2.7407,3.1852,16,24,3.0417,2.7083,1,2.0,3.0,1,3.0,2.0,3,2,5,-1,nhl-nsh,"{""common_opponents"": 1, ""games_played"": 1, ""head_to_head"": 1, ""home_advantage"": 1, ""last10_form"": 1, ""season_scoring"": 1, ""travel_km"": 1}"
2025020583,NHL,20252026,regular,2025-12-23,2025-12-23,nhl-phi,nhl-chi,final,,,35,35,,,0.25,,,,,1072.7,1018.3,4,2,4,0.6,3.0857,2.8857,35,2,7,1,0.25,2.8,3.1714,35,18,26,3.1923,2.7308,18,25,3.04,3.2,,,,,,,3,1,4,-2,nhl-phi,"{""common_opponents"": 1, ""games_played"": 1, ""head_to_head"": 1, ""home_advantage"": 1, ""last10_form"": 1, ""season_scoring"": 1, ""travel_km"": 1}"
2025020584,NHL,20252026,regular,2025-12-23,2025-12-23,nhl-uta,nhl-col,final,,,38,35,,,0.25,,,,,595.7,1134.7,5,5,0,0.5,3.0526,2.9211,38,8,1,1,0.85,4.0286,2.2857,35,20,28,3.1071,3.0,20,30,4.1667,2.2333,2,2.5,2.5,2,2.5,2.5,0,1,1,1,nhl-col,"{""common_opponents"": 1, ""games_played"": 1, ""head_to_head"": 1, ""home_advantage"": 1, ""last10_form"": 1, ""season_scoring"": 1, ""travel_km"": 1}"
2025020585,NHL,20252026,regular,2025-12-23,2025-12-23,nhl-cgy,nhl-edm,final,,,36,37,,,0.25,,,,,281.6,0.0,6,3,1,0.65,2.6944,3.0,36,7,2,1,0.75,3.3784,3.4324,37,20,30,2.7667,2.9667,20,30,3.4333,3.1,1,4.0,3.0,1,3.0,4.0,1,5,6,4,nhl-edm,"{""common_opponents"": 1, ""games_played"": 1, ""head_to_head"": 1, ""home_advantage"": 1, ""last10_form"": 1, ""season_scoring"": 1, ""travel_km"": 1}"
2025020586,NHL,20252026,regular,2025-12-23,2025-12-23,nhl-sjs,nhl-vgk,final,,,36,34,,,0.25,,,,,614.5,1944.1,5,5,0,0.5,2.9722,3.3889,36,6,2,2,0.7,3.0294,3.0,34,16,26,3.1538,3.2692,16,25,3.04,2.96,2,3.0,4.0,2,4.0,3.0,2,7,9,5,nhl-vgk,"{""common_opponents"": 1, ""games_played"": 1, ""head_to_head"": 1, ""home_advantage"": 1, ""last10_form"": 1, ""season_scoring"": 1, ""travel_km"": 1}"
2025020587,NHL,20252026,regular,2025-12-23,2025-12-23,nhl-sea,nhl-lak,final,,,34,35,,,0.25,,,,,44.5,0.0,3,7,0,0.3,2.5294,3.0882,34,3,5,2,0.4,2.5429,2.6571,35,18,26,2.7308,2.9231,18,26,2.6923,2.5,1,3.0,2.0,1,2.0,3.0,3,2,5,-1,nhl-sea,"{""common_opponents"": 1, ""games_played"": 1, ""head_to_head"": 1, ""home_advantage"": 1, ""last10_form"": 1, ""season_scoring"": 1, ""travel_km"": 1}"
2025020588,NHL,20252026,regular,2025-12-27,2025-12-27,nhl-nyr,nhl-nyi,final,,,39,37,,,0.25,,,,,346.1,0.0,4,4,2,0.5,2.6667,2.6923,39,6,3,1,0.65,2.8919,2.8108,37,21,31,2.7742,2.5161,21,32,2.9375,2.875,1,0.0,5.0,1,5.0,0.0,0,2,2,2,nhl-nyi,"{""common_opponents"": 1, ""games_played"": 1, ""head_to_head"": 1, ""home_advantage"": 1, ""last10_form"": 1, ""season_scoring"": 1, ""travel_km"": 1}"
2025020589,NHL,20252026,regular,2025-12-27,2025-12-27,nhl-bos,nhl-buf,final,,,38,36,,,0.25,,,,,641.7,357.7,5,4,1,0.55,3.2105,3.3158,38,7,3,0,0.7,3.1111,3.25,36,18,30,3.2,3.2333,18,27,3.2222,2.963,2,3.5,2.0,2,2.0,3.5,1,4,5,3,nhl-buf,"{""common_opponents"": 1, ""games_played"": 1, ""head_to_head"": 1, ""home_advantage"": 1, ""last10_form"": 1, ""season_scoring"": 1, ""travel_km"": 1}"
2025020590,NHL,20252026,regular,2025-12-27,2025-12-27,nhl-ott,nhl-tor,final,,,36,36,,,0.25,,,,,329.8,0.0,5,4,1,0.55,3.3056,3.1389,36,4,4,2,0.5,3.1944,3.3611,36,21,31,3.3226,3.1613,21,32,3.1562,3.3125,,,,,,,5,7,12,2,nhl-tor,"{""common_opponents"": 1, ""games_played"": 1, ""head_to_head"": 1, ""home_advantage"": 1, ""last10_form"": 1, ""season_scoring"": 1, ""travel_km"": 1}"
2025020591,NHL,20252026,regular,2025-12-27,2025-12-27,nhl-tbl,nhl-fla,final,,,36,36,,,0.25,,,,,289.3,1083.2,4,5,1,0.45,3.25,2.6389,36,8,2,0,0.8,3.25,3.1667,36,23,31,3.1935,2.5806,23,32,3.4375,3.2188,2,2.5,3.0,2,3.0,2.5,4,2,6,-2,nhl-tbl,"{""common_opponents"": 1, ""games_played"": 1, ""head_to_head"": 1, ""home_advantage"": 1, ""last10_form"": 1, ""season_scoring"": 1, ""travel_km"": 1}"
2025020592,NHL,20252026,regular,2025-12-27,2025-12-27,nhl-wsh,nhl-njd,final,,,37,37,,,0.25,,,,,317.6,37.5,3,4,3,0.45,3.1622,2.7838,37,4,6,0,0.4,2.7838,2.973,37,20,31,3.2903,2.7097,20,28,2.7857,2.7857,1,2.0,3.0,1,3.0,2.0,4,3,7,-1,nhl-wsh,"{""common_opponents"": 1, ""games_played"": 1, ""head_to_head"": 1, ""home_advantage"": 1, ""last10_form"": 1, ""season_scoring"": 1, ""travel_km"": 1}"
2025020593,NHL,20252026,regular,2025-12-27,2025-12-27,nhl-det,nhl-car,final,,,38,36,,,0.25,,,,,817.3,0.0,8,2,0,0.8,3.1579,3.2105,38,6,3,1,0.65,3.3611,2.9444,36,19,30,3.1333,3.2333,19,28,3.1786,2.9643,,,,,,,2,5,7,3,nhl-car,"{""common_opponents"": 1, ""games_played"": 1, ""head_to_head"": 1, ""home_advantage"": 1, ""last10_form"": 1, ""season_scoring"": 1, ""travel_km"": 1}"
2025020594,NHL,20252026,regular,2025-12-27,2025-12-27,nhl-min,nhl-wpg,final,,,38,35,,,0.25,,,,,628.4,1531.4,7,2,1,0.75,3.0789,2.6053,38,2,5,3,0.35,2.9429,3.0571,35,22,33,3.1515,2.6667,22,32,3.0312,3.0625,2,3.0,2.0,2,2.0,3.0,4,3,7,-1,nhl-min,"{""common_opponents"": 1, ""games_played"": 1, ""head_to_head"": 1, ""home_advantage"": 1, ""last10_form"": 1, ""season_scoring"": 1, ""travel_km"": 1}"
2025020595,NHL,20252026,regular,2025-12-27,2025-12-27,nhl-nsh,nhl-stl,final,,,36,38,,,0.25,,,,,742.3,1388.1,7,3,0,0.7,2.8611,3.3611,36,5,4,1,0.55,2.5,3.4474,38,19,29,2.7931,3.3448,19,27,2.6667,3.2963,2,6.0,2.0,2,2.0,6.0,2,3,5,1,nhl-stl,"{""common_opponents"": 1, ""games_played"": 1, ""head_to_head"": 1, ""home_advantage"": 1, ""last10_form"": 1, ""season_scoring"": 1, ""travel_km"": 1}"
2025020596,NHL,20252026,regular,2025-12-27,2025-12-27,nhl-chi,nhl-dal,final,,,36,38,,,0.25,,,,,1292.2,1608.0,2,8,0,0.2,2.75,3.1667,36,7,2,1,0.75,3.5789,2.6579,38,21,33,2.7273,2.9394,21,31,3.7742,2.7419,,,,,,,4,3,7,-1,nhl-chi,"{""common_opponents"": 1, ""games_played"": 1, ""head_to_head"": 1, ""home_advantage"": 1, ""last10_form"": 1, ""season_scoring"": 1, ""travel_km"": 1}"
2025020597,NHL,20252026,regular,2025-12-27,2025-12-27,nhl-ana,nhl-lak,final,,,37,36,,,0.25,,,,,44.5,0.0,5,4,1,0.55,3.4865,3.4054,37,3,5,2,0.4,2.5278,2.6667,36,22,34,3.4706,3.4118,22,32,2.4062,2.6562,1,5.0,4.0,1,4.0,5.0,1,6,7,5,nhl-lak,"{""common_opponents"": 1, ""games_played"": 1, ""head_to_head"": 1, ""home_advantage"": 1, ""last10_form"": 1, ""season_scoring"": 1, ""travel_km"": 1}"
2025020598,NHL,20252026,regular,2025-12-27,2025-12-27,nhl-edm,nhl-cgy,final,,,38,37,,,0.25,,,,,281.6,281.6,7,2,1,0.75,3.4211,3.3684,38,6,4,0,0.6,2.6486,3.0541,37,20,30,3.4333,3.1,20,30,2.7667,2.9667,2,4.0,2.5,2,2.5,4.0,2,3,5,1,nhl-cgy,"{""common_opponents"": 1, ""games_played"": 1, ""head_to_head"": 1, ""home_advantage"": 1, ""last10_form"": 1, ""season_scoring"": 1, ""travel_km"": 1}"
2025020599,NHL,20252026,regular,2025-12-27,2025-12-27,nhl-sjs,nhl-van,final,,,37,36,,,0.25,,,,,1599.8,3866.2,4,6,0,0.4,2.9459,3.4865,37,5,5,0,0.5,2.8611,3.3889,36,18,28,3.0,3.5,18,23,2.7826,3.4783,1,3.0,2.0,1,2.0,3.0,6,3,9,-3,nhl-sjs,"{""common_opponents"": 1, ""games_played"": 1, ""head_to_head"": 1, ""home_advantage"": 1, ""last10_form"": 1, ""season_scoring"": 1, ""travel_km"": 1}"
2025020600,NHL,20252026,regular,2025-12-27,2025-12-27,nhl-col,nhl-vgk,final,,,36,35,,,0.25,,,,,979.1,0.0,8,1,1,0.85,3.9444,2.2222,36,6,2,2,0.7,3.1429,2.9714,35,18,26,4.0,2.1538,18,28,3.1071,3.0714,1,4.0,2.0,1,2.0,4.0,6,5,11,-1,nhl-col,"{""common_opponents"": 1, ""games_played"": 1, ""head_to_head"": 1, ""home_advantage"": 1, ""last10_form"": 1, ""season_scoring"": 1, ""travel_km"": 1}"
2025020601,NHL,20252026,regular,2025-12-28,2025-12-28,nhl-tor,nhl-det,final,,,37,39,,,0.25,,,,,332.2,817.3,4,4,2,0.5,3.2973,3.4054,37,7,3,0,0.7,3.1282,3.2564,39,20,30,2.9333,3.4,20,30,3.2,3.3,2,2.5,4.5,2,4.5,2.5,2,3,5,1,nhl-det,"{""common_opponents"": 1, ""games_played"": 1, ""head_to_head"": 1, ""home_advantage"": 1, ""last10_form"": 1, ""season_scoring"": 1, ""travel_km"": 1}"
2025020602,NHL,20252026,regular,2025-12-28,2025-12-28,nhl-mtl,nhl-tbl,final,,,37,37,,,0.25,,,,,1905.0,289.3,5,3,2,0.6,3.3243,3.3514,37,5,4,1,0.55,3.2703,2.6216,37,21,32,3.3125,3.3438,21,28,3.3214,2.6429,1,1.0,6.0,1,6.0,1.0,4,5,9,1,nhl-tbl,"{""common_opponents"": 1, ""games_played"": 1, ""head_to_head"": 1, ""home_advantage"": 1, ""last10_form"": 1, ""season_scoring"": 1, ""travel_km"": 1}"
2025020603,NHL,20252026,regular,2025-12-28,2025-12-28,nhl-nyi,nhl-cbj,final,,,38,36,,,0.25,,,,,790.4,3178.0,6,3,1,0.65,2.8684,2.7368,38,3,6,1,0.35,3.0,3.4722,36,20,30,2.9,2.5667,20,28,3.1071,3.7143,1,3.0,2.0,1,2.0,3.0,2,4,6,2,nhl-cbj,"{""common_opponents"": 1, ""games_played"": 1, ""head_to_head"": 1, ""home_advantage"": 1, ""last10_form"": 1, ""season_scoring"": 1, ""travel_km"": 1}"
2025020604,NHL,20252026,regular,2025-12-28,2025-12-28,nhl-pit,nhl-chi,final,,,36,37,,,0.25,,,,,704.6,1292.2,1,5,4,0.3,3.0556,3.3056,36,2,8,0,0.2,2.7838,3.1622,37,20,30,2.8333,3.3,20,30,2.7667,3.3667,,,,,,,7,3,10,-4,nhl-pit,"{""common_opponents"": 1, ""games_played"": 1, ""head_to_head"": 1, ""home_advantage"": 1, ""last10_form"": 1, ""season_scoring"": 1, ""travel_km"": 1}"
2025020605,NHL,20252026,regular,2025-12-28,2025-12-28,nhl-phi,nhl-sea,final,,,36,35,,,0.25,,,,,2787.1,1548.0,4,2,4,0.6,3.0833,2.8333,36,4,6,0,0.4,2.5429,3.0571,35,17,23,2.8261,3.0435,17,25,2.6,3.08,1,5.0,2.0,1,2.0,5.0,1,4,5,3,nhl-sea,"{""common_opponents"": 1, ""games_played"": 1, ""head_to_head"": 1, ""home_advantage"": 1, ""last10_form"": 1, ""season_scoring"": 1, ""travel_km"": 1}"
2025020606,NHL,20252026,regular,2025-12-29,2025-12-29,nhl-cbj,nhl-ott,final,,,37,37,,,0.25,,,,,827.8,329.8,3,6,1,0.35,3.027,3.4324,37,5,4,1,0.55,3.3514,3.2432,37,21,31,3.0645,3.2258,21,26,2.9615,3.4231,1,3.0,6.0,1,6.0,3.0,4,1,5,-3,nhl-cbj,"{""common_opponents"": 1, ""games_played"": 1, ""head_to_head"": 1, ""home_advantage"": 1, ""last10_form"": 1, ""season_scoring"": 1, ""travel_km"": 1}"
2025020607,NHL,20252026,regular,2025-12-29,2025-12-29,nhl-wsh,nhl-fla,final,,,38,37,,,0.25,,,,,1717.1,0.0,3,4,3,0.45,3.1842,2.7895,38,7,3,0,0.7,3.2162,3.1892,37,18,29,3.1724,2.5517,18,25,3.2,3.28,1,3.0,6.0,1,6.0,3.0,3,5,8,2,nhl-fla,"{""common_opponents"": 1, ""games_played"": 1, ""head_to_head"": 1, ""home_advantage"": 1, ""last10_form"": 1, ""season_scoring"": 1, ""travel_km"": 1}"
2025020608,NHL,20252026,regular,2025-12-29,2025-12-29,nhl-nyr,nhl-car,final,,,40,37,,,0.25,,,,,698.4,0.0,4,5,1,0.45,2.6,2.675,40,6,3,1,0.65,3.4054,2.9189,37,19,28,2.5357,2.7857,19,29,3.3448,2.931,2,2.0,2.5,2,2.5,2.0,2,3,5,1,nhl-car,"{""common_opponents"": 1, ""games_played"": 1, ""head_to_head"": 1, ""home_advantage"": 1, ""last10_form"": 1, ""season_scoring"": 1, ""travel_km"": 1}"
2025020609,NHL,20252026,regular,2025-12-29,2025-12-29,nhl-edm,nhl-wpg,final,,,39,36,,,0.25,,,,,1200.9,0.0,6,3,1,0.65,3.3846,3.359,39,2,5,3,0.35,2.9444,3.0833,36,19,29,3.2759,3.5862,19,29,3.1034,3.1379,1,6.0,2.0,1,2.0,6.0,3,1,4,-2,nhl-edm,"{""common_opponents"": 1, ""games_played"": 1, ""head_to_head"": 1, ""home_advantage"": 1, ""last10_form"": 1, ""season_scoring"": 1, ""travel_km"": 1}"
2025020610,NHL,20252026,regular,2025-12-29,2025-12-29,nhl-buf,nhl-stl,final,,,37,39,,,0.25,,,,,1063.4,0.0,8,2,0,0.8,3.1351,3.1892,37,5,4,1,0.55,2.5128,3.4103,39,21,32,3.2812,3.0938,21,30,2.7,3.4667,1,0.0,3.0,1,3.0,0.0,4,2,6,-2,nhl-buf,"{""common_opponents"": 1, ""games_played"": 1, ""head_to_head"": 1, ""home_advantage"": 1, ""last10_form"": 1, ""season_scoring"": 1, ""travel_km"": 1}"
2025020611,NHL,20252026,regular,2025-12-29,2025-12-29,nhl-lak,nhl-col,final,,,37,37,,,0.25,,,,,1337.0,979.1,4,4,2,0.5,2.6216,2.6216,37,9,0,1,0.95,4.0,2.2973,37,18,26,2.9231,2.7308,18,28,3.8214,2.3214,1,1.0,4.0,1,4.0,1.0,2,5,7,3,nhl-col,"{""common_opponents"": 1, ""games_played"": 1, ""head_to_head"": 1, ""home_advantage"": 1, ""last10_form"": 1, ""season_scoring"": 1, ""travel_km"": 1}"
2025020612,NHL,20252026,regular,2025-12-29,2025-12-29,nhl-nsh,nhl-uta,final,,,37,39,,,0.25,,,,,1866.8,595.7,6,4,0,0.6,2.8378,3.3514,37,4,6,0,0.4,2.9744,2.8718,39,18,31,3.0645,3.3226,18,25,2.96,2.8,1,2.0,3.0,1,3.0,2.0,4,3,7,-1,nhl-nsh,"{""common_opponents"": 1, ""games_played"": 1, ""head_to_head"": 1, ""home_advantage"": 1, ""last10_form"": 1, ""season_scoring"": 1, ""travel_km"": 1}"
2025020613,NHL,20252026,regular,2025-12-29,2025-12-29,nhl-bos,nhl-cgy,final,,,39,38,,,0.25,,,,,2788.7,0.0,4,5,1,0.45,3.1538,3.3333,39,7,3,0,0.7,2.6579,3.0263,38,19,30,3.0667,3.5,19,32,2.625,3.125,,,,,,,1,2,3,1,nhl-cgy,"{""common_opponents"": 1, ""games_played"": 1, ""head_to_head"": 1, ""home_advantage"": 1, ""last10_form"": 1, ""season_scoring"": 1, ""travel_km"": 1}"
2025020614,NHL,20252026,regular,2025-12-29,2025-12-29,nhl-min,nhl-vgk,final,,,39,36,,,0.25,,,,,2111.0,0.0,8,1,1,0.85,3.1026,2.6154,39,5,2,3,0.65,3.1944,3.0556,36,18,24,3.125,2.625,18,29,3.6207,3.069,1,3.0,2.0,1,2.0,3.0,5,2,7,-3,nhl-min,"{""common_opponents"": 1, ""games_played"": 1, ""head_to_head"": 1, ""home_advantage"": 1, ""last10_form"": 1, ""season_scoring"": 1, ""travel_km"": 1}"
2025020615,NHL,20252026,regular,2025-12-29,2025-12-29,nhl-sjs,nhl-ana,final,,,38,38,,,0.25,,,,,1773.3,44.5,5,5,0,0.5,3.0263,3.4737,38,4,5,1,0.45,3.4211,3.4737,38,19,33,3.0,3.4545,19,29,3.2069,3.5862,1,6.0,7.0,1,7.0,6.0,5,4,9,-1,nhl-sjs,"{""common_opponents"": 1, ""games_played"": 1, ""head_to_head"": 1, ""home_advantage"": 1, ""last10_form"": 1, ""season_scoring"": 1, ""travel_km"": 1}"
2025020616,NHL,20252026,regular,2025-12-29,2025-12-29,nhl-van,nhl-sea,final,,,37,36,,,0.25,,,,,192.3,0.0,5,5,0,0.5,2.8649,3.4595,37,5,5,0,0.5,2.5833,3.0,36,21,30,2.6333,3.4333,21,33,2.5455,3.0303,,,,,,,3,2,5,-1,nhl-van,"{""common_opponents"": 1, ""games_played"": 1, ""head_to_head"": 1, ""home_advantage"": 1, ""last10_form"": 1, ""season_scoring"": 1, ""travel_km"": 1}"
2025020617,NHL,20252026,regular,2025-12-30,2025-12-30,nhl-njd,nhl-tor,final,,,38,38,,,0.25,,,,,537.2,332.2,4,5,1,0.45,2.7895,3.0,38,4,4,2,0.5,3.2632,3.3947,38,19,27,2.8889,3.1111,19,32,3.2188,3.3438,1,5.0,2.0,1,2.0,5.0,0,4,4,4,nhl-tor,"{""common_opponents"": 1, ""games_played"": 1, ""head_to_head"": 1, ""home_advantage"": 1, ""last10_form"": 1, ""season_scoring"": 1, ""travel_km"": 1}"
2025020618,NHL,20252026,regular,2025-12-30,2025-12-30,nhl-mtl,nhl-fla,final,,,38,38,,,0.25,,,,,289.3,0.0,5,2,3,0.65,3.3421,3.3947,38,7,3,0,0.7,3.2632,3.1842,38,22,33,3.2727,3.3636,22,32,3.2812,3.1875,,,,,,,3,2,5,-1,nhl-mtl,"{""common_opponents"": 1, ""games_played"": 1, ""head_to_head"": 1, ""home_advantage"": 1, ""last10_form"": 1, ""season_scoring"": 1, ""travel_km"": 1}"
2025020619,NHL,20252026,regular,2025-12-30,2025-12-30,nhl-car,nhl-pit,final,,,38,37,,,0.25,,,,,527.3,662.7,7,2,1,0.75,3.3947,2.8947,38,2,5,3,0.35,3.1622,3.2973,37,19,31,3.5484,2.9355,19,29,3.1724,3.2069,,,,,,,1,5,6,4,nhl-pit,"{""common_opponents"": 1, ""games_played"": 1, ""head_to_head"": 1, ""home_advantage"": 1, ""last10_form"": 1, ""season_scoring"": 1, ""travel_km"": 1}"
2025020620,NHL,20252026,regular,2025-12-30,2025-12-30,nhl-nyi,nhl-chi,final,,,39,38,,,0.25,,,,,446.0,0.0,5,4,1,0.55,2.8462,2.7692,39,2,8,0,0.2,2.7895,3.2632,38,21,32,2.9375,2.625,21,28,2.9643,3.4286,,,,,,,3,2,5,-1,nhl-nyi,"{""common_opponents"": 1, ""games_played"": 1, ""head_to_head"": 1, ""home_advantage"": 1, ""last10_form"": 1, ""season_scoring"": 1, ""travel_km"": 1}"
2025020621,NHL,20252026,regular,2025-12-30,2025-12-30,nhl-phi,nhl-van,final,,,37,38,,,0.25,,,,,192.3,192.3,4,2,4,0.6,3.027,2.8649,37,6,4,0,0.6,2.8684,3.4211,38,20,32,3.125,2.8438,20,30,2.9,3.3667,1,5.0,2.0,1,2.0,5.0,6,3,9,-3,nhl-phi,"{""common_opponents"": 1, ""games_played"": 1, ""head_to_head"": 1, ""home_advantage"": 1, ""last10_form"": 1, ""season_scoring"": 1, ""travel_km"": 1}"
2025020622,NHL,20252026,regular,2025-12-31,2025-12-31,nhl-nyr,nhl-wsh,final,,,41,39,,,0.25,,,,,375.5,1449.8,4,5,1,0.45,2.5854,2.6829,41,3,5,2,0.4,3.1795,2.8462,39,19,29,2.5862,2.4483,19,29,3.3793,2.6552,2,3.5,2.0,2,2.0,3.5,3,6,9,3,nhl-wsh,"{""common_opponents"": 1, ""games_played"": 1, ""head_to_head"": 1, ""home_advantage"": 1, ""last10_form"": 1, ""season_scoring"": 1, ""travel_km"": 1}"
2025020623,NHL,20252026,regular,2025-12-31,2025-12-31,nhl-nsh,nhl-vgk,final,,,38,37,,,0.25,,,,,592.0,0.0,7,3,0,0.7,2.8684,3.3421,38,4,3,3,0.55,3.1622,3.1081,37,17,28,2.9643,3.1786,17,27,3.0,3.1481,,,,,,,4,2,6,-2,nhl-nsh,"{""common_opponents"": 1, ""games_played"": 1, ""head_to_head"": 1, ""home_advantage"": 1, ""last10_form"": 1, ""season_scoring"": 1, ""travel_km"": 1}"
2025020624,NHL,20252026,regular,2025-12-31,2025-12-31,nhl-tbl,nhl-ana,final,,,38,39,,,0.25,,,,,3425.8,0.0,6,3,1,0.65,3.3158,2.6579,38,3,6,1,0.35,3.4359,3.5128,39,20,31,3.2581,2.871,20,32,3.5625,3.5312,1,4.0,3.0,1,3.0,4.0,4,3,7,-1,nhl-tbl,"{""common_opponents"": 1, ""games_played"": 1, ""head_to_head"": 1, ""home_advantage"": 1, ""last10_form"": 1, ""season_scoring"": 1, ""travel_km"": 1}"
2025020625,NHL,20252026,regular,2025-12-31,2025-12-31,nhl-min,nhl-sjs,final,,,40,39,,,0.25,,,,,614.5,534.8,8,1,1,0.85,3.15,2.6,40,6,4,0,0.6,3.0769,3.4872,39,19,29,3.069,2.5517,19,34,3.0588,3.6471,2,3.0,4.0,2,4.0,3.0,3,4,7,1,nhl-sjs,"{""common_opponents"": 1, ""games_played"": 1, ""head_to_head"": 1, ""home_advantage"": 1, ""last10_form"": 1, ""season_scoring"": 1, ""travel_km"": 1}"
2025020626,NHL,20252026,regular,2025-12-31,2025-12-31,nhl-wpg,nhl-det,final,,,37,40,,,0.25,,,,,1368.9,0.0,1,6,3,0.25,2.8919,3.0811,37,7,3,0,0.7,3.125,3.225,40,19,30,2.8667,3.1333,19,30,3.2667,3.4667,,,,,,,1,2,3,1,nhl-det,"{""common_opponents"": 1, ""games_played"": 1, ""head_to_head"": 1, ""home_advantage"": 1, ""last10_form"": 1, ""season_scoring"": 1, ""travel_km"": 1}"
2025020627,NHL,20252026,regular,2025-12-31,2025-12-31,nhl-njd,nhl-cbj,final,,,39,38,,,0.25,,,,,507.1,827.8,4,5,1,0.45,2.7179,3.0256,39,4,6,0,0.4,3.0526,3.3684,38,20,30,2.7333,2.8667,20,31,3.2903,3.4516,2,3.0,3.5,2,3.5,3.0,3,2,5,-1,nhl-njd,"{""common_opponents"": 1, ""games_played"": 1, ""head_to_head"": 1, ""home_advantage"": 1, ""last10_form"": 1, ""season_scoring"": 1, ""travel_km"": 1}"
2025020628,NHL,20252026,regular,2025-12-31,2025-12-31,nhl-buf,nhl-dal,final,,,38,39,,,0.25,,,,,881.0,0.0,9,1,0,0.9,3.1579,3.1579,38,6,2,2,0.7,3.5641,2.6923,39,23,35,3.2,3.2,23,30,3.4,2.6333,,,,,,,4,1,5,-3,nhl-buf,"{""common_opponents"": 1, ""games_played"": 1, ""head_to_head"": 1, ""home_advantage"": 1, ""last10_form"": 1, ""season_scoring"": 1, ""travel_km"": 1}"
2025020629,NHL,20252026,regular,2025-12-31,2025-12-31,nhl-stl,nhl-col,final,,,40,38,,,0.25,,,,,1280.6,0.0,4,5,1,0.45,2.5,3.425,40,9,0,1,0.95,4.0263,2.2895,38,22,31,2.4194,3.3226,22,35,4.0286,2.2571,,,,,,,1,6,7,5,nhl-col,"{""common_opponents"": 1, ""games_played"": 1, ""head_to_head"": 1, ""home_advantage"": 1, ""last10_form"": 1, ""season_scoring"": 1, ""travel_km"": 1}"
2025020630,NHL,20252026,regular,2025-12-31,2025-12-31,nhl-phi,nhl-cgy,final,,,38,39,,,0.25,,,,,673.7,0.0,4,2,4,0.6,3.1053,2.8684,38,7,3,0,0.7,2.641,2.9744,39,19,30,3.0667,2.8333,19,32,2.6875,3.2812,1,1.0,2.0,1,2.0,1.0,1,5,6,4,nhl-cgy,"{""common_opponents"": 1, ""games_played"": 1, ""head_to_head"": 1, ""home_advantage"": 1, ""last10_form"": 1, ""season_scoring"": 1, ""travel_km"": 1}"
2025020631,NHL,20252026,regular,2025-12-31,2025-12-31,nhl-bos,nhl-edm,final,,,40,40,,,0.25,,,,,281.6,1194.3,3,5,2,0.4,3.1,3.3,40,7,3,0,0.7,3.375,3.3,40,21,35,3.2,3.2571,21,30,3.1333,3.2667,1,1.0,3.0,1,3.0,1.0,6,2,8,-4,nhl-bos,"{""common_opponents"": 1, ""games_played"": 1, ""head_to_head"": 1, ""home_advantage"": 1, ""last10_form"": 1, ""season_scoring"": 1, ""travel_km"": 1}"
2025020632,NHL,20252026,regular,2026-01-01,2026-01-01,nhl-wsh,nhl-ott,final,,,40,38,,,0.25,,,,,717.2,0.0,3,5,2,0.4,3.25,2.85,40,5,4,1,0.55,3.2895,3.2632,38,20,34,3.4118,2.6765,20,29,3.1379,3.3448,1,1.0,7.0,1,7.0,1.0,3,4,7,1,nhl-ott,"{""common_opponents"": 1, ""games_played"": 1, ""head_to_head"": 1, ""home_advantage"": 1, ""last10_form"": 1, ""season_scoring"": 1, ""travel_km"": 1}"
2025020633,NHL,20252026,regular,2026-01-01,2026-01-01,nhl-uta,nhl-nyi,final,,,40,40,,,0.25,,,,,3190.2,1171.0,4,6,0,0.4,2.975,2.9,40,6,3,1,0.65,2.85,2.75,40,21,31,3.1613,2.7419,21,31,2.9677,2.5484,1,2.0,3.0,1,3.0,2.0,7,2,9,-5,nhl-uta,"{""common_opponents"": 1, ""games_played"": 1, ""head_to_head"": 1, ""home_advantage"": 1, ""last10_form"": 1, ""season_scoring"": 1, ""travel_km"": 1}"
2025020634,NHL,20252026,regular,2026-01-01,2026-01-01,nhl-wpg,nhl-tor,final,,,38,39,,,0.25,,,,,332.2,0.0,1,6,3,0.25,2.8421,3.0526,38,4,4,2,0.5,3.2821,3.3077,39,20,31,2.8387,3.0323,20,34,3.3529,3.5882,,,,,,,5,6,11,1,nhl-tor,"{""common_opponents"": 1, ""games_played"": 1, ""head_to_head"": 1, ""home_advantage"": 1, ""last10_form"": 1, ""season_scoring"": 1, ""travel_km"": 1}"
2025020635,NHL,20252026,regular,2026-01-01,2026-01-01,nhl-det,nhl-pit,final,,,41,38,,,0.25,,,,,331.8,0.0,7,3,0,0.7,3.0976,3.1707,41,3,5,2,0.4,3.2105,3.2368,38,23,37,3.1351,3.2162,23,33,3.3636,3.303,,,,,,,3,4,7,1,nhl-pit,"{""common_opponents"": 1, ""games_played"": 1, ""head_to_head"": 1, ""home_advantage"": 1, ""last10_form"": 1, ""season_scoring"": 1, ""travel_km"": 1}"
2025020636,NHL,20252026,regular,2026-01-01,2026-01-01,nhl-mtl,nhl-car,final,,,39,39,,,0.25,,,,,1083.2,527.3,6,1,3,0.75,3.3333,3.359,39,6,3,1,0.65,3.3333,2.9487,39,21,30,3.1667,3.4667,21,33,3.2424,3.0303,,,,,,,7,5,12,-2,nhl-mtl,"{""common_opponents"": 1, ""games_played"": 1, ""head_to_head"": 1, ""home_advantage"": 1, ""last10_form"": 1, ""season_scoring"": 1, ""travel_km"": 1}"
2025020637,NHL,20252026,regular,2026-01-01,2026-01-01,nhl-dal,nhl-chi,final,,,40,39,,,0.25,,,,,1292.2,0.0,5,3,2,0.6,3.5,2.725,40,2,7,1,0.25,2.7692,3.2564,39,24,34,3.6176,2.7647,24,36,2.7222,3.2222,1,3.0,4.0,1,4.0,3.0,3,4,7,1,nhl-chi,"{""common_opponents"": 1, ""games_played"": 1, ""head_to_head"": 1, ""home_advantage"": 1, ""last10_form"": 1, ""season_scoring"": 1, ""travel_km"": 1}"
2025020638,NHL,20252026,regular,2026-01-01,2026-01-01,nhl-nsh,nhl-sea,final,,,39,37,,,0.25,,,,,1410.5,0.0,7,3,0,0.7,2.8974,3.3077,39,5,4,1,0.55,2.5676,3.0,37,20,34,3.0,3.0882,20,28,2.75,2.8214,,,,,,,1,4,5,3,nhl-sea,"{""common_opponents"": 1, ""games_played"": 1, ""head_to_head"": 1, ""home_advantage"": 1, ""last10_form"": 1, ""season_scoring"": 1, ""travel_km"": 1}"
2025020639,NHL,20252026,regular,2026-01-01,2026-01-01,nhl-tbl,nhl-lak,final,,,39,38,,,0.25,,,,,44.5,1337.0,7,2,1,0.75,3.3333,2.6667,39,3,5,2,0.4,2.6053,2.6842,38,21,31,3.6774,2.7742,21,30,2.6,2.7,1,1.0,2.0,1,2.0,1.0,5,3,8,-2,nhl-tbl,"{""common_opponents"": 1, ""games_played"": 1, ""head_to_head"": 1, ""home_advantage"": 1, ""last10_form"": 1, ""season_scoring"": 1, ""travel_km"": 1}"
2025020640,NHL,20252026,regular,2026-01-02,2026-01-02,nhl-vgk,nhl-stl,final,,,38,41,,,0.25,,,,,2218.1,1280.6,3,4,3,0.45,3.1316,3.1316,38,4,5,1,0.45,2.4634,3.4878,41,21,32,2.8125,3.3125,21,31,2.4839,3.6452,1,4.0,1.0,1,1.0,4.0,3,4,7,1,nhl-stl,"{""common_opponents"": 1, ""games_played"": 1, ""head_to_head"": 1, ""home_advantage"": 1, ""last10_form"": 1, ""season_scoring"": 1, ""travel_km"": 1}"
2025020641,NHL,20252026,regular,2026-01-02,2026-01-02,nhl-nyr,nhl-fla,final,,,42,39,,,0.25,,,,,1449.8,0.0,4,5,1,0.45,2.5952,2.7619,42,6,3,1,0.65,3.2308,3.1795,39,25,40,2.625,2.775,25,35,3.3143,3.3429,,,,,,,5,1,6,-4,nhl-nyr,"{""common_opponents"": 1, ""games_played"": 1, ""head_to_head"": 1, ""home_advantage"": 1, ""last10_form"": 1, ""season_scoring"": 1, ""travel_km"": 1}"
2025020642,NHL,20252026,regular,2026-01-02,2026-01-02,nhl-sea,nhl-van,final,,,38,39,,,0.25,,,,,192.3,0.0,5,4,1,0.55,2.6053,2.9474,38,5,5,0,0.5,2.8718,3.4872,39,22,34,2.5882,2.9706,22,33,2.6667,3.4848,1,2.0,3.0,1,3.0,2.0,4,3,7,-1,nhl-sea,"{""common_opponents"": 1, ""games_played"": 1, ""head_to_head"": 1, ""home_advantage"": 1, ""last10_form"": 1, ""season_scoring"": 1, ""travel_km"": 1}"
2025020643,NHL,20252026,regular,2026-01-02,2026-01-02,nhl-min,nhl-ana,final,,,41,40,,,0.25,,,,,534.8,0.0,7,1,2,0.8,3.1463,2.6341,41,2,6,2,0.3,3.425,3.525,40,21,34,3.3824,2.8529,21,33,3.4242,3.5758,1,2.0,0.0,1,0.0,2.0,5,2,7,-3,nhl-min,"{""common_opponents"": 1, ""games_played"": 1, ""head_to_head"": 1, ""home_advantage"": 1, ""last10_form"": 1, ""season_scoring"": 1, ""travel_km"": 1}"
2025020644,NHL,20252026,regular,2026-01-03,2026-01-03,nhl-pit,nhl-det,final,,,39,42,,,0.25,,,,,331.8,331.8,4,4,2,0.5,3.2308,3.2308,39,7,2,1,0.75,3.0952,3.1905,42,23,33,3.3636,3.303,23,37,3.1351,3.2162,1,4.0,3.0,1,3.0,4.0,4,1,5,-3,nhl-pit,"{""common_opponents"": 1, ""games_played"": 1, ""head_to_head"": 1, ""home_advantage"": 1, ""last10_form"": 1, ""season_scoring"": 1, ""travel_km"": 1}"
2025020645,NHL,20252026,regular,2026-01-03,2026-01-03,nhl-uta,nhl-njd,final,,,41,40,,,0.25,,,,,37.5,753.2,5,5,0,0.5,3.0732,2.878,41,4,5,1,0.45,2.725,3.0,40,21,32,3.1562,3.0312,21,31,2.6774,2.8065,1,1.0,2.0,1,2.0,1.0,1,4,5,3,nhl-njd,"{""common_opponents"": 1, ""games_played"": 1, ""head_to_head"": 1, ""home_advantage"": 1, ""last10_form"": 1, ""season_scoring"": 1, ""travel_km"": 1}"
2025020646,NHL,20252026,regular,2026-01-03,2026-01-03,nhl-buf,nhl-cbj,final,,,39,39,,,0.25,,,,,1468.5,0.0,10,0,0,1.0,3.1795,3.1026,39,4,6,0,0.4,3.0256,3.359,39,20,30,3.1333,3.0333,20,32,3.0625,3.5312,1,3.0,4.0,1,4.0,3.0,1,5,6,4,nhl-cbj,"{""common_opponents"": 1, ""games_played"": 1, ""head_to_head"": 1, ""home_advantage"": 1, ""last10_form"": 1, ""season_scoring"": 1, ""travel_km"": 1}"
2025020647,NHL,20252026,regular,2026-01-03,2026-01-03,nhl-phi,nhl-edm,final,,,39,41,,,0.25,,,,,281.6,0.0,4,3,3,0.55,3.0513,2.9231,39,6,4,0,0.6,3.3415,3.3659,41,21,35,3.0571,3.1143,21,32,3.2812,3.3125,1,1.0,2.0,1,2.0,1.0,5,2,7,-3,nhl-phi,"{""common_opponents"": 1, ""games_played"": 1, ""head_to_head"": 1, ""home_advantage"": 1, ""last10_form"": 1, ""season_scoring"": 1, ""travel_km"": 1}"
2025020648,NHL,20252026,regular,2026-01-03,2026-01-03,nhl-mtl,nhl-stl,final,,,40,42,,,0.25,,,,,1063.2,0.0,6,1,3,0.75,3.425,3.4,40,5,4,1,0.55,2.5,3.4762,42,25,38,3.3421,3.3421,25,38,2.5789,3.5,1,3.0,4.0,1,4.0,3.0,0,2,2,2,nhl-stl,"{""common_opponents"": 1, ""games_played"": 1, ""head_to_head"": 1, ""home_advantage"": 1, ""last10_form"": 1, ""season_scoring"": 1, ""travel_km"": 1}"
2025020649,NHL,20252026,regular,2026-01-03,2026-01-03,nhl-tbl,nhl-sjs,final,,,40,40,,,0.25,,,,,491.4,0.0,7,2,1,0.75,3.375,2.675,40,6,4,0,0.6,3.1,3.475,40,20,33,3.303,2.7879,20,33,3.0606,3.6364,,,,,,,7,3,10,-4,nhl-tbl,"{""common_opponents"": 1, ""games_played"": 1, ""head_to_head"": 1, ""home_advantage"": 1, ""last10_form"": 1, ""season_scoring"": 1, ""travel_km"": 1}"
2025020650,NHL,20252026,regular,2026-01-03,2026-01-03,nhl-wpg,nhl-ott,final,,,39,39,,,0.25,,,,,329.8,0.0,1,6,3,0.25,2.8974,3.1282,39,6,3,1,0.65,3.3077,3.2564,39,21,33,3.0,3.0909,21,33,3.3333,3.1515,1,2.0,3.0,1,3.0,2.0,2,4,6,2,nhl-ott,"{""common_opponents"": 1, ""games_played"": 1, ""head_to_head"": 1, ""home_advantage"": 1, ""last10_form"": 1, ""season_scoring"": 1, ""travel_km"": 1}"
2025020651,NHL,20252026,regular,2026-01-03,2026-01-03,nhl-tor,nhl-nyi,final,,,40,41,,,0.25,,,,,568.2,0.0,5,4,1,0.55,3.35,3.35,40,5,4,1,0.55,2.8293,2.8537,41,21,33,3.303,3.303,21,34,2.7059,2.7059,,,,,,,3,4,7,1,nhl-nyi,"{""common_opponents"": 1, ""games_played"": 1, ""head_to_head"": 1, ""home_advantage"": 1, ""last10_form"": 1, ""season_scoring"": 1, ""travel_km"": 1}"
2025020652,NHL,20252026,regular,2026-01-03,2026-01-03,nhl-chi,nhl-wsh,final,,,40,41,,,0.25,,,,,960.5,717.2,2,7,1,0.25,2.8,3.25,40,3,6,1,0.35,3.2439,2.878,41,21,33,2.8182,3.4848,21,35,3.0857,3.1714,,,,,,,3,2,5,-1,nhl-chi,"{""common_opponents"": 1, ""games_played"": 1, ""head_to_head"": 1, ""home_advantage"": 1, ""last10_form"": 1, ""season_scoring"": 1, ""travel_km"": 1}"
2025020653,NHL,20252026,regular,2026-01-03,2026-01-03,nhl-col,nhl-car,final,,,39,40,,,0.25,,,,,2342.7,0.0,9,0,1,0.95,4.0769,2.2564,39,5,4,1,0.55,3.375,3.05,40,20,32,4.2812,2.3125,20,32,3.5312,3.0,1,4.0,5.0,1,5.0,4.0,5,3,8,-2,nhl-col,"{""common_opponents"": 1, ""games_played"": 1, ""head_to_head"": 1, ""home_advantage"": 1, ""last10_form"": 1, ""season_scoring"": 1, ""travel_km"": 1}"
2025020654,NHL,20252026,regular,2026-01-03,2026-01-03,nhl-nsh,nhl-cgy,final,,,40,40,,,0.25,,,,,710.8,0.0,6,4,0,0.6,2.85,3.325,40,7,3,0,0.7,2.7,2.925,40,20,32,2.9688,3.4375,20,30,2.5667,2.8333,2,4.5,1.5,2,1.5,4.5,4,3,7,-1,nhl-nsh,"{""common_opponents"": 1, ""games_played"": 1, ""head_to_head"": 1, ""home_advantage"": 1, ""last10_form"": 1, ""season_scoring"": 1, ""travel_km"": 1}"
2025020655,NHL,20252026,regular,2026-01-03,2026-01-03,nhl-min,nhl-lak,final,,,42,39,,,0.25,,,,,44.5,0.0,7,1,2,0.8,3.1905,2.619,42,2,6,2,0.3,2.6154,2.7436,39,20,35,3.2286,2.7714,20,31,2.5161,2.6129,1,4.0,3.0,1,3.0,4.0,4,5,9,1,nhl-lak,"{""common_opponents"": 1, ""games_played"": 1, ""head_to_head"": 1, ""home_advantage"": 1, ""last10_form"": 1, ""season_scoring"": 1, ""travel_km"": 1}"
2025020656,NHL,20252026,regular,2026-01-03,2026-01-03,nhl-bos,nhl-van,final,,,41,40,,,0.25,,,,,817.2,0.0,3,5,2,0.4,3.1707,3.2683,41,5,4,1,0.55,2.875,3.5,40,21,33,3.0606,2.9394,21,29,2.7931,3.3793,1,4.0,5.0,1,5.0,4.0,3,2,5,-1,nhl-bos,"{""common_opponents"": 1, ""games_played"": 1, ""head_to_head"": 1, ""home_advantage"": 1, ""last10_form"": 1, ""season_scoring"": 1, ""travel_km"": 1}"
2025020657,NHL,20252026,regular,2026-01-04,2026-01-04,nhl-mtl,nhl-dal,final,,,41,41,,,0.25,,,,,881.0,1292.2,6,2,2,0.7,3.3415,3.3659,41,4,4,2,0.5,3.4878,2.7561,41,24,37,3.3784,3.3784,24,33,3.1818,2.697,1,0.0,7.0,1,7.0,0.0,4,3,7,-1,nhl-mtl,"{""common_opponents"": 1, ""games_played"": 1, ""head_to_head"": 1, ""home_advantage"": 1, ""last10_form"": 1, ""season_scoring"": 1, ""travel_km"": 1}"
2025020658,NHL,20252026,regular,2026-01-04,2026-01-04,nhl-pit,nhl-cbj,final,,,40,40,,,0.25,,,,,263.7,0.0,5,4,1,0.55,3.25,3.175,40,5,5,0,0.5,3.075,3.3,40,22,32,3.0,3.1562,22,35,3.1714,3.2,2,4.0,4.0,2,4.0,4.0,5,4,9,-1,nhl-pit,"{""common_opponents"": 1, ""games_played"": 1, ""head_to_head"": 1, ""home_advantage"": 1, ""last10_form"": 1, ""season_scoring"": 1, ""travel_km"": 1}"
2025020659,NHL,20252026,regular,2026-01-04,2026-01-04,nhl-col,nhl-fla,final,,,40,40,,,0.25,,,,,1083.2,0.0,10,0,0,1.0,4.1,2.275,40,6,3,1,0.65,3.175,3.225,40,21,35,4.0857,2.2857,21,32,3.125,3.0312,1,6.0,2.0,1,2.0,6.0,1,2,3,1,nhl-fla,"{""common_opponents"": 1, ""games_played"": 1, ""head_to_head"": 1, ""home_advantage"": 1, ""last10_form"": 1, ""season_scoring"": 1, ""travel_km"": 1}"
2025020660,NHL,20252026,regular,2026-01-04,2026-01-04,nhl-car,nhl-njd,final,,,41,41,,,0.25,,,,,676.8,0.0,4,5,1,0.45,3.3659,3.0976,41,5,4,1,0.55,2.7561,2.9512,41,21,32,3.25,3.4375,21,35,2.6571,3.0,1,6.0,3.0,1,3.0,6.0,3,1,4,-2,nhl-car,"{""common_opponents"": 1, ""games_played"": 1, ""head_to_head"": 1, ""home_advantage"": 1, ""last10_form"": 1, ""season_scoring"": 1, ""travel_km"": 1}"
2025020661,NHL,20252026,regular,2026-01-04,2026-01-04,nhl-vgk,nhl-chi,final,,,39,41,,,0.25,,,,,420.6,960.5,3,5,2,0.4,3.1282,3.1538,39,3,6,1,0.35,2.8049,3.2195,41,20,32,2.8125,3.3125,20,30,2.6667,2.9333,1,4.0,3.0,1,3.0,4.0,2,3,5,1,nhl-chi,"{""common_opponents"": 1, ""games_played"": 1, ""head_to_head"": 1, ""home_advantage"": 1, ""last10_form"": 1, ""season_scoring"": 1, ""travel_km"": 1}"
2025020662,NHL,20252026,regular,2026-01-05,2026-01-05,nhl-uta,nhl-nyr,final,,,42,43,,,0.25,,,,,15.1,1724.3,5,5,0,0.5,3.0238,2.9048,42,4,5,1,0.45,2.6512,2.7209,43,23,36,3.1389,2.9167,23,34,2.6176,2.6765,1,3.0,2.0,1,2.0,3.0,3,2,5,-1,nhl-uta,"{""common_opponents"": 1, ""games_played"": 1, ""head_to_head"": 1, ""home_advantage"": 1, ""last10_form"": 1, ""season_scoring"": 1, ""travel_km"": 1}"
2025020663,NHL,20252026,regular,2026-01-05,2026-01-05,nhl-ana,nhl-wsh,final,,,41,42,,,0.25,,,,,3671.4,0.0,2,6,2,0.3,3.3902,3.561,41,3,5,2,0.4,3.2143,2.881,42,20,34,3.4706,3.5882,20,36,2.9444,2.8611,1,4.0,3.0,1,3.0,4.0,4,7,11,3,nhl-wsh,"{""common_opponents"": 1, ""games_played"": 1, ""head_to_head"": 1, ""home_advantage"": 1, ""last10_form"": 1, ""season_scoring"": 1, ""travel_km"": 1}"
2025020664,NHL,20252026,regular,2026-01-05,2026-01-05,nhl-det,nhl-ott,final,,,43,40,,,0.25,,,,,659.2,0.0,6,3,1,0.65,3.0465,3.2093,43,6,3,1,0.65,3.325,3.225,40,25,41,3.0488,3.2439,25,37,3.4054,3.3243,,,,,,,5,3,8,-2,nhl-det,"{""common_opponents"": 1, ""games_played"": 1, ""head_to_head"": 1, ""home_advantage"": 1, ""last10_form"": 1, ""season_scoring"": 1, ""travel_km"": 1}"
2025020665,NHL,20252026,regular,2026-01-05,2026-01-05,nhl-sea,nhl-cgy,final,,,39,41,,,0.25,,,,,673.7,0.0,6,3,1,0.65,2.641,2.9487,39,6,4,0,0.6,2.7073,2.9512,41,20,32,2.75,3.0312,20,36,2.75,3.0278,1,2.0,4.0,1,4.0,2.0,5,1,6,-4,nhl-sea,"{""common_opponents"": 1, ""games_played"": 1, ""head_to_head"": 1, ""home_advantage"": 1, ""last10_form"": 1, ""season_scoring"": 1, ""travel_km"": 1}"
2025020666,NHL,20252026,regular,2026-01-05,2026-01-05,nhl-min,nhl-lak,final,,,43,40,,,0.25,,,,,0.0,0.0,6,1,3,0.75,3.2093,2.6744,43,3,6,1,0.35,2.675,2.775,40,20,35,3.2286,2.7714,20,31,2.5161,2.6129,2,4.0,4.0,2,4.0,4.0,2,4,6,2,nhl-lak,"{""common_opponents"": 1, ""games_played"": 1, ""head_to_head"": 1, ""home_advantage"": 1, ""last10_form"": 1, ""season_scoring"": 1, ""travel_km"": 1}"
2025020667,NHL,20252026,regular,2026-01-06,2026-01-06,nhl-van,nhl-buf,final,,,41,40,,,0.25,,,,,3433.9,472.1,5,3,2,0.6,2.8537,3.4878,41,9,1,0,0.9,3.125,3.15,40,22,33,2.7879,3.5455,22,35,2.9429,3.1714,1,2.0,3.0,1,3.0,2.0,3,5,8,2,nhl-buf,"{""common_opponents"": 1, ""games_played"": 1, ""head_to_head"": 1, ""home_advantage"": 1, ""last10_form"": 1, ""season_scoring"": 1, ""travel_km"": 1}"
2025020668,NHL,20252026,regular,2026-01-06,2026-01-06,nhl-col,nhl-tbl,final,,,41,41,,,0.25,,,,,289.3,3808.6,9,1,0,0.9,4.0244,2.2683,41,7,2,1,0.75,3.4634,2.6829,41,20,34,4.0588,2.2941,20,31,3.5806,2.6452,1,3.0,2.0,1,2.0,3.0,2,4,6,2,nhl-tbl,"{""common_opponents"": 1, ""games_played"": 1, ""head_to_head"": 1, ""home_advantage"": 1, ""last10_form"": 1, ""season_scoring"": 1, ""travel_km"": 1}"
2025020669,NHL,20252026,regular,2026-01-06,2026-01-06,nhl-njd,nhl-nyi,final,,,42,42,,,0.25,,,,,37.5,0.0,4,5,1,0.45,2.7143,2.9524,42,5,4,1,0.55,2.8571,2.8571,42,23,38,2.7105,3.0263,23,36,2.9167,3.1111,2,1.5,2.5,2,2.5,1.5,0,9,9,9,nhl-nyi,"{""common_opponents"": 1, ""games_played"": 1, ""head_to_head"": 1, ""home_advantage"": 1, ""last10_form"": 1, ""season_scoring"": 1, ""travel_km"": 1}"
2025020670,NHL,20252026,regular,2026-01-06,2026-01-06,nhl-ana,nhl-phi,final,,,42,40,,,0.25,,,,,194.1,3238.8,2,6,2,0.3,3.4048,3.6429,42,5,3,2,0.6,3.1,2.9,40,19,30,3.3333,3.3667,19,31,3.129,2.8387,,,,,,,2,5,7,3,nhl-phi,"{""common_opponents"": 1, ""games_played"": 1, ""head_to_head"": 1, ""home_advantage"": 1, ""last10_form"": 1, ""season_scoring"": 1, ""travel_km"": 1}"
2025020671,NHL,20252026,regular,2026-01-06,2026-01-06,nhl-dal,nhl-car,final,,,42,42,,,0.25,,,,,1692.4,676.8,4,3,3,0.55,3.4762,2.7857,42,4,5,1,0.45,3.3571,3.0476,42,23,33,3.5758,2.8788,23,37,3.5405,3.027,1,3.0,2.0,1,2.0,3.0,3,6,9,3,nhl-car,"{""common_opponents"": 1, ""games_played"": 1, ""head_to_head"": 1, ""home_advantage"": 1, ""last10_form"": 1, ""season_scoring"": 1, ""travel_km"": 1}"
2025020672,NHL,20252026,regular,2026-01-06,2026-01-06,nhl-fla,nhl-tor,final,,,41,41,,,0.25,,,,,1946.1,568.2,6,3,1,0.65,3.1463,3.1707,41,5,3,2,0.6,3.3415,3.3659,41,23,33,3.1818,3.0909,23,38,3.2632,3.3684,1,1.0,4.0,1,4.0,1.0,1,4,5,3,nhl-tor,"{""common_opponents"": 1, ""games_played"": 1, ""head_to_head"": 1, ""home_advantage"": 1, ""last10_form"": 1, ""season_scoring"": 1, ""travel_km"": 1}"
2025020673,NHL,20252026,regular,2026-01-06,2026-01-06,nhl-vgk,nhl-wpg,final,,,40,40,,,0.25,,,,,1151.8,1664.4,2,5,3,0.35,3.1,3.15,40,1,6,3,0.25,2.875,3.15,40,20,32,3.375,3.3125,20,31,2.5806,3.0645,,,,,,,4,3,7,-1,nhl-vgk,"{""common_opponents"": 1, ""games_played"": 1, ""head_to_head"": 1, ""home_advantage"": 1, ""last10_form"": 1, ""season_scoring"": 1, ""travel_km"": 1}"
2025020674,NHL,20252026,regular,2026-01-06,2026-01-06,nhl-nsh,nhl-edm,final,,,41,42,,,0.25,,,,,281.6,0.0,7,3,0,0.7,2.878,3.3171,41,5,5,0,0.5,3.3095,3.4048,42,22,39,2.8462,3.2564,22,35,3.4571,3.1714,,,,,,,2,6,8,4,nhl-edm,"{""common_opponents"": 1, ""games_played"": 1, ""head_to_head"": 1, ""home_advantage"": 1, ""last10_form"": 1, ""season_scoring"": 1, ""travel_km"": 1}"
2025020675,NHL,20252026,regular,2026-01-06,2026-01-06,nhl-cbj,nhl-sjs,final,,,41,41,,,0.25,,,,,3363.6,0.0,5,4,1,0.55,3.0976,3.3415,41,6,4,0,0.6,3.0976,3.561,41,21,34,2.9706,3.4412,21,36,3.0833,3.6111,,,,,,,2,5,7,3,nhl-sjs,"{""common_opponents"": 1, ""games_played"": 1, ""head_to_head"": 1, ""home_advantage"": 1, ""last10_form"": 1, ""season_scoring"": 1, ""travel_km"": 1}"
2025020676,NHL,20252026,regular,2026-01-06,2026-01-06,nhl-bos,nhl-sea,final,,,42,40,,,0.25,,,,,192.3,710.8,3,5,2,0.4,3.1667,3.2381,42,7,2,1,0.75,2.7,2.9,40,21,37,3.2432,3.3243,21,33,2.7576,3.0303,,,,,,,4,7,11,3,nhl-sea,"{""common_opponents"": 1, ""games_played"": 1, ""head_to_head"": 1, ""home_advantage"": 1, ""last10_form"": 1, ""season_scoring"": 1, ""travel_km"": 1}"
2025020677,NHL,20252026,regular,2026-01-07,2026-01-07,nhl-dal,nhl-wsh,final,,,43,43,,,0.25,,,,,375.5,0.0,4,3,3,0.55,3.4651,2.8605,43,4,4,2,0.5,3.3023,2.907,43,23,36,3.4444,2.9444,23,41,3.439,2.9512,1,1.0,0.0,1,0.0,1.0,4,1,5,-3,nhl-dal,"{""common_opponents"": 1, ""games_played"": 1, ""head_to_head"": 1, ""home_advantage"": 1, ""last10_form"": 1, ""season_scoring"": 1, ""travel_km"": 1}"
2025020678,NHL,20252026,regular,2026-01-07,2026-01-07,nhl-cgy,nhl-mtl,final,,,42,42,,,0.25,,,,,3019.0,2437.6,6,4,0,0.6,2.6667,3.0,42,6,2,2,0.7,3.3571,3.3571,42,22,37,2.7568,3.1081,22,35,3.4,3.2857,1,1.0,2.0,1,2.0,1.0,1,4,5,3,nhl-mtl,"{""common_opponents"": 1, ""games_played"": 1, ""head_to_head"": 1, ""home_advantage"": 1, ""last10_form"": 1, ""season_scoring"": 1, ""travel_km"": 1}"
2025020679,NHL,20252026,regular,2026-01-07,2026-01-07,nhl-stl,nhl-chi,final,,,43,42,,,0.25,,,,,420.6,0.0,5,4,1,0.55,2.4884,3.3953,43,4,5,1,0.45,2.8095,3.1905,42,27,40,2.475,3.325,27,40,2.7,3.2,2,3.0,5.0,2,5.0,3.0,3,7,10,4,nhl-chi,"{""common_opponents"": 1, ""games_played"": 1, ""head_to_head"": 1, ""home_advantage"": 1, ""last10_form"": 1, ""season_scoring"": 1, ""travel_km"": 1}"
2025020680,NHL,20252026,regular,2026-01-07,2026-01-07,nhl-ott,nhl-uta,final,,,41,43,,,0.25,,,,,2941.8,3167.4,6,3,1,0.65,3.3171,3.2683,41,5,5,0,0.5,3.0233,2.8837,43,24,34,3.2059,3.4706,24,38,3.1316,2.9737,1,4.0,2.0,1,2.0,4.0,1,3,4,2,nhl-uta,"{""common_opponents"": 1, ""games_played"": 1, ""head_to_head"": 1, ""home_advantage"": 1, ""last10_form"": 1, ""season_scoring"": 1, ""travel_km"": 1}"
2025020681,NHL,20252026,regular,2026-01-07,2026-01-07,nhl-sjs,nhl-lak,final,,,42,41,,,0.25,,,,,491.4,0.0,6,4,0,0.6,3.1429,3.5238,42,4,6,0,0.4,2.7073,2.7561,41,21,37,3.1081,3.4595,21,33,2.5152,2.9091,2,3.5,3.5,2,3.5,3.5,4,3,7,-1,nhl-sjs,"{""common_opponents"": 1, ""games_played"": 1, ""head_to_head"": 1, ""home_advantage"": 1, ""last10_form"": 1, ""season_scoring"": 1, ""travel_km"": 1}"
2025020682,NHL,20252026,regular,2026-01-08,2026-01-08,nhl-cgy,nhl-bos,final,,,43,43,,,0.25,,,,,401.7,4000.8,5,5,0,0.5,2.6279,3.0233,43,3,5,2,0.4,3.186,3.3256,43,20,35,2.5714,3.1714,20,33,3.1818,3.5152,1,2.0,1.0,1,1.0,2.0,1,4,5,3,nhl-bos,"{""common_opponents"": 1, ""games_played"": 1, ""head_to_head"": 1, ""home_advantage"": 1, ""last10_form"": 1, ""season_scoring"": 1, ""travel_km"": 1}"
2025020683,NHL,20252026,regular,2026-01-08,2026-01-08,nhl-fla,nhl-mtl,final,,,42,43,,,0.25,,,,,504.1,0.0,5,4,1,0.55,3.0952,3.1905,42,7,1,2,0.8,3.3721,3.3023,43,24,37,3.1892,3.1622,24,39,3.3333,3.359,1,2.0,3.0,1,3.0,2.0,2,6,8,4,nhl-mtl,"{""common_opponents"": 1, ""games_played"": 1, ""head_to_head"": 1, ""home_advantage"": 1, ""last10_form"": 1, ""season_scoring"": 1, ""travel_km"": 1}"
2025020684,NHL,20252026,regular,2026-01-08,2026-01-08,nhl-van,nhl-det,final,,,42,44,,,0.25,,,,,347.1,659.2,4,4,2,0.5,2.8571,3.5238,42,6,3,1,0.65,3.0909,3.2045,44,24,35,2.9714,3.3714,24,38,3.0263,3.4211,1,0.0,4.0,1,4.0,0.0,1,5,6,4,nhl-det,"{""common_opponents"": 1, ""games_played"": 1, ""head_to_head"": 1, ""home_advantage"": 1, ""last10_form"": 1, ""season_scoring"": 1, ""travel_km"": 1}"
2025020685,NHL,20252026,regular,2026-01-08,2026-01-08,nhl-buf,nhl-nyr,final,,,41,44,,,0.25,,,,,468.5,0.0,9,1,0,0.9,3.1707,3.1463,41,4,4,2,0.5,2.6364,2.7273,44,22,36,3.3611,3.1667,22,35,2.4857,2.6286,1,0.0,4.0,1,4.0,0.0,5,2,7,-3,nhl-buf,"{""common_opponents"": 1, ""games_played"": 1, ""head_to_head"": 1, ""home_advantage"": 1, ""last10_form"": 1, ""season_scoring"": 1, ""travel_km"": 1}"
2025020686,NHL,20252026,regular,2026-01-08,2026-01-08,nhl-tor,nhl-phi,final,,,42,41,,,0.25,,,,,542.9,0.0,5,3,2,0.6,3.3571,3.3095,42,6,3,1,0.65,3.1463,2.878,41,19,29,3.6552,3.1034,19,34,3.0882,2.9118,1,5.0,2.0,1,2.0,5.0,2,1,3,-1,nhl-tor,"{""common_opponents"": 1, ""games_played"": 1, ""head_to_head"": 1, ""home_advantage"": 1, ""last10_form"": 1, ""season_scoring"": 1, ""travel_km"": 1}"
2025020687,NHL,20252026,regular,2026-01-08,2026-01-08,nhl-njd,nhl-pit,final,,,43,41,,,0.25,,,,,529.7,261.4,4,5,1,0.45,2.6512,3.093,43,6,4,0,0.6,3.2927,3.1951,41,22,37,2.7297,3.0541,22,34,3.5588,3.3235,1,2.0,1.0,1,1.0,2.0,1,4,5,3,nhl-pit,"{""common_opponents"": 1, ""games_played"": 1, ""head_to_head"": 1, ""home_advantage"": 1, ""last10_form"": 1, ""season_scoring"": 1, ""travel_km"": 1}"
2025020688,NHL,20252026,regular,2026-01-08,2026-01-08,nhl-ana,nhl-car,final,,,43,43,,,0.25,,,,,551.9,0.0,1,7,2,0.2,3.3721,3.6744,43,4,5,1,0.45,3.4186,3.0465,43,20,33,3.697,3.8485,20,35,3.4571,2.9429,1,1.0,4.0,1,4.0,1.0,2,5,7,3,nhl-car,"{""common_opponents"": 1, ""games_played"": 1, ""head_to_head"": 1, ""home_advantage"": 1, ""last10_form"": 1, ""season_scoring"": 1, ""travel_km"": 1}"
2025020689,NHL,20252026,regular,2026-01-08,2026-01-08,nhl-nyi,nhl-nsh,final,,,43,42,,,0.25,,,,,1242.7,2828.1,5,4,1,0.55,3.0,2.7907,43,6,4,0,0.6,2.8571,3.381,42,22,32,3.0312,2.8125,22,37,2.7027,3.4865,,,,,,,1,2,3,1,nhl-nsh,"{""common_opponents"": 1, ""games_played"": 1, ""head_to_head"": 1, ""home_advantage"": 1, ""last10_form"": 1, ""season_scoring"": 1, ""travel_km"": 1}"
2025020690,NHL,20252026,regular,2026-01-08,2026-01-08,nhl-edm,nhl-wpg,final,,,43,41,,,0.25,,,,,1194.3,0.0,6,4,0,0.6,3.3721,3.3721,43,0,6,4,0.2,2.878,3.1707,41,23,36,3.3611,3.5556,23,35,3.1429,3.1429,2,4.5,1.5,2,1.5,4.5,4,3,7,-1,nhl-edm,"{""common_opponents"": 1, ""games_played"": 1, ""head_to_head"": 1, ""home_advantage"": 1, ""last10_form"": 1, ""season_scoring"": 1, ""travel_km"": 1}"
2025020691,NHL,20252026,regular,2026-01-08,2026-01-08,nhl-ott,nhl-col,final,,,42,42,,,0.25,,,,,595.7,2451.3,5,4,1,0.55,3.2619,3.2619,42,8,2,0,0.8,3.9762,2.3095,42,23,36,3.0556,3.2778,23,38,3.9474,2.2105,,,,,,,2,8,10,6,nhl-col,"{""common_opponents"": 1, ""games_played"": 1, ""head_to_head"": 1, ""home_advantage"": 1, ""last10_form"": 1, ""season_scoring"": 1, ""travel_km"": 1}"
2025020692,NHL,20252026,regular,2026-01-08,2026-01-08,nhl-cbj,nhl-vgk,final,,,42,41,,,0.25,,,,,614.5,2111.0,5,4,1,0.55,3.0714,3.381,42,2,5,3,0.35,3.122,3.1463,41,20,28,3.0714,3.5,20,34,3.0882,3.1765,1,2.0,3.0,1,3.0,2.0,3,5,8,2,nhl-vgk,"{""common_opponents"": 1, ""games_played"": 1, ""head_to_head"": 1, ""home_advantage"": 1, ""last10_form"": 1, ""season_scoring"": 1, ""travel_km"": 1}"
2025020693,NHL,20252026,regular,2026-01-08,2026-01-08,nhl-min,nhl-sea,final,,,44,41,,,0.25,,,,,1548.0,0.0,5,2,3,0.65,3.1818,2.7045,44,8,1,1,0.85,2.8049,2.9268,41,23,40,3.2,2.675,23,35,2.8,2.7429,1,4.0,1.0,1,1.0,4.0,3,2,5,-1,nhl-min,"{""common_opponents"": 1, ""games_played"": 1, ""head_to_head"": 1, ""home_advantage"": 1, ""last10_form"": 1, ""season_scoring"": 1, ""travel_km"": 1}"
2025020694,NHL,20252026,regular,2026-01-09,2026-01-09,nhl-wsh,nhl-chi,final,,,44,43,,,0.25,,,,,960.5,0.0,3,5,2,0.4,3.25,2.9318,44,5,4,1,0.55,2.907,3.186,43,21,37,3.1351,3.2162,21,34,2.9412,3.4706,1,2.0,3.0,1,3.0,2.0,5,1,6,-4,nhl-wsh,"{""common_opponents"": 1, ""games_played"": 1, ""head_to_head"": 1, ""home_advantage"": 1, ""last10_form"": 1, ""season_scoring"": 1, ""travel_km"": 1}"
2025020695,NHL,20252026,regular,2026-01-09,2026-01-09,nhl-lak,nhl-wpg,final,,,42,42,,,0.25,,,,,2464.5,0.0,4,5,1,0.45,2.7143,2.7857,42,0,7,3,0.15,2.881,3.1905,42,22,35,2.8286,2.7429,22,33,2.9394,3.2121,2,2.5,1.5,2,1.5,2.5,1,5,6,4,nhl-wpg,"{""common_opponents"": 1, ""games_played"": 1, ""head_to_head"": 1, ""home_advantage"": 1, ""last10_form"": 1, ""season_scoring"": 1, ""travel_km"": 1}"
2025020696,NHL,20252026,regular,2026-01-09,2026-01-09,nhl-stl,nhl-uta,final,,,44,44,,,0.25,,,,,2020.1,0.0,5,4,1,0.55,2.5,3.4773,44,5,5,0,0.5,3.0227,2.8409,44,25,38,2.5,3.3684,25,39,2.9487,2.7692,2,2.5,3.5,2,3.5,2.5,2,4,6,2,nhl-uta,"{""common_opponents"": 1, ""games_played"": 1, ""head_to_head"": 1, ""home_advantage"": 1, ""last10_form"": 1, ""season_scoring"": 1, ""travel_km"": 1}"
2025020697,NHL,20252026,regular,2026-01-10,2026-01-10,nhl-nyr,nhl-bos,final,,,45,44,,,0.25,,,,,302.9,0.0,4,4,2,0.5,2.6222,2.7778,45,3,5,2,0.4,3.2045,3.2727,44,22,37,2.4054,2.8919,22,40,3.175,3.325,1,6.0,2.0,1,2.0,6.0,2,10,12,8,nhl-bos,"{""common_opponents"": 1, ""games_played"": 1, ""head_to_head"": 1, ""home_advantage"": 1, ""last10_form"": 1, ""season_scoring"": 1, ""travel_km"": 1}"
2025020698,NHL,20252026,regular,2026-01-10,2026-01-10,nhl-cgy,nhl-pit,final,,,44,42,,,0.25,,,,,774.4,0.0,5,5,0,0.5,2.5909,3.0455,44,7,3,0,0.7,3.3095,3.1429,42,23,39,2.6154,2.9744,23,36,3.3056,3.1944,,,,,,,2,1,3,-1,nhl-cgy,"{""common_opponents"": 1, ""games_played"": 1, ""head_to_head"": 1, ""home_advantage"": 1, ""last10_form"": 1, ""season_scoring"": 1, ""travel_km"": 1}"
2025020699,NHL,20252026,regular,2026-01-10,2026-01-10,nhl-cbj,nhl-col,final,,,43,43,,,0.25,,,,,979.1,0.0,4,5,1,0.45,3.0698,3.4186,43,8,2,0,0.8,4.0698,2.3023,43,21,30,3.2333,3.2333,21,35,4.4286,2.4857,1,1.0,4.0,1,4.0,1.0,0,4,4,4,nhl-col,"{""common_opponents"": 1, ""games_played"": 1, ""head_to_head"": 1, ""home_advantage"": 1, ""last10_form"": 1, ""season_scoring"": 1, ""travel_km"": 1}"
2025020700,NHL,20252026,regular,2026-01-10,2026-01-10,nhl-dal,nhl-sjs,final,,,44,43,,,0.25,,,,,3890.3,491.4,4,3,3,0.55,3.4773,2.8182,44,6,4,0,0.6,3.1628,3.5116,43,22,32,3.3125,2.7812,22,37,3.2703,3.4054,2,4.5,2.0,2,2.0,4.5,4,5,9,1,nhl-sjs,"{""common_opponents"": 1, ""games_played"": 1, ""head_to_head"": 1, ""home_advantage"": 1, ""last10_form"": 1, ""season_scoring"": 1, ""travel_km"": 1}"
2025020701,NHL,20252026,regular,2026-01-10,2026-01-10,nhl-ana,nhl-buf,final,,,44,42,,,0.25,,,,,786.4,468.5,1,8,1,0.15,3.3409,3.7045,44,9,1,0,0.9,3.2143,3.119,42,21,35,3.1714,3.6,21,35,3.1429,2.9429,,,,,,,3,5,8,2,nhl-buf,"{""common_opponents"": 1, ""games_played"": 1, ""head_to_head"": 1, ""home_advantage"": 1, ""last10_form"": 1, ""season_scoring"": 1, ""travel_km"": 1}"
2025020702,NHL,20252026,regular,2026-01-10,2026-01-10,nhl-van,nhl-tor,final,,,43,43,,,0.25,,,,,332.2,542.9,3,5,2,0.4,2.814,3.5581,43,6,2,2,0.7,3.3256,3.2558,43,25,38,2.7632,3.5263,25,42,3.2381,3.2143,,,,,,,0,5,5,5,nhl-tor,"{""common_opponents"": 1, ""games_played"": 1, ""head_to_head"": 1, ""home_advantage"": 1, ""last10_form"": 1, ""season_scoring"": 1, ""travel_km"": 1}"
2025020703,NHL,20252026,regular,2026-01-10,2026-01-10,nhl-det,nhl-mtl,final,,,45,44,,,0.25,,,,,836.2,0.0,7,2,1,0.75,3.1333,3.1556,45,7,1,2,0.8,3.4318,3.2727,44,24,38,3.2632,2.9737,24,40,3.475,3.175,1,1.0,5.0,1,5.0,1.0,4,0,4,-4,nhl-det,"{""common_opponents"": 1, ""games_played"": 1, ""head_to_head"": 1, ""home_advantage"": 1, ""last10_form"": 1, ""season_scoring"": 1, ""travel_km"": 1}"
2025020704,NHL,20252026,regular,2026-01-10,2026-01-10,nhl-fla,nhl-ott,final,,,43,43,,,0.25,,,,,185.4,2447.1,4,5,1,0.45,3.0698,3.2558,43,4,5,1,0.45,3.2326,3.3721,43,25,39,2.7949,3.2821,25,38,3.2632,3.3947,1,6.0,2.0,1,2.0,6.0,3,2,5,-1,nhl-fla,"{""common_opponents"": 1, ""games_played"": 1, ""head_to_head"": 1, ""home_advantage"": 1, ""last10_form"": 1, ""season_scoring"": 1, ""travel_km"": 1}"
2025020705,NHL,20252026,regular,2026-01-10,2026-01-10,nhl-tbl,nhl-phi,final,,,42,42,,,0.25,,,,,1488.4,0.0,8,2,0,0.8,3.4762,2.6667,42,5,3,2,0.6,3.0952,2.8571,42,20,31,3.5484,2.7742,20,35,3.2,2.8,1,3.0,0.0,1,0.0,3.0,7,2,9,-5,nhl-tbl,"{""common_opponents"": 1, ""games_played"": 1, ""head_to_head"": 1, ""home_advantage"": 1, ""last10_form"": 1, ""season_scoring"": 1, ""travel_km"": 1}"
2025020706,NHL,20252026,regular,2026-01-10,2026-01-10,nhl-sea,nhl-car,final,,,42,44,,,0.25,,,,,3794.6,0.0,8,0,2,0.9,2.7857,2.9286,42,5,5,0,0.5,3.4545,3.0227,44,23,37,2.7297,2.9189,23,39,3.4359,2.9231,,,,,,,2,3,5,1,nhl-car,"{""common_opponents"": 1, ""games_played"": 1, ""head_to_head"": 1, ""home_advantage"": 1, ""last10_form"": 1, ""season_scoring"": 1, ""travel_km"": 1}"
2025020707,NHL,20252026,regular,2026-01-10,2026-01-10,nhl-chi,nhl-nsh,final,,,44,43,,,0.25,,,,,640.9,0.0,5,4,1,0.55,2.8636,3.2273,44,7,3,0,0.7,2.8372,3.3256,43,23,38,2.8947,3.0,23,39,2.8718,3.3077,1,3.0,4.0,1,4.0,3.0,3,0,3,-3,nhl-chi,"{""common_opponents"": 1, ""games_played"": 1, ""head_to_head"": 1, ""home_advantage"": 1, ""last10_form"": 1, ""season_scoring"": 1, ""travel_km"": 1}"
2025020708,NHL,20252026,regular,2026-01-10,2026-01-10,nhl-nyi,nhl-min,final,,,44,45,,,0.25,,,,,1112.5,2253.9,5,3,2,0.6,2.9545,2.7727,44,5,2,3,0.65,3.1778,2.6889,45,23,35,2.9143,2.9143,23,39,3.2051,2.641,1,2.0,5.0,1,5.0,2.0,4,3,7,-1,nhl-nyi,"{""common_opponents"": 1, ""games_played"": 1, ""head_to_head"": 1, ""home_advantage"": 1, ""last10_form"": 1, ""season_scoring"": 1, ""travel_km"": 1}"
2025020709,NHL,20252026,regular,2026-01-10,2026-01-10,nhl-lak,nhl-edm,final,,,43,44,,,0.25,,,,,1194.3,1194.3,4,5,1,0.45,2.6744,2.8372,43,6,4,0,0.6,3.3864,3.3636,44,24,38,2.5,2.7632,24,37,3.6216,3.3784,,,,,,,4,3,7,-1,nhl-lak,"{""common_opponents"": 1, ""games_played"": 1, ""head_to_head"": 1, ""home_advantage"": 1, ""last10_form"": 1, ""season_scoring"": 1, ""travel_km"": 1}"
2025020710,NHL,20252026,regular,2026-01-10,2026-01-10,nhl-stl,nhl-vgk,final,,,45,42,,,0.25,,,,,592.0,0.0,4,5,1,0.45,2.4889,3.4889,45,3,5,2,0.4,3.1667,3.1429,42,22,35,2.4286,3.5429,22,35,2.8857,3.2857,2,2.5,3.5,2,3.5,2.5,2,4,6,2,nhl-vgk,"{""common_opponents"": 1, ""games_played"": 1, ""head_to_head"": 1, ""home_advantage"": 1, ""last10_form"": 1, ""season_scoring"": 1, ""travel_km"": 1}"
2025020711,NHL,20252026,regular,2026-01-11,2026-01-11,nhl-njd,nhl-wpg,final,,,44,43,,,0.25,,,,,1700.0,0.0,3,6,1,0.35,2.6136,3.1136,44,1,6,3,0.25,2.9302,3.1395,43,24,39,2.6154,3.0513,24,36,2.8611,3.25,,,,,,,3,4,7,1,nhl-wpg,"{""common_opponents"": 1, ""games_played"": 1, ""head_to_head"": 1, ""home_advantage"": 1, ""last10_form"": 1, ""season_scoring"": 1, ""travel_km"": 1}"
2025020712,NHL,20252026,regular,2026-01-11,2026-01-11,nhl-pit,nhl-bos,final,,,43,45,,,0.25,,,,,774.4,0.0,7,3,0,0.7,3.2558,3.1163,43,4,4,2,0.5,3.3556,3.2444,45,24,35,3.2286,3.2286,24,42,3.381,3.1905,,,,,,,0,1,1,1,nhl-bos,"{""common_opponents"": 1, ""games_played"": 1, ""head_to_head"": 1, ""home_advantage"": 1, ""last10_form"": 1, ""season_scoring"": 1, ""travel_km"": 1}"
2025020713,NHL,20252026,regular,2026-01-11,2026-01-11,nhl-wsh,nhl-nsh,final,,,45,44,,,0.25,,,,,640.9,0.0,4,4,2,0.5,3.2889,2.8889,45,6,4,0,0.6,2.7727,3.3182,44,21,40,3.275,2.9,21,33,2.7576,3.4848,,,,,,,2,3,5,1,nhl-nsh,"{""common_opponents"": 1, ""games_played"": 1, ""head_to_head"": 1, ""home_advantage"": 1, ""last10_form"": 1, ""season_scoring"": 1, ""travel_km"": 1}"
2025020714,NHL,20252026,regular,2026-01-11,2026-01-11,nhl-cbj,nhl-uta,final,,,44,45,,,0.25,,,,,595.7,0.0,4,5,1,0.45,3.0,3.4318,44,6,4,0,0.6,3.0444,2.8222,45,25,40,3.225,3.375,25,42,3.1429,2.8095,,,,,,,3,2,5,-1,nhl-cbj,"{""common_opponents"": 1, ""games_played"": 1, ""head_to_head"": 1, ""home_advantage"": 1, ""last10_form"": 1, ""season_scoring"": 1, ""travel_km"": 1}"
2025020715,NHL,20252026,regular,2026-01-11,2026-01-11,nhl-vgk,nhl-sjs,final,,,43,44,,,0.25,,,,,614.5,0.0,4,4,2,0.5,3.186,3.1163,43,6,4,0,0.6,3.2045,3.5227,44,19,32,3.0938,3.1562,19,32,3.2812,3.2812,3,5.0,2.6667,3,2.6667,5.0,7,2,9,-5,nhl-vgk,"{""common_opponents"": 1, ""games_played"": 1, ""head_to_head"": 1, ""home_advantage"": 1, ""last10_form"": 1, ""season_scoring"": 1, ""travel_km"": 1}"
2025020716,NHL,20252026,regular,2026-01-12,2026-01-12,nhl-fla,nhl-buf,final,,,44,43,,,0.25,,,,,357.7,0.0,4,5,1,0.45,3.0682,3.2273,44,9,1,0,0.9,3.2558,3.1163,43,22,33,3.1212,3.5152,22,38,3.2895,3.3158,1,0.0,3.0,1,3.0,0.0,4,3,7,-1,nhl-fla,"{""common_opponents"": 1, ""games_played"": 1, ""head_to_head"": 1, ""home_advantage"": 1, ""last10_form"": 1, ""season_scoring"": 1, ""travel_km"": 1}"
2025020717,NHL,20252026,regular,2026-01-12,2026-01-12,nhl-car,nhl-det,final,,,45,46,,,0.25,,,,,817.3,836.2,6,4,0,0.6,3.4444,3.0,45,7,2,1,0.75,3.1522,3.087,46,23,37,3.3514,2.9459,23,39,3.1026,3.0513,1,5.0,2.0,1,2.0,5.0,3,4,7,1,nhl-det,"{""common_opponents"": 1, ""games_played"": 1, ""head_to_head"": 1, ""home_advantage"": 1, ""last10_form"": 1, ""season_scoring"": 1, ""travel_km"": 1}"
2025020718,NHL,20252026,regular,2026-01-12,2026-01-12,nhl-sea,nhl-nyr,final,,,43,46,,,0.25,,,,,687.5,302.9,7,1,2,0.8,2.7674,2.9302,43,3,5,2,0.4,2.6087,2.9348,46,25,38,2.7105,3.0526,25,42,2.4762,2.9762,1,2.0,3.0,1,3.0,2.0,4,2,6,-2,nhl-sea,"{""common_opponents"": 1, ""games_played"": 1, ""head_to_head"": 1, ""home_advantage"": 1, ""last10_form"": 1, ""season_scoring"": 1, ""travel_km"": 1}"
2025020719,NHL,20252026,regular,2026-01-12,2026-01-12,nhl-tbl,nhl-phi,final,,,43,43,,,0.25,,,,,0.0,0.0,9,1,0,0.9,3.5581,2.6512,43,5,3,2,0.6,3.0698,2.9535,43,20,31,3.5484,2.7742,20,35,3.2,2.8,2,5.0,1.0,2,1.0,5.0,5,1,6,-4,nhl-tbl,"{""common_opponents"": 1, ""games_played"": 1, ""head_to_head"": 1, ""home_advantage"": 1, ""last10_form"": 1, ""season_scoring"": 1, ""travel_km"": 1}"
2025020720,NHL,20252026,regular,2026-01-12,2026-01-12,nhl-van,nhl-mtl,final,,,44,45,,,0.25,,,,,504.1,0.0,2,6,2,0.3,2.75,3.5909,44,6,2,2,0.7,3.3556,3.2889,45,24,37,2.6486,3.5946,24,41,3.3415,3.3171,1,3.0,4.0,1,4.0,3.0,3,6,9,3,nhl-mtl,"{""common_opponents"": 1, ""games_played"": 1, ""head_to_head"": 1, ""home_advantage"": 1, ""last10_form"": 1, ""season_scoring"": 1, ""travel_km"": 1}"
2025020721,NHL,20252026,regular,2026-01-12,2026-01-12,nhl-njd,nhl-min,final,,,45,46,,,0.25,,,,,628.4,0.0,2,7,1,0.25,2.6222,3.1333,45,4,2,4,0.6,3.1739,2.7174,46,21,35,2.5143,3.1429,21,38,3.3421,2.8421,1,4.0,1.0,1,1.0,4.0,5,2,7,-3,nhl-njd,"{""common_opponents"": 1, ""games_played"": 1, ""head_to_head"": 1, ""home_advantage"": 1, ""last10_form"": 1, ""season_scoring"": 1, ""travel_km"": 1}"
2025020722,NHL,20252026,regular,2026-01-12,2026-01-12,nhl-edm,nhl-chi,final,,,45,45,,,0.25,,,,,2306.7,640.9,5,4,1,0.55,3.3778,3.3778,45,6,3,1,0.65,2.8667,3.1556,45,26,41,3.3171,3.3659,26,41,2.9024,3.122,1,3.0,2.0,1,2.0,3.0,4,1,5,-3,nhl-edm,"{""common_opponents"": 1, ""games_played"": 1, ""head_to_head"": 1, ""home_advantage"": 1, ""last10_form"": 1, ""season_scoring"": 1, ""travel_km"": 1}"
2025020723,NHL,20252026,regular,2026-01-12,2026-01-12,nhl-tor,nhl-col,final,,,44,44,,,0.25,,,,,2162.4,0.0,7,1,2,0.8,3.3636,3.1818,44,8,2,0,0.8,4.0682,2.25,44,23,35,3.3714,3.1143,23,39,4.0513,2.2308,,,,,,,4,3,7,-1,nhl-tor,"{""common_opponents"": 1, ""games_played"": 1, ""head_to_head"": 1, ""home_advantage"": 1, ""last10_form"": 1, ""season_scoring"": 1, ""travel_km"": 1}"
2025020724,NHL,20252026,regular,2026-01-12,2026-01-12,nhl-dal,nhl-lak,final,,,45,44,,,0.25,,,,,491.4,2201.0,3,3,4,0.5,3.4889,2.8667,45,4,5,1,0.45,2.7045,2.8409,44,24,39,3.6154,2.9231,24,40,2.7,2.8,2,3.0,2.0,2,2.0,3.0,3,1,4,-2,nhl-dal,"{""common_opponents"": 1, ""games_played"": 1, ""head_to_head"": 1, ""home_advantage"": 1, ""last10_form"": 1, ""season_scoring"": 1, ""travel_km"": 1}"
2025020725,NHL,20252026,regular,2026-01-13,2026-01-13,nhl-van,nhl-ott,final,,,45,44,,,0.25,,,,,185.4,0.0,1,7,2,0.2,2.7556,3.6444,45,3,6,1,0.35,3.2045,3.3636,44,28,44,2.75,3.6364,28,43,3.186,3.3721,,,,,,,1,2,3,1,nhl-ott,"{""common_opponents"": 1, ""games_played"": 1, ""head_to_head"": 1, ""home_advantage"": 1, ""last10_form"": 1, ""season_scoring"": 1, ""travel_km"": 1}"
2025020726,NHL,20252026,regular,2026-01-13,2026-01-13,nhl-tbl,nhl-pit,final,,,44,44,,,0.25,,,,,413.6,774.4,10,0,0,1.0,3.5909,2.6136,44,7,3,0,0.7,3.1818,3.0682,44,24,39,3.6154,2.6154,24,38,3.2632,3.0526,1,3.0,4.0,1,4.0,3.0,2,1,3,-1,nhl-tbl,"{""common_opponents"": 1, ""games_played"": 1, ""head_to_head"": 1, ""home_advantage"": 1, ""last10_form"": 1, ""season_scoring"": 1, ""travel_km"": 1}"
2025020727,NHL,20252026,regular,2026-01-13,2026-01-13,nhl-mtl,nhl-wsh,final,,,46,46,,,0.25,,,,,786.6,912.2,7,2,1,0.75,3.413,3.2826,46,4,5,1,0.45,3.2609,2.8913,46,21,37,3.4054,3.2162,21,37,3.0,2.9189,1,4.0,8.0,1,8.0,4.0,2,3,5,1,nhl-wsh,"{""common_opponents"": 1, ""games_played"": 1, ""head_to_head"": 1, ""home_advantage"": 1, ""last10_form"": 1, ""season_scoring"": 1, ""travel_km"": 1}"
2025020728,NHL,20252026,regular,2026-01-13,2026-01-13,nhl-cgy,nhl-cbj,final,,,45,45,,,0.25,,,,,261.4,2438.5,5,5,0,0.5,2.5778,3.0,45,5,4,1,0.55,3.0,3.4,45,22,38,2.6053,3.1053,22,32,3.4062,3.3438,1,5.0,1.0,1,1.0,5.0,3,5,8,2,nhl-cbj,"{""common_opponents"": 1, ""games_played"": 1, ""head_to_head"": 1, ""home_advantage"": 1, ""last10_form"": 1, ""season_scoring"": 1, ""travel_km"": 1}"
2025020729,NHL,20252026,regular,2026-01-13,2026-01-13,nhl-det,nhl-bos,final,,,47,46,,,0.25,,,,,984.7,0.0,7,2,1,0.75,3.1702,3.0851,47,5,4,1,0.55,3.3043,3.1739,46,24,41,3.0732,2.9268,24,41,3.3902,3.0976,2,3.5,3.5,2,3.5,3.5,0,3,3,3,nhl-bos,"{""common_opponents"": 1, ""games_played"": 1, ""head_to_head"": 1, ""home_advantage"": 1, ""last10_form"": 1, ""season_scoring"": 1, ""travel_km"": 1}"
2025020730,NHL,20252026,regular,2026-01-13,2026-01-13,nhl-car,nhl-stl,final,,,46,46,,,0.25,,,,,731.7,2218.1,6,3,1,0.65,3.4348,3.0217,46,4,6,0,0.4,2.4783,3.5,46,26,44,3.4545,3.0455,26,38,2.4211,3.3947,,,,,,,0,3,3,3,nhl-stl,"{""common_opponents"": 1, ""games_played"": 1, ""head_to_head"": 1, ""home_advantage"": 1, ""last10_form"": 1, ""season_scoring"": 1, ""travel_km"": 1}"
2025020731,NHL,20252026,regular,2026-01-13,2026-01-13,nhl-edm,nhl-nsh,final,,,46,45,,,0.25,,,,,640.9,0.0,6,3,1,0.65,3.3913,3.3261,46,6,4,0,0.6,2.7778,3.2889,45,25,40,3.45,3.25,25,43,2.814,3.186,1,6.0,2.0,1,2.0,6.0,3,4,7,1,nhl-nsh,"{""common_opponents"": 1, ""games_played"": 1, ""head_to_head"": 1, ""home_advantage"": 1, ""last10_form"": 1, ""season_scoring"": 1, ""travel_km"": 1}"
2025020732,NHL,20252026,regular,2026-01-13,2026-01-13,nhl-nyi,nhl-wpg,final,,,45,44,,,0.25,,,,,628.4,0.0,6,2,2,0.7,2.9778,2.7778,45,2,5,3,0.35,2.9545,3.1364,44,24,38,3.0789,2.9737,24,36,2.8889,3.3333,1,2.0,5.0,1,5.0,2.0,4,5,9,1,nhl-wpg,"{""common_opponents"": 1, ""games_played"": 1, ""head_to_head"": 1, ""home_advantage"": 1, ""last10_form"": 1, ""season_scoring"": 1, ""travel_km"": 1}"
2025020733,NHL,20252026,regular,2026-01-13,2026-01-13,nhl-tor,nhl-uta,final,,,45,46,,,0.25,,,,,595.7,0.0,8,0,2,0.9,3.3778,3.1778,45,5,4,1,0.55,3.0217,2.8261,46,24,38,3.3947,3.2368,24,40,2.875,2.875,1,5.0,3.0,1,3.0,5.0,1,6,7,5,nhl-uta,"{""common_opponents"": 1, ""games_played"": 1, ""head_to_head"": 1, ""home_advantage"": 1, ""last10_form"": 1, ""season_scoring"": 1, ""travel_km"": 1}"
2025020734,NHL,20252026,regular,2026-01-13,2026-01-13,nhl-dal,nhl-ana,final,,,46,45,,,0.25,,,,,44.5,3512.8,3,3,4,0.5,3.4783,2.8261,46,1,8,1,0.15,3.3333,3.7333,45,24,38,3.1053,2.7895,24,39,3.1026,3.6154,2,6.5,5.0,2,5.0,6.5,1,3,4,2,nhl-ana,"{""common_opponents"": 1, ""games_played"": 1, ""head_to_head"": 1, ""home_advantage"": 1, ""last10_form"": 1, ""season_scoring"": 1, ""travel_km"": 1}"
2025020735,NHL,20252026,regular,2026-01-14,2026-01-14,nhl-sea,nhl-njd,final,,,44,46,,,0.25,,,,,15.1,1608.6,7,1,2,0.8,2.7955,2.9091,44,3,6,1,0.35,2.6739,3.1087,46,25,39,2.7179,3.0,25,41,2.6829,3.0488,,,,,,,2,3,5,1,nhl-njd,"{""common_opponents"": 1, ""games_played"": 1, ""head_to_head"": 1, ""home_advantage"": 1, ""last10_form"": 1, ""season_scoring"": 1, ""travel_km"": 1}"
2025020736,NHL,20252026,regular,2026-01-14,2026-01-14,nhl-phi,nhl-buf,final,,,44,44,,,0.25,,,,,452.5,0.0,5,4,1,0.55,3.0227,3.0,44,8,2,0,0.8,3.25,3.1364,44,20,35,3.1143,2.9714,20,32,3.375,3.0312,2,4.0,3.5,2,3.5,4.0,2,5,7,3,nhl-buf,"{""common_opponents"": 1, ""games_played"": 1, ""head_to_head"": 1, ""home_advantage"": 1, ""last10_form"": 1, ""season_scoring"": 1, ""travel_km"": 1}"
2025020737,NHL,20252026,regular,2026-01-14,2026-01-14,nhl-ott,nhl-nyr,final,,,45,47,,,0.25,,,,,529.4,0.0,3,6,1,0.35,3.1778,3.3111,45,2,6,2,0.3,2.5957,2.9574,47,26,39,3.3333,3.4359,26,43,2.6047,3.0,1,2.0,4.0,1,4.0,2.0,8,4,12,-4,nhl-ott,"{""common_opponents"": 1, ""games_played"": 1, ""head_to_head"": 1, ""home_advantage"": 1, ""last10_form"": 1, ""season_scoring"": 1, ""travel_km"": 1}"
2025020738,NHL,20252026,regular,2026-01-14,2026-01-14,nhl-vgk,nhl-lak,final,,,44,45,,,0.25,,,,,491.4,0.0,5,3,2,0.6,3.2727,3.0909,44,4,5,1,0.45,2.6667,2.8444,45,21,38,3.2368,3.0263,21,35,2.7429,2.8286,1,5.0,6.0,1,6.0,5.0,3,2,5,-1,nhl-vgk,"{""common_opponents"": 1, ""games_played"": 1, ""head_to_head"": 1, ""home_advantage"": 1, ""last10_form"": 1, ""season_scoring"": 1, ""travel_km"": 1}"
2025020739,NHL,20252026,regular,2026-01-15,2026-01-15,nhl-sea,nhl-bos,final,,,45,47,,,0.25,,,,,316.0,0.0,6,1,3,0.75,2.7778,2.9111,45,6,3,1,0.65,3.2979,3.1064,47,24,38,2.7368,2.9737,24,44,3.2955,2.9773,1,7.0,4.0,1,4.0,7.0,2,4,6,2,nhl-bos,"{""common_opponents"": 1, ""games_played"": 1, ""head_to_head"": 1, ""home_advantage"": 1, ""last10_form"": 1, ""season_scoring"": 1, ""travel_km"": 1}"
2025020740,NHL,20252026,regular,2026-01-15,2026-01-15,nhl-mtl,nhl-buf,final,,,47,45,,,0.25,,,,,468.9,0.0,6,2,2,0.7,3.383,3.2766,47,8,2,0,0.8,3.2889,3.1111,45,22,41,3.4634,3.2439,22,41,3.2927,3.1463,1,4.0,2.0,1,2.0,4.0,3,5,8,2,nhl-buf,"{""common_opponents"": 1, ""games_played"": 1, ""head_to_head"": 1, ""home_advantage"": 1, ""last10_form"": 1, ""season_scoring"": 1, ""travel_km"": 1}"
2025020741,NHL,20252026,regular,2026-01-15,2026-01-15,nhl-phi,nhl-pit,final,,,45,45,,,0.25,,,,,286.2,0.0,4,5,1,0.45,3.0,3.0444,45,6,3,1,0.65,3.1333,3.0444,45,22,41,3.0976,3.0244,22,33,2.9697,3.1212,2,2.0,3.5,2,3.5,2.0,3,6,9,3,nhl-pit,"{""common_opponents"": 1, ""games_played"": 1, ""head_to_head"": 1, ""home_advantage"": 1, ""last10_form"": 1, ""season_scoring"": 1, ""travel_km"": 1}"
2025020742,NHL,20252026,regular,2026-01-15,2026-01-15,nhl-sjs,nhl-wsh,final,,,45,47,,,0.25,,,,,3890.3,0.0,6,4,0,0.6,3.1778,3.6,45,5,4,1,0.55,3.2553,2.8723,47,19,32,3.4375,3.2812,19,38,2.8947,2.9474,1,1.0,7.0,1,7.0,1.0,3,2,5,-1,nhl-sjs,"{""common_opponents"": 1, ""games_played"": 1, ""head_to_head"": 1, ""home_advantage"": 1, ""last10_form"": 1, ""season_scoring"": 1, ""travel_km"": 1}"
2025020743,NHL,20252026,regular,2026-01-15,2026-01-15,nhl-van,nhl-cbj,final,,,46,46,,,0.25,,,,,827.8,0.0,1,7,2,0.2,2.7174,3.6087,46,5,4,1,0.55,3.0435,3.3913,46,26,39,2.6667,3.5385,26,43,3.0698,3.3488,1,4.0,3.0,1,3.0,4.0,1,4,5,3,nhl-cbj,"{""common_opponents"": 1, ""games_played"": 1, ""head_to_head"": 1, ""home_advantage"": 1, ""last10_form"": 1, ""season_scoring"": 1, ""travel_km"": 1}"
2025020744,NHL,20252026,regular,2026-01-15,2026-01-15,nhl-wpg,nhl-min,final,,,45,47,,,0.25,,,,,628.4,0.0,3,5,2,0.4,3.0,3.1556,45,4,2,4,0.6,3.1489,2.766,47,24,39,3.0769,3.1026,24,43,3.1395,2.8372,3,2.3333,3.3333,3,3.3333,2.3333,6,2,8,-4,nhl-wpg,"{""common_opponents"": 1, ""games_played"": 1, ""head_to_head"": 1, ""home_advantage"": 1, ""last10_form"": 1, ""season_scoring"": 1, ""travel_km"": 1}"
2025020745,NHL,20252026,regular,2026-01-15,2026-01-15,nhl-cgy,nhl-chi,final,,,46,46,,,0.25,,,,,446.0,0.0,4,6,0,0.4,2.587,3.0435,46,6,3,1,0.65,2.8261,3.1739,46,22,39,2.6667,3.0256,22,36,2.8889,3.2778,2,1.0,4.5,2,4.5,1.0,3,1,4,-2,nhl-cgy,"{""common_opponents"": 1, ""games_played"": 1, ""head_to_head"": 1, ""home_advantage"": 1, ""last10_form"": 1, ""season_scoring"": 1, ""travel_km"": 1}"
2025020746,NHL,20252026,regular,2026-01-15,2026-01-15,nhl-dal,nhl-uta,final,,,47,47,,,0.25,,,,,936.7,0.0,2,4,4,0.4,3.4255,2.8298,47,6,3,1,0.65,3.0851,2.7872,47,25,41,3.439,2.9268,25,42,3.1429,2.7619,1,4.0,3.0,1,3.0,4.0,1,2,3,1,nhl-uta,"{""common_opponents"": 1, ""games_played"": 1, ""head_to_head"": 1, ""home_advantage"": 1, ""last10_form"": 1, ""season_scoring"": 1, ""travel_km"": 1}"
2025020747,NHL,20252026,regular,2026-01-15,2026-01-15,nhl-nyi,nhl-edm,final,,,46,47,,,0.25,,,,,1194.3,2828.1,6,3,1,0.65,3.0,2.8261,46,5,3,2,0.6,3.383,3.3404,47,25,43,2.907,2.8605,25,40,3.425,3.3,1,4.0,2.0,1,2.0,4.0,1,0,1,-1,nhl-nyi,"{""common_opponents"": 1, ""games_played"": 1, ""head_to_head"": 1, ""home_advantage"": 1, ""last10_form"": 1, ""season_scoring"": 1, ""travel_km"": 1}"
2025020748,NHL,20252026,regular,2026-01-15,2026-01-15,nhl-tor,nhl-vgk,final,,,46,45,,,0.25,,,,,592.0,362.6,7,1,2,0.8,3.3261,3.2391,46,5,3,2,0.6,3.2667,3.0667,45,23,37,3.2703,3.2432,23,41,3.3415,2.9756,,,,,,,5,6,11,1,nhl-vgk,"{""common_opponents"": 1, ""games_played"": 1, ""head_to_head"": 1, ""home_advantage"": 1, ""last10_form"": 1, ""season_scoring"": 1, ""travel_km"": 1}"
2025020749,NHL,20252026,regular,2026-01-16,2026-01-16,nhl-sjs,nhl-det,final,,,46,48,,,0.25,,,,,636.9,984.7,7,3,0,0.7,3.1739,3.5652,46,6,3,1,0.65,3.1042,3.0833,48,21,39,3.2821,3.5897,21,36,3.0833,3.0278,1,2.0,3.0,1,3.0,2.0,2,4,6,2,nhl-det,"{""common_opponents"": 1, ""games_played"": 1, ""head_to_head"": 1, ""home_advantage"": 1, ""last10_form"": 1, ""season_scoring"": 1, ""travel_km"": 1}"
2025020750,NHL,20252026,regular,2026-01-16,2026-01-16,nhl-fla,nhl-car,final,,,45,47,,,0.25,,,,,786.4,1063.2,5,4,1,0.55,3.0889,3.2222,45,5,4,1,0.55,3.3617,3.0213,47,24,39,2.9231,3.359,24,40,3.35,3.0,2,4.5,2.5,2,2.5,4.5,1,9,10,8,nhl-car,"{""common_opponents"": 1, ""games_played"": 1, ""head_to_head"": 1, ""home_advantage"": 1, ""last10_form"": 1, ""season_scoring"": 1, ""travel_km"": 1}"
2025020751,NHL,20252026,regular,2026-01-16,2026-01-16,nhl-tbl,nhl-stl,final,,,45,47,,,0.25,,,,,898.2,0.0,10,0,0,1.0,3.5556,2.5778,45,4,6,0,0.4,2.4894,3.4255,47,25,43,3.4651,2.6047,25,41,2.6098,3.5122,1,4.0,1.0,1,1.0,4.0,2,3,5,1,nhl-stl,"{""common_opponents"": 1, ""games_played"": 1, ""head_to_head"": 1, ""home_advantage"": 1, ""last10_form"": 1, ""season_scoring"": 1, ""travel_km"": 1}"
2025020752,NHL,20252026,regular,2026-01-16,2026-01-16,nhl-nsh,nhl-col,final,,,46,45,,,0.25,,,,,1644.2,0.0,6,4,0,0.6,2.8043,3.2826,46,7,2,1,0.75,4.0444,2.2889,45,22,36,2.75,3.4722,22,34,4.0588,2.2941,3,2.0,3.3333,3,3.3333,2.0,7,3,10,-4,nhl-nsh,"{""common_opponents"": 1, ""games_played"": 1, ""head_to_head"": 1, ""home_advantage"": 1, ""last10_form"": 1, ""season_scoring"": 1, ""travel_km"": 1}"
2025020753,NHL,20252026,regular,2026-01-16,2026-01-16,nhl-ana,nhl-lak,final,,,46,46,,,0.25,,,,,44.5,0.0,1,8,1,0.15,3.3261,3.6739,46,4,4,2,0.5,2.6522,2.8478,46,22,40,3.4,3.575,22,40,2.45,2.9,2,3.0,5.0,2,5.0,3.0,3,2,5,-1,nhl-ana,"{""common_opponents"": 1, ""games_played"": 1, ""head_to_head"": 1, ""home_advantage"": 1, ""last10_form"": 1, ""season_scoring"": 1, ""travel_km"": 1}"
2025020754,NHL,20252026,regular,2026-01-17,2026-01-17,nhl-min,nhl-buf,final,,,48,46,,,0.25,,,,,1160.9,0.0,4,3,3,0.55,3.125,2.8333,48,8,2,0,0.8,3.3261,3.1087,46,21,37,3.1351,2.7027,21,37,3.2432,3.1622,1,2.0,3.0,1,3.0,2.0,5,4,9,-1,nhl-min,"{""common_opponents"": 1, ""games_played"": 1, ""head_to_head"": 1, ""home_advantage"": 1, ""last10_form"": 1, ""season_scoring"": 1, ""travel_km"": 1}"
2025020755,NHL,20252026,regular,2026-01-17,2026-01-17,nhl-nyr,nhl-phi,final,,,48,46,,,0.25,,,,,137.5,413.6,2,6,2,0.3,2.625,3.0625,48,3,6,1,0.35,3.0,3.1087,46,22,37,2.4865,3.0,22,42,2.881,3.0238,1,5.0,4.0,1,4.0,5.0,6,3,9,-3,nhl-nyr,"{""common_opponents"": 1, ""games_played"": 1, ""head_to_head"": 1, ""home_advantage"": 1, ""last10_form"": 1, ""season_scoring"": 1, ""travel_km"": 1}"
2025020756,NHL,20252026,regular,2026-01-17,2026-01-17,nhl-nyi,nhl-cgy,final,,,47,47,,,0.25,,,,,281.6,2245.8,6,3,1,0.65,2.9574,2.766,47,5,5,0,0.5,2.5957,3.0,47,24,38,2.8158,2.8684,24,44,2.6818,3.0455,,,,,,,2,4,6,2,nhl-cgy,"{""common_opponents"": 1, ""games_played"": 1, ""head_to_head"": 1, ""home_advantage"": 1, ""last10_form"": 1, ""season_scoring"": 1, ""travel_km"": 1}"
2025020757,NHL,20252026,regular,2026-01-17,2026-01-17,nhl-sea,nhl-uta,final,,,46,48,,,0.25,,,,,3369.4,0.0,5,2,3,0.65,2.7609,2.9348,46,6,3,1,0.65,3.0625,2.75,48,25,41,2.8049,2.8537,25,45,3.0444,2.6889,1,3.0,5.0,1,5.0,3.0,3,6,9,3,nhl-uta,"{""common_opponents"": 1, ""games_played"": 1, ""head_to_head"": 1, ""home_advantage"": 1, ""last10_form"": 1, ""season_scoring"": 1, ""travel_km"": 1}"
2025020758,NHL,20252026,regular,2026-01-17,2026-01-17,nhl-mtl,nhl-ott,final,,,48,46,,,0.25,,,,,357.7,529.4,6,3,1,0.65,3.375,3.3125,48,4,6,0,0.4,3.2826,3.3261,46,25,45,3.3111,3.2444,25,40,3.275,3.375,2,3.0,4.0,2,4.0,3.0,6,5,11,-1,nhl-mtl,"{""common_opponents"": 1, ""games_played"": 1, ""head_to_head"": 1, ""home_advantage"": 1, ""last10_form"": 1, ""season_scoring"": 1, ""travel_km"": 1}"
2025020759,NHL,20252026,regular,2026-01-17,2026-01-17,nhl-car,nhl-njd,final,,,48,47,,,0.25,,,,,676.8,0.0,5,4,1,0.55,3.4792,2.9792,48,4,5,1,0.45,2.6809,3.0851,47,24,40,3.475,3.225,24,41,2.6341,3.122,2,4.5,2.0,2,2.0,4.5,4,1,5,-3,nhl-car,"{""common_opponents"": 1, ""games_played"": 1, ""head_to_head"": 1, ""home_advantage"": 1, ""last10_form"": 1, ""season_scoring"": 1, ""travel_km"": 1}"
2025020760,NHL,20252026,regular,2026-01-17,2026-01-17,nhl-cbj,nhl-pit,final,,,47,46,,,0.25,,,,,261.4,0.0,5,4,1,0.55,3.0638,3.3404,47,7,2,1,0.75,3.1957,3.0435,46,25,40,3.15,3.2,25,38,3.0,3.0789,3,4.0,4.3333,3,4.3333,4.0,4,3,7,-1,nhl-cbj,"{""common_opponents"": 1, ""games_played"": 1, ""head_to_head"": 1, ""home_advantage"": 1, ""last10_form"": 1, ""season_scoring"": 1, ""travel_km"": 1}"
2025020761,NHL,20252026,regular,2026-01-17,2026-01-17,nhl-fla,nhl-wsh,final,,,46,48,,,0.25,,,,,375.5,0.0,4,5,1,0.45,3.0435,3.3478,46,4,5,1,0.45,3.2292,2.875,48,22,35,3.0286,3.4571,22,41,3.2927,2.7317,2,5.5,3.0,2,3.0,5.5,5,2,7,-3,nhl-fla,"{""common_opponents"": 1, ""games_played"": 1, ""head_to_head"": 1, ""home_advantage"": 1, ""last10_form"": 1, ""season_scoring"": 1, ""travel_km"": 1}"
2025020762,NHL,20252026,regular,2026-01-17,2026-01-17,nhl-tor,nhl-wpg,final,,,47,46,,,0.25,,,,,2111.0,628.4,6,1,3,0.75,3.3617,3.2979,47,4,5,1,0.45,3.0652,3.1304,46,25,42,3.3333,3.5,25,40,3.05,3.05,1,6.0,5.0,1,5.0,6.0,4,3,7,-1,nhl-tor,"{""common_opponents"": 1, ""games_played"": 1, ""head_to_head"": 1, ""home_advantage"": 1, ""last10_form"": 1, ""season_scoring"": 1, ""travel_km"": 1}"
2025020763,NHL,20252026,regular,2026-01-17,2026-01-17,nhl-bos,nhl-chi,final,,,48,47,,,0.25,,,,,1368.9,0.0,7,2,1,0.75,3.3125,3.0833,48,5,4,1,0.55,2.7872,3.1702,47,24,44,3.4318,3.1364,24,41,2.7561,3.2195,1,4.0,3.0,1,3.0,4.0,5,2,7,-3,nhl-bos,"{""common_opponents"": 1, ""games_played"": 1, ""head_to_head"": 1, ""home_advantage"": 1, ""last10_form"": 1, ""season_scoring"": 1, ""travel_km"": 1}"
2025020764,NHL,20252026,regular,2026-01-17,2026-01-17,nhl-edm,nhl-van,final,,,48,47,,,0.25,,,,,817.2,3294.1,4,4,2,0.5,3.3125,3.2917,48,1,7,2,0.2,2.6809,3.617,47,27,45,3.3111,3.3333,27,42,2.6429,3.5952,2,3.0,2.5,2,2.5,3.0,6,0,6,-6,nhl-edm,"{""common_opponents"": 1, ""games_played"": 1, ""head_to_head"": 1, ""home_advantage"": 1, ""last10_form"": 1, ""season_scoring"": 1, ""travel_km"": 1}"
2025020765,NHL,20252026,regular,2026-01-17,2026-01-17,nhl-nsh,nhl-vgk,final,,,47,46,,,0.25,,,,,979.1,0.0,7,3,0,0.7,2.8936,3.2766,47,6,3,1,0.65,3.3261,3.1087,46,22,39,2.9487,3.359,22,38,3.1316,3.2105,1,4.0,2.0,1,2.0,4.0,2,7,9,5,nhl-vgk,"{""common_opponents"": 1, ""games_played"": 1, ""head_to_head"": 1, ""home_advantage"": 1, ""last10_form"": 1, ""season_scoring"": 1, ""travel_km"": 1}"
2025020766,NHL,20252026,regular,2026-01-17,2026-01-17,nhl-lak,nhl-ana,final,,,47,47,,,0.25,,,,,44.5,44.5,3,4,3,0.45,2.6383,2.8511,47,2,7,1,0.25,3.3191,3.6383,47,22,40,2.45,2.9,22,40,3.4,3.575,3,4.0,3.0,3,3.0,4.0,1,2,3,1,nhl-ana,"{""common_opponents"": 1, ""games_played"": 1, ""head_to_head"": 1, ""home_advantage"": 1, ""last10_form"": 1, ""season_scoring"": 1, ""travel_km"": 1}"
2025020767,NHL,20252026,regular,2026-01-18,2026-01-18,nhl-tbl,nhl-dal,final,,,46,48,,,0.25,,,,,881.0,1606.8,9,0,1,0.95,3.5217,2.587,46,2,5,3,0.35,3.375,2.8125,48,24,42,3.5238,2.6429,24,40,3.475,2.8,1,2.0,1.0,1,1.0,2.0,4,1,5,-3,nhl-tbl,"{""common_opponents"": 1, ""games_played"": 1, ""head_to_head"": 1, ""home_advantage"": 1, ""last10_form"": 1, ""season_scoring"": 1, ""travel_km"": 1}"
2025020768,NHL,20252026,regular,2026-01-18,2026-01-18,nhl-ott,nhl-det,final,,,47,49,,,0.25,,,,,659.2,0.0,4,5,1,0.45,3.3191,3.383,47,7,2,1,0.75,3.1224,3.0612,49,26,42,3.4286,3.3333,26,46,3.087,3.0217,1,3.0,5.0,1,5.0,3.0,3,4,7,1,nhl-det,"{""common_opponents"": 1, ""games_played"": 1, ""head_to_head"": 1, ""home_advantage"": 1, ""last10_form"": 1, ""season_scoring"": 1, ""travel_km"": 1}"
2025020769,NHL,20252026,regular,2026-01-18,2026-01-18,nhl-stl,nhl-edm,final,,,48,49,,,0.25,,,,,2424.7,817.2,5,5,0,0.5,2.5,3.3958,48,5,3,2,0.6,3.3673,3.2245,49,28,46,2.5217,3.413,28,48,3.3958,3.2292,1,3.0,2.0,1,2.0,3.0,0,5,5,5,nhl-edm,"{""common_opponents"": 1, ""games_played"": 1, ""head_to_head"": 1, ""home_advantage"": 1, ""last10_form"": 1, ""season_scoring"": 1, ""travel_km"": 1}"
2025020770,NHL,20252026,regular,2026-01-19,2026-01-19,nhl-buf,nhl-car,final,,,47,49,,,0.25,,,,,786.4,676.8,7,2,1,0.75,3.3404,3.1489,47,6,3,1,0.65,3.4898,2.9388,49,22,40,3.175,3.125,22,39,3.4872,2.7949,2,3.5,3.5,2,3.5,3.5,1,2,3,1,nhl-car,"{""common_opponents"": 1, ""games_played"": 1, ""head_to_head"": 1, ""home_advantage"": 1, ""last10_form"": 1, ""season_scoring"": 1, ""travel_km"": 1}"
2025020771,NHL,20252026,regular,2026-01-19,2026-01-19,nhl-wsh,nhl-col,final,,,49,46,,,0.25,,,,,2399.4,0.0,4,5,1,0.45,3.2041,2.9184,49,6,3,1,0.65,4.0217,2.3913,46,24,46,3.2609,2.8261,24,40,4.15,2.4,,,,,,,2,5,7,3,nhl-col,"{""common_opponents"": 1, ""games_played"": 1, ""head_to_head"": 1, ""home_advantage"": 1, ""last10_form"": 1, ""season_scoring"": 1, ""travel_km"": 1}"
2025020772,NHL,20252026,regular,2026-01-19,2026-01-19,nhl-pit,nhl-sea,final,,,47,47,,,0.25,,,,,3434.3,1127.5,6,2,2,0.7,3.1915,3.0638,47,5,3,2,0.6,2.766,3.0,47,26,43,3.2093,3.093,26,44,2.7727,3.0227,1,2.0,3.0,1,3.0,2.0,6,3,9,-3,nhl-pit,"{""common_opponents"": 1, ""games_played"": 1, ""head_to_head"": 1, ""home_advantage"": 1, ""last10_form"": 1, ""season_scoring"": 1, ""travel_km"": 1}"
2025020773,NHL,20252026,regular,2026-01-19,2026-01-19,nhl-sjs,nhl-fla,final,,,47,47,,,0.25,,,,,1816.5,1449.8,7,3,0,0.7,3.1489,3.5745,47,5,4,1,0.55,3.0851,3.3191,47,21,39,3.1282,3.7949,21,37,3.2162,3.2162,1,3.0,1.0,1,1.0,3.0,4,1,5,-3,nhl-sjs,"{""common_opponents"": 1, ""games_played"": 1, ""head_to_head"": 1, ""home_advantage"": 1, ""last10_form"": 1, ""season_scoring"": 1, ""travel_km"": 1}"
2025020774,NHL,20252026,regular,2026-01-19,2026-01-19,nhl-min,nhl-tor,final,,,49,48,,,0.25,,,,,94.7,1515.8,4,3,3,0.55,3.1633,2.8571,49,7,1,2,0.8,3.375,3.2917,48,25,47,3.1489,2.9362,25,39,3.5128,3.4615,,,,,,,6,3,9,-3,nhl-min,"{""common_opponents"": 1, ""games_played"": 1, ""head_to_head"": 1, ""home_advantage"": 1, ""last10_form"": 1, ""season_scoring"": 1, ""travel_km"": 1}"
2025020775,NHL,20252026,regular,2026-01-19,2026-01-19,nhl-phi,nhl-vgk,final,,,47,47,,,0.25,,,,,3501.3,0.0,3,6,1,0.35,3.0,3.1702,47,7,2,1,0.75,3.4043,3.0851,47,20,37,2.973,3.0,20,38,3.3947,3.1316,1,2.0,3.0,1,3.0,2.0,2,1,3,-1,nhl-phi,"{""common_opponents"": 1, ""games_played"": 1, ""head_to_head"": 1, ""home_advantage"": 1, ""last10_form"": 1, ""season_scoring"": 1, ""travel_km"": 1}"
2025020776,NHL,20252026,regular,2026-01-19,2026-01-19,nhl-wpg,nhl-chi,final,,,47,48,,,0.25,,,,,1151.8,0.0,4,4,2,0.5,3.0638,3.1489,47,5,4,1,0.55,2.7708,3.2083,48,24,42,3.0476,3.1429,24,44,2.7727,3.25,1,6.0,3.0,1,3.0,6.0,0,2,2,2,nhl-chi,"{""common_opponents"": 1, ""games_played"": 1, ""head_to_head"": 1, ""home_advantage"": 1, ""last10_form"": 1, ""season_scoring"": 1, ""travel_km"": 1}"
2025020777,NHL,20252026,regular,2026-01-19,2026-01-19,nhl-njd,nhl-cgy,final,,,48,48,,,0.25,,,,,3245.4,0.0,4,6,0,0.4,2.6458,3.1042,48,5,5,0,0.5,2.625,2.9792,48,25,42,2.5714,3.0238,25,44,2.6136,2.9318,,,,,,,2,1,3,-1,nhl-njd,"{""common_opponents"": 1, ""games_played"": 1, ""head_to_head"": 1, ""home_advantage"": 1, ""last10_form"": 1, ""season_scoring"": 1, ""travel_km"": 1}"
2025020778,NHL,20252026,regular,2026-01-19,2026-01-19,nhl-nyi,nhl-van,final,,,48,48,,,0.25,,,,,673.7,0.0,5,4,1,0.55,2.9375,2.7917,48,0,8,2,0.1,2.625,3.6667,48,27,45,2.9111,2.7333,27,44,2.6136,3.7045,1,1.0,4.0,1,4.0,1.0,4,3,7,-1,nhl-nyi,"{""common_opponents"": 1, ""games_played"": 1, ""head_to_head"": 1, ""home_advantage"": 1, ""last10_form"": 1, ""season_scoring"": 1, ""travel_km"": 1}"
2025020779,NHL,20252026,regular,2026-01-19,2026-01-19,nhl-nyr,nhl-ana,final,,,49,48,,,0.25,,,,,3822.5,0.0,2,6,2,0.3,2.6939,3.0612,49,3,6,1,0.35,3.2917,3.5833,48,23,42,2.7619,3.0238,23,40,3.35,3.8,1,1.0,4.0,1,4.0,1.0,3,5,8,2,nhl-ana,"{""common_opponents"": 1, ""games_played"": 1, ""head_to_head"": 1, ""home_advantage"": 1, ""last10_form"": 1, ""season_scoring"": 1, ""travel_km"": 1}"
2025020780,NHL,20252026,regular,2026-01-20,2026-01-20,nhl-min,nhl-mtl,final,,,50,49,,,0.25,,,,,504.1,185.4,4,3,3,0.55,3.22,2.86,50,6,3,1,0.65,3.4286,3.3469,49,24,43,3.186,2.8605,24,43,3.4651,3.3488,,,,,,,3,4,7,1,nhl-mtl,"{""common_opponents"": 1, ""games_played"": 1, ""head_to_head"": 1, ""home_advantage"": 1, ""last10_form"": 1, ""season_scoring"": 1, ""travel_km"": 1}"
2025020781,NHL,20252026,regular,2026-01-20,2026-01-20,nhl-sjs,nhl-tbl,final,,,48,47,,,0.25,,,,,289.3,1477.6,7,3,0,0.7,3.1667,3.5208,48,9,0,1,0.95,3.5319,2.5532,47,21,40,3.15,3.575,21,39,3.4103,2.6154,1,3.0,7.0,1,7.0,3.0,1,4,5,3,nhl-tbl,"{""common_opponents"": 1, ""games_played"": 1, ""head_to_head"": 1, ""home_advantage"": 1, ""last10_form"": 1, ""season_scoring"": 1, ""travel_km"": 1}"
2025020782,NHL,20252026,regular,2026-01-20,2026-01-20,nhl-ott,nhl-cbj,final,,,48,48,,,0.25,,,,,263.7,261.4,4,4,2,0.5,3.3125,3.3958,48,5,4,1,0.55,3.0833,3.3333,48,26,38,3.1053,3.4737,26,45,3.1111,3.3111,2,3.5,3.5,2,3.5,3.5,4,1,5,-3,nhl-ott,"{""common_opponents"": 1, ""games_played"": 1, ""head_to_head"": 1, ""home_advantage"": 1, ""last10_form"": 1, ""season_scoring"": 1, ""travel_km"": 1}"
2025020783,NHL,20252026,regular,2026-01-20,2026-01-20,nhl-bos,nhl-dal,final,,,49,49,,,0.25,,,,,1292.2,0.0,8,1,1,0.85,3.3469,3.0612,49,2,6,2,0.3,3.3265,2.8367,49,26,48,3.3125,3.0,26,45,3.3111,2.8222,,,,,,,2,6,8,4,nhl-dal,"{""common_opponents"": 1, ""games_played"": 1, ""head_to_head"": 1, ""home_advantage"": 1, ""last10_form"": 1, ""season_scoring"": 1, ""travel_km"": 1}"
2025020784,NHL,20252026,regular,2026-01-20,2026-01-20,nhl-buf,nhl-nsh,final,,,48,48,,,0.25,,,,,725.8,2541.4,6,3,1,0.65,3.2917,3.125,48,6,4,0,0.6,2.875,3.3542,48,24,43,3.4186,3.1628,24,44,2.8409,3.25,,,,,,,5,3,8,-2,nhl-buf,"{""common_opponents"": 1, ""games_played"": 1, ""head_to_head"": 1, ""home_advantage"": 1, ""last10_form"": 1, ""season_scoring"": 1, ""travel_km"": 1}"
2025020785,NHL,20252026,regular,2026-01-20,2026-01-20,nhl-stl,nhl-wpg,final,,,49,48,,,0.25,,,,,1194.3,1151.8,4,6,0,0.4,2.449,3.4286,49,4,4,2,0.5,3.0,3.125,48,26,43,2.4651,3.6047,26,46,3.1087,3.1957,1,1.0,0.0,1,0.0,1.0,1,3,4,2,nhl-wpg,"{""common_opponents"": 1, ""games_played"": 1, ""head_to_head"": 1, ""home_advantage"": 1, ""last10_form"": 1, ""season_scoring"": 1, ""travel_km"": 1}"
2025020786,NHL,20252026,regular,2026-01-20,2026-01-20,nhl-njd,nhl-edm,final,,,49,50,,,0.25,,,,,281.6,0.0,5,5,0,0.5,2.6327,3.0612,49,5,3,2,0.6,3.4,3.16,50,26,44,2.5909,3.0909,26,45,3.4,3.1778,1,5.0,3.0,1,3.0,5.0,2,1,3,-1,nhl-njd,"{""common_opponents"": 1, ""games_played"": 1, ""head_to_head"": 1, ""home_advantage"": 1, ""last10_form"": 1, ""season_scoring"": 1, ""travel_km"": 1}"
2025020787,NHL,20252026,regular,2026-01-20,2026-01-20,nhl-nyr,nhl-lak,final,,,50,48,,,0.25,,,,,44.5,44.5,2,6,2,0.3,2.7,3.1,50,3,3,4,0.5,2.6042,2.8333,48,25,44,2.6818,3.0909,25,44,2.6818,2.8182,,,,,,,3,4,7,1,nhl-lak,"{""common_opponents"": 1, ""games_played"": 1, ""head_to_head"": 1, ""home_advantage"": 1, ""last10_form"": 1, ""season_scoring"": 1, ""travel_km"": 1}"
2025020788,NHL,20252026,regular,2026-01-21,2026-01-21,nhl-det,nhl-tor,final,,,50,49,,,0.25,,,,,332.2,0.0,7,2,1,0.75,3.14,3.06,50,6,2,2,0.7,3.3673,3.3469,49,26,45,3.0444,3.0667,26,42,3.4286,3.3333,3,4.0,2.3333,3,2.3333,4.0,2,1,3,-1,nhl-det,"{""common_opponents"": 1, ""games_played"": 1, ""head_to_head"": 1, ""home_advantage"": 1, ""last10_form"": 1, ""season_scoring"": 1, ""travel_km"": 1}"
2025020789,NHL,20252026,regular,2026-01-21,2026-01-21,nhl-ana,nhl-col,final,,,49,47,,,0.25,,,,,1320.9,0.0,4,5,1,0.45,3.3265,3.5714,49,6,3,1,0.65,4.0426,2.383,47,24,44,3.3182,3.5682,24,43,3.8837,2.4186,1,1.0,4.0,1,4.0,1.0,2,1,3,-1,nhl-ana,"{""common_opponents"": 1, ""games_played"": 1, ""head_to_head"": 1, ""home_advantage"": 1, ""last10_form"": 1, ""season_scoring"": 1, ""travel_km"": 1}"
2025020790,NHL,20252026,regular,2026-01-21,2026-01-21,nhl-phi,nhl-uta,final,,,48,49,,,0.25,,,,,592.0,0.0,3,6,1,0.35,2.9792,3.125,48,7,2,1,0.75,3.1224,2.7551,49,24,45,3.0,3.0889,24,44,3.2045,2.75,,,,,,,4,5,9,1,nhl-uta,"{""common_opponents"": 1, ""games_played"": 1, ""head_to_head"": 1, ""home_advantage"": 1, ""last10_form"": 1, ""season_scoring"": 1, ""travel_km"": 1}"
2025020791,NHL,20252026,regular,2026-01-21,2026-01-21,nhl-pit,nhl-cgy,final,,,48,49,,,0.25,,,,,710.8,0.0,6,2,2,0.7,3.25,3.0625,48,4,5,1,0.45,2.5918,2.9592,49,26,44,3.2727,3.0455,26,45,2.5778,2.9111,1,1.0,2.0,1,2.0,1.0,4,1,5,-3,nhl-pit,"{""common_opponents"": 1, ""games_played"": 1, ""head_to_head"": 1, ""home_advantage"": 1, ""last10_form"": 1, ""season_scoring"": 1, ""travel_km"": 1}"
2025020792,NHL,20252026,regular,2026-01-21,2026-01-21,nhl-wsh,nhl-van,final,,,50,49,,,0.25,,,,,1776.4,0.0,3,6,1,0.35,3.18,2.96,50,0,8,2,0.1,2.6327,3.6735,49,26,49,3.1837,2.9388,26,43,2.6047,3.6279,1,3.0,4.0,1,4.0,3.0,3,4,7,1,nhl-van,"{""common_opponents"": 1, ""games_played"": 1, ""head_to_head"": 1, ""home_advantage"": 1, ""last10_form"": 1, ""season_scoring"": 1, ""travel_km"": 1}"
2025020793,NHL,20252026,regular,2026-01-21,2026-01-21,nhl-nyi,nhl-sea,final,,,49,48,,,0.25,,,,,192.3,0.0,6,3,1,0.65,2.9592,2.7959,49,4,4,2,0.5,2.7708,3.0625,48,26,44,3.0909,2.9545,26,43,2.7907,3.093,1,1.0,0.0,1,0.0,1.0,1,4,5,3,nhl-sea,"{""common_opponents"": 1, ""games_played"": 1, ""head_to_head"": 1, ""home_advantage"": 1, ""last10_form"": 1, ""season_scoring"": 1, ""travel_km"": 1}"
2025020794,NHL,20252026,regular,2026-01-22,2026-01-22,nhl-vgk,nhl-bos,final,,,48,50,,,0.25,,,,,3819.1,2493.3,7,2,1,0.75,3.3542,3.0625,48,8,2,0,0.8,3.32,3.12,50,22,41,3.2683,3.0976,22,41,3.4146,3.122,1,6.0,5.0,1,5.0,6.0,3,4,7,1,nhl-bos,"{""common_opponents"": 1, ""games_played"": 1, ""head_to_head"": 1, ""home_advantage"": 1, ""last10_form"": 1, ""season_scoring"": 1, ""travel_km"": 1}"
2025020795,NHL,20252026,regular,2026-01-22,2026-01-22,nhl-buf,nhl-mtl,final,,,49,50,,,0.25,,,,,1517.2,0.0,6,3,1,0.65,3.3265,3.1224,49,6,3,1,0.65,3.44,3.34,50,24,45,3.2889,3.1333,24,44,3.5227,3.25,2,3.5,3.5,2,3.5,3.5,4,2,6,-2,nhl-buf,"{""common_opponents"": 1, ""games_played"": 1, ""head_to_head"": 1, ""home_advantage"": 1, ""last10_form"": 1, ""season_scoring"": 1, ""travel_km"": 1}"
2025020796,NHL,20252026,regular,2026-01-22,2026-01-22,nhl-chi,nhl-car,final,,,49,50,,,0.25,,,,,1027.5,0.0,6,4,0,0.6,2.7551,3.1429,49,7,2,1,0.75,3.46,2.9,50,26,46,2.6304,3.1304,26,47,3.4681,2.9574,,,,,,,4,3,7,-1,nhl-chi,"{""common_opponents"": 1, ""games_played"": 1, ""head_to_head"": 1, ""home_advantage"": 1, ""last10_form"": 1, ""season_scoring"": 1, ""travel_km"": 1}"
2025020797,NHL,20252026,regular,2026-01-22,2026-01-22,nhl-dal,nhl-cbj,final,,,50,49,,,0.25,,,,,1468.5,0.0,3,5,2,0.4,3.38,2.82,50,5,4,1,0.55,3.0408,3.3469,49,26,45,3.3556,2.7778,26,46,3.0217,3.3696,1,1.0,5.0,1,5.0,1.0,0,1,1,1,nhl-cbj,"{""common_opponents"": 1, ""games_played"": 1, ""head_to_head"": 1, ""home_advantage"": 1, ""last10_form"": 1, ""season_scoring"": 1, ""travel_km"": 1}"
2025020798,NHL,20252026,regular,2026-01-22,2026-01-22,nhl-ott,nhl-nsh,final,,,49,49,,,0.25,,,,,537.1,0.0,4,4,2,0.5,3.3265,3.3469,49,5,5,0,0.5,2.8776,3.3878,49,26,42,3.2381,3.4286,26,46,2.8913,3.3696,1,1.0,4.0,1,4.0,1.0,3,5,8,2,nhl-nsh,"{""common_opponents"": 1, ""games_played"": 1, ""head_to_head"": 1, ""home_advantage"": 1, ""last10_form"": 1, ""season_scoring"": 1, ""travel_km"": 1}"
2025020799,NHL,20252026,regular,2026-01-22,2026-01-22,nhl-fla,nhl-wpg,final,,,48,49,,,0.25,,,,,3006.7,0.0,4,5,1,0.45,3.0417,3.3333,48,5,3,2,0.6,3.0,3.0816,49,26,44,3.1136,3.3182,26,43,3.0465,3.0465,,,,,,,2,1,3,-1,nhl-fla,"{""common_opponents"": 1, ""games_played"": 1, ""head_to_head"": 1, ""home_advantage"": 1, ""last10_form"": 1, ""season_scoring"": 1, ""travel_km"": 1}"
2025020800,NHL,20252026,regular,2026-01-22,2026-01-22,nhl-pit,nhl-edm,final,,,49,51,,,0.25,,,,,281.6,0.0,6,2,2,0.7,3.2653,3.0204,49,5,3,2,0.6,3.3529,3.1373,51,26,44,3.2273,2.9091,26,48,3.3333,3.0,1,4.0,6.0,1,6.0,4.0,6,2,8,-4,nhl-pit,"{""common_opponents"": 1, ""games_played"": 1, ""head_to_head"": 1, ""home_advantage"": 1, ""last10_form"": 1, ""season_scoring"": 1, ""travel_km"": 1}"
2025020801,NHL,20252026,regular,2026-01-22,2026-01-22,nhl-det,nhl-min,final,,,51,51,,,0.25,,,,,1100.3,1527.3,7,2,1,0.75,3.1176,3.0196,51,4,4,2,0.5,3.2157,2.8824,51,26,48,3.125,3.0417,26,48,3.3125,2.875,,,,,,,3,4,7,1,nhl-min,"{""common_opponents"": 1, ""games_played"": 1, ""head_to_head"": 1, ""home_advantage"": 1, ""last10_form"": 1, ""season_scoring"": 1, ""travel_km"": 1}"
2025020802,NHL,20252026,regular,2026-01-23,2026-01-23,nhl-vgk,nhl-tor,final,,,49,50,,,0.25,,,,,690.7,0.0,7,2,1,0.75,3.3469,3.0816,49,5,2,3,0.65,3.32,3.32,50,24,46,3.3043,3.0,24,40,3.225,3.275,1,6.0,5.0,1,5.0,6.0,6,3,9,-3,nhl-vgk,"{""common_opponents"": 1, ""games_played"": 1, ""head_to_head"": 1, ""home_advantage"": 1, ""last10_form"": 1, ""season_scoring"": 1, ""travel_km"": 1}"
2025020803,NHL,20252026,regular,2026-01-23,2026-01-23,nhl-tbl,nhl-chi,final,,,48,50,,,0.25,,,,,1620.5,1027.5,9,0,1,0.95,3.5417,2.5208,48,6,4,0,0.6,2.78,3.14,50,24,44,3.5227,2.5227,24,43,2.8372,3.0233,1,2.0,3.0,1,3.0,2.0,2,1,3,-1,nhl-tbl,"{""common_opponents"": 1, ""games_played"": 1, ""head_to_head"": 1, ""home_advantage"": 1, ""last10_form"": 1, ""season_scoring"": 1, ""travel_km"": 1}"
2025020804,NHL,20252026,regular,2026-01-23,2026-01-23,nhl-stl,nhl-dal,final,,,50,51,,,0.25,,,,,1901.9,1468.5,4,6,0,0.4,2.42,3.42,50,3,5,2,0.4,3.3137,2.7843,51,28,46,2.413,3.4565,28,47,3.2979,2.766,1,3.0,1.0,1,1.0,3.0,2,3,5,1,nhl-dal,"{""common_opponents"": 1, ""games_played"": 1, ""head_to_head"": 1, ""home_advantage"": 1, ""last10_form"": 1, ""season_scoring"": 1, ""travel_km"": 1}"
2025020805,NHL,20252026,regular,2026-01-23,2026-01-23,nhl-phi,nhl-col,final,,,49,48,,,0.25,,,,,595.7,0.0,3,5,2,0.4,3.0,3.1633,49,5,3,2,0.6,3.9792,2.375,48,23,43,3.1628,3.0698,23,40,4.0,2.55,1,2.0,3.0,1,3.0,2.0,7,3,10,-4,nhl-phi,"{""common_opponents"": 1, ""games_played"": 1, ""head_to_head"": 1, ""home_advantage"": 1, ""last10_form"": 1, ""season_scoring"": 1, ""travel_km"": 1}"
2025020806,NHL,20252026,regular,2026-01-23,2026-01-23,nhl-wsh,nhl-cgy,final,,,51,50,,,0.25,,,,,673.7,0.0,3,6,1,0.35,3.1765,2.9804,51,3,6,1,0.35,2.56,2.98,50,25,48,3.125,2.8958,25,43,2.5349,3.0465,,,,,,,3,1,4,-2,nhl-wsh,"{""common_opponents"": 1, ""games_played"": 1, ""head_to_head"": 1, ""home_advantage"": 1, ""last10_form"": 1, ""season_scoring"": 1, ""travel_km"": 1}"
2025020807,NHL,20252026,regular,2026-01-23,2026-01-23,nhl-njd,nhl-van,final,,,50,50,,,0.25,,,,,817.2,0.0,5,5,0,0.5,2.62,3.02,50,1,8,1,0.15,2.66,3.66,50,27,47,2.7234,3.0851,27,45,2.7111,3.8667,1,1.0,2.0,1,2.0,1.0,5,4,9,-1,nhl-njd,"{""common_opponents"": 1, ""games_played"": 1, ""head_to_head"": 1, ""home_advantage"": 1, ""last10_form"": 1, ""season_scoring"": 1, ""travel_km"": 1}"
2025020808,NHL,20252026,regular,2026-01-23,2026-01-23,nhl-nyr,nhl-sjs,final,,,51,49,,,0.25,,,,,491.4,3808.6,2,7,1,0.25,2.7059,3.1176,51,6,4,0,0.6,3.1224,3.5306,49,22,39,2.6154,3.2051,22,45,3.0889,3.6,1,5.0,6.0,1,6.0,5.0,1,3,4,2,nhl-sjs,"{""common_opponents"": 1, ""games_played"": 1, ""head_to_head"": 1, ""home_advantage"": 1, ""last10_form"": 1, ""season_scoring"": 1, ""travel_km"": 1}"
2025020809,NHL,20252026,regular,2026-01-23,2026-01-23,nhl-ana,nhl-sea,final,,,50,49,,,0.25,,,,,1641.2,0.0,5,5,0,0.5,3.3,3.52,50,4,4,2,0.5,2.7959,3.0204,49,24,44,3.3409,3.5682,24,39,2.7179,2.9231,2,1.0,3.0,2,3.0,1.0,4,2,6,-2,nhl-ana,"{""common_opponents"": 1, ""games_played"": 1, ""head_to_head"": 1, ""home_advantage"": 1, ""last10_form"": 1, ""season_scoring"": 1, ""travel_km"": 1}"
2025020810,NHL,20252026,regular,2026-01-24,2026-01-24,nhl-buf,nhl-nyi,final,,,50,50,,,0.25,,,,,532.1,3887.7,7,2,1,0.75,3.34,3.1,50,5,4,1,0.55,2.92,2.82,50,25,46,3.3261,3.1304,25,43,2.8837,2.907,1,3.0,2.0,1,2.0,3.0,5,0,5,-5,nhl-buf,"{""common_opponents"": 1, ""games_played"": 1, ""head_to_head"": 1, ""home_advantage"": 1, ""last10_form"": 1, ""season_scoring"": 1, ""travel_km"": 1}"
2025020811,NHL,20252026,regular,2026-01-24,2026-01-24,nhl-uta,nhl-nsh,final,,,50,50,,,0.25,,,,,2238.2,0.0,8,1,1,0.85,3.16,2.78,50,6,4,0,0.6,2.92,3.38,50,25,41,3.2927,2.6585,25,45,2.9556,3.3556,2,3.0,3.0,2,3.0,3.0,5,2,7,-3,nhl-uta,"{""common_opponents"": 1, ""games_played"": 1, ""head_to_head"": 1, ""home_advantage"": 1, ""last10_form"": 1, ""season_scoring"": 1, ""travel_km"": 1}"
2025020812,NHL,20252026,regular,2026-01-24,2026-01-24,nhl-mtl,nhl-bos,final,,,51,51,,,0.25,,,,,401.7,0.0,6,3,1,0.65,3.4118,3.3529,51,8,2,0,0.8,3.3333,3.1176,51,24,45,3.4444,3.3556,24,43,3.3488,3.0465,2,4.0,2.5,2,2.5,4.0,3,4,7,1,nhl-bos,"{""common_opponents"": 1, ""games_played"": 1, ""head_to_head"": 1, ""home_advantage"": 1, ""last10_form"": 1, ""season_scoring"": 1, ""travel_km"": 1}"
2025020813,NHL,20252026,regular,2026-01-24,2026-01-24,nhl-car,nhl-ott,final,,,51,50,,,0.25,,,,,1081.5,1364.4,7,1,2,0.8,3.451,2.9216,51,3,5,2,0.4,3.32,3.38,50,29,51,3.451,2.9216,29,48,3.3542,3.4167,,,,,,,4,1,5,-3,nhl-car,"{""common_opponents"": 1, ""games_played"": 1, ""head_to_head"": 1, ""home_advantage"": 1, ""last10_form"": 1, ""season_scoring"": 1, ""travel_km"": 1}"
2025020814,NHL,20252026,regular,2026-01-24,2026-01-24,nhl-tbl,nhl-cbj,final,,,49,50,,,0.25,,,,,446.0,0.0,9,0,1,0.95,3.5102,2.4898,49,5,4,1,0.55,3.0,3.28,50,23,42,3.5,2.5952,23,43,2.907,3.3256,1,2.0,3.0,1,3.0,2.0,5,8,13,3,nhl-cbj,"{""common_opponents"": 1, ""games_played"": 1, ""head_to_head"": 1, ""home_advantage"": 1, ""last10_form"": 1, ""season_scoring"": 1, ""travel_km"": 1}"
2025020815,NHL,20252026,regular,2026-01-24,2026-01-24,nhl-det,nhl-wpg,final,,,52,50,,,0.25,,,,,628.4,0.0,7,2,1,0.75,3.1154,3.0385,52,5,2,3,0.65,2.96,3.06,50,26,47,3.234,3.0851,26,47,2.9787,3.1064,1,2.0,1.0,1,1.0,2.0,5,1,6,-4,nhl-det,"{""common_opponents"": 1, ""games_played"": 1, ""head_to_head"": 1, ""home_advantage"": 1, ""last10_form"": 1, ""season_scoring"": 1, ""travel_km"": 1}"
2025020816,NHL,20252026,regular,2026-01-24,2026-01-24,nhl-lak,nhl-stl,final,,,49,51,,,0.25,,,,,2554.5,881.0,4,2,4,0.6,2.6327,2.8367,49,4,6,0,0.4,2.4118,3.4118,51,26,45,2.6,2.8222,26,45,2.4,3.5111,1,2.0,1.0,1,1.0,2.0,5,4,9,-1,nhl-lak,"{""common_opponents"": 1, ""games_played"": 1, ""head_to_head"": 1, ""home_advantage"": 1, ""last10_form"": 1, ""season_scoring"": 1, ""travel_km"": 1}"
2025020817,NHL,20252026,regular,2026-01-24,2026-01-24,nhl-fla,nhl-min,final,,,49,52,,,0.25,,,,,628.4,0.0,5,5,0,0.5,3.0204,3.2857,49,4,4,2,0.5,3.2308,2.8846,52,28,46,3.0435,3.3043,28,50,3.22,2.94,,,,,,,4,3,7,-1,nhl-fla,"{""common_opponents"": 1, ""games_played"": 1, ""head_to_head"": 1, ""home_advantage"": 1, ""last10_form"": 1, ""season_scoring"": 1, ""travel_km"": 1}"
2025020818,NHL,20252026,regular,2026-01-24,2026-01-24,nhl-wsh,nhl-edm,final,,,52,52,,,0.25,,,,,281.6,0.0,4,6,0,0.4,3.1731,2.9423,52,5,3,2,0.6,3.3269,3.1923,52,25,47,2.9574,2.9149,25,47,3.2979,3.1277,1,7.0,4.0,1,4.0,7.0,5,6,11,1,nhl-edm,"{""common_opponents"": 1, ""games_played"": 1, ""head_to_head"": 1, ""home_advantage"": 1, ""last10_form"": 1, ""season_scoring"": 1, ""travel_km"": 1}"
2025020819,NHL,20252026,regular,2026-01-25,2026-01-25,nhl-col,nhl-tor,final,,,49,51,,,0.25,,,,,2162.4,0.0,4,4,2,0.5,3.9592,2.4694,49,5,3,2,0.6,3.3137,3.3725,51,26,46,4.0435,2.4783,26,42,3.2381,3.4286,1,3.0,4.0,1,4.0,3.0,4,1,5,-3,nhl-col,"{""common_opponents"": 1, ""games_played"": 1, ""head_to_head"": 1, ""home_advantage"": 1, ""last10_form"": 1, ""season_scoring"": 1, ""travel_km"": 1}"
2025020820,NHL,20252026,regular,2026-01-25,2026-01-25,nhl-njd,nhl-sea,final,,,51,50,,,0.25,,,,,192.3,0.0,5,5,0,0.5,2.6667,3.0392,51,3,5,2,0.4,2.78,3.04,50,26,45,2.6667,3.0,26,46,2.7609,3.1087,1,3.0,2.0,1,2.0,3.0,2,4,6,2,nhl-sea,"{""common_opponents"": 1, ""games_played"": 1, ""head_to_head"": 1, ""home_advantage"": 1, ""last10_form"": 1, ""season_scoring"": 1, ""travel_km"": 1}"
2025020821,NHL,20252026,regular,2026-01-25,2026-01-25,nhl-vgk,nhl-ott,final,,,50,51,,,0.25,,,,,329.8,0.0,8,2,0,0.8,3.4,3.08,50,3,5,2,0.4,3.2745,3.3922,51,25,49,3.4082,3.0612,25,42,3.2619,3.4524,1,3.0,4.0,1,4.0,3.0,1,7,8,6,nhl-ott,"{""common_opponents"": 1, ""games_played"": 1, ""head_to_head"": 1, ""home_advantage"": 1, ""last10_form"": 1, ""season_scoring"": 1, ""travel_km"": 1}"
2025020822,NHL,20252026,regular,2026-01-25,2026-01-25,nhl-pit,nhl-van,final,,,50,51,,,0.25,,,,,817.2,0.0,6,2,2,0.7,3.32,3.0,50,1,9,0,0.1,2.6863,3.6863,51,28,49,3.2857,3.0408,28,48,2.7292,3.6458,1,5.0,1.0,1,1.0,5.0,3,2,5,-1,nhl-pit,"{""common_opponents"": 1, ""games_played"": 1, ""head_to_head"": 1, ""home_advantage"": 1, ""last10_form"": 1, ""season_scoring"": 1, ""travel_km"": 1}"
2025020823,NHL,20252026,regular,2026-01-25,2026-01-25,nhl-fla,nhl-chi,final,,,50,51,,,0.25,,,,,555.0,0.0,6,4,0,0.6,3.04,3.28,50,5,4,1,0.55,2.7451,3.1176,51,27,46,3.0435,3.2391,27,48,2.8125,3.125,1,3.0,2.0,1,2.0,3.0,5,1,6,-4,nhl-fla,"{""common_opponents"": 1, ""games_played"": 1, ""head_to_head"": 1, ""home_advantage"": 1, ""last10_form"": 1, ""season_scoring"": 1, ""travel_km"": 1}"
2025020824,NHL,20252026,regular,2026-01-25,2026-01-25,nhl-ana,nhl-cgy,final,,,51,51,,,0.25,,,,,710.8,0.0,6,4,0,0.6,3.3137,3.4902,51,3,6,1,0.35,2.5294,2.9804,51,26,49,3.3878,3.5306,26,45,2.5778,2.9333,,,,,,,4,3,7,-1,nhl-ana,"{""common_opponents"": 1, ""games_played"": 1, ""head_to_head"": 1, ""home_advantage"": 1, ""last10_form"": 1, ""season_scoring"": 1, ""travel_km"": 1}"
2025020825,NHL,20252026,regular,2026-01-26,2026-01-26,nhl-uta,nhl-tbl,final,,,51,50,,,0.25,,,,,1000.2,1338.3,8,1,1,0.85,3.1961,2.7647,51,8,1,1,0.85,3.54,2.6,50,24,43,3.0233,2.814,24,45,3.4889,2.5778,1,2.0,4.0,1,4.0,2.0,0,2,2,2,nhl-tbl,"{""common_opponents"": 1, ""games_played"": 1, ""head_to_head"": 1, ""home_advantage"": 1, ""last10_form"": 1, ""season_scoring"": 1, ""travel_km"": 1}"
2025020826,NHL,20252026,regular,2026-01-26,2026-01-26,nhl-bos,nhl-nyr,final,,,52,52,,,0.25,,,,,302.9,4103.6,8,2,0,0.8,3.3462,3.1154,52,2,7,1,0.25,2.6731,3.1154,52,25,48,3.1667,3.125,25,45,2.4667,3.0444,2,6.0,4.0,2,4.0,6.0,3,4,7,1,nhl-nyr,"{""common_opponents"": 1, ""games_played"": 1, ""head_to_head"": 1, ""home_advantage"": 1, ""last10_form"": 1, ""season_scoring"": 1, ""travel_km"": 1}"
2025020827,NHL,20252026,regular,2026-01-26,2026-01-26,nhl-nyi,nhl-phi,final,,,51,50,,,0.25,,,,,152.1,2536.0,5,4,1,0.55,2.8627,2.8627,51,3,5,2,0.4,3.08,3.16,50,24,38,2.8684,2.7895,24,46,2.9783,3.1957,2,3.0,4.0,2,4.0,3.0,4,0,4,-4,nhl-nyi,"{""common_opponents"": 1, ""games_played"": 1, ""head_to_head"": 1, ""home_advantage"": 1, ""last10_form"": 1, ""season_scoring"": 1, ""travel_km"": 1}"
2025020829,NHL,20252026,regular,2026-01-26,2026-01-26,nhl-ana,nhl-edm,final,,,52,53,,,0.25,,,,,281.6,0.0,7,3,0,0.7,3.3269,3.4808,52,5,3,2,0.6,3.3774,3.2264,53,27,50,3.24,3.4,27,50,3.32,3.18,,,,,,,4,7,11,3,nhl-edm,"{""common_opponents"": 1, ""games_played"": 1, ""head_to_head"": 1, ""home_advantage"": 1, ""last10_form"": 1, ""season_scoring"": 1, ""travel_km"": 1}"
2025020830,NHL,20252026,regular,2026-01-27,2026-01-27,nhl-nsh,nhl-bos,final,,,51,53,,,0.25,,,,,1515.6,302.9,5,5,0,0.5,2.902,3.4118,51,8,1,1,0.85,3.3396,3.1321,53,26,48,3.0,3.4583,26,51,3.3725,3.1765,,,,,,,2,3,5,1,nhl-bos,"{""common_opponents"": 1, ""games_played"": 1, ""head_to_head"": 1, ""home_advantage"": 1, ""last10_form"": 1, ""season_scoring"": 1, ""travel_km"": 1}"
2025020831,NHL,20252026,regular,2026-01-27,2026-01-27,nhl-buf,nhl-tor,final,,,51,52,,,0.25,,,,,568.2,0.0,7,2,1,0.75,3.3725,3.0392,51,4,4,2,0.5,3.2692,3.3846,52,25,48,3.3125,3.0208,25,45,3.2889,3.3111,2,4.0,3.5,2,3.5,4.0,7,4,11,-3,nhl-buf,"{""common_opponents"": 1, ""games_played"": 1, ""head_to_head"": 1, ""home_advantage"": 1, ""last10_form"": 1, ""season_scoring"": 1, ""travel_km"": 1}"
2025020832,NHL,20252026,regular,2026-01-27,2026-01-27,nhl-vgk,nhl-mtl,final,,,51,52,,,0.25,,,,,185.4,401.7,7,3,0,0.7,3.3529,3.1569,51,5,4,1,0.55,3.4038,3.3654,52,22,42,3.2143,3.0952,22,39,3.4103,3.3333,1,1.0,4.0,1,4.0,1.0,2,3,5,1,nhl-mtl,"{""common_opponents"": 1, ""games_played"": 1, ""head_to_head"": 1, ""home_advantage"": 1, ""last10_form"": 1, ""season_scoring"": 1, ""travel_km"": 1}"
2025020833,NHL,20252026,regular,2026-01-27,2026-01-27,nhl-lak,nhl-det,final,,,50,53,,,0.25,,,,,731.7,1368.9,4,2,4,0.6,2.68,2.86,50,8,1,1,0.85,3.1509,3.0,53,26,47,2.7234,2.766,26,47,3.234,2.8298,1,3.0,4.0,1,4.0,3.0,3,1,4,-2,nhl-lak,"{""common_opponents"": 1, ""games_played"": 1, ""head_to_head"": 1, ""home_advantage"": 1, ""last10_form"": 1, ""season_scoring"": 1, ""travel_km"": 1}"
2025020834,NHL,20252026,regular,2026-01-27,2026-01-27,nhl-uta,nhl-fla,final,,,52,51,,,0.25,,,,,289.3,1873.0,8,1,1,0.85,3.1346,2.75,52,6,4,0,0.6,3.0784,3.2353,51,27,49,3.0408,2.7143,27,44,2.8864,3.1818,1,3.0,4.0,1,4.0,3.0,4,3,7,-1,nhl-uta,"{""common_opponents"": 1, ""games_played"": 1, ""head_to_head"": 1, ""home_advantage"": 1, ""last10_form"": 1, ""season_scoring"": 1, ""travel_km"": 1}"
2025020835,NHL,20252026,regular,2026-01-27,2026-01-27,nhl-wpg,nhl-njd,final,,,51,52,,,0.25,,,,,2052.9,3853.6,5,3,2,0.6,2.9216,3.098,51,5,5,0,0.5,2.6538,3.0577,52,27,48,2.8333,3.1667,27,48,2.6042,2.8958,1,4.0,3.0,1,3.0,4.0,4,3,7,-1,nhl-wpg,"{""common_opponents"": 1, ""games_played"": 1, ""head_to_head"": 1, ""home_advantage"": 1, ""last10_form"": 1, ""season_scoring"": 1, ""travel_km"": 1}"
2025020836,NHL,20252026,regular,2026-01-27,2026-01-27,nhl-dal,nhl-stl,final,,,52,52,,,0.25,,,,,881.0,0.0,4,5,1,0.45,3.3077,2.7692,52,3,6,1,0.35,2.4423,3.4423,52,28,47,3.2979,2.766,28,47,2.4468,3.4894,2,2.0,2.5,2,2.5,2.0,4,3,7,-1,nhl-dal,"{""common_opponents"": 1, ""games_played"": 1, ""head_to_head"": 1, ""home_advantage"": 1, ""last10_form"": 1, ""season_scoring"": 1, ""travel_km"": 1}"
2025020837,NHL,20252026,regular,2026-01-27,2026-01-27,nhl-chi,nhl-min,final,,,52,53,,,0.25,,,,,555.0,0.0,4,5,1,0.45,2.7115,3.1538,52,4,4,2,0.5,3.2264,2.9057,53,27,49,2.7347,3.1837,27,47,3.1702,2.766,1,3.0,4.0,1,4.0,3.0,3,4,7,1,nhl-min,"{""common_opponents"": 1, ""games_played"": 1, ""head_to_head"": 1, ""home_advantage"": 1, ""last10_form"": 1, ""season_scoring"": 1, ""travel_km"": 1}"
2025020838,NHL,20252026,regular,2026-01-27,2026-01-27,nhl-sjs,nhl-van,final,,,50,52,,,0.25,,,,,1331.8,0.0,6,4,0,0.6,3.12,3.48,50,1,9,0,0.1,2.6731,3.6731,52,23,44,3.1136,3.3409,23,37,2.7297,3.5405,2,4.5,2.5,2,2.5,4.5,5,2,7,-3,nhl-sjs,"{""common_opponents"": 1, ""games_played"": 1, ""head_to_head"": 1, ""home_advantage"": 1, ""last10_form"": 1, ""season_scoring"": 1, ""travel_km"": 1}"
2025020839,NHL,20252026,regular,2026-01-27,2026-01-27,nhl-wsh,nhl-sea,final,,,53,51,,,0.25,,,,,907.0,0.0,3,6,1,0.35,3.2075,3.0,53,3,5,2,0.4,2.8039,3.0196,51,25,46,3.2609,2.8696,25,45,2.8444,2.9333,1,4.0,1.0,1,1.0,4.0,1,5,6,4,nhl-sea,"{""common_opponents"": 1, ""games_played"": 1, ""head_to_head"": 1, ""home_advantage"": 1, ""last10_form"": 1, ""season_scoring"": 1, ""travel_km"": 1}"
2025020840,NHL,20252026,regular,2026-01-28,2026-01-28,nhl-phi,nhl-cbj,final,,,51,51,,,0.25,,,,,667.8,0.0,2,6,2,0.3,3.0196,3.1765,51,6,4,0,0.6,3.098,3.3137,51,25,50,3.02,3.22,25,45,3.2,3.2667,,,,,,,3,5,8,2,nhl-cbj,"{""common_opponents"": 1, ""games_played"": 1, ""head_to_head"": 1, ""home_advantage"": 1, ""last10_form"": 1, ""season_scoring"": 1, ""travel_km"": 1}"
2025020841,NHL,20252026,regular,2026-01-28,2026-01-28,nhl-col,nhl-ott,final,,,50,52,,,0.25,,,,,329.8,0.0,4,4,2,0.5,3.96,2.44,50,4,4,2,0.5,3.3462,3.3462,52,27,49,3.8776,2.449,27,47,3.3617,3.2766,1,8.0,2.0,1,2.0,8.0,2,5,7,3,nhl-ott,"{""common_opponents"": 1, ""games_played"": 1, ""head_to_head"": 1, ""home_advantage"": 1, ""last10_form"": 1, ""season_scoring"": 1, ""travel_km"": 1}"
2025020842,NHL,20252026,regular,2026-01-28,2026-01-28,nhl-nyr,nhl-nyi,final,,,53,52,,,0.25,,,,,22.8,152.1,2,7,1,0.25,2.6981,3.1132,53,5,4,1,0.55,2.8846,2.8077,52,26,48,2.7292,3.0625,26,45,2.7333,2.9556,2,0.0,3.5,2,3.5,0.0,2,5,7,3,nhl-nyi,"{""common_opponents"": 1, ""games_played"": 1, ""head_to_head"": 1, ""home_advantage"": 1, ""last10_form"": 1, ""season_scoring"": 1, ""travel_km"": 1}"
2025020843,NHL,20252026,regular,2026-01-29,2026-01-29,nhl-phi,nhl-bos,final,,,52,54,,,0.25,,,,,1033.7,0.0,2,7,1,0.25,3.0192,3.2115,52,8,1,1,0.85,3.3333,3.1111,54,26,51,3.0196,3.1765,26,49,3.3673,3.2449,,,,,,,3,6,9,3,nhl-bos,"{""common_opponents"": 1, ""games_played"": 1, ""head_to_head"": 1, ""home_advantage"": 1, ""last10_form"": 1, ""season_scoring"": 1, ""travel_km"": 1}"
2025020844,NHL,20252026,regular,2026-01-29,2026-01-29,nhl-lak,nhl-buf,final,,,51,52,,,0.25,,,,,347.1,94.7,4,2,4,0.6,2.6863,2.8235,51,7,2,1,0.75,3.4423,3.0577,52,25,44,2.5909,2.7045,25,47,3.383,3.1277,,,,,,,1,4,5,3,nhl-buf,"{""common_opponents"": 1, ""games_played"": 1, ""head_to_head"": 1, ""home_advantage"": 1, ""last10_form"": 1, ""season_scoring"": 1, ""travel_km"": 1}"
2025020845,NHL,20252026,regular,2026-01-29,2026-01-29,nhl-col,nhl-mtl,final,,,51,53,,,0.25,,,,,185.4,0.0,4,4,2,0.5,3.9216,2.4902,51,5,4,1,0.55,3.3962,3.3396,53,24,44,3.9318,2.5455,24,45,3.4667,3.4889,1,7.0,2.0,1,2.0,7.0,3,7,10,4,nhl-mtl,"{""common_opponents"": 1, ""games_played"": 1, ""head_to_head"": 1, ""home_advantage"": 1, ""last10_form"": 1, ""season_scoring"": 1, ""travel_km"": 1}"
2025020846,NHL,20252026,regular,2026-01-29,2026-01-29,nhl-wsh,nhl-det,final,,,54,54,,,0.25,,,,,3111.5,0.0,3,6,1,0.35,3.1667,3.037,54,7,2,1,0.75,3.1111,3.0,54,26,51,3.2353,2.9608,26,50,3.18,3.06,2,2.0,4.0,2,4.0,2.0,4,3,7,-1,nhl-wsh,"{""common_opponents"": 1, ""games_played"": 1, ""head_to_head"": 1, ""home_advantage"": 1, ""last10_form"": 1, ""season_scoring"": 1, ""travel_km"": 1}"
2025020847,NHL,20252026,regular,2026-01-29,2026-01-29,nhl-wpg,nhl-tbl,final,,,52,51,,,0.25,,,,,1610.9,0.0,6,2,2,0.7,2.9423,3.0962,52,8,1,1,0.85,3.5098,2.549,51,26,44,3.0,3.0682,26,49,3.5102,2.4898,,,,,,,1,4,5,3,nhl-tbl,"{""common_opponents"": 1, ""games_played"": 1, ""head_to_head"": 1, ""home_advantage"": 1, ""last10_form"": 1, ""season_scoring"": 1, ""travel_km"": 1}"
2025020848,NHL,20252026,regular,2026-01-29,2026-01-29,nhl-nsh,nhl-njd,final,,,52,53,,,0.25,,,,,316.0,0.0,5,4,1,0.55,2.8846,3.4038,52,5,5,0,0.5,2.6604,3.0755,53,28,50,2.9,3.4,28,51,2.6667,3.0784,,,,,,,2,3,5,1,nhl-njd,"{""common_opponents"": 1, ""games_played"": 1, ""head_to_head"": 1, ""home_advantage"": 1, ""last10_form"": 1, ""season_scoring"": 1, ""travel_km"": 1}"
2025020849,NHL,20252026,regular,2026-01-29,2026-01-29,nhl-nyi,nhl-nyr,final,,,53,54,,,0.25,,,,,22.8,22.8,5,4,1,0.55,2.9245,2.7925,53,2,8,0,0.2,2.6852,3.1481,54,26,45,2.7333,2.9556,26,48,2.7292,3.0625,3,4.0,0.6667,3,0.6667,4.0,2,1,3,-1,nhl-nyi,"{""common_opponents"": 1, ""games_played"": 1, ""head_to_head"": 1, ""home_advantage"": 1, ""last10_form"": 1, ""season_scoring"": 1, ""travel_km"": 1}"
2025020850,NHL,20252026,regular,2026-01-29,2026-01-29,nhl-chi,nhl-pit,final,,,53,51,,,0.25,,,,,1181.0,3485.7,3,5,2,0.4,2.717,3.1698,53,6,2,2,0.7,3.3137,2.9804,51,26,49,2.7551,3.1429,26,44,3.1364,2.8864,1,3.0,7.0,1,7.0,3.0,2,6,8,4,nhl-pit,"{""common_opponents"": 1, ""games_played"": 1, ""head_to_head"": 1, ""home_advantage"": 1, ""last10_form"": 1, ""season_scoring"": 1, ""travel_km"": 1}"
2025020851,NHL,20252026,regular,2026-01-29,2026-01-29,nhl-uta,nhl-car,final,,,53,52,,,0.25,,,,,1083.2,1081.5,8,1,1,0.85,3.1509,2.7547,53,7,1,2,0.8,3.4615,2.8846,52,29,53,3.1509,2.7547,29,50,3.52,2.88,,,,,,,4,5,9,1,nhl-car,"{""common_opponents"": 1, ""games_played"": 1, ""head_to_head"": 1, ""home_advantage"": 1, ""last10_form"": 1, ""season_scoring"": 1, ""travel_km"": 1}"
2025020852,NHL,20252026,regular,2026-01-29,2026-01-29,nhl-fla,nhl-stl,final,,,52,53,,,0.25,,,,,1665.6,0.0,6,4,0,0.6,3.0769,3.25,52,2,7,1,0.25,2.4528,3.4528,53,28,49,3.1837,3.1837,28,51,2.3725,3.4706,1,2.0,6.0,1,6.0,2.0,4,5,9,1,nhl-stl,"{""common_opponents"": 1, ""games_played"": 1, ""head_to_head"": 1, ""home_advantage"": 1, ""last10_form"": 1, ""season_scoring"": 1, ""travel_km"": 1}"
2025020853,NHL,20252026,regular,2026-01-29,2026-01-29,nhl-cgy,nhl-min,final,,,52,54,,,0.25,,,,,1692.3,0.0,3,5,2,0.4,2.5385,3.0,52,5,3,2,0.6,3.2407,2.9074,54,28,49,2.5918,3.0204,28,50,3.36,2.92,2,2.0,1.5,2,1.5,2.0,1,4,5,3,nhl-min,"{""common_opponents"": 1, ""games_played"": 1, ""head_to_head"": 1, ""home_advantage"": 1, ""last10_form"": 1, ""season_scoring"": 1, ""travel_km"": 1}"
2025020854,NHL,20252026,regular,2026-01-29,2026-01-29,nhl-sjs,nhl-edm,final,,,51,54,,,0.25,,,,,817.2,0.0,7,3,0,0.7,3.1569,3.451,51,5,3,2,0.6,3.4444,3.2407,54,25,51,3.1569,3.451,25,44,3.4545,3.2955,,,,,,,3,4,7,1,nhl-edm,"{""common_opponents"": 1, ""games_played"": 1, ""head_to_head"": 1, ""home_advantage"": 1, ""last10_form"": 1, ""season_scoring"": 1, ""travel_km"": 1}"
2025020855,NHL,20252026,regular,2026-01-29,2026-01-29,nhl-ana,nhl-van,final,,,53,53,,,0.25,,,,,817.2,0.0,7,3,0,0.7,3.3396,3.5472,53,1,9,0,0.1,2.6604,3.6981,53,27,50,3.3,3.54,27,49,2.6531,3.6122,1,4.0,5.0,1,5.0,4.0,0,2,2,2,nhl-van,"{""common_opponents"": 1, ""games_played"": 1, ""head_to_head"": 1, ""home_advantage"": 1, ""last10_form"": 1, ""season_scoring"": 1, ""travel_km"": 1}"
2025020856,NHL,20252026,regular,2026-01-29,2026-01-29,nhl-dal,nhl-vgk,final,,,53,52,,,0.25,,,,,2218.1,3610.2,5,4,1,0.55,3.3208,2.7736,53,6,3,1,0.65,3.3269,3.1538,52,26,47,3.4043,2.8298,26,52,3.3269,3.1538,,,,,,,5,4,9,-1,nhl-dal,"{""common_opponents"": 1, ""games_played"": 1, ""head_to_head"": 1, ""home_advantage"": 1, ""last10_form"": 1, ""season_scoring"": 1, ""travel_km"": 1}"
2025020857,NHL,20252026,regular,2026-01-29,2026-01-29,nhl-tor,nhl-sea,final,,,53,52,,,0.25,,,,,3327.2,0.0,3,5,2,0.4,3.283,3.4528,53,4,5,1,0.45,2.8462,2.9808,52,27,49,3.2857,3.6122,27,48,2.8333,3.0417,1,3.0,4.0,1,4.0,3.0,2,5,7,3,nhl-sea,"{""common_opponents"": 1, ""games_played"": 1, ""head_to_head"": 1, ""home_advantage"": 1, ""last10_form"": 1, ""season_scoring"": 1, ""travel_km"": 1}"
2025020858,NHL,20252026,regular,2026-01-30,2026-01-30,nhl-cbj,nhl-chi,final,,,52,54,,,0.25,,,,,446.0,662.7,7,3,0,0.7,3.1346,3.3077,52,3,5,2,0.4,2.7037,3.2222,54,28,51,3.1569,3.2745,28,52,2.7115,3.1731,,,,,,,4,2,6,-2,nhl-cbj,"{""common_opponents"": 1, ""games_played"": 1, ""head_to_head"": 1, ""home_advantage"": 1, ""last10_form"": 1, ""season_scoring"": 1, ""travel_km"": 1}"
2025020859,NHL,20252026,regular,2026-01-31,2026-01-31,nhl-lak,nhl-phi,final,,,52,53,,,0.25,,,,,452.5,439.9,4,3,3,0.55,2.6538,2.8462,52,2,7,1,0.25,3.0189,3.2642,53,27,48,2.7083,2.875,27,50,3.04,3.26,,,,,,,3,2,5,-1,nhl-lak,"{""common_opponents"": 1, ""games_played"": 1, ""head_to_head"": 1, ""home_advantage"": 1, ""last10_form"": 1, ""season_scoring"": 1, ""travel_km"": 1}"
2025020860,NHL,20252026,regular,2026-01-31,2026-01-31,nhl-col,nhl-det,final,,,52,55,,,0.25,,,,,836.2,0.0,4,4,2,0.5,3.9038,2.5769,52,6,2,2,0.7,3.1091,3.0182,55,27,50,3.94,2.5,27,52,3.1346,2.9808,,,,,,,5,0,5,-5,nhl-col,"{""common_opponents"": 1, ""games_played"": 1, ""head_to_head"": 1, ""home_advantage"": 1, ""last10_form"": 1, ""season_scoring"": 1, ""travel_km"": 1}"
2025020861,NHL,20252026,regular,2026-01-31,2026-01-31,nhl-nyr,nhl-pit,final,,,55,52,,,0.25,,,,,507.4,0.0,2,8,0,0.2,2.6545,3.1273,55,6,2,2,0.7,3.3654,2.9615,52,26,49,2.6735,3.1224,26,47,3.4894,2.9787,2,3.0,2.0,2,2.0,3.0,5,6,11,1,nhl-pit,"{""common_opponents"": 1, ""games_played"": 1, ""head_to_head"": 1, ""home_advantage"": 1, ""last10_form"": 1, ""season_scoring"": 1, ""travel_km"": 1}"
2025020862,NHL,20252026,regular,2026-01-31,2026-01-31,nhl-wpg,nhl-fla,final,,,53,53,,,0.25,,,,,289.3,1665.6,5,3,2,0.6,2.9057,3.1132,53,6,4,0,0.6,3.0943,3.283,53,28,50,3.0,3.1,28,51,3.1569,3.2941,1,1.0,2.0,1,2.0,1.0,2,1,3,-1,nhl-wpg,"{""common_opponents"": 1, ""games_played"": 1, ""head_to_head"": 1, ""home_advantage"": 1, ""last10_form"": 1, ""season_scoring"": 1, ""travel_km"": 1}"
2025020863,NHL,20252026,regular,2026-01-31,2026-01-31,nhl-sjs,nhl-cgy,final,,,52,53,,,0.25,,,,,281.6,1692.3,6,3,1,0.65,3.1538,3.4615,52,3,5,2,0.4,2.5094,3.0189,53,24,48,3.2292,3.4792,24,39,2.5128,2.8718,2,3.0,2.5,2,2.5,3.0,2,3,5,1,nhl-cgy,"{""common_opponents"": 1, ""games_played"": 1, ""head_to_head"": 1, ""home_advantage"": 1, ""last10_form"": 1, ""season_scoring"": 1, ""travel_km"": 1}"
2025020864,NHL,20252026,regular,2026-01-31,2026-01-31,nhl-car,nhl-wsh,final,,,53,55,,,0.25,,,,,375.5,636.9,7,1,2,0.8,3.4906,2.9057,53,3,6,1,0.35,3.1818,3.0364,55,27,45,3.5778,2.8,27,53,3.1887,3.0755,2,2.0,3.0,2,3.0,2.0,3,4,7,1,nhl-wsh,"{""common_opponents"": 1, ""games_played"": 1, ""head_to_head"": 1, ""home_advantage"": 1, ""last10_form"": 1, ""season_scoring"": 1, ""travel_km"": 1}"
2025020865,NHL,20252026,regular,2026-01-31,2026-01-31,nhl-mtl,nhl-buf,final,,,54,53,,,0.25,,,,,513.7,0.0,5,4,1,0.55,3.463,3.3333,54,7,2,1,0.75,3.4528,3.0189,53,25,47,3.5319,3.2979,25,47,3.383,3.1064,3,3.0,3.6667,3,3.6667,3.0,4,2,6,-2,nhl-mtl,"{""common_opponents"": 1, ""games_played"": 1, ""head_to_head"": 1, ""home_advantage"": 1, ""last10_form"": 1, ""season_scoring"": 1, ""travel_km"": 1}"
2025020866,NHL,20252026,regular,2026-01-31,2026-01-31,nhl-njd,nhl-ott,final,,,54,53,,,0.25,,,,,527.1,0.0,6,4,0,0.6,2.6667,3.0556,54,5,3,2,0.6,3.3774,3.3208,53,29,53,2.6415,3.0566,29,50,3.32,3.28,1,4.0,3.0,1,3.0,4.0,1,4,5,3,nhl-ott,"{""common_opponents"": 1, ""games_played"": 1, ""head_to_head"": 1, ""home_advantage"": 1, ""last10_form"": 1, ""season_scoring"": 1, ""travel_km"": 1}"
2025020867,NHL,20252026,regular,2026-01-31,2026-01-31,nhl-nsh,nhl-nyi,final,,,53,54,,,0.25,,,,,37.5,22.8,4,4,2,0.5,2.8679,3.3962,53,6,4,0,0.6,2.9074,2.7593,54,27,50,2.86,3.44,27,52,2.9231,2.7692,1,2.0,1.0,1,1.0,2.0,4,3,7,-1,nhl-nsh,"{""common_opponents"": 1, ""games_played"": 1, ""head_to_head"": 1, ""home_advantage"": 1, ""last10_form"": 1, ""season_scoring"": 1, ""travel_km"": 1}"
2025020868,NHL,20252026,regular,2026-01-31,2026-01-31,nhl-cbj,nhl-stl,final,,,53,54,,,0.25,,,,,420.6,0.0,8,2,0,0.8,3.1509,3.283,53,3,6,1,0.35,2.5,3.463,54,28,51,3.1765,3.2745,28,51,2.5294,3.4118,1,3.0,2.0,1,2.0,3.0,5,3,8,-2,nhl-cbj,"{""common_opponents"": 1, ""games_played"": 1, ""head_to_head"": 1, ""home_advantage"": 1, ""last10_form"": 1, ""season_scoring"": 1, ""travel_km"": 1}"
2025020869,NHL,20252026,regular,2026-01-31,2026-01-31,nhl-tor,nhl-van,final,,,54,54,,,0.25,,,,,192.3,0.0,2,6,2,0.3,3.2593,3.4815,54,2,8,0,0.2,2.6481,3.6296,54,28,51,3.1961,3.451,28,51,2.6667,3.6667,1,5.0,0.0,1,0.0,5.0,3,2,5,-1,nhl-tor,"{""common_opponents"": 1, ""games_played"": 1, ""head_to_head"": 1, ""home_advantage"": 1, ""last10_form"": 1, ""season_scoring"": 1, ""travel_km"": 1}"
2025020870,NHL,20252026,regular,2026-01-31,2026-01-31,nhl-dal,nhl-uta,final,,,54,54,,,0.25,,,,,592.0,2929.9,5,4,1,0.55,3.3519,2.7963,54,7,2,1,0.75,3.1667,2.7963,54,29,50,3.42,2.9,29,52,3.1923,2.8077,2,2.5,2.5,2,2.5,2.5,3,2,5,-1,nhl-dal,"{""common_opponents"": 1, ""games_played"": 1, ""head_to_head"": 1, ""home_advantage"": 1, ""last10_form"": 1, ""season_scoring"": 1, ""travel_km"": 1}"
2025020871,NHL,20252026,regular,2026-01-31,2026-01-31,nhl-min,nhl-edm,final,,,55,55,,,0.25,,,,,1753.0,0.0,5,3,2,0.6,3.2545,2.8727,55,6,3,1,0.65,3.4545,3.2364,55,29,53,3.2642,2.9434,29,52,3.5962,3.2692,2,3.0,1.0,2,1.0,3.0,7,3,10,-4,nhl-min,"{""common_opponents"": 1, ""games_played"": 1, ""head_to_head"": 1, ""home_advantage"": 1, ""last10_form"": 1, ""season_scoring"": 1, ""travel_km"": 1}"
2025020872,NHL,20252026,regular,2026-01-31,2026-01-31,nhl-sea,nhl-vgk,final,,,53,53,,,0.25,,,,,1410.5,0.0,5,4,1,0.55,2.8868,2.9623,53,5,3,2,0.6,3.3396,3.1887,53,24,45,2.9333,2.9778,24,48,3.5417,3.1875,1,2.0,1.0,1,1.0,2.0,3,2,5,-1,nhl-sea,"{""common_opponents"": 1, ""games_played"": 1, ""head_to_head"": 1, ""home_advantage"": 1, ""last10_form"": 1, ""season_scoring"": 1, ""travel_km"": 1}"
2025020873,NHL,20252026,regular,2026-02-01,2026-02-01,nhl-bos,nhl-tbl,final,,,55,52,,,0.25,,,,,1905.0,0.0,8,1,1,0.85,3.3818,3.1091,55,8,1,1,0.85,3.5192,2.5192,52,26,48,3.4375,3.0,26,49,3.5102,2.3878,1,3.0,4.0,1,4.0,3.0,5,6,11,1,nhl-tbl,"{""common_opponents"": 1, ""games_played"": 1, ""head_to_head"": 1, ""home_advantage"": 1, ""last10_form"": 1, ""season_scoring"": 1, ""travel_km"": 1}"
2025020874,NHL,20252026,regular,2026-02-01,2026-02-01,nhl-lak,nhl-car,final,,,53,54,,,0.25,,,,,551.9,375.5,5,2,3,0.65,2.6604,2.8302,53,6,1,3,0.75,3.4815,2.9259,54,29,52,2.6538,2.8077,29,52,3.4231,2.9423,1,3.0,4.0,1,4.0,3.0,2,3,5,1,nhl-car,"{""common_opponents"": 1, ""games_played"": 1, ""head_to_head"": 1, ""home_advantage"": 1, ""last10_form"": 1, ""season_scoring"": 1, ""travel_km"": 1}"
2025020875,NHL,20252026,regular,2026-02-01,2026-02-01,nhl-vgk,nhl-ana,final,,,54,54,,,0.25,,,,,354.4,1773.3,4,4,2,0.5,3.3148,3.1852,54,7,3,0,0.7,3.2778,3.5185,54,24,48,3.2917,3.1042,24,45,3.2444,3.4667,2,3.0,4.0,2,4.0,3.0,3,4,7,1,nhl-ana,"{""common_opponents"": 1, ""games_played"": 1, ""head_to_head"": 1, ""home_advantage"": 1, ""last10_form"": 1, ""season_scoring"": 1, ""travel_km"": 1}"
2025020876,NHL,20252026,regular,2026-02-02,2026-02-02,nhl-buf,nhl-fla,final,,,54,54,,,0.25,,,,,1863.4,0.0,7,2,1,0.75,3.4259,3.037,54,5,5,0,0.5,3.0556,3.2593,54,26,51,3.451,3.1176,26,45,3.2222,3.3778,2,3.0,2.0,2,2.0,3.0,5,3,8,-2,nhl-buf,"{""common_opponents"": 1, ""games_played"": 1, ""head_to_head"": 1, ""home_advantage"": 1, ""last10_form"": 1, ""season_scoring"": 1, ""travel_km"": 1}"
2025020877,NHL,20252026,regular,2026-02-02,2026-02-02,nhl-ott,nhl-pit,final,,,54,53,,,0.25,,,,,633.3,0.0,6,2,2,0.7,3.3889,3.2778,54,7,1,2,0.8,3.4151,3.0,53,28,49,3.2857,3.3265,28,52,3.4808,2.9808,1,4.0,0.0,1,0.0,4.0,3,2,5,-1,nhl-ott,"{""common_opponents"": 1, ""games_played"": 1, ""head_to_head"": 1, ""home_advantage"": 1, ""last10_form"": 1, ""season_scoring"": 1, ""travel_km"": 1}"
2025020878,NHL,20252026,regular,2026-02-02,2026-02-02,nhl-nyi,nhl-wsh,final,,,55,56,,,0.25,,,,,346.1,0.0,5,5,0,0.5,2.9091,2.7818,55,4,5,1,0.45,3.1964,3.0357,56,25,45,2.8889,2.6667,25,49,3.1429,3.1837,3,2.0,3.0,3,3.0,2.0,1,4,5,3,nhl-wsh,"{""common_opponents"": 1, ""games_played"": 1, ""head_to_head"": 1, ""home_advantage"": 1, ""last10_form"": 1, ""season_scoring"": 1, ""travel_km"": 1}"
2025020879,NHL,20252026,regular,2026-02-02,2026-02-02,nhl-mtl,nhl-min,final,,,55,56,,,0.25,,,,,1160.9,1753.0,6,3,1,0.65,3.4727,3.3091,55,6,3,1,0.65,3.3214,2.875,56,26,52,3.5,3.2308,26,48,3.3125,2.8542,1,4.0,3.0,1,3.0,4.0,3,4,7,1,nhl-min,"{""common_opponents"": 1, ""games_played"": 1, ""head_to_head"": 1, ""home_advantage"": 1, ""last10_form"": 1, ""season_scoring"": 1, ""travel_km"": 1}"
2025020880,NHL,20252026,regular,2026-02-02,2026-02-02,nhl-stl,nhl-nsh,final,,,55,54,,,0.25,,,,,408.3,1242.7,3,6,1,0.35,2.5091,3.4909,55,5,3,2,0.6,2.8889,3.3889,54,29,52,2.5192,3.4231,29,51,2.7843,3.451,3,2.3333,4.6667,3,4.6667,2.3333,5,6,11,1,nhl-nsh,"{""common_opponents"": 1, ""games_played"": 1, ""head_to_head"": 1, ""home_advantage"": 1, ""last10_form"": 1, ""season_scoring"": 1, ""travel_km"": 1}"
2025020881,NHL,20252026,regular,2026-02-02,2026-02-02,nhl-sjs,nhl-chi,final,,,53,55,,,0.25,,,,,2245.8,0.0,5,4,1,0.55,3.1321,3.4528,53,2,6,2,0.3,2.6909,3.2364,55,26,53,3.1321,3.4528,26,47,2.5319,3.1702,,,,,,,3,6,9,3,nhl-chi,"{""common_opponents"": 1, ""games_played"": 1, ""head_to_head"": 1, ""home_advantage"": 1, ""last10_form"": 1, ""season_scoring"": 1, ""travel_km"": 1}"
2025020882,NHL,20252026,regular,2026-02-02,2026-02-02,nhl-wpg,nhl-dal,final,,,54,55,,,0.25,,,,,1755.1,1606.8,5,3,2,0.6,2.8889,3.0741,54,6,4,0,0.6,3.3455,2.7818,55,29,52,2.8654,3.0192,29,52,3.3269,2.75,2,3.5,4.5,2,4.5,3.5,3,4,7,1,nhl-dal,"{""common_opponents"": 1, ""games_played"": 1, ""head_to_head"": 1, ""home_advantage"": 1, ""last10_form"": 1, ""season_scoring"": 1, ""travel_km"": 1}"
2025020883,NHL,20252026,regular,2026-02-02,2026-02-02,nhl-det,nhl-col,final,,,56,53,,,0.25,,,,,1858.1,1858.1,5,3,2,0.6,3.0536,3.0536,56,4,4,2,0.5,3.9245,2.5283,53,27,52,3.1346,2.9808,27,50,3.94,2.5,1,0.0,5.0,1,5.0,0.0,2,0,2,-2,nhl-det,"{""common_opponents"": 1, ""games_played"": 1, ""head_to_head"": 1, ""home_advantage"": 1, ""last10_form"": 1, ""season_scoring"": 1, ""travel_km"": 1}"
2025020884,NHL,20252026,regular,2026-02-02,2026-02-02,nhl-van,nhl-uta,final,,,55,55,,,0.25,,,,,1290.1,0.0,2,7,1,0.25,2.6364,3.6182,55,6,3,1,0.65,3.1455,2.8,55,28,52,2.6154,3.6346,28,52,3.1346,2.8462,1,1.0,4.0,1,4.0,1.0,2,6,8,4,nhl-uta,"{""common_opponents"": 1, ""games_played"": 1, ""head_to_head"": 1, ""home_advantage"": 1, ""last10_form"": 1, ""season_scoring"": 1, ""travel_km"": 1}"
2025020885,NHL,20252026,regular,2026-02-02,2026-02-02,nhl-tor,nhl-cgy,final,,,55,54,,,0.25,,,,,673.7,0.0,2,6,2,0.3,3.2545,3.4545,55,4,4,2,0.5,2.5185,3.0,54,28,52,3.2692,3.4615,28,52,2.5,2.9615,1,4.0,3.0,1,3.0,4.0,4,2,6,-2,nhl-tor,"{""common_opponents"": 1, ""games_played"": 1, ""head_to_head"": 1, ""home_advantage"": 1, ""last10_form"": 1, ""season_scoring"": 1, ""travel_km"": 1}"
2025020886,NHL,20252026,regular,2026-02-03,2026-02-03,nhl-buf,nhl-tbl,final,,,55,53,,,0.25,,,,,289.3,0.0,7,2,1,0.75,3.4545,3.0364,55,8,1,1,0.85,3.566,2.566,53,26,52,3.4615,3.0577,26,49,3.4694,2.6122,,,,,,,3,4,7,1,nhl-tbl,"{""common_opponents"": 1, ""games_played"": 1, ""head_to_head"": 1, ""home_advantage"": 1, ""last10_form"": 1, ""season_scoring"": 1, ""travel_km"": 1}"
2025020887,NHL,20252026,regular,2026-02-03,2026-02-03,nhl-cbj,nhl-njd,final,,,54,55,,,0.25,,,,,1389.8,527.1,9,1,0,0.9,3.1852,3.2778,54,6,4,0,0.6,2.6364,3.0727,55,28,50,3.24,3.32,28,51,2.6471,3.0588,3,3.0,3.0,3,3.0,3.0,3,0,3,-3,nhl-cbj,"{""common_opponents"": 1, ""games_played"": 1, ""head_to_head"": 1, ""home_advantage"": 1, ""last10_form"": 1, ""season_scoring"": 1, ""travel_km"": 1}"
2025020888,NHL,20252026,regular,2026-02-03,2026-02-03,nhl-pit,nhl-nyi,final,,,54,56,,,0.25,,,,,529.7,346.1,7,1,2,0.8,3.3889,3.0,54,5,5,0,0.5,2.875,2.8036,56,26,48,3.4792,2.9792,26,51,2.7843,2.7255,1,4.0,3.0,1,3.0,4.0,4,5,9,1,nhl-nyi,"{""common_opponents"": 1, ""games_played"": 1, ""head_to_head"": 1, ""home_advantage"": 1, ""last10_form"": 1, ""season_scoring"": 1, ""travel_km"": 1}"
2025020889,NHL,20252026,regular,2026-02-03,2026-02-03,nhl-wsh,nhl-phi,final,,,57,54,,,0.25,,,,,194.1,0.0,4,5,1,0.45,3.2105,3.0,57,2,6,2,0.3,3.0,3.2593,54,27,54,3.2407,2.963,27,51,3.0196,3.2745,,,,,,,2,4,6,2,nhl-phi,"{""common_opponents"": 1, ""games_played"": 1, ""head_to_head"": 1, ""home_advantage"": 1, ""last10_form"": 1, ""season_scoring"": 1, ""travel_km"": 1}"
2025020890,NHL,20252026,regular,2026-02-03,2026-02-03,nhl-ott,nhl-car,final,,,55,55,,,0.25,,,,,527.3,0.0,6,2,2,0.7,3.3818,3.2545,55,6,1,3,0.75,3.4727,2.9091,55,30,54,3.4259,3.2407,30,54,3.463,2.9444,1,1.0,4.0,1,4.0,1.0,3,4,7,1,nhl-car,"{""common_opponents"": 1, ""games_played"": 1, ""head_to_head"": 1, ""home_advantage"": 1, ""last10_form"": 1, ""season_scoring"": 1, ""travel_km"": 1}"
2025020891,NHL,20252026,regular,2026-02-03,2026-02-03,nhl-tor,nhl-edm,final,,,56,56,,,0.25,,,,,281.6,0.0,3,5,2,0.4,3.2679,3.4286,56,5,4,1,0.55,3.4464,3.3036,56,29,55,3.2727,3.3818,29,54,3.3333,3.2963,1,3.0,6.0,1,6.0,3.0,5,2,7,-3,nhl-tor,"{""common_opponents"": 1, ""games_played"": 1, ""head_to_head"": 1, ""home_advantage"": 1, ""last10_form"": 1, ""season_scoring"": 1, ""travel_km"": 1}"
2025020892,NHL,20252026,regular,2026-02-03,2026-02-03,nhl-sea,nhl-ana,final,,,54,55,,,0.25,,,,,354.4,0.0,5,4,1,0.55,2.8889,2.9444,54,8,2,0,0.8,3.2909,3.5091,55,26,47,2.8085,2.9574,26,48,3.3125,3.5833,3,2.6667,2.0,3,2.0,2.6667,2,4,6,2,nhl-ana,"{""common_opponents"": 1, ""games_played"": 1, ""head_to_head"": 1, ""home_advantage"": 1, ""last10_form"": 1, ""season_scoring"": 1, ""travel_km"": 1}"
2025020893,NHL,20252026,regular,2026-02-04,2026-02-04,nhl-bos,nhl-fla,final,,,56,55,,,0.25,,,,,289.3,0.0,7,1,2,0.8,3.4107,3.1607,56,4,6,0,0.4,3.0545,3.2909,55,28,53,3.3962,3.0943,28,53,2.9623,3.2453,1,3.0,4.0,1,4.0,3.0,4,5,9,1,nhl-fla,"{""common_opponents"": 1, ""games_played"": 1, ""head_to_head"": 1, ""home_advantage"": 1, ""last10_form"": 1, ""season_scoring"": 1, ""travel_km"": 1}"
2025020894,NHL,20252026,regular,2026-02-04,2026-02-04,nhl-chi,nhl-cbj,final,,,56,55,,,0.25,,,,,446.0,753.2,3,5,2,0.4,2.75,3.2321,56,9,1,0,0.9,3.1818,3.2182,55,29,53,2.7736,3.1698,29,54,3.1667,3.2407,1,2.0,4.0,1,4.0,2.0,0,4,4,4,nhl-cbj,"{""common_opponents"": 1, ""games_played"": 1, ""head_to_head"": 1, ""home_advantage"": 1, ""last10_form"": 1, ""season_scoring"": 1, ""travel_km"": 1}"
2025020895,NHL,20252026,regular,2026-02-04,2026-02-04,nhl-mtl,nhl-wpg,final,,,56,55,,,0.25,,,,,628.4,1901.9,5,3,2,0.6,3.4643,3.3214,56,4,3,3,0.55,2.8909,3.0909,55,26,53,3.4717,3.3019,26,50,2.9,3.1,1,3.0,2.0,1,2.0,3.0,5,1,6,-4,nhl-mtl,"{""common_opponents"": 1, ""games_played"": 1, ""head_to_head"": 1, ""home_advantage"": 1, ""last10_form"": 1, ""season_scoring"": 1, ""travel_km"": 1}"
2025020896,NHL,20252026,regular,2026-02-04,2026-02-04,nhl-min,nhl-nsh,final,,,57,55,,,0.25,,,,,1112.5,0.0,7,2,1,0.75,3.3333,2.8772,57,5,3,2,0.6,2.9455,3.4182,55,28,52,3.3846,2.8269,28,52,2.9808,3.4231,2,2.5,2.5,2,2.5,2.5,6,5,11,-1,nhl-min,"{""common_opponents"": 1, ""games_played"": 1, ""head_to_head"": 1, ""home_advantage"": 1, ""last10_form"": 1, ""season_scoring"": 1, ""travel_km"": 1}"
2025020897,NHL,20252026,regular,2026-02-04,2026-02-04,nhl-sjs,nhl-col,final,,,54,54,,,0.25,,,,,1475.2,0.0,4,5,1,0.45,3.1296,3.5,54,3,5,2,0.4,3.8519,2.5185,54,24,47,3.234,3.5106,24,43,3.7674,2.4651,2,1.5,4.0,2,4.0,1.5,2,4,6,2,nhl-col,"{""common_opponents"": 1, ""games_played"": 1, ""head_to_head"": 1, ""home_advantage"": 1, ""last10_form"": 1, ""season_scoring"": 1, ""travel_km"": 1}"
2025020898,NHL,20252026,regular,2026-02-04,2026-02-04,nhl-det,nhl-uta,final,,,57,56,,,0.25,,,,,595.7,0.0,5,3,2,0.6,3.0351,3.0,57,7,3,0,0.7,3.1964,2.7857,56,28,53,3.0377,3.0,28,54,3.1481,2.7963,1,1.0,4.0,1,4.0,1.0,1,4,5,3,nhl-uta,"{""common_opponents"": 1, ""games_played"": 1, ""head_to_head"": 1, ""home_advantage"": 1, ""last10_form"": 1, ""season_scoring"": 1, ""travel_km"": 1}"
2025020899,NHL,20252026,regular,2026-02-04,2026-02-04,nhl-stl,nhl-dal,final,,,56,56,,,0.25,,,,,992.3,0.0,3,6,1,0.35,2.5536,3.5357,56,6,4,0,0.6,3.3571,2.7857,56,29,53,2.5472,3.5849,29,50,3.34,2.78,3,2.6667,2.6667,3,2.6667,2.6667,4,5,9,1,nhl-dal,"{""common_opponents"": 1, ""games_played"": 1, ""head_to_head"": 1, ""home_advantage"": 1, ""last10_form"": 1, ""season_scoring"": 1, ""travel_km"": 1}"
2025020900,NHL,20252026,regular,2026-02-04,2026-02-04,nhl-edm,nhl-cgy,final,,,57,55,,,0.25,,,,,281.6,0.0,5,5,0,0.5,3.4211,3.3333,57,3,5,2,0.4,2.5091,3.0182,55,29,53,3.4717,3.2642,29,52,2.5,3.0,3,3.3333,2.6667,3,2.6667,3.3333,3,4,7,1,nhl-cgy,"{""common_opponents"": 1, ""games_played"": 1, ""head_to_head"": 1, ""home_advantage"": 1, ""last10_form"": 1, ""season_scoring"": 1, ""travel_km"": 1}"
2025020901,NHL,20252026,regular,2026-02-04,2026-02-04,nhl-van,nhl-vgk,final,,,56,55,,,0.25,,,,,592.0,354.4,2,7,1,0.25,2.625,3.6607,56,3,5,2,0.4,3.3091,3.2,55,27,50,2.62,3.66,27,55,3.3091,3.2,,,,,,,2,5,7,3,nhl-vgk,"{""common_opponents"": 1, ""games_played"": 1, ""head_to_head"": 1, ""home_advantage"": 1, ""last10_form"": 1, ""season_scoring"": 1, ""travel_km"": 1}"
2025020902,NHL,20252026,regular,2026-02-04,2026-02-04,nhl-sea,nhl-lak,final,,,55,54,,,0.25,,,,,44.5,3586.2,5,5,0,0.5,2.8727,2.9636,55,4,2,4,0.6,2.6481,2.8333,54,27,51,2.902,3.0784,27,48,2.7083,2.7708,2,3.0,2.0,2,2.0,3.0,4,2,6,-2,nhl-sea,"{""common_opponents"": 1, ""games_played"": 1, ""head_to_head"": 1, ""home_advantage"": 1, ""last10_form"": 1, ""season_scoring"": 1, ""travel_km"": 1}"
2025020903,NHL,20252026,regular,2026-02-05,2026-02-05,nhl-pit,nhl-buf,final,,,55,56,,,0.25,,,,,489.8,1691.3,7,1,2,0.8,3.4,3.0364,55,6,2,2,0.7,3.4464,3.0536,56,27,52,3.3654,3.0577,27,53,3.5283,2.9811,1,4.0,2.0,1,2.0,4.0,5,2,7,-3,nhl-pit,"{""common_opponents"": 1, ""games_played"": 1, ""head_to_head"": 1, ""home_advantage"": 1, ""last10_form"": 1, ""season_scoring"": 1, ""travel_km"": 1}"
2025020904,NHL,20252026,regular,2026-02-05,2026-02-05,nhl-fla,nhl-tbl,final,,,56,54,,,0.25,,,,,289.3,0.0,5,5,0,0.5,3.0893,3.3036,56,8,1,1,0.85,3.5741,2.5741,54,28,52,3.0962,3.3269,28,51,3.6078,2.5686,3,2.6667,3.0,3,3.0,2.6667,1,6,7,5,nhl-tbl,"{""common_opponents"": 1, ""games_played"": 1, ""head_to_head"": 1, ""home_advantage"": 1, ""last10_form"": 1, ""season_scoring"": 1, ""travel_km"": 1}"
2025020905,NHL,20252026,regular,2026-02-05,2026-02-05,nhl-nyi,nhl-njd,final,,,57,56,,,0.25,,,,,37.5,0.0,5,5,0,0.5,2.9123,2.8246,57,5,5,0,0.5,2.5893,3.0714,56,27,50,2.76,3.1,27,51,2.6275,3.0196,3,4.6667,1.0,3,1.0,4.6667,3,1,4,-2,nhl-nyi,"{""common_opponents"": 1, ""games_played"": 1, ""head_to_head"": 1, ""home_advantage"": 1, ""last10_form"": 1, ""season_scoring"": 1, ""travel_km"": 1}"
2025020906,NHL,20252026,regular,2026-02-05,2026-02-05,nhl-car,nhl-nyr,final,,,56,56,,,0.25,,,,,687.5,507.4,7,1,2,0.8,3.4821,2.9107,56,2,8,0,0.2,2.6964,3.1786,56,28,48,3.4375,3.0833,28,53,2.7358,3.2075,3,2.6667,2.0,3,2.0,2.6667,2,0,2,-2,nhl-car,"{""common_opponents"": 1, ""games_played"": 1, ""head_to_head"": 1, ""home_advantage"": 1, ""last10_form"": 1, ""season_scoring"": 1, ""travel_km"": 1}"
2025020907,NHL,20252026,regular,2026-02-05,2026-02-05,nhl-ott,nhl-phi,final,,,56,55,,,0.25,,,,,551.9,0.0,5,3,2,0.6,3.375,3.2679,56,3,5,2,0.4,3.0182,3.2364,55,29,52,3.4231,3.2885,29,53,3.0755,3.2642,2,2.5,1.5,2,1.5,2.5,2,1,3,-1,nhl-ott,"{""common_opponents"": 1, ""games_played"": 1, ""head_to_head"": 1, ""home_advantage"": 1, ""last10_form"": 1, ""season_scoring"": 1, ""travel_km"": 1}"
2025020908,NHL,20252026,regular,2026-02-05,2026-02-05,nhl-nsh,nhl-wsh,final,,,56,58,,,0.25,,,,,912.2,194.1,4,3,3,0.55,2.9821,3.4643,56,4,5,1,0.45,3.1897,3.0172,58,27,50,3.0,3.44,27,55,3.1636,3.0545,1,3.0,2.0,1,2.0,3.0,2,4,6,2,nhl-wsh,"{""common_opponents"": 1, ""games_played"": 1, ""head_to_head"": 1, ""home_advantage"": 1, ""last10_form"": 1, ""season_scoring"": 1, ""travel_km"": 1}"
2025020909,NHL,20252026,regular,2026-02-05,2026-02-05,nhl-lak,nhl-vgk,final,,,55,56,,,0.25,,,,,362.6,0.0,4,2,4,0.6,2.6364,2.8545,55,3,5,2,0.4,3.3393,3.1786,56,26,48,2.6875,2.7917,26,52,3.3077,3.0962,2,4.0,4.0,2,4.0,4.0,1,4,5,3,nhl-vgk,"{""common_opponents"": 1, ""games_played"": 1, ""head_to_head"": 1, ""home_advantage"": 1, ""last10_form"": 1, ""season_scoring"": 1, ""travel_km"": 1}"
2025020910,NHL,20252026,regular,2026-02-25,2026-02-25,nhl-buf,nhl-njd,final,,,57,57,,,0.25,,,,,456.9,0.0,6,3,1,0.65,3.4211,3.0877,57,4,6,0,0.4,2.5614,3.0702,57,27,53,3.5283,3.0943,27,51,2.6078,3.1765,2,1.5,3.0,2,3.0,1.5,2,1,3,-1,nhl-buf,"{""common_opponents"": 1, ""games_played"": 1, ""head_to_head"": 1, ""home_advantage"": 1, ""last10_form"": 1, ""season_scoring"": 1, ""travel_km"": 1}"
2025020911,NHL,20252026,regular,2026-02-25,2026-02-25,nhl-phi,nhl-wsh,final,,,56,59,,,0.25,,,,,194.1,0.0,3,4,3,0.45,2.9821,3.2143,56,5,4,1,0.55,3.2034,3.0,59,27,52,2.9808,3.25,27,55,3.2545,2.9455,1,4.0,2.0,1,2.0,4.0,1,3,4,2,nhl-wsh,"{""common_opponents"": 1, ""games_played"": 1, ""head_to_head"": 1, ""home_advantage"": 1, ""last10_form"": 1, ""season_scoring"": 1, ""travel_km"": 1}"
2025020912,NHL,20252026,regular,2026-02-25,2026-02-25,nhl-tor,nhl-tbl,final,,,57,55,,,0.25,,,,,3808.2,0.0,4,5,1,0.45,3.2982,3.4035,57,8,1,1,0.85,3.6182,2.5455,55,27,53,3.3585,3.3774,27,52,3.6731,2.5385,1,2.0,0.0,1,0.0,2.0,2,4,6,2,nhl-tbl,"{""common_opponents"": 1, ""games_played"": 1, ""head_to_head"": 1, ""home_advantage"": 1, ""last10_form"": 1, ""season_scoring"": 1, ""travel_km"": 1}"
2025020913,NHL,20252026,regular,2026-02-25,2026-02-25,nhl-sea,nhl-dal,final,,,56,57,,,0.25,,,,,1992.7,0.0,6,4,0,0.6,2.8929,2.9464,56,7,3,0,0.7,3.386,2.807,57,28,54,2.9444,2.963,28,51,3.5882,2.8039,2,1.5,2.5,2,2.5,1.5,1,4,5,3,nhl-dal,"{""common_opponents"": 1, ""games_played"": 1, ""head_to_head"": 1, ""home_advantage"": 1, ""last10_form"": 1, ""season_scoring"": 1, ""travel_km"": 1}"
2025020914,NHL,20252026,regular,2026-02-25,2026-02-25,nhl-col,nhl-uta,final,,,55,57,,,0.25,,,,,595.7,0.0,4,5,1,0.45,3.8545,2.5091,55,7,3,0,0.7,3.2105,2.7544,57,27,51,3.9412,2.5686,27,51,3.3333,2.8235,3,2.0,1.6667,3,1.6667,2.0,4,2,6,-2,nhl-col,"{""common_opponents"": 1, ""games_played"": 1, ""head_to_head"": 1, ""home_advantage"": 1, ""last10_form"": 1, ""season_scoring"": 1, ""travel_km"": 1}"
2025020915,NHL,20252026,regular,2026-02-25,2026-02-25,nhl-wpg,nhl-van,final,,,56,57,,,0.25,,,,,1863.7,1599.8,3,4,3,0.45,2.8571,3.125,56,2,7,1,0.25,2.614,3.6842,57,29,55,2.8182,3.1273,29,54,2.6481,3.7593,1,5.0,3.0,1,3.0,5.0,3,2,5,-1,nhl-wpg,"{""common_opponents"": 1, ""games_played"": 1, ""head_to_head"": 1, ""home_advantage"": 1, ""last10_form"": 1, ""season_scoring"": 1, ""travel_km"": 1}"
2025020916,NHL,20252026,regular,2026-02-25,2026-02-25,nhl-vgk,nhl-lak,final,,,57,56,,,0.25,,,,,362.6,362.6,3,5,2,0.4,3.3509,3.1404,57,4,3,3,0.55,2.6071,2.875,56,26,52,3.3077,3.0962,26,48,2.6875,2.7917,3,4.0,3.0,3,3.0,4.0,6,4,10,-2,nhl-vgk,"{""common_opponents"": 1, ""games_played"": 1, ""head_to_head"": 1, ""home_advantage"": 1, ""last10_form"": 1, ""season_scoring"": 1, ""travel_km"": 1}"
2025020917,NHL,20252026,regular,2026-02-25,2026-02-25,nhl-edm,nhl-ana,final,,,58,56,,,0.25,,,,,1940.7,0.0,5,5,0,0.5,3.4138,3.3448,58,8,2,0,0.8,3.3036,3.4821,56,28,53,3.3208,3.2642,28,55,3.2909,3.4182,1,7.0,4.0,1,4.0,7.0,5,6,11,1,nhl-ana,"{""common_opponents"": 1, ""games_played"": 1, ""head_to_head"": 1, ""home_advantage"": 1, ""last10_form"": 1, ""season_scoring"": 1, ""travel_km"": 1}"
2025020918,NHL,20252026,regular,2026-02-26,2026-02-26,nhl-cbj,nhl-bos,final,,,56,57,,,0.25,,,,,1033.7,1990.1,9,1,0,0.9,3.1964,3.1607,56,6,1,3,0.75,3.4211,3.193,57,30,56,3.1964,3.1607,30,57,3.4211,3.193,,,,,,,2,4,6,2,nhl-bos,"{""common_opponents"": 1, ""games_played"": 1, ""head_to_head"": 1, ""home_advantage"": 1, ""last10_form"": 1, ""season_scoring"": 1, ""travel_km"": 1}"
2025020919,NHL,20252026,regular,2026-02-26,2026-02-26,nhl-nyi,nhl-mtl,final,,,58,57,,,0.25,,,,,531.8,1822.3,6,4,0,0.6,2.9138,2.7931,58,6,3,1,0.65,3.4912,3.2807,57,27,56,2.8571,2.8036,27,56,3.5357,3.25,,,,,,,4,3,7,-1,nhl-nyi,"{""common_opponents"": 1, ""games_played"": 1, ""head_to_head"": 1, ""home_advantage"": 1, ""last10_form"": 1, ""season_scoring"": 1, ""travel_km"": 1}"
2025020920,NHL,20252026,regular,2026-02-26,2026-02-26,nhl-det,nhl-ott,final,,,58,57,,,0.25,,,,,2941.8,603.1,5,3,2,0.6,3.0,3.0172,58,6,3,1,0.65,3.3509,3.2281,57,29,56,2.9464,3.0179,29,52,3.4231,3.2885,2,4.5,3.0,2,3.0,4.5,2,1,3,-1,nhl-det,"{""common_opponents"": 1, ""games_played"": 1, ""head_to_head"": 1, ""home_advantage"": 1, ""last10_form"": 1, ""season_scoring"": 1, ""travel_km"": 1}"
2025020921,NHL,20252026,regular,2026-02-26,2026-02-26,nhl-tor,nhl-fla,final,,,58,57,,,0.25,,,,,289.3,289.3,3,6,1,0.35,3.2759,3.4138,58,4,6,0,0.4,3.0526,3.3509,57,28,54,3.2778,3.463,28,53,3.1509,3.2642,2,4.0,1.0,2,1.0,4.0,1,5,6,4,nhl-fla,"{""common_opponents"": 1, ""games_played"": 1, ""head_to_head"": 1, ""home_advantage"": 1, ""last10_form"": 1, ""season_scoring"": 1, ""travel_km"": 1}"
2025020922,NHL,20252026,regular,2026-02-26,2026-02-26,nhl-njd,nhl-pit,final,,,58,56,,,0.25,,,,,492.3,286.2,4,6,0,0.4,2.5345,3.0517,58,7,1,2,0.8,3.4286,3.0179,56,27,52,2.5769,3.0192,27,51,3.4706,3.0392,2,1.5,2.5,2,2.5,1.5,1,4,5,3,nhl-pit,"{""common_opponents"": 1, ""games_played"": 1, ""head_to_head"": 1, ""home_advantage"": 1, ""last10_form"": 1, ""season_scoring"": 1, ""travel_km"": 1}"
2025020923,NHL,20252026,regular,2026-02-26,2026-02-26,nhl-tbl,nhl-car,final,,,56,57,,,0.25,,,,,942.1,687.5,9,1,0,0.9,3.625,2.5357,56,8,0,2,0.9,3.4561,2.8596,57,28,55,3.5818,2.5091,28,53,3.4528,2.7925,1,6.0,4.0,1,4.0,6.0,4,5,9,1,nhl-car,"{""common_opponents"": 1, ""games_played"": 1, ""head_to_head"": 1, ""home_advantage"": 1, ""last10_form"": 1, ""season_scoring"": 1, ""travel_km"": 1}"
2025020924,NHL,20252026,regular,2026-02-26,2026-02-26,nhl-phi,nhl-nyr,final,,,57,57,,,0.25,,,,,330.5,0.0,3,4,3,0.45,2.9474,3.2105,57,2,8,0,0.2,2.6491,3.1579,57,27,52,2.8462,3.0962,27,53,2.5472,3.2075,2,3.5,5.5,2,5.5,3.5,3,2,5,-1,nhl-phi,"{""common_opponents"": 1, ""games_played"": 1, ""head_to_head"": 1, ""home_advantage"": 1, ""last10_form"": 1, ""season_scoring"": 1, ""travel_km"": 1}"
2025020925,NHL,20252026,regular,2026-02-26,2026-02-26,nhl-sea,nhl-stl,final,,,57,57,,,0.25,,,,,881.0,881.0,6,4,0,0.6,2.8596,2.9649,57,2,7,1,0.25,2.5789,3.5614,57,27,53,2.8302,2.9623,27,52,2.4808,3.5962,1,4.0,3.0,1,3.0,4.0,1,5,6,4,nhl-stl,"{""common_opponents"": 1, ""games_played"": 1, ""head_to_head"": 1, ""home_advantage"": 1, ""last10_form"": 1, ""season_scoring"": 1, ""travel_km"": 1}"
2025020926,NHL,20252026,regular,2026-02-26,2026-02-26,nhl-chi,nhl-nsh,final,,,57,57,,,0.25,,,,,537.1,912.2,3,5,2,0.4,2.7018,3.2456,57,3,4,3,0.45,2.9649,3.4737,57,29,54,2.6296,3.2963,29,55,3.0,3.4909,2,3.0,2.0,2,2.0,3.0,2,4,6,2,nhl-nsh,"{""common_opponents"": 1, ""games_played"": 1, ""head_to_head"": 1, ""home_advantage"": 1, ""last10_form"": 1, ""season_scoring"": 1, ""travel_km"": 1}"
2025020927,NHL,20252026,regular,2026-02-26,2026-02-26,nhl-min,nhl-col,final,,,58,56,,,0.25,,,,,1644.2,595.7,8,1,1,0.85,3.3793,2.9138,58,5,4,1,0.55,3.8571,2.5,56,27,51,3.5098,3.0,27,52,3.9231,2.5,2,2.0,3.5,2,3.5,2.0,5,2,7,-3,nhl-min,"{""common_opponents"": 1, ""games_played"": 1, ""head_to_head"": 1, ""home_advantage"": 1, ""last10_form"": 1, ""season_scoring"": 1, ""travel_km"": 1}"
2025020928,NHL,20252026,regular,2026-02-26,2026-02-26,nhl-cgy,nhl-sjs,final,,,56,55,,,0.25,,,,,1645.1,1491.3,4,4,2,0.5,2.5357,3.0179,56,4,5,1,0.45,3.1091,3.5091,55,25,44,2.4773,2.9318,25,49,3.2245,3.5306,3,2.6667,2.6667,3,2.6667,2.6667,4,1,5,-3,nhl-cgy,"{""common_opponents"": 1, ""games_played"": 1, ""head_to_head"": 1, ""home_advantage"": 1, ""last10_form"": 1, ""season_scoring"": 1, ""travel_km"": 1}"
2025020929,NHL,20252026,regular,2026-02-26,2026-02-26,nhl-edm,nhl-lak,final,,,59,57,,,0.25,,,,,44.5,0.0,4,6,0,0.4,3.4407,3.3898,59,4,4,2,0.5,2.6316,2.9298,57,29,56,3.5357,3.4107,29,56,2.6071,2.9286,1,3.0,4.0,1,4.0,3.0,8,1,9,-7,nhl-edm,"{""common_opponents"": 1, ""games_played"": 1, ""head_to_head"": 1, ""home_advantage"": 1, ""last10_form"": 1, ""season_scoring"": 1, ""travel_km"": 1}"
2025020930,NHL,20252026,regular,2026-02-27,2026-02-27,nhl-buf,nhl-fla,final,,,58,58,,,0.25,,,,,1717.1,0.0,7,2,1,0.75,3.3966,3.0517,58,5,5,0,0.5,3.0862,3.3103,58,27,54,3.3889,3.1296,27,51,3.2157,3.3725,3,3.6667,2.3333,3,2.3333,3.6667,3,2,5,-1,nhl-buf,"{""common_opponents"": 1, ""games_played"": 1, ""head_to_head"": 1, ""home_advantage"": 1, ""last10_form"": 1, ""season_scoring"": 1, ""travel_km"": 1}"
2025020931,NHL,20252026,regular,2026-02-27,2026-02-27,nhl-vgk,nhl-wsh,final,,,58,60,,,0.25,,,,,3695.9,0.0,4,4,2,0.5,3.3966,3.1552,58,6,3,1,0.65,3.2,2.9667,60,27,56,3.4286,3.1607,27,58,3.2069,2.9138,,,,,,,2,3,5,1,nhl-wsh,"{""common_opponents"": 1, ""games_played"": 1, ""head_to_head"": 1, ""home_advantage"": 1, ""last10_form"": 1, ""season_scoring"": 1, ""travel_km"": 1}"
2025020932,NHL,20252026,regular,2026-02-27,2026-02-27,nhl-min,nhl-uta,final,,,59,58,,,0.25,,,,,595.7,0.0,8,1,1,0.85,3.4068,2.8983,59,6,4,0,0.6,3.1897,2.7759,58,28,56,3.4464,2.8571,28,55,3.2182,2.7818,1,2.0,6.0,1,6.0,2.0,2,5,7,3,nhl-uta,"{""common_opponents"": 1, ""games_played"": 1, ""head_to_head"": 1, ""home_advantage"": 1, ""last10_form"": 1, ""season_scoring"": 1, ""travel_km"": 1}"
2025020933,NHL,20252026,regular,2026-02-27,2026-02-27,nhl-wpg,nhl-ana,final,,,57,57,,,0.25,,,,,1773.3,0.0,4,4,2,0.5,2.8596,3.1053,57,8,2,0,0.8,3.3509,3.5088,57,27,52,2.9038,2.9808,27,54,3.2963,3.6111,1,1.0,4.0,1,4.0,1.0,4,5,9,1,nhl-ana,"{""common_opponents"": 1, ""games_played"": 1, ""head_to_head"": 1, ""home_advantage"": 1, ""last10_form"": 1, ""season_scoring"": 1, ""travel_km"": 1}"
2025020934,NHL,20252026,regular,2026-02-28,2026-02-28,nhl-pit,nhl-nyr,final,,,57,58,,,0.25,,,,,507.4,0.0,8,1,1,0.85,3.4386,2.9825,57,2,7,1,0.25,2.6379,3.1552,58,26,50,3.5,3.0,26,51,2.6078,3.098,3,3.3333,3.6667,3,3.6667,3.3333,2,3,5,1,nhl-nyr,"{""common_opponents"": 1, ""games_played"": 1, ""head_to_head"": 1, ""home_advantage"": 1, ""last10_form"": 1, ""season_scoring"": 1, ""travel_km"": 1}"
2025020935,NHL,20252026,regular,2026-02-28,2026-02-28,nhl-bos,nhl-phi,final,,,58,58,,,0.25,,,,,439.9,137.5,6,1,3,0.75,3.431,3.1724,58,3,4,3,0.45,2.9483,3.1897,58,29,54,3.3889,3.2222,29,57,2.9474,3.1404,1,6.0,3.0,1,3.0,6.0,1,3,4,2,nhl-phi,"{""common_opponents"": 1, ""games_played"": 1, ""head_to_head"": 1, ""home_advantage"": 1, ""last10_form"": 1, ""season_scoring"": 1, ""travel_km"": 1}"
2025020936,NHL,20252026,regular,2026-02-28,2026-02-28,nhl-edm,nhl-sjs,final,,,60,56,,,0.25,,,,,491.4,0.0,4,6,0,0.4,3.5167,3.35,60,3,6,1,0.35,3.0714,3.5179,56,26,51,3.5294,3.3529,26,55,3.0727,3.5091,1,4.0,3.0,1,3.0,4.0,4,5,9,1,nhl-sjs,"{""common_opponents"": 1, ""games_played"": 1, ""head_to_head"": 1, ""home_advantage"": 1, ""last10_form"": 1, ""season_scoring"": 1, ""travel_km"": 1}"
2025020937,NHL,20252026,regular,2026-02-28,2026-02-28,nhl-nyi,nhl-cbj,final,,,59,57,,,0.25,,,,,984.6,1033.7,6,4,0,0.6,2.9322,2.7966,59,8,2,0,0.8,3.1754,3.1754,57,29,57,2.9474,2.7895,29,54,3.1852,3.2407,2,2.5,3.0,2,3.0,2.5,4,3,7,-1,nhl-nyi,"{""common_opponents"": 1, ""games_played"": 1, ""head_to_head"": 1, ""home_advantage"": 1, ""last10_form"": 1, ""season_scoring"": 1, ""travel_km"": 1}"
2025020938,NHL,20252026,regular,2026-02-28,2026-02-28,nhl-chi,nhl-col,final,,,58,57,,,0.25,,,,,1644.2,0.0,3,5,2,0.4,2.6897,3.2586,58,4,5,1,0.45,3.8246,2.5439,57,28,52,2.7115,3.2692,28,56,3.875,2.5893,1,0.0,1.0,1,1.0,0.0,1,3,4,2,nhl-col,"{""common_opponents"": 1, ""games_played"": 1, ""head_to_head"": 1, ""home_advantage"": 1, ""last10_form"": 1, ""season_scoring"": 1, ""travel_km"": 1}"
2025020939,NHL,20252026,regular,2026-02-28,2026-02-28,nhl-ott,nhl-tor,final,,,58,59,,,0.25,,,,,329.8,1946.1,6,3,1,0.65,3.3103,3.2069,58,3,6,1,0.35,3.2373,3.4407,59,29,56,3.2857,3.1607,29,58,3.1724,3.4138,1,5.0,7.0,1,7.0,5.0,5,2,7,-3,nhl-ott,"{""common_opponents"": 1, ""games_played"": 1, ""head_to_head"": 1, ""home_advantage"": 1, ""last10_form"": 1, ""season_scoring"": 1, ""travel_km"": 1}"
2025020940,NHL,20252026,regular,2026-02-28,2026-02-28,nhl-wsh,nhl-mtl,final,,,61,58,,,0.25,,,,,786.6,0.0,7,2,1,0.75,3.1967,2.9508,61,6,2,2,0.7,3.4828,3.2931,58,27,55,3.0,2.9455,27,54,3.4444,3.2407,2,5.5,3.0,2,3.0,5.5,2,6,8,4,nhl-mtl,"{""common_opponents"": 1, ""games_played"": 1, ""head_to_head"": 1, ""home_advantage"": 1, ""last10_form"": 1, ""season_scoring"": 1, ""travel_km"": 1}"
2025020941,NHL,20252026,regular,2026-02-28,2026-02-28,nhl-buf,nhl-tbl,final,,,59,57,,,0.25,,,,,289.3,942.1,7,2,1,0.75,3.3898,3.0339,59,8,2,0,0.8,3.6316,2.5789,57,26,55,3.4,3.0364,26,52,3.5385,2.6154,1,3.0,4.0,1,4.0,3.0,6,2,8,-4,nhl-buf,"{""common_opponents"": 1, ""games_played"": 1, ""head_to_head"": 1, ""home_advantage"": 1, ""last10_form"": 1, ""season_scoring"": 1, ""travel_km"": 1}"
2025020942,NHL,20252026,regular,2026-02-28,2026-02-28,nhl-det,nhl-car,final,,,59,58,,,0.25,,,,,1081.5,0.0,5,3,2,0.6,2.9831,2.9831,59,8,0,2,0.9,3.4828,2.8793,58,29,57,2.9825,2.9474,29,53,3.4528,2.8868,2,3.0,4.0,2,4.0,3.0,2,5,7,3,nhl-car,"{""common_opponents"": 1, ""games_played"": 1, ""head_to_head"": 1, ""home_advantage"": 1, ""last10_form"": 1, ""season_scoring"": 1, ""travel_km"": 1}"
2025020943,NHL,20252026,regular,2026-02-28,2026-02-28,nhl-njd,nhl-stl,final,,,59,58,,,0.25,,,,,898.2,0.0,3,7,0,0.3,2.5085,3.0678,59,2,7,1,0.25,2.6207,3.5172,58,28,56,2.5,3.0893,28,55,2.6727,3.5636,1,3.0,2.0,1,2.0,3.0,3,1,4,-2,nhl-njd,"{""common_opponents"": 1, ""games_played"": 1, ""head_to_head"": 1, ""home_advantage"": 1, ""last10_form"": 1, ""season_scoring"": 1, ""travel_km"": 1}"
2025020944,NHL,20252026,regular,2026-02-28,2026-02-28,nhl-cgy,nhl-lak,final,,,57,58,,,0.25,,,,,491.4,0.0,4,4,2,0.5,2.5614,2.9825,57,4,5,1,0.45,2.6034,3.0172,58,28,55,2.5455,3.0364,28,55,2.6727,2.9818,1,2.0,1.0,1,1.0,2.0,0,2,2,2,nhl-lak,"{""common_opponents"": 1, ""games_played"": 1, ""head_to_head"": 1, ""home_advantage"": 1, ""last10_form"": 1, ""season_scoring"": 1, ""travel_km"": 1}"
2025020945,NHL,20252026,regular,2026-02-28,2026-02-28,nhl-nsh,nhl-dal,final,,,58,58,,,0.25,,,,,992.3,0.0,4,3,3,0.55,2.9828,3.4483,58,8,2,0,0.8,3.3966,2.7759,58,29,56,2.9821,3.4286,29,53,3.3208,2.7547,2,3.0,4.0,2,4.0,3.0,2,3,5,1,nhl-dal,"{""common_opponents"": 1, ""games_played"": 1, ""head_to_head"": 1, ""home_advantage"": 1, ""last10_form"": 1, ""season_scoring"": 1, ""travel_km"": 1}"
2025020946,NHL,20252026,regular,2026-02-28,2026-02-28,nhl-van,nhl-sea,final,,,58,58,,,0.25,,,,,192.3,2770.2,2,6,2,0.3,2.6034,3.6724,58,6,4,0,0.6,2.8276,3.0,58,28,54,2.4815,3.6481,28,56,2.8214,3.0,2,3.0,3.0,2,3.0,3.0,1,5,6,4,nhl-sea,"{""common_opponents"": 1, ""games_played"": 1, ""head_to_head"": 1, ""home_advantage"": 1, ""last10_form"": 1, ""season_scoring"": 1, ""travel_km"": 1}"
2025020947,NHL,20252026,regular,2026-03-01,2026-03-01,nhl-vgk,nhl-pit,final,,,59,58,,,0.25,,,,,306.5,507.4,4,4,2,0.5,3.3729,3.1525,59,7,1,2,0.8,3.4138,2.9828,58,28,57,3.3684,3.0877,28,56,3.375,3.0179,,,,,,,0,5,5,5,nhl-pit,"{""common_opponents"": 1, ""games_played"": 1, ""head_to_head"": 1, ""home_advantage"": 1, ""last10_form"": 1, ""season_scoring"": 1, ""travel_km"": 1}"
2025020948,NHL,20252026,regular,2026-03-01,2026-03-01,nhl-fla,nhl-nyi,final,,,59,60,,,0.25,,,,,1728.9,790.4,4,6,0,0.4,3.0678,3.3051,59,7,3,0,0.7,2.95,2.8,60,28,56,3.0179,3.3929,28,57,3.0526,2.807,1,4.0,1.0,1,1.0,4.0,4,5,9,1,nhl-nyi,"{""common_opponents"": 1, ""games_played"": 1, ""head_to_head"": 1, ""home_advantage"": 1, ""last10_form"": 1, ""season_scoring"": 1, ""travel_km"": 1}"
2025020949,NHL,20252026,regular,2026-03-01,2026-03-01,nhl-chi,nhl-uta,final,,,59,59,,,0.25,,,,,595.7,0.0,2,6,2,0.3,2.661,3.2542,59,6,4,0,0.6,3.2203,2.7627,59,29,56,2.6786,3.2857,29,58,3.2586,2.7586,1,3.0,1.0,1,1.0,3.0,4,0,4,-4,nhl-chi,"{""common_opponents"": 1, ""games_played"": 1, ""head_to_head"": 1, ""home_advantage"": 1, ""last10_form"": 1, ""season_scoring"": 1, ""travel_km"": 1}"
2025020950,NHL,20252026,regular,2026-03-01,2026-03-01,nhl-wpg,nhl-sjs,final,,,58,57,,,0.25,,,,,534.8,0.0,4,3,3,0.55,2.8793,3.1379,58,4,5,1,0.45,3.1053,3.5263,57,25,49,2.9796,3.2857,25,54,3.0741,3.5926,1,1.0,2.0,1,2.0,1.0,1,2,3,1,nhl-sjs,"{""common_opponents"": 1, ""games_played"": 1, ""head_to_head"": 1, ""home_advantage"": 1, ""last10_form"": 1, ""season_scoring"": 1, ""travel_km"": 1}"
2025020951,NHL,20252026,regular,2026-03-01,2026-03-01,nhl-stl,nhl-min,final,,,59,60,,,0.25,,,,,742.3,1597.0,2,7,1,0.25,2.5932,3.5085,59,7,2,1,0.75,3.3833,2.9333,60,28,56,2.6607,3.5,28,56,3.375,2.9286,1,0.0,5.0,1,5.0,0.0,3,1,4,-2,nhl-stl,"{""common_opponents"": 1, ""games_played"": 1, ""head_to_head"": 1, ""home_advantage"": 1, ""last10_form"": 1, ""season_scoring"": 1, ""travel_km"": 1}"
2025020952,NHL,20252026,regular,2026-03-01,2026-03-01,nhl-cgy,nhl-ana,final,,,58,58,,,0.25,,,,,44.5,0.0,3,5,2,0.4,2.5172,2.9655,58,8,2,0,0.8,3.3793,3.5172,58,27,53,2.566,2.9057,27,55,3.4364,3.5636,1,3.0,4.0,1,4.0,3.0,2,3,5,1,nhl-ana,"{""common_opponents"": 1, ""games_played"": 1, ""head_to_head"": 1, ""home_advantage"": 1, ""last10_form"": 1, ""season_scoring"": 1, ""travel_km"": 1}"
2025020953,NHL,20252026,regular,2026-03-02,2026-03-02,nhl-cbj,nhl-nyr,final,,,58,59,,,0.25,,,,,768.2,0.0,7,2,1,0.75,3.1724,3.1897,58,2,7,1,0.25,2.6441,3.1356,59,28,52,3.25,3.25,28,58,2.6552,3.1724,1,1.0,2.0,1,2.0,1.0,5,4,9,-1,nhl-cbj,"{""common_opponents"": 1, ""games_played"": 1, ""head_to_head"": 1, ""home_advantage"": 1, ""last10_form"": 1, ""season_scoring"": 1, ""travel_km"": 1}"
2025020954,NHL,20252026,regular,2026-03-02,2026-03-02,nhl-phi,nhl-tor,final,,,59,60,,,0.25,,,,,542.9,0.0,4,4,2,0.5,2.9492,3.1525,59,3,7,0,0.3,3.2167,3.4667,60,28,56,2.9643,3.1607,28,54,3.2963,3.537,2,1.5,3.5,2,3.5,1.5,3,2,5,-1,nhl-phi,"{""common_opponents"": 1, ""games_played"": 1, ""head_to_head"": 1, ""home_advantage"": 1, ""last10_form"": 1, ""season_scoring"": 1, ""travel_km"": 1}"
2025020955,NHL,20252026,regular,2026-03-02,2026-03-02,nhl-det,nhl-nsh,final,,,60,59,,,0.25,,,,,725.8,992.3,4,4,2,0.5,2.9667,3.0167,60,4,2,4,0.6,2.9661,3.4407,59,28,57,2.9474,3.0,28,56,2.9821,3.4464,1,3.0,6.0,1,6.0,3.0,4,2,6,-2,nhl-det,"{""common_opponents"": 1, ""games_played"": 1, ""head_to_head"": 1, ""home_advantage"": 1, ""last10_form"": 1, ""season_scoring"": 1, ""travel_km"": 1}"
2025020956,NHL,20252026,regular,2026-03-02,2026-03-02,nhl-dal,nhl-van,final,,,59,59,,,0.25,,,,,2842.4,192.3,9,1,0,0.9,3.3898,2.7627,59,2,6,2,0.3,2.5763,3.6949,59,30,57,3.386,2.7368,30,57,2.5439,3.7018,2,3.5,3.5,2,3.5,3.5,6,1,7,-5,nhl-dal,"{""common_opponents"": 1, ""games_played"": 1, ""head_to_head"": 1, ""home_advantage"": 1, ""last10_form"": 1, ""season_scoring"": 1, ""travel_km"": 1}"
2025020957,NHL,20252026,regular,2026-03-02,2026-03-02,nhl-car,nhl-sea,final,,,59,59,,,0.25,,,,,3794.6,0.0,8,0,2,0.9,3.5085,2.8644,59,6,4,0,0.6,2.8644,2.9661,59,28,53,3.4151,2.7736,28,58,2.8793,2.9655,1,3.0,2.0,1,2.0,3.0,1,2,3,1,nhl-sea,"{""common_opponents"": 1, ""games_played"": 1, ""head_to_head"": 1, ""home_advantage"": 1, ""last10_form"": 1, ""season_scoring"": 1, ""travel_km"": 1}"
2025020958,NHL,20252026,regular,2026-03-02,2026-03-02,nhl-col,nhl-lak,final,,,58,59,,,0.25,,,,,1337.0,0.0,5,5,0,0.5,3.8103,2.5172,58,4,5,1,0.45,2.5932,2.9661,59,27,54,3.7963,2.5185,27,53,2.6792,2.9811,2,4.5,1.5,2,1.5,4.5,4,2,6,-2,nhl-col,"{""common_opponents"": 1, ""games_played"": 1, ""head_to_head"": 1, ""home_advantage"": 1, ""last10_form"": 1, ""season_scoring"": 1, ""travel_km"": 1}"
2025020959,NHL,20252026,regular,2026-03-03,2026-03-03,nhl-pit,nhl-bos,final,,,59,59,,,0.25,,,,,774.4,439.9,7,1,2,0.8,3.4407,2.9322,59,5,2,3,0.65,3.3898,3.1695,59,29,58,3.5,2.9655,29,56,3.4821,3.2321,1,0.0,1.0,1,1.0,0.0,1,2,3,1,nhl-bos,"{""common_opponents"": 1, ""games_played"": 1, ""head_to_head"": 1, ""home_advantage"": 1, ""last10_form"": 1, ""season_scoring"": 1, ""travel_km"": 1}"
2025020960,NHL,20252026,regular,2026-03-03,2026-03-03,nhl-vgk,nhl-buf,final,,,60,60,,,0.25,,,,,286.2,1691.3,3,5,2,0.4,3.3167,3.1833,60,7,2,1,0.75,3.4333,3.0167,60,29,56,3.1607,3.2321,29,60,3.4333,3.0167,,,,,,,2,3,5,1,nhl-buf,"{""common_opponents"": 1, ""games_played"": 1, ""head_to_head"": 1, ""home_advantage"": 1, ""last10_form"": 1, ""season_scoring"": 1, ""travel_km"": 1}"
2025020961,NHL,20252026,regular,2026-03-03,2026-03-03,nhl-fla,nhl-njd,final,,,60,60,,,0.25,,,,,37.5,1389.8,3,7,0,0.3,3.0833,3.3333,60,3,7,0,0.3,2.5167,3.0333,60,28,57,3.193,3.3684,28,56,2.5536,3.1071,2,1.0,1.5,2,1.5,1.0,1,5,6,4,nhl-njd,"{""common_opponents"": 1, ""games_played"": 1, ""head_to_head"": 1, ""home_advantage"": 1, ""last10_form"": 1, ""season_scoring"": 1, ""travel_km"": 1}"
2025020962,NHL,20252026,regular,2026-03-03,2026-03-03,nhl-uta,nhl-wsh,final,,,60,62,,,0.25,,,,,2966.0,786.6,5,5,0,0.5,3.1667,2.7833,60,6,3,1,0.65,3.1774,3.0,62,30,60,3.1667,2.7833,30,62,3.1774,3.0,,,,,,,3,2,5,-1,nhl-uta,"{""common_opponents"": 1, ""games_played"": 1, ""head_to_head"": 1, ""home_advantage"": 1, ""last10_form"": 1, ""season_scoring"": 1, ""travel_km"": 1}"
2025020963,NHL,20252026,regular,2026-03-03,2026-03-03,nhl-nsh,nhl-cbj,final,,,60,59,,,0.25,,,,,537.1,768.2,3,3,4,0.5,2.95,3.45,60,8,1,1,0.85,3.2034,3.2034,59,29,59,2.9661,3.4915,29,57,3.2632,3.193,1,2.0,1.0,1,1.0,2.0,2,3,5,1,nhl-cbj,"{""common_opponents"": 1, ""games_played"": 1, ""head_to_head"": 1, ""home_advantage"": 1, ""last10_form"": 1, ""season_scoring"": 1, ""travel_km"": 1}"
2025020964,NHL,20252026,regular,2026-03-03,2026-03-03,nhl-chi,nhl-wpg,final,,,60,59,,,0.25,,,,,1531.4,2415.4,2,6,2,0.3,2.6833,3.2,60,3,3,4,0.5,2.8475,3.1186,59,29,57,2.6842,3.2632,29,57,2.8421,3.1404,2,2.5,3.0,2,3.0,2.5,2,3,5,1,nhl-wpg,"{""common_opponents"": 1, ""games_played"": 1, ""head_to_head"": 1, ""home_advantage"": 1, ""last10_form"": 1, ""season_scoring"": 1, ""travel_km"": 1}"
2025020965,NHL,20252026,regular,2026-03-03,2026-03-03,nhl-dal,nhl-cgy,final,,,60,59,,,0.25,,,,,673.7,1940.7,9,1,0,0.9,3.4333,2.7333,60,3,5,2,0.4,2.5085,2.9661,59,29,58,3.431,2.7069,29,58,2.5,2.9828,1,2.0,3.0,1,3.0,2.0,6,1,7,-5,nhl-dal,"{""common_opponents"": 1, ""games_played"": 1, ""head_to_head"": 1, ""home_advantage"": 1, ""last10_form"": 1, ""season_scoring"": 1, ""travel_km"": 1}"
2025020966,NHL,20252026,regular,2026-03-03,2026-03-03,nhl-ott,nhl-edm,final,,,59,61,,,0.25,,,,,2706.9,1915.3,6,3,1,0.65,3.339,3.1864,59,4,6,0,0.4,3.5246,3.377,61,30,58,3.3621,3.1897,30,60,3.5333,3.4,1,2.0,3.0,1,3.0,2.0,4,5,9,1,nhl-edm,"{""common_opponents"": 1, ""games_played"": 1, ""head_to_head"": 1, ""home_advantage"": 1, ""last10_form"": 1, ""season_scoring"": 1, ""travel_km"": 1}"
2025020967,NHL,20252026,regular,2026-03-03,2026-03-03,nhl-tbl,nhl-min,final,,,58,61,,,0.25,,,,,2112.6,0.0,7,3,0,0.7,3.6034,2.6379,58,7,2,1,0.75,3.3443,2.9344,61,29,58,3.6034,2.6379,29,59,3.339,2.9831,,,,,,,1,5,6,4,nhl-min,"{""common_opponents"": 1, ""games_played"": 1, ""head_to_head"": 1, ""home_advantage"": 1, ""last10_form"": 1, ""season_scoring"": 1, ""travel_km"": 1}"
2025020968,NHL,20252026,regular,2026-03-03,2026-03-03,nhl-col,nhl-ana,final,,,59,59,,,0.25,,,,,44.5,0.0,6,4,0,0.6,3.8136,2.5085,59,8,2,0,0.8,3.3729,3.4915,59,26,53,3.8302,2.4717,26,53,3.4151,3.5849,2,2.5,1.5,2,1.5,2.5,5,1,6,-4,nhl-col,"{""common_opponents"": 1, ""games_played"": 1, ""head_to_head"": 1, ""home_advantage"": 1, ""last10_form"": 1, ""season_scoring"": 1, ""travel_km"": 1}"
2025020969,NHL,20252026,regular,2026-03-03,2026-03-03,nhl-mtl,nhl-sjs,final,,,59,58,,,0.25,,,,,4067.2,0.0,6,2,2,0.7,3.5254,3.2712,59,4,5,1,0.45,3.0862,3.4828,58,26,52,3.6346,3.3077,26,56,3.0,3.4107,,,,,,,5,7,12,2,nhl-sjs,"{""common_opponents"": 1, ""games_played"": 1, ""head_to_head"": 1, ""home_advantage"": 1, ""last10_form"": 1, ""season_scoring"": 1, ""travel_km"": 1}"
2025020970,NHL,20252026,regular,2026-03-04,2026-03-04,nhl-vgk,nhl-det,final,,,61,61,,,0.25,,,,,347.1,758.3,3,5,2,0.4,3.2951,3.1803,61,4,4,2,0.5,2.9836,3.0,61,29,58,3.3793,3.2759,29,60,3.0333,3.0333,1,1.0,0.0,1,0.0,1.0,4,3,7,-1,nhl-vgk,"{""common_opponents"": 1, ""games_played"": 1, ""head_to_head"": 1, ""home_advantage"": 1, ""last10_form"": 1, ""season_scoring"": 1, ""travel_km"": 1}"
2025020971,NHL,20252026,regular,2026-03-04,2026-03-04,nhl-tor,nhl-njd,final,,,61,61,,,0.25,,,,,537.2,0.0,3,6,1,0.35,3.1967,3.459,61,3,7,0,0.3,2.5574,3.0,61,28,58,3.2241,3.5345,28,57,2.5614,3.0175,2,3.0,2.5,2,2.5,3.0,3,4,7,1,nhl-njd,"{""common_opponents"": 1, ""games_played"": 1, ""head_to_head"": 1, ""home_advantage"": 1, ""last10_form"": 1, ""season_scoring"": 1, ""travel_km"": 1}"
2025020972,NHL,20252026,regular,2026-03-04,2026-03-04,nhl-car,nhl-van,final,,,60,60,,,0.25,,,,,192.3,0.0,7,1,2,0.8,3.4667,2.85,60,1,7,2,0.2,2.55,3.7333,60,30,59,3.4576,2.8475,30,59,2.5424,3.7288,1,4.0,3.0,1,3.0,4.0,6,4,10,-2,nhl-car,"{""common_opponents"": 1, ""games_played"": 1, ""head_to_head"": 1, ""home_advantage"": 1, ""last10_form"": 1, ""season_scoring"": 1, ""travel_km"": 1}"
2025020973,NHL,20252026,regular,2026-03-04,2026-03-04,nhl-nyi,nhl-ana,final,,,61,60,,,0.25,,,,,3939.5,0.0,8,2,0,0.8,2.9836,2.8197,61,7,3,0,0.7,3.3333,3.5167,60,27,58,2.9138,2.8276,27,55,3.4,3.5091,1,5.0,2.0,1,2.0,5.0,1,5,6,4,nhl-ana,"{""common_opponents"": 1, ""games_played"": 1, ""head_to_head"": 1, ""home_advantage"": 1, ""last10_form"": 1, ""season_scoring"": 1, ""travel_km"": 1}"
2025020974,NHL,20252026,regular,2026-03-04,2026-03-04,nhl-stl,nhl-sea,final,,,60,60,,,0.25,,,,,2253.9,0.0,3,6,1,0.35,2.6,3.4667,60,7,3,0,0.7,2.85,2.9333,60,27,54,2.463,3.537,27,55,2.8545,2.8909,2,4.0,2.5,2,2.5,4.0,3,2,5,-1,nhl-stl,"{""common_opponents"": 1, ""games_played"": 1, ""head_to_head"": 1, ""home_advantage"": 1, ""last10_form"": 1, ""season_scoring"": 1, ""travel_km"": 1}"
2025020975,NHL,20252026,regular,2026-03-05,2026-03-05,nhl-tor,nhl-nyr,final,,,62,60,,,0.25,,,,,15.1,0.0,3,5,2,0.4,3.1935,3.4677,62,2,6,2,0.3,2.6667,3.1667,60,27,56,3.1607,3.5179,27,57,2.7193,3.1404,1,2.0,1.0,1,1.0,2.0,2,6,8,4,nhl-nyr,"{""common_opponents"": 1, ""games_played"": 1, ""head_to_head"": 1, ""home_advantage"": 1, ""last10_form"": 1, ""season_scoring"": 1, ""travel_km"": 1}"
2025020976,NHL,20252026,regular,2026-03-05,2026-03-05,nhl-uta,nhl-phi,final,,,61,60,,,0.25,,,,,194.1,542.9,5,5,0,0.5,3.1639,2.7705,61,4,4,2,0.5,2.95,3.1333,60,29,58,3.1034,2.8103,29,59,2.9322,3.1017,1,5.0,4.0,1,4.0,5.0,3,0,3,-3,nhl-uta,"{""common_opponents"": 1, ""games_played"": 1, ""head_to_head"": 1, ""home_advantage"": 1, ""last10_form"": 1, ""season_scoring"": 1, ""travel_km"": 1}"
2025020977,NHL,20252026,regular,2026-03-05,2026-03-05,nhl-buf,nhl-pit,final,,,61,60,,,0.25,,,,,286.2,774.4,7,2,1,0.75,3.4262,3.0,61,6,2,2,0.7,3.4,2.9167,60,28,57,3.5263,2.8947,28,56,3.3393,2.9464,2,2.0,4.5,2,4.5,2.0,5,1,6,-4,nhl-buf,"{""common_opponents"": 1, ""games_played"": 1, ""head_to_head"": 1, ""home_advantage"": 1, ""last10_form"": 1, ""season_scoring"": 1, ""travel_km"": 1}"
2025020978,NHL,20252026,regular,2026-03-05,2026-03-05,nhl-fla,nhl-cbj,final,,,61,60,,,0.25,,,,,753.2,0.0,2,8,0,0.2,3.0492,3.3607,61,8,1,1,0.85,3.2,3.1833,60,29,60,2.9833,3.3167,29,58,3.1724,3.1552,1,7.0,6.0,1,6.0,7.0,2,4,6,2,nhl-cbj,"{""common_opponents"": 1, ""games_played"": 1, ""head_to_head"": 1, ""home_advantage"": 1, ""last10_form"": 1, ""season_scoring"": 1, ""travel_km"": 1}"
2025020979,NHL,20252026,regular,2026-03-05,2026-03-05,nhl-bos,nhl-nsh,final,,,60,61,,,0.25,,,,,1515.6,537.1,6,1,3,0.75,3.3667,3.1333,60,3,3,4,0.5,2.9344,3.4426,61,29,58,3.4138,3.1552,29,60,2.95,3.45,1,3.0,2.0,1,2.0,3.0,3,6,9,3,nhl-nsh,"{""common_opponents"": 1, ""games_played"": 1, ""head_to_head"": 1, ""home_advantage"": 1, ""last10_form"": 1, ""season_scoring"": 1, ""travel_km"": 1}"
2025020980,NHL,20252026,regular,2026-03-05,2026-03-05,nhl-tbl,nhl-wpg,final,,,59,60,,,0.25,,,,,628.4,0.0,6,4,0,0.6,3.5593,2.678,59,4,3,3,0.55,2.85,3.1,60,28,56,3.5536,2.6607,28,57,2.9298,3.0526,1,4.0,1.0,1,1.0,4.0,1,4,5,3,nhl-wpg,"{""common_opponents"": 1, ""games_played"": 1, ""head_to_head"": 1, ""home_advantage"": 1, ""last10_form"": 1, ""season_scoring"": 1, ""travel_km"": 1}"
2025020981,NHL,20252026,regular,2026-03-05,2026-03-05,nhl-ott,nhl-cgy,final,,,60,60,,,0.25,,,,,281.6,0.0,6,2,2,0.7,3.35,3.2167,60,3,5,2,0.4,2.4833,3.0167,60,29,57,3.3333,3.1579,29,59,2.4746,3.0,1,4.0,3.0,1,3.0,4.0,4,1,5,-3,nhl-ott,"{""common_opponents"": 1, ""games_played"": 1, ""head_to_head"": 1, ""home_advantage"": 1, ""last10_form"": 1, ""season_scoring"": 1, ""travel_km"": 1}"
2025020982,NHL,20252026,regular,2026-03-05,2026-03-05,nhl-nyi,nhl-lak,final,,,62,60,,,0.25,,,,,44.5,0.0,7,3,0,0.7,2.9516,2.8548,62,3,6,1,0.35,2.5833,2.9833,60,30,62,2.9516,2.8548,30,60,2.5833,2.9833,,,,,,,3,5,8,2,nhl-lak,"{""common_opponents"": 1, ""games_played"": 1, ""head_to_head"": 1, ""home_advantage"": 1, ""last10_form"": 1, ""season_scoring"": 1, ""travel_km"": 1}"
2025020983,NHL,20252026,regular,2026-03-06,2026-03-06,nhl-fla,nhl-det,final,,,62,62,,,0.25,,,,,263.7,0.0,2,8,0,0.2,3.0323,3.371,62,4,4,2,0.5,2.9839,3.0161,62,28,58,3.1207,3.3621,28,59,2.9322,3.0678,1,1.0,4.0,1,4.0,1.0,3,1,4,-2,nhl-fla,"{""common_opponents"": 1, ""games_played"": 1, ""head_to_head"": 1, ""home_advantage"": 1, ""last10_form"": 1, ""season_scoring"": 1, ""travel_km"": 1}"
2025020984,NHL,20252026,regular,2026-03-06,2026-03-06,nhl-col,nhl-dal,final,,,60,61,,,0.25,,,,,1957.7,2467.0,6,4,0,0.6,3.8333,2.4833,60,10,0,0,1.0,3.4754,2.7049,61,28,59,3.8305,2.4407,28,57,3.4386,2.7193,1,4.0,5.0,1,5.0,4.0,5,4,9,-1,nhl-col,"{""common_opponents"": 1, ""games_played"": 1, ""head_to_head"": 1, ""home_advantage"": 1, ""last10_form"": 1, ""season_scoring"": 1, ""travel_km"": 1}"
2025020985,NHL,20252026,regular,2026-03-06,2026-03-06,nhl-van,nhl-chi,final,,,61,61,,,0.25,,,,,2848.4,1151.8,1,7,2,0.2,2.5738,3.7705,61,2,6,2,0.3,2.6721,3.1967,61,30,59,2.5763,3.7797,30,59,2.6441,3.2203,2,2.5,3.5,2,3.5,2.5,6,3,9,-3,nhl-van,"{""common_opponents"": 1, ""games_played"": 1, ""head_to_head"": 1, ""home_advantage"": 1, ""last10_form"": 1, ""season_scoring"": 1, ""travel_km"": 1}"
2025020986,NHL,20252026,regular,2026-03-06,2026-03-06,nhl-car,nhl-edm,final,,,61,62,,,0.25,,,,,817.2,0.0,8,1,1,0.85,3.5082,2.8689,61,5,5,0,0.5,3.5484,3.3871,62,30,60,3.5167,2.85,30,61,3.541,3.3934,1,3.0,4.0,1,4.0,3.0,6,3,9,-3,nhl-car,"{""common_opponents"": 1, ""games_played"": 1, ""head_to_head"": 1, ""home_advantage"": 1, ""last10_form"": 1, ""season_scoring"": 1, ""travel_km"": 1}"
2025020987,NHL,20252026,regular,2026-03-06,2026-03-06,nhl-mtl,nhl-ana,final,,,60,61,,,0.25,,,,,534.8,0.0,5,3,2,0.6,3.55,3.3333,60,7,3,0,0.7,3.3607,3.4754,61,29,57,3.5789,3.3684,29,61,3.3607,3.4754,,,,,,,5,6,11,1,nhl-ana,"{""common_opponents"": 1, ""games_played"": 1, ""head_to_head"": 1, ""home_advantage"": 1, ""last10_form"": 1, ""season_scoring"": 1, ""travel_km"": 1}"
2025020988,NHL,20252026,regular,2026-03-06,2026-03-06,nhl-min,nhl-vgk,final,,,62,62,,,0.25,,,,,2099.6,2834.5,7,2,1,0.75,3.371,2.9032,62,4,5,1,0.45,3.3065,3.1774,62,30,60,3.35,2.9333,30,60,3.35,3.15,2,4.0,2.0,2,2.0,4.0,4,2,6,-2,nhl-min,"{""common_opponents"": 1, ""games_played"": 1, ""head_to_head"": 1, ""home_advantage"": 1, ""last10_form"": 1, ""season_scoring"": 1, ""travel_km"": 1}"
2025020989,NHL,20252026,regular,2026-03-06,2026-03-06,nhl-stl,nhl-sjs,final,,,61,59,,,0.25,,,,,1144.7,0.0,4,5,1,0.45,2.6066,3.4426,61,5,4,1,0.55,3.1525,3.5085,59,28,55,2.5818,3.3818,28,59,3.1525,3.5085,,,,,,,3,2,5,-1,nhl-stl,"{""common_opponents"": 1, ""games_played"": 1, ""head_to_head"": 1, ""home_advantage"": 1, ""last10_form"": 1, ""season_scoring"": 1, ""travel_km"": 1}"
2025020990,NHL,20252026,regular,2026-03-07,2026-03-07,nhl-wsh,nhl-bos,final,,,63,61,,,0.25,,,,,633.4,1515.6,6,4,0,0.6,3.1587,3.0,63,5,2,3,0.65,3.3607,3.1803,61,30,62,3.1935,3.0,30,60,3.3667,3.2167,1,1.0,3.0,1,3.0,1.0,1,3,4,2,nhl-bos,"{""common_opponents"": 1, ""games_played"": 1, ""head_to_head"": 1, ""home_advantage"": 1, ""last10_form"": 1, ""season_scoring"": 1, ""travel_km"": 1}"
2025020991,NHL,20252026,regular,2026-03-07,2026-03-07,nhl-nyr,nhl-njd,final,,,61,62,,,0.25,,,,,15.1,0.0,3,5,2,0.4,2.7213,3.1475,61,4,6,0,0.4,2.5806,3.0,62,29,61,2.7213,3.1475,29,60,2.5667,2.9667,,,,,,,3,6,9,3,nhl-njd,"{""common_opponents"": 1, ""games_played"": 1, ""head_to_head"": 1, ""home_advantage"": 1, ""last10_form"": 1, ""season_scoring"": 1, ""travel_km"": 1}"
2025020992,NHL,20252026,regular,2026-03-07,2026-03-07,nhl-nsh,nhl-buf,final,,,62,62,,,0.25,,,,,1007.6,286.2,4,3,3,0.55,2.9839,3.4355,62,7,2,1,0.75,3.4516,2.9677,62,29,61,2.9836,3.4098,29,61,3.4262,2.9672,1,3.0,5.0,1,5.0,3.0,2,3,5,1,nhl-buf,"{""common_opponents"": 1, ""games_played"": 1, ""head_to_head"": 1, ""home_advantage"": 1, ""last10_form"": 1, ""season_scoring"": 1, ""travel_km"": 1}"
2025020993,NHL,20252026,regular,2026-03-07,2026-03-07,nhl-phi,nhl-pit,final,,,61,61,,,0.25,,,,,413.6,0.0,4,4,2,0.5,2.9016,3.1311,61,5,3,2,0.6,3.3607,2.9508,61,28,56,2.875,3.0714,28,56,3.2857,3.0179,3,2.3333,4.3333,3,4.3333,2.3333,4,3,7,-1,nhl-phi,"{""common_opponents"": 1, ""games_played"": 1, ""head_to_head"": 1, ""home_advantage"": 1, ""last10_form"": 1, ""season_scoring"": 1, ""travel_km"": 1}"
2025020994,NHL,20252026,regular,2026-03-07,2026-03-07,nhl-tbl,nhl-tor,final,,,60,63,,,0.25,,,,,1515.8,547.8,6,4,0,0.6,3.5167,2.7,60,3,5,2,0.4,3.1746,3.5079,63,28,56,3.5536,2.7143,28,59,3.2373,3.5254,2,2.0,2.0,2,2.0,2.0,5,2,7,-3,nhl-tbl,"{""common_opponents"": 1, ""games_played"": 1, ""head_to_head"": 1, ""home_advantage"": 1, ""last10_form"": 1, ""season_scoring"": 1, ""travel_km"": 1}"
2025020995,NHL,20252026,regular,2026-03-07,2026-03-07,nhl-uta,nhl-cbj,final,,,62,61,,,0.25,,,,,667.8,0.0,6,4,0,0.6,3.1613,2.7258,62,8,1,1,0.85,3.2131,3.1639,61,30,61,3.1803,2.7213,30,60,3.2167,3.1833,1,2.0,3.0,1,3.0,2.0,5,4,9,-1,nhl-uta,"{""common_opponents"": 1, ""games_played"": 1, ""head_to_head"": 1, ""home_advantage"": 1, ""last10_form"": 1, ""season_scoring"": 1, ""travel_km"": 1}"
2025020996,NHL,20252026,regular,2026-03-07,2026-03-07,nhl-van,nhl-wpg,final,,,62,61,,,0.25,,,,,1151.8,0.0,2,6,2,0.3,2.629,3.7581,62,5,2,3,0.65,2.8689,3.0656,61,29,58,2.6724,3.8448,29,59,2.8305,3.0847,2,2.5,4.0,2,4.0,2.5,2,3,5,1,nhl-wpg,"{""common_opponents"": 1, ""games_played"": 1, ""head_to_head"": 1, ""home_advantage"": 1, ""last10_form"": 1, ""season_scoring"": 1, ""travel_km"": 1}"
2025020997,NHL,20252026,regular,2026-03-07,2026-03-07,nhl-mtl,nhl-lak,final,,,61,61,,,0.25,,,,,44.5,0.0,5,2,3,0.65,3.5738,3.377,61,3,6,1,0.35,2.623,2.9836,61,30,60,3.6167,3.35,30,60,2.5833,3.0167,1,1.0,5.0,1,5.0,1.0,4,3,7,-1,nhl-mtl,"{""common_opponents"": 1, ""games_played"": 1, ""head_to_head"": 1, ""home_advantage"": 1, ""last10_form"": 1, ""season_scoring"": 1, ""travel_km"": 1}"
2025020998,NHL,20252026,regular,2026-03-07,2026-03-07,nhl-car,nhl-cgy,final,,,62,61,,,0.25,,,,,281.6,0.0,8,1,1,0.85,3.5484,2.871,62,3,5,2,0.4,2.459,3.0328,61,29,59,3.5763,2.8644,29,60,2.5,3.0667,1,1.0,0.0,1,0.0,1.0,4,5,9,1,nhl-cgy,"{""common_opponents"": 1, ""games_played"": 1, ""head_to_head"": 1, ""home_advantage"": 1, ""last10_form"": 1, ""season_scoring"": 1, ""travel_km"": 1}"
2025020999,NHL,20252026,regular,2026-03-07,2026-03-07,nhl-nyi,nhl-sjs,final,,,63,60,,,0.25,,,,,491.4,0.0,6,4,0,0.6,2.9524,2.8889,63,4,4,2,0.5,3.1333,3.5,60,28,58,3.0345,2.8448,28,59,3.1356,3.4915,1,4.0,3.0,1,3.0,4.0,2,1,3,-1,nhl-nyi,"{""common_opponents"": 1, ""games_played"": 1, ""head_to_head"": 1, ""home_advantage"": 1, ""last10_form"": 1, ""season_scoring"": 1, ""travel_km"": 1}"
2025021000,NHL,20252026,regular,2026-03-07,2026-03-07,nhl-ott,nhl-sea,final,,,61,61,,,0.25,,,,,710.8,0.0,7,1,2,0.8,3.3607,3.1803,61,6,4,0,0.6,2.8361,2.9344,61,28,57,3.3684,3.1228,28,60,2.8333,2.9167,1,4.0,3.0,1,3.0,4.0,7,4,11,-3,nhl-ott,"{""common_opponents"": 1, ""games_played"": 1, ""head_to_head"": 1, ""home_advantage"": 1, ""last10_form"": 1, ""season_scoring"": 1, ""travel_km"": 1}"
2025021001,NHL,20252026,regular,2026-03-08,2026-03-08,nhl-min,nhl-col,final,,,63,61,,,0.25,,,,,979.1,1066.1,8,2,0,0.8,3.381,2.8889,63,7,3,0,0.7,3.8525,2.5082,61,28,55,3.4727,2.9818,28,58,3.8966,2.4828,3,3.0,3.0,3,3.0,3.0,2,3,5,1,nhl-col,"{""common_opponents"": 1, ""games_played"": 1, ""head_to_head"": 1, ""home_advantage"": 1, ""last10_form"": 1, ""season_scoring"": 1, ""travel_km"": 1}"
2025021002,NHL,20252026,regular,2026-03-08,2026-03-08,nhl-bos,nhl-pit,final,,,62,62,,,0.25,,,,,774.4,0.0,5,2,3,0.65,3.3548,3.1452,62,4,3,3,0.55,3.3548,2.9677,62,29,58,3.4655,3.2414,29,60,3.45,3.0167,2,1.5,0.5,2,0.5,1.5,4,5,9,1,nhl-pit,"{""common_opponents"": 1, ""games_played"": 1, ""head_to_head"": 1, ""home_advantage"": 1, ""last10_form"": 1, ""season_scoring"": 1, ""travel_km"": 1}"
2025021003,NHL,20252026,regular,2026-03-08,2026-03-08,nhl-tbl,nhl-buf,final,,,61,63,,,0.25,,,,,94.7,0.0,6,4,0,0.6,3.541,2.6885,61,7,2,1,0.75,3.4444,2.9524,63,28,57,3.4912,2.6491,28,60,3.4167,2.9833,2,3.0,4.5,2,4.5,3.0,7,8,15,1,nhl-buf,"{""common_opponents"": 1, ""games_played"": 1, ""head_to_head"": 1, ""home_advantage"": 1, ""last10_form"": 1, ""season_scoring"": 1, ""travel_km"": 1}"
2025021004,NHL,20252026,regular,2026-03-08,2026-03-08,nhl-chi,nhl-dal,final,,,62,62,,,0.25,,,,,1292.2,0.0,2,6,2,0.3,2.6774,3.2419,62,9,0,1,0.95,3.4839,2.7419,62,30,60,2.6333,3.25,30,60,3.5,2.7,2,4.0,3.0,2,3.0,4.0,3,4,7,1,nhl-dal,"{""common_opponents"": 1, ""games_played"": 1, ""head_to_head"": 1, ""home_advantage"": 1, ""last10_form"": 1, ""season_scoring"": 1, ""travel_km"": 1}"
2025021005,NHL,20252026,regular,2026-03-08,2026-03-08,nhl-det,nhl-njd,final,,,63,63,,,0.25,,,,,760.3,0.0,3,5,2,0.4,2.9524,3.0159,63,5,5,0,0.5,2.6349,3.0,63,29,62,2.9516,3.0,29,60,2.6,2.9167,1,3.0,4.0,1,4.0,3.0,3,0,3,-3,nhl-det,"{""common_opponents"": 1, ""games_played"": 1, ""head_to_head"": 1, ""home_advantage"": 1, ""last10_form"": 1, ""season_scoring"": 1, ""travel_km"": 1}"
2025021006,NHL,20252026,regular,2026-03-08,2026-03-08,nhl-stl,nhl-ana,final,,,62,62,,,0.25,,,,,534.8,0.0,5,5,0,0.5,2.6129,3.4194,62,7,3,0,0.7,3.4032,3.5,62,29,60,2.65,3.4167,29,61,3.3934,3.541,1,1.0,4.0,1,4.0,1.0,4,0,4,-4,nhl-stl,"{""common_opponents"": 1, ""games_played"": 1, ""head_to_head"": 1, ""home_advantage"": 1, ""last10_form"": 1, ""season_scoring"": 1, ""travel_km"": 1}"
2025021007,NHL,20252026,regular,2026-03-08,2026-03-08,nhl-edm,nhl-vgk,final,,,63,63,,,0.25,,,,,1944.1,0.0,4,6,0,0.4,3.5397,3.4286,63,4,6,0,0.4,3.2857,3.1905,63,30,62,3.5323,3.4355,30,62,3.2903,3.1774,1,4.0,3.0,1,3.0,4.0,4,2,6,-2,nhl-edm,"{""common_opponents"": 1, ""games_played"": 1, ""head_to_head"": 1, ""home_advantage"": 1, ""last10_form"": 1, ""season_scoring"": 1, ""travel_km"": 1}"
2025020828,NHL,20252026,regular,2026-03-09,2026-03-09,nhl-lak,nhl-cbj,final,,,62,62,,,0.25,,,,,3178.0,0.0,3,6,1,0.35,2.629,3.0,62,7,1,2,0.8,3.2258,3.1935,62,30,61,2.6557,3.0,30,61,3.2295,3.2295,1,1.0,3.0,1,3.0,1.0,5,4,9,-1,nhl-lak,"{""common_opponents"": 1, ""games_played"": 1, ""head_to_head"": 1, ""home_advantage"": 1, ""last10_form"": 1, ""season_scoring"": 1, ""travel_km"": 1}"
2025021008,NHL,20252026,regular,2026-03-09,2026-03-09,nhl-nyr,nhl-phi,final,,,62,62,,,0.25,,,,,125.6,413.6,3,5,2,0.4,2.7258,3.1935,62,5,3,2,0.6,2.9194,3.129,62,28,57,2.6491,3.2456,28,58,2.9138,3.0345,3,4.3333,3.3333,3,3.3333,4.3333,6,2,8,-4,nhl-nyr,"{""common_opponents"": 1, ""games_played"": 1, ""head_to_head"": 1, ""home_advantage"": 1, ""last10_form"": 1, ""season_scoring"": 1, ""travel_km"": 1}"
2025021009,NHL,20252026,regular,2026-03-09,2026-03-09,nhl-cgy,nhl-wsh,final,,,62,64,,,0.25,,,,,3167.5,633.4,4,5,1,0.45,2.5,3.0484,62,6,4,0,0.6,3.125,3.0,64,29,61,2.5246,3.0492,29,62,3.1452,3.0,1,1.0,3.0,1,3.0,1.0,3,7,10,4,nhl-wsh,"{""common_opponents"": 1, ""games_played"": 1, ""head_to_head"": 1, ""home_advantage"": 1, ""last10_form"": 1, ""season_scoring"": 1, ""travel_km"": 1}"
2025021010,NHL,20252026,regular,2026-03-09,2026-03-09,nhl-uta,nhl-chi,final,,,63,63,,,0.25,,,,,446.0,1292.2,6,4,0,0.6,3.1905,2.746,63,2,6,2,0.3,2.6825,3.254,63,30,61,3.2787,2.7213,30,61,2.6557,3.3443,2,0.5,3.5,2,3.5,0.5,2,3,5,1,nhl-chi,"{""common_opponents"": 1, ""games_played"": 1, ""head_to_head"": 1, ""home_advantage"": 1, ""last10_form"": 1, ""season_scoring"": 1, ""travel_km"": 1}"
2025021011,NHL,20252026,regular,2026-03-09,2026-03-09,nhl-ott,nhl-van,final,,,62,63,,,0.25,,,,,192.3,1863.7,7,1,2,0.8,3.4194,3.1935,62,2,5,3,0.35,2.619,3.746,63,30,61,3.4426,3.2295,30,62,2.6452,3.7742,1,2.0,1.0,1,1.0,2.0,2,0,2,-2,nhl-ott,"{""common_opponents"": 1, ""games_played"": 1, ""head_to_head"": 1, ""home_advantage"": 1, ""last10_form"": 1, ""season_scoring"": 1, ""travel_km"": 1}"
2025021012,NHL,20252026,regular,2026-03-10,2026-03-10,nhl-lak,nhl-bos,final,,,63,63,,,0.25,,,,,1033.7,774.4,3,6,1,0.35,2.6667,3.0159,63,5,2,3,0.65,3.3651,3.1746,63,30,62,2.6935,3.0323,30,62,3.3871,3.2097,1,1.0,2.0,1,2.0,1.0,1,2,3,1,nhl-bos,"{""common_opponents"": 1, ""games_played"": 1, ""head_to_head"": 1, ""home_advantage"": 1, ""last10_form"": 1, ""season_scoring"": 1, ""travel_km"": 1}"
2025021013,NHL,20252026,regular,2026-03-10,2026-03-10,nhl-sjs,nhl-buf,final,,,61,64,,,0.25,,,,,3670.1,0.0,3,4,3,0.45,3.0984,3.4754,61,8,1,1,0.85,3.5156,3.0156,64,29,61,3.0984,3.4754,29,62,3.5,3.0323,,,,,,,3,6,9,3,nhl-buf,"{""common_opponents"": 1, ""games_played"": 1, ""head_to_head"": 1, ""home_advantage"": 1, ""last10_form"": 1, ""season_scoring"": 1, ""travel_km"": 1}"
2025021014,NHL,20252026,regular,2026-03-10,2026-03-10,nhl-tor,nhl-mtl,final,,,64,62,,,0.25,,,,,504.1,3969.2,3,5,2,0.4,3.1562,3.5312,64,6,1,3,0.75,3.5806,3.371,62,29,61,3.1803,3.5574,29,58,3.5862,3.3621,3,2.6667,3.0,3,3.0,2.6667,1,3,4,2,nhl-mtl,"{""common_opponents"": 1, ""games_played"": 1, ""head_to_head"": 1, ""home_advantage"": 1, ""last10_form"": 1, ""season_scoring"": 1, ""travel_km"": 1}"
2025021015,NHL,20252026,regular,2026-03-10,2026-03-10,nhl-cbj,nhl-tbl,final,,,63,62,,,0.25,,,,,1338.3,1691.3,6,1,3,0.75,3.2381,3.2222,63,5,5,0,0.5,3.5968,2.7742,62,29,60,3.1833,3.25,29,60,3.6,2.6833,2,5.5,3.5,2,3.5,5.5,5,2,7,-3,nhl-cbj,"{""common_opponents"": 1, ""games_played"": 1, ""head_to_head"": 1, ""home_advantage"": 1, ""last10_form"": 1, ""season_scoring"": 1, ""travel_km"": 1}"
2025021016,NHL,20252026,regular,2026-03-10,2026-03-10,nhl-det,nhl-fla,final,,,64,63,,,0.25,,,,,1717.1,1816.5,4,4,2,0.5,2.9531,2.9688,64,3,7,0,0.3,3.0317,3.3333,63,28,60,2.9333,3.0167,28,58,3.1207,3.3621,2,2.5,2.0,2,2.0,2.5,3,4,7,1,nhl-fla,"{""common_opponents"": 1, ""games_played"": 1, ""head_to_head"": 1, ""home_advantage"": 1, ""last10_form"": 1, ""season_scoring"": 1, ""travel_km"": 1}"
2025021017,NHL,20252026,regular,2026-03-10,2026-03-10,nhl-cgy,nhl-nyr,final,,,63,63,,,0.25,,,,,330.5,137.5,4,5,1,0.45,2.5079,3.1111,63,3,5,2,0.4,2.7778,3.1746,63,28,59,2.4746,3.1186,28,60,2.8167,3.1,1,5.0,1.0,1,1.0,5.0,0,4,4,4,nhl-nyr,"{""common_opponents"": 1, ""games_played"": 1, ""head_to_head"": 1, ""home_advantage"": 1, ""last10_form"": 1, ""season_scoring"": 1, ""travel_km"": 1}"
2025021018,NHL,20252026,regular,2026-03-10,2026-03-10,nhl-pit,nhl-car,final,,,63,63,,,0.25,,,,,527.3,3272.7,4,3,3,0.55,3.381,2.9841,63,7,2,1,0.75,3.5556,2.9048,63,29,62,3.3548,3.0161,29,60,3.5833,2.8167,1,5.0,1.0,1,1.0,5.0,4,5,9,1,nhl-car,"{""common_opponents"": 1, ""games_played"": 1, ""head_to_head"": 1, ""home_advantage"": 1, ""last10_form"": 1, ""season_scoring"": 1, ""travel_km"": 1}"
2025021019,NHL,20252026,regular,2026-03-10,2026-03-10,nhl-nyi,nhl-stl,final,,,64,63,,,0.25,,,,,2768.2,2529.6,6,4,0,0.6,2.9375,2.8594,64,6,4,0,0.6,2.6349,3.3651,63,30,63,2.9683,2.873,30,62,2.6452,3.4032,1,1.0,2.0,1,2.0,1.0,4,3,7,-1,nhl-nyi,"{""common_opponents"": 1, ""games_played"": 1, ""head_to_head"": 1, ""home_advantage"": 1, ""last10_form"": 1, ""season_scoring"": 1, ""travel_km"": 1}"
2025021020,NHL,20252026,regular,2026-03-10,2026-03-10,nhl-vgk,nhl-dal,final,,,64,63,,,0.25,,,,,1721.3,0.0,4,6,0,0.4,3.2656,3.2031,64,9,0,1,0.95,3.4921,2.746,63,30,63,3.254,3.1746,30,62,3.4677,2.7258,1,4.0,5.0,1,5.0,4.0,1,2,3,1,nhl-dal,"{""common_opponents"": 1, ""games_played"": 1, ""head_to_head"": 1, ""home_advantage"": 1, ""last10_form"": 1, ""season_scoring"": 1, ""travel_km"": 1}"
2025021021,NHL,20252026,regular,2026-03-10,2026-03-10,nhl-uta,nhl-min,final,,,64,64,,,0.25,,,,,555.0,1134.7,6,3,1,0.65,3.1719,2.75,64,7,2,1,0.75,3.3594,2.8906,64,30,62,3.0968,2.7742,30,62,3.4032,2.8065,2,5.5,2.0,2,2.0,5.5,0,5,5,5,nhl-min,"{""common_opponents"": 1, ""games_played"": 1, ""head_to_head"": 1, ""home_advantage"": 1, ""last10_form"": 1, ""season_scoring"": 1, ""travel_km"": 1}"
2025021022,NHL,20252026,regular,2026-03-10,2026-03-10,nhl-ana,nhl-wpg,final,,,63,62,,,0.25,,,,,2463.2,0.0,7,3,0,0.7,3.3492,3.5079,63,5,2,3,0.65,2.871,3.0484,62,28,59,3.2712,3.5932,28,58,2.8448,2.931,2,4.5,2.5,2,2.5,4.5,4,1,5,-3,nhl-ana,"{""common_opponents"": 1, ""games_played"": 1, ""head_to_head"": 1, ""home_advantage"": 1, ""last10_form"": 1, ""season_scoring"": 1, ""travel_km"": 1}"
2025021023,NHL,20252026,regular,2026-03-10,2026-03-10,nhl-edm,nhl-col,final,,,64,62,,,0.25,,,,,979.1,0.0,4,6,0,0.4,3.5469,3.4062,64,8,2,0,0.8,3.8387,2.5,62,28,57,3.5965,3.2807,28,61,3.7541,2.5246,1,1.0,9.0,1,9.0,1.0,4,3,7,-1,nhl-edm,"{""common_opponents"": 1, ""games_played"": 1, ""head_to_head"": 1, ""home_advantage"": 1, ""last10_form"": 1, ""season_scoring"": 1, ""travel_km"": 1}"
2025021024,NHL,20252026,regular,2026-03-10,2026-03-10,nhl-nsh,nhl-sea,final,,,63,62,,,0.25,,,,,3398.7,0.0,4,4,2,0.5,2.9683,3.4286,63,5,5,0,0.5,2.8548,3.0,62,27,59,3.0339,3.3559,27,58,2.8276,3.0345,1,1.0,4.0,1,4.0,1.0,4,2,6,-2,nhl-nsh,"{""common_opponents"": 1, ""games_played"": 1, ""head_to_head"": 1, ""home_advantage"": 1, ""last10_form"": 1, ""season_scoring"": 1, ""travel_km"": 1}"
2025021025,NHL,20252026,regular,2026-03-11,2026-03-11,nhl-mtl,nhl-ott,final,,,63,63,,,0.25,,,,,185.4,3527.6,6,1,3,0.75,3.5714,3.3333,63,7,1,2,0.8,3.3968,3.1429,63,30,60,3.55,3.2833,30,60,3.35,3.1,3,4.0,4.3333,3,4.3333,4.0,3,2,5,-1,nhl-mtl,"{""common_opponents"": 1, ""games_played"": 1, ""head_to_head"": 1, ""home_advantage"": 1, ""last10_form"": 1, ""season_scoring"": 1, ""travel_km"": 1}"
2025021026,NHL,20252026,regular,2026-03-11,2026-03-11,nhl-wsh,nhl-phi,final,,,65,63,,,0.25,,,,,194.1,0.0,6,4,0,0.6,3.1846,3.0,65,5,3,2,0.6,2.9048,3.1746,63,29,60,3.2333,2.9833,29,61,2.918,3.1967,2,2.5,2.5,2,2.5,2.5,1,4,5,3,nhl-phi,"{""common_opponents"": 1, ""games_played"": 1, ""head_to_head"": 1, ""home_advantage"": 1, ""last10_form"": 1, ""season_scoring"": 1, ""travel_km"": 1}"
2025021027,NHL,20252026,regular,2026-03-12,2026-03-12,nhl-sjs,nhl-bos,final,,,62,64,,,0.25,,,,,641.7,0.0,3,5,2,0.4,3.0968,3.5161,62,5,2,3,0.65,3.3438,3.1406,64,29,61,3.0984,3.5574,29,61,3.3934,3.1148,1,3.0,1.0,1,1.0,3.0,4,2,6,-2,nhl-sjs,"{""common_opponents"": 1, ""games_played"": 1, ""head_to_head"": 1, ""home_advantage"": 1, ""last10_form"": 1, ""season_scoring"": 1, ""travel_km"": 1}"
2025021028,NHL,20252026,regular,2026-03-12,2026-03-12,nhl-wsh,nhl-buf,final,,,66,65,,,0.25,,,,,452.5,0.0,5,5,0,0.5,3.1515,3.0152,66,8,1,1,0.85,3.5538,3.0154,65,30,65,3.1538,3.0,30,64,3.5469,3.0156,1,3.0,4.0,1,4.0,3.0,2,1,3,-1,nhl-wsh,"{""common_opponents"": 1, ""games_played"": 1, ""head_to_head"": 1, ""home_advantage"": 1, ""last10_form"": 1, ""season_scoring"": 1, ""travel_km"": 1}"
2025021029,NHL,20252026,regular,2026-03-12,2026-03-12,nhl-ana,nhl-tor,final,,,64,65,,,0.25,,,,,1515.8,504.1,8,2,0,0.8,3.3594,3.4688,64,2,6,2,0.3,3.1231,3.5231,65,30,64,3.3594,3.4688,30,65,3.1231,3.5231,,,,,,,4,6,10,2,nhl-tor,"{""common_opponents"": 1, ""games_played"": 1, ""head_to_head"": 1, ""home_advantage"": 1, ""last10_form"": 1, ""season_scoring"": 1, ""travel_km"": 1}"
2025021030,NHL,20252026,regular,2026-03-12,2026-03-12,nhl-det,nhl-tbl,final,,,65,63,,,0.25,,,,,289.3,0.0,4,5,1,0.45,2.9538,2.9846,65,4,6,0,0.4,3.5714,2.8095,63,28,61,2.9344,2.9836,28,58,3.5,2.9138,2,2.5,3.5,2,3.5,2.5,1,4,5,3,nhl-tbl,"{""common_opponents"": 1, ""games_played"": 1, ""head_to_head"": 1, ""home_advantage"": 1, ""last10_form"": 1, ""season_scoring"": 1, ""travel_km"": 1}"
2025021031,NHL,20252026,regular,2026-03-12,2026-03-12,nhl-cbj,nhl-fla,final,,,64,64,,,0.25,,,,,289.3,0.0,6,1,3,0.75,3.2656,3.2031,64,4,6,0,0.4,3.0469,3.3281,64,29,61,3.2295,3.1967,29,62,3.0,3.2742,2,5.0,4.5,2,4.5,5.0,1,2,3,1,nhl-fla,"{""common_opponents"": 1, ""games_played"": 1, ""head_to_head"": 1, ""home_advantage"": 1, ""last10_form"": 1, ""season_scoring"": 1, ""travel_km"": 1}"
2025021032,NHL,20252026,regular,2026-03-12,2026-03-12,nhl-cgy,nhl-njd,final,,,64,64,,,0.25,,,,,15.1,0.0,3,6,1,0.35,2.4688,3.125,64,4,6,0,0.4,2.5938,3.0,64,29,63,2.4921,3.1429,29,61,2.5574,2.9508,1,1.0,2.0,1,2.0,1.0,5,4,9,-1,nhl-cgy,"{""common_opponents"": 1, ""games_played"": 1, ""head_to_head"": 1, ""home_advantage"": 1, ""last10_form"": 1, ""season_scoring"": 1, ""travel_km"": 1}"
2025021033,NHL,20252026,regular,2026-03-12,2026-03-12,nhl-stl,nhl-car,final,,,64,64,,,0.25,,,,,1063.2,0.0,5,4,1,0.55,2.6406,3.375,64,8,2,0,0.8,3.5781,2.9219,64,30,63,2.6349,3.4286,30,63,3.6349,2.9206,1,3.0,0.0,1,0.0,3.0,3,1,4,-2,nhl-stl,"{""common_opponents"": 1, ""games_played"": 1, ""head_to_head"": 1, ""home_advantage"": 1, ""last10_form"": 1, ""season_scoring"": 1, ""travel_km"": 1}"
2025021034,NHL,20252026,regular,2026-03-12,2026-03-12,nhl-edm,nhl-dal,final,,,65,64,,,0.25,,,,,1066.1,0.0,4,6,0,0.4,3.5538,3.4,65,9,0,1,0.95,3.4688,2.7188,64,30,63,3.5714,3.3175,30,62,3.3871,2.7097,2,3.0,6.0,2,6.0,3.0,2,7,9,5,nhl-dal,"{""common_opponents"": 1, ""games_played"": 1, ""head_to_head"": 1, ""home_advantage"": 1, ""last10_form"": 1, ""season_scoring"": 1, ""travel_km"": 1}"
2025021035,NHL,20252026,regular,2026-03-12,2026-03-12,nhl-phi,nhl-min,final,,,64,65,,,0.25,,,,,1570.8,0.0,6,3,1,0.65,2.9219,3.1406,64,7,2,1,0.75,3.3846,2.8462,65,29,63,2.9365,3.1746,29,63,3.4127,2.8571,1,2.0,1.0,1,1.0,2.0,3,2,5,-1,nhl-phi,"{""common_opponents"": 1, ""games_played"": 1, ""head_to_head"": 1, ""home_advantage"": 1, ""last10_form"": 1, ""season_scoring"": 1, ""travel_km"": 1}"
2025021036,NHL,20252026,regular,2026-03-12,2026-03-12,nhl-nyr,nhl-wpg,final,,,64,63,,,0.25,,,,,2063.6,0.0,4,4,2,0.5,2.7969,3.125,64,5,2,3,0.65,2.8413,3.0635,63,30,64,2.7969,3.125,30,63,2.8413,3.0635,,,,,,,6,3,9,-3,nhl-nyr,"{""common_opponents"": 1, ""games_played"": 1, ""head_to_head"": 1, ""home_advantage"": 1, ""last10_form"": 1, ""season_scoring"": 1, ""travel_km"": 1}"
2025021037,NHL,20252026,regular,2026-03-12,2026-03-12,nhl-chi,nhl-uta,final,,,64,65,,,0.25,,,,,2020.1,1597.0,3,5,2,0.4,2.6875,3.2344,64,6,3,1,0.65,3.1231,2.7846,65,30,61,2.6557,3.3443,30,62,3.2258,2.7581,3,3.3333,1.0,3,1.0,3.3333,3,2,5,-1,nhl-chi,"{""common_opponents"": 1, ""games_played"": 1, ""head_to_head"": 1, ""home_advantage"": 1, ""last10_form"": 1, ""season_scoring"": 1, ""travel_km"": 1}"
2025021038,NHL,20252026,regular,2026-03-12,2026-03-12,nhl-nsh,nhl-van,final,,,64,64,,,0.25,,,,,192.3,0.0,4,4,2,0.5,2.9844,3.4062,64,1,6,3,0.25,2.5781,3.7188,64,29,62,2.9839,3.4194,29,59,2.5763,3.6949,2,3.0,3.0,2,3.0,3.0,3,4,7,1,nhl-van,"{""common_opponents"": 1, ""games_played"": 1, ""head_to_head"": 1, ""home_advantage"": 1, ""last10_form"": 1, ""season_scoring"": 1, ""travel_km"": 1}"
2025021039,NHL,20252026,regular,2026-03-12,2026-03-12,nhl-pit,nhl-vgk,final,,,64,65,,,0.25,,,,,3262.1,1721.3,4,2,4,0.6,3.3906,3.0156,64,4,6,0,0.4,3.2308,3.1846,65,29,63,3.3651,3.0635,29,62,3.2742,3.0968,1,5.0,0.0,1,0.0,5.0,2,6,8,4,nhl-vgk,"{""common_opponents"": 1, ""games_played"": 1, ""head_to_head"": 1, ""home_advantage"": 1, ""last10_form"": 1, ""season_scoring"": 1, ""travel_km"": 1}"
2025021040,NHL,20252026,regular,2026-03-12,2026-03-12,nhl-col,nhl-sea,final,,,63,63,,,0.25,,,,,1641.2,0.0,7,3,0,0.7,3.8254,2.5238,63,4,6,0,0.4,2.8413,3.0159,63,26,58,3.8621,2.5172,26,58,2.8103,2.9655,1,5.0,3.0,1,3.0,5.0,5,1,6,-4,nhl-col,"{""common_opponents"": 1, ""games_played"": 1, ""head_to_head"": 1, ""home_advantage"": 1, ""last10_form"": 1, ""season_scoring"": 1, ""travel_km"": 1}"
2025021041,NHL,20252026,regular,2026-03-13,2026-03-13,nhl-lak,nhl-nyi,final,,,64,65,,,0.25,,,,,288.1,1426.9,3,6,1,0.35,2.6406,3.0,64,7,3,0,0.7,2.9538,2.8615,65,30,63,2.6032,3.0,30,64,2.9531,2.8281,1,5.0,3.0,1,3.0,5.0,3,2,5,-1,nhl-lak,"{""common_opponents"": 1, ""games_played"": 1, ""head_to_head"": 1, ""home_advantage"": 1, ""last10_form"": 1, ""season_scoring"": 1, ""travel_km"": 1}"
2025021042,NHL,20252026,regular,2026-03-13,2026-03-13,nhl-edm,nhl-stl,final,,,66,65,,,0.25,,,,,881.0,1063.2,4,6,0,0.4,3.5303,3.4545,66,6,3,1,0.65,2.6462,3.3385,65,30,64,3.5312,3.5156,30,63,2.6825,3.3333,2,3.5,1.5,2,1.5,3.5,2,3,5,1,nhl-stl,"{""common_opponents"": 1, ""games_played"": 1, ""head_to_head"": 1, ""home_advantage"": 1, ""last10_form"": 1, ""season_scoring"": 1, ""travel_km"": 1}"
2025021043,NHL,20252026,regular,2026-03-14,2026-03-14,nhl-ana,nhl-ott,final,,,65,64,,,0.25,,,,,329.8,0.0,7,3,0,0.7,3.3692,3.5077,65,6,2,2,0.7,3.375,3.1406,64,30,64,3.3906,3.5156,30,63,3.381,3.1587,1,2.0,3.0,1,3.0,2.0,0,2,2,2,nhl-ott,"{""common_opponents"": 1, ""games_played"": 1, ""head_to_head"": 1, ""home_advantage"": 1, ""last10_form"": 1, ""season_scoring"": 1, ""travel_km"": 1}"
2025021044,NHL,20252026,regular,2026-03-14,2026-03-14,nhl-bos,nhl-wsh,final,,,65,67,,,0.25,,,,,633.4,468.9,4,3,3,0.55,3.3231,3.1538,65,5,5,0,0.5,3.1343,2.9851,67,30,63,3.3333,3.2222,30,65,3.2,2.9846,2,3.0,1.0,2,1.0,3.0,3,2,5,-1,nhl-bos,"{""common_opponents"": 1, ""games_played"": 1, ""head_to_head"": 1, ""home_advantage"": 1, ""last10_form"": 1, ""season_scoring"": 1, ""travel_km"": 1}"
2025021045,NHL,20252026,regular,2026-03-14,2026-03-14,nhl-col,nhl-wpg,final,,,64,64,,,0.25,,,,,1856.2,0.0,8,2,0,0.8,3.8438,2.5,64,4,3,3,0.55,2.8438,3.1094,64,28,63,3.8571,2.5079,28,59,2.7797,3.1695,1,3.0,2.0,1,2.0,3.0,1,3,4,2,nhl-wpg,"{""common_opponents"": 1, ""games_played"": 1, ""head_to_head"": 1, ""home_advantage"": 1, ""last10_form"": 1, ""season_scoring"": 1, ""travel_km"": 1}"
2025021046,NHL,20252026,regular,2026-03-14,2026-03-14,nhl-nyr,nhl-min,final,,,65,66,,,0.25,,,,,628.4,0.0,5,3,2,0.6,2.8462,3.1231,65,6,2,2,0.7,3.3636,2.8485,66,30,64,2.875,3.125,30,65,3.3692,2.8769,1,1.0,3.0,1,3.0,1.0,4,2,6,-2,nhl-nyr,"{""common_opponents"": 1, ""games_played"": 1, ""head_to_head"": 1, ""home_advantage"": 1, ""last10_form"": 1, ""season_scoring"": 1, ""travel_km"": 1}"
2025021047,NHL,20252026,regular,2026-03-14,2026-03-14,nhl-tor,nhl-buf,final,,,66,66,,,0.25,,,,,94.7,0.0,2,6,2,0.3,3.1667,3.5303,66,8,2,0,0.8,3.5152,3.0,66,30,63,3.1429,3.4603,30,63,3.4444,2.9683,3,3.6667,5.0,3,5.0,3.6667,2,3,5,1,nhl-buf,"{""common_opponents"": 1, ""games_played"": 1, ""head_to_head"": 1, ""home_advantage"": 1, ""last10_form"": 1, ""season_scoring"": 1, ""travel_km"": 1}"
2025021048,NHL,20252026,regular,2026-03-14,2026-03-14,nhl-sjs,nhl-mtl,final,,,63,64,,,0.25,,,,,401.7,185.4,4,4,2,0.5,3.1111,3.4921,63,6,1,3,0.75,3.5625,3.3125,64,29,62,3.0484,3.4677,29,62,3.5484,3.2742,1,7.0,5.0,1,5.0,7.0,4,2,6,-2,nhl-sjs,"{""common_opponents"": 1, ""games_played"": 1, ""head_to_head"": 1, ""home_advantage"": 1, ""last10_form"": 1, ""season_scoring"": 1, ""travel_km"": 1}"
2025021049,NHL,20252026,regular,2026-03-14,2026-03-14,nhl-car,nhl-tbl,final,,,65,64,,,0.25,,,,,942.1,0.0,7,3,0,0.7,3.5385,2.9231,65,4,6,0,0.4,3.5781,2.7812,64,29,61,3.5574,2.8852,29,62,3.5323,2.7258,2,4.5,5.0,2,5.0,4.5,4,2,6,-2,nhl-car,"{""common_opponents"": 1, ""games_played"": 1, ""head_to_head"": 1, ""home_advantage"": 1, ""last10_form"": 1, ""season_scoring"": 1, ""travel_km"": 1}"
2025021050,NHL,20252026,regular,2026-03-14,2026-03-14,nhl-lak,nhl-njd,final,,,65,65,,,0.25,,,,,37.5,0.0,4,5,1,0.45,2.6462,2.9846,65,4,6,0,0.4,2.6154,3.0308,65,30,64,2.6719,2.9688,30,64,2.5938,3.0625,1,1.0,4.0,1,4.0,1.0,4,6,10,2,nhl-njd,"{""common_opponents"": 1, ""games_played"": 1, ""head_to_head"": 1, ""home_advantage"": 1, ""last10_form"": 1, ""season_scoring"": 1, ""travel_km"": 1}"
2025021051,NHL,20252026,regular,2026-03-14,2026-03-14,nhl-cgy,nhl-nyi,final,,,65,66,,,0.25,,,,,37.5,0.0,4,5,1,0.45,2.5077,3.1385,65,7,3,0,0.7,2.9394,2.8636,66,29,64,2.4844,3.1562,29,63,2.9365,2.8254,1,4.0,2.0,1,2.0,4.0,2,3,5,1,nhl-nyi,"{""common_opponents"": 1, ""games_played"": 1, ""head_to_head"": 1, ""home_advantage"": 1, ""last10_form"": 1, ""season_scoring"": 1, ""travel_km"": 1}"
2025021052,NHL,20252026,regular,2026-03-14,2026-03-14,nhl-cbj,nhl-phi,final,,,65,65,,,0.25,,,,,1601.1,1570.8,5,1,4,0.7,3.2308,3.1846,65,6,3,1,0.65,2.9231,3.1231,65,29,62,3.1613,3.1452,29,64,2.9219,3.0938,1,5.0,3.0,1,3.0,5.0,2,1,3,-1,nhl-cbj,"{""common_opponents"": 1, ""games_played"": 1, ""head_to_head"": 1, ""home_advantage"": 1, ""last10_form"": 1, ""season_scoring"": 1, ""travel_km"": 1}"
2025021053,NHL,20252026,regular,2026-03-14,2026-03-14,nhl-det,nhl-dal,final,,,66,65,,,0.25,,,,,1477.6,0.0,4,5,1,0.45,2.9242,3.0,66,9,0,1,0.95,3.5231,2.7077,65,29,65,2.9077,3.0,29,63,3.5079,2.7143,1,4.0,3.0,1,3.0,4.0,2,3,5,1,nhl-dal,"{""common_opponents"": 1, ""games_played"": 1, ""head_to_head"": 1, ""home_advantage"": 1, ""last10_form"": 1, ""season_scoring"": 1, ""travel_km"": 1}"
2025021054,NHL,20252026,regular,2026-03-14,2026-03-14,nhl-pit,nhl-uta,final,,,65,66,,,0.25,,,,,592.0,0.0,4,3,3,0.55,3.3692,3.0615,65,5,3,2,0.6,3.1061,2.7879,66,29,64,3.3594,3.0312,29,61,3.1639,2.7869,1,4.0,5.0,1,5.0,4.0,4,3,7,-1,nhl-pit,"{""common_opponents"": 1, ""games_played"": 1, ""head_to_head"": 1, ""home_advantage"": 1, ""last10_form"": 1, ""season_scoring"": 1, ""travel_km"": 1}"
2025021055,NHL,20252026,regular,2026-03-14,2026-03-14,nhl-sea,nhl-van,final,,,64,65,,,0.25,,,,,192.3,0.0,3,7,0,0.3,2.8125,3.0469,64,2,6,2,0.3,2.6,3.7077,65,28,61,2.7705,3.082,28,60,2.5167,3.6667,3,3.6667,2.3333,3,2.3333,3.6667,5,2,7,-3,nhl-sea,"{""common_opponents"": 1, ""games_played"": 1, ""head_to_head"": 1, ""home_advantage"": 1, ""last10_form"": 1, ""season_scoring"": 1, ""travel_km"": 1}"
2025021056,NHL,20252026,regular,2026-03-14,2026-03-14,nhl-chi,nhl-vgk,final,,,65,66,,,0.25,,,,,592.0,0.0,4,4,2,0.5,2.6923,3.2154,65,4,6,0,0.4,3.2727,3.1667,66,30,63,2.6825,3.2222,30,64,3.2812,3.1719,2,3.0,3.0,2,3.0,3.0,0,4,4,4,nhl-vgk,"{""common_opponents"": 1, ""games_played"": 1, ""head_to_head"": 1, ""home_advantage"": 1, ""last10_form"": 1, ""season_scoring"": 1, ""travel_km"": 1}"
2025021057,NHL,20252026,regular,2026-03-15,2026-03-15,nhl-stl,nhl-wpg,final,,,66,65,,,0.25,,,,,1367.8,0.0,7,2,1,0.75,2.6515,3.3182,66,5,3,2,0.6,2.8462,3.0769,65,30,64,2.7031,3.375,30,63,2.8889,3.1429,2,1.0,1.5,2,1.5,1.0,2,3,5,1,nhl-wpg,"{""common_opponents"": 1, ""games_played"": 1, ""head_to_head"": 1, ""home_advantage"": 1, ""last10_form"": 1, ""season_scoring"": 1, ""travel_km"": 1}"
2025021058,NHL,20252026,regular,2026-03-15,2026-03-15,nhl-sjs,nhl-ott,final,,,64,65,,,0.25,,,,,185.4,0.0,5,3,2,0.6,3.125,3.4688,64,6,2,2,0.7,3.3538,3.0923,65,29,63,3.1429,3.4762,29,62,3.4032,3.0645,1,2.0,3.0,1,3.0,2.0,4,7,11,3,nhl-ott,"{""common_opponents"": 1, ""games_played"": 1, ""head_to_head"": 1, ""home_advantage"": 1, ""last10_form"": 1, ""season_scoring"": 1, ""travel_km"": 1}"
2025021059,NHL,20252026,regular,2026-03-15,2026-03-15,nhl-ana,nhl-mtl,final,,,66,65,,,0.25,,,,,185.4,0.0,6,4,0,0.6,3.3182,3.4848,66,5,2,3,0.65,3.5385,3.3231,65,30,65,3.2769,3.4615,30,64,3.5156,3.2812,1,6.0,5.0,1,5.0,6.0,4,3,7,-1,nhl-ana,"{""common_opponents"": 1, ""games_played"": 1, ""head_to_head"": 1, ""home_advantage"": 1, ""last10_form"": 1, ""season_scoring"": 1, ""travel_km"": 1}"
2025021060,NHL,20252026,regular,2026-03-15,2026-03-15,nhl-tor,nhl-min,final,,,67,67,,,0.25,,,,,1160.9,0.0,1,6,3,0.25,3.1493,3.5224,67,5,3,2,0.6,3.3433,2.8657,67,30,66,3.1515,3.4848,30,66,3.303,2.8636,1,3.0,6.0,1,6.0,3.0,4,2,6,-2,nhl-tor,"{""common_opponents"": 1, ""games_played"": 1, ""head_to_head"": 1, ""home_advantage"": 1, ""last10_form"": 1, ""season_scoring"": 1, ""travel_km"": 1}"
2025021061,NHL,20252026,regular,2026-03-15,2026-03-15,nhl-nsh,nhl-edm,final,,,65,67,,,0.25,,,,,817.2,2424.7,3,4,3,0.45,2.9846,3.4154,65,4,5,1,0.45,3.5075,3.4478,67,29,63,2.9841,3.381,29,63,3.4603,3.4444,2,3.0,4.5,2,4.5,3.0,1,3,4,2,nhl-edm,"{""common_opponents"": 1, ""games_played"": 1, ""head_to_head"": 1, ""home_advantage"": 1, ""last10_form"": 1, ""season_scoring"": 1, ""travel_km"": 1}"
2025021062,NHL,20252026,regular,2026-03-15,2026-03-15,nhl-fla,nhl-sea,final,,,65,65,,,0.25,,,,,4357.7,192.3,5,5,0,0.5,3.0308,3.2923,65,4,6,0,0.4,2.8462,3.0308,65,29,61,3.082,3.2623,29,65,2.8462,3.0308,,,,,,,2,6,8,4,nhl-sea,"{""common_opponents"": 1, ""games_played"": 1, ""head_to_head"": 1, ""home_advantage"": 1, ""last10_form"": 1, ""season_scoring"": 1, ""travel_km"": 1}"
2025021063,NHL,20252026,regular,2026-03-16,2026-03-16,nhl-cgy,nhl-det,final,,,66,67,,,0.25,,,,,796.9,1608.0,3,6,1,0.35,2.5,3.1364,66,3,5,2,0.4,2.9104,3.0,67,28,63,2.4603,3.1905,28,64,2.9531,3.0156,1,3.0,4.0,1,4.0,3.0,2,5,7,3,nhl-det,"{""common_opponents"": 1, ""games_played"": 1, ""head_to_head"": 1, ""home_advantage"": 1, ""last10_form"": 1, ""season_scoring"": 1, ""travel_km"": 1}"
2025021064,NHL,20252026,regular,2026-03-16,2026-03-16,nhl-bos,nhl-njd,final,,,66,66,,,0.25,,,,,317.6,0.0,5,3,2,0.6,3.3182,3.1364,66,5,5,0,0.5,2.6667,3.0455,66,30,65,3.3077,3.1692,30,65,2.6923,3.0308,1,4.0,1.0,1,1.0,4.0,3,4,7,1,nhl-njd,"{""common_opponents"": 1, ""games_played"": 1, ""head_to_head"": 1, ""home_advantage"": 1, ""last10_form"": 1, ""season_scoring"": 1, ""travel_km"": 1}"
2025021065,NHL,20252026,regular,2026-03-16,2026-03-16,nhl-lak,nhl-nyr,final,,,66,66,,,0.25,,,,,15.1,1621.6,4,5,1,0.45,2.6667,3.0303,66,6,2,2,0.7,2.8636,3.1061,66,30,65,2.6462,3.0308,30,65,2.8615,3.0923,1,4.0,3.0,1,3.0,4.0,4,1,5,-3,nhl-lak,"{""common_opponents"": 1, ""games_played"": 1, ""head_to_head"": 1, ""home_advantage"": 1, ""last10_form"": 1, ""season_scoring"": 1, ""travel_km"": 1}"
2025021066,NHL,20252026,regular,2026-03-16,2026-03-16,nhl-uta,nhl-dal,final,,,67,66,,,0.25,,,,,1606.8,0.0,4,4,2,0.5,3.1045,2.806,67,9,0,1,0.95,3.5152,2.697,66,30,64,3.1406,2.8125,30,63,3.5556,2.7143,3,2.3333,2.6667,3,2.6667,2.3333,6,3,9,-3,nhl-uta,"{""common_opponents"": 1, ""games_played"": 1, ""head_to_head"": 1, ""home_advantage"": 1, ""last10_form"": 1, ""season_scoring"": 1, ""travel_km"": 1}"
2025021067,NHL,20252026,regular,2026-03-16,2026-03-16,nhl-pit,nhl-col,final,,,66,65,,,0.25,,,,,595.7,1285.6,4,3,3,0.55,3.3788,3.0606,66,7,3,0,0.7,3.8,2.5077,65,29,64,3.4062,3.1094,29,65,3.8,2.5077,,,,,,,7,2,9,-5,nhl-pit,"{""common_opponents"": 1, ""games_played"": 1, ""head_to_head"": 1, ""home_advantage"": 1, ""last10_form"": 1, ""season_scoring"": 1, ""travel_km"": 1}"
2025021068,NHL,20252026,regular,2026-03-17,2026-03-17,nhl-nyi,nhl-tor,final,,,67,68,,,0.25,,,,,568.2,1100.3,7,3,0,0.7,2.9403,2.8507,67,2,5,3,0.35,3.1618,3.5,68,30,66,2.9242,2.8485,30,67,3.1642,3.4925,1,4.0,3.0,1,3.0,4.0,3,1,4,-2,nhl-nyi,"{""common_opponents"": 1, ""games_played"": 1, ""head_to_head"": 1, ""home_advantage"": 1, ""last10_form"": 1, ""season_scoring"": 1, ""travel_km"": 1}"
2025021069,NHL,20252026,regular,2026-03-17,2026-03-17,nhl-bos,nhl-mtl,final,,,67,66,,,0.25,,,,,531.8,0.0,5,3,2,0.6,3.3134,3.1493,67,5,3,2,0.6,3.5303,3.3333,66,30,64,3.3281,3.125,30,63,3.5238,3.3492,3,3.0,3.6667,3,3.6667,3.0,2,3,5,1,nhl-mtl,"{""common_opponents"": 1, ""games_played"": 1, ""head_to_head"": 1, ""home_advantage"": 1, ""last10_form"": 1, ""season_scoring"": 1, ""travel_km"": 1}"
2025021070,NHL,20252026,regular,2026-03-17,2026-03-17,nhl-car,nhl-cbj,final,,,66,66,,,0.25,,,,,1338.3,667.8,7,3,0,0.7,3.5455,2.9091,66,5,1,4,0.7,3.2121,3.1515,66,30,65,3.5385,2.9385,30,65,3.2462,3.1385,1,4.0,1.0,1,1.0,4.0,1,5,6,4,nhl-cbj,"{""common_opponents"": 1, ""games_played"": 1, ""head_to_head"": 1, ""home_advantage"": 1, ""last10_form"": 1, ""season_scoring"": 1, ""travel_km"": 1}"
2025021071,NHL,20252026,regular,2026-03-17,2026-03-17,nhl-nsh,nhl-wpg,final,,,66,66,,,0.25,,,,,1194.3,0.0,3,5,2,0.4,2.9545,3.4091,66,6,2,2,0.7,2.8485,3.0606,66,29,64,3.0,3.375,29,62,2.8548,3.1452,2,1.5,4.5,2,4.5,1.5,4,3,7,-1,nhl-nsh,"{""common_opponents"": 1, ""games_played"": 1, ""head_to_head"": 1, ""home_advantage"": 1, ""last10_form"": 1, ""season_scoring"": 1, ""travel_km"": 1}"
2025021072,NHL,20252026,regular,2026-03-17,2026-03-17,nhl-min,nhl-chi,final,,,68,66,,,0.25,,,,,555.0,2450.6,4,4,2,0.5,3.3235,2.8824,68,3,5,2,0.4,2.6515,3.2273,66,30,66,3.303,2.8788,30,64,2.6406,3.2031,2,4.0,3.0,2,3.0,4.0,4,3,7,-1,nhl-min,"{""common_opponents"": 1, ""games_played"": 1, ""head_to_head"": 1, ""home_advantage"": 1, ""last10_form"": 1, ""season_scoring"": 1, ""travel_km"": 1}"
2025021073,NHL,20252026,regular,2026-03-17,2026-03-17,nhl-sjs,nhl-edm,final,,,65,68,,,0.25,,,,,2829.8,0.0,5,3,2,0.6,3.1385,3.5231,65,5,4,1,0.55,3.5,3.4118,68,29,63,3.1111,3.5079,29,63,3.4603,3.4444,2,4.0,4.0,2,4.0,4.0,3,5,8,2,nhl-edm,"{""common_opponents"": 1, ""games_played"": 1, ""head_to_head"": 1, ""home_advantage"": 1, ""last10_form"": 1, ""season_scoring"": 1, ""travel_km"": 1}"
2025021074,NHL,20252026,regular,2026-03-17,2026-03-17,nhl-fla,nhl-van,final,,,66,66,,,0.25,,,,,192.3,0.0,4,6,0,0.4,3.0152,3.3333,66,2,6,2,0.3,2.5909,3.7273,66,30,65,2.9385,3.3077,30,65,2.5538,3.6615,1,8.0,5.0,1,5.0,8.0,2,5,7,3,nhl-van,"{""common_opponents"": 1, ""games_played"": 1, ""head_to_head"": 1, ""home_advantage"": 1, ""last10_form"": 1, ""season_scoring"": 1, ""travel_km"": 1}"
2025021075,NHL,20252026,regular,2026-03-17,2026-03-17,nhl-buf,nhl-vgk,final,,,67,67,,,0.25,,,,,3178.6,0.0,9,1,0,0.9,3.5075,2.9851,67,4,6,0,0.4,3.2836,3.1194,67,30,66,3.5152,3.0,30,66,3.303,3.1212,1,3.0,2.0,1,2.0,3.0,2,0,2,-2,nhl-buf,"{""common_opponents"": 1, ""games_played"": 1, ""head_to_head"": 1, ""home_advantage"": 1, ""last10_form"": 1, ""season_scoring"": 1, ""travel_km"": 1}"
2025021076,NHL,20252026,regular,2026-03-17,2026-03-17,nhl-tbl,nhl-sea,final,,,65,66,,,0.25,,,,,4068.4,0.0,3,7,0,0.3,3.5538,2.8,65,4,6,0,0.4,2.8939,3.0152,66,30,65,3.5538,2.8,30,66,2.8939,3.0152,,,,,,,6,2,8,-4,nhl-tbl,"{""common_opponents"": 1, ""games_played"": 1, ""head_to_head"": 1, ""home_advantage"": 1, ""last10_form"": 1, ""season_scoring"": 1, ""travel_km"": 1}"
2025021077,NHL,20252026,regular,2026-03-18,2026-03-18,nhl-njd,nhl-nyr,final,,,67,67,,,0.25,,,,,15.1,0.0,6,4,0,0.6,2.6866,3.0448,67,6,2,2,0.7,2.8358,3.1194,67,30,66,2.6364,3.0455,30,66,2.8333,3.0758,1,6.0,3.0,1,3.0,6.0,6,3,9,-3,nhl-njd,"{""common_opponents"": 1, ""games_played"": 1, ""head_to_head"": 1, ""home_advantage"": 1, ""last10_form"": 1, ""season_scoring"": 1, ""travel_km"": 1}"
2025021078,NHL,20252026,regular,2026-03-18,2026-03-18,nhl-pit,nhl-car,final,,,67,67,,,0.25,,,,,2342.7,596.5,4,3,3,0.55,3.4328,3.0448,67,6,4,0,0.6,3.5075,2.9403,67,30,65,3.4,3.0462,30,65,3.5231,2.8923,2,4.5,3.0,2,3.0,4.5,5,6,11,1,nhl-car,"{""common_opponents"": 1, ""games_played"": 1, ""head_to_head"": 1, ""home_advantage"": 1, ""last10_form"": 1, ""season_scoring"": 1, ""travel_km"": 1}"
2025021079,NHL,20252026,regular,2026-03-18,2026-03-18,nhl-ott,nhl-wsh,final,,,66,68,,,0.25,,,,,717.2,0.0,7,1,2,0.8,3.4091,3.1061,66,5,4,1,0.55,3.1176,2.9853,68,30,64,3.3438,3.1406,30,66,3.1515,2.9091,2,5.5,2.0,2,2.0,5.5,1,4,5,3,nhl-wsh,"{""common_opponents"": 1, ""games_played"": 1, ""head_to_head"": 1, ""home_advantage"": 1, ""last10_form"": 1, ""season_scoring"": 1, ""travel_km"": 1}"
2025021080,NHL,20252026,regular,2026-03-18,2026-03-18,nhl-dal,nhl-col,final,,,67,66,,,0.25,,,,,1066.1,0.0,8,1,1,0.85,3.5075,2.7463,67,6,4,0,0.6,3.7727,2.5758,66,29,63,3.4603,2.7143,29,64,3.75,2.5156,2,4.5,4.5,2,4.5,4.5,2,1,3,-1,nhl-dal,"{""common_opponents"": 1, ""games_played"": 1, ""head_to_head"": 1, ""home_advantage"": 1, ""last10_form"": 1, ""season_scoring"": 1, ""travel_km"": 1}"
2025021081,NHL,20252026,regular,2026-03-18,2026-03-18,nhl-stl,nhl-cgy,final,,,67,67,,,0.25,,,,,1200.9,2530.8,7,2,1,0.75,2.6418,3.3134,67,2,7,1,0.25,2.4925,3.1642,67,29,64,2.6406,3.3125,29,65,2.5077,3.1538,2,3.5,2.0,2,2.0,3.5,1,2,3,1,nhl-cgy,"{""common_opponents"": 1, ""games_played"": 1, ""head_to_head"": 1, ""home_advantage"": 1, ""last10_form"": 1, ""season_scoring"": 1, ""travel_km"": 1}"
2025021082,NHL,20252026,regular,2026-03-18,2026-03-18,nhl-phi,nhl-ana,final,,,66,67,,,0.25,,,,,3822.5,3952.8,6,3,1,0.65,2.8939,3.1061,66,6,4,0,0.6,3.3284,3.4776,67,29,65,2.8615,3.1231,29,64,3.3281,3.4375,1,5.0,2.0,1,2.0,5.0,3,2,5,-1,nhl-phi,"{""common_opponents"": 1, ""games_played"": 1, ""head_to_head"": 1, ""home_advantage"": 1, ""last10_form"": 1, ""season_scoring"": 1, ""travel_km"": 1}"
2025021083,NHL,20252026,regular,2026-03-19,2026-03-19,nhl-wpg,nhl-bos,final,,,67,68,,,0.25,,,,,2163.1,401.7,5,2,3,0.65,2.8507,3.0746,67,4,3,3,0.55,3.2941,3.1471,68,30,66,2.8485,3.0303,30,67,3.2537,3.1493,1,3.0,6.0,1,6.0,3.0,1,6,7,5,nhl-bos,"{""common_opponents"": 1, ""games_played"": 1, ""head_to_head"": 1, ""home_advantage"": 1, ""last10_form"": 1, ""season_scoring"": 1, ""travel_km"": 1}"
2025021084,NHL,20252026,regular,2026-03-19,2026-03-19,nhl-nyi,nhl-ott,final,,,68,67,,,0.25,,,,,329.8,717.2,7,3,0,0.7,2.9412,2.8235,68,6,2,2,0.7,3.3731,3.1194,67,30,67,2.9104,2.806,30,66,3.3636,3.0909,1,5.0,4.0,1,4.0,5.0,2,3,5,1,nhl-ott,"{""common_opponents"": 1, ""games_played"": 1, ""head_to_head"": 1, ""home_advantage"": 1, ""last10_form"": 1, ""season_scoring"": 1, ""travel_km"": 1}"
2025021085,NHL,20252026,regular,2026-03-19,2026-03-19,nhl-mtl,nhl-det,final,,,67,68,,,0.25,,,,,836.2,0.0,5,3,2,0.6,3.5224,3.3134,67,4,4,2,0.5,2.9412,2.9853,68,29,63,3.5873,3.3016,29,66,2.9545,3.0,2,2.5,2.5,2,2.5,2.5,1,3,4,2,nhl-det,"{""common_opponents"": 1, ""games_played"": 1, ""head_to_head"": 1, ""home_advantage"": 1, ""last10_form"": 1, ""season_scoring"": 1, ""travel_km"": 1}"
2025021086,NHL,20252026,regular,2026-03-19,2026-03-19,nhl-nyr,nhl-cbj,final,,,68,67,,,0.25,,,,,768.2,0.0,6,3,1,0.65,2.8382,3.1618,68,6,0,4,0.8,3.2388,3.1194,67,30,66,2.8333,3.1667,30,65,3.2462,3.1231,2,3.0,3.0,2,3.0,3.0,3,6,9,3,nhl-cbj,"{""common_opponents"": 1, ""games_played"": 1, ""head_to_head"": 1, ""home_advantage"": 1, ""last10_form"": 1, ""season_scoring"": 1, ""travel_km"": 1}"
2025021087,NHL,20252026,regular,2026-03-19,2026-03-19,nhl-sea,nhl-nsh,final,,,67,67,,,0.25,,,,,3173.5,1740.3,4,6,0,0.4,2.8806,3.0597,67,4,4,2,0.5,2.9701,3.403,67,29,62,2.871,3.0806,29,65,2.9846,3.4154,2,3.0,2.5,2,2.5,3.0,1,3,4,2,nhl-nsh,"{""common_opponents"": 1, ""games_played"": 1, ""head_to_head"": 1, ""home_advantage"": 1, ""last10_form"": 1, ""season_scoring"": 1, ""travel_km"": 1}"
2025021088,NHL,20252026,regular,2026-03-19,2026-03-19,nhl-chi,nhl-min,final,,,67,69,,,0.25,,,,,555.0,555.0,3,4,3,0.45,2.6567,3.2388,67,4,4,2,0.5,3.3333,2.8841,69,30,64,2.6406,3.2031,30,66,3.303,2.8788,3,3.0,4.0,3,4.0,3.0,2,1,3,-1,nhl-chi,"{""common_opponents"": 1, ""games_played"": 1, ""head_to_head"": 1, ""home_advantage"": 1, ""last10_form"": 1, ""season_scoring"": 1, ""travel_km"": 1}"
2025021089,NHL,20252026,regular,2026-03-19,2026-03-19,nhl-fla,nhl-edm,final,,,67,69,,,0.25,,,,,817.2,0.0,4,6,0,0.4,3.0,3.3582,67,6,3,1,0.65,3.5217,3.4058,69,30,66,3.0,3.3182,30,68,3.4853,3.4118,1,3.0,6.0,1,6.0,3.0,4,0,4,-4,nhl-fla,"{""common_opponents"": 1, ""games_played"": 1, ""head_to_head"": 1, ""home_advantage"": 1, ""last10_form"": 1, ""season_scoring"": 1, ""travel_km"": 1}"
2025021090,NHL,20252026,regular,2026-03-19,2026-03-19,nhl-tbl,nhl-van,final,,,66,67,,,0.25,,,,,192.3,0.0,3,7,0,0.3,3.5909,2.7879,66,3,5,2,0.4,2.6269,3.7015,67,30,65,3.6154,2.7385,30,66,2.5758,3.7273,1,2.0,6.0,1,6.0,2.0,6,2,8,-4,nhl-tbl,"{""common_opponents"": 1, ""games_played"": 1, ""head_to_head"": 1, ""home_advantage"": 1, ""last10_form"": 1, ""season_scoring"": 1, ""travel_km"": 1}"
2025021091,NHL,20252026,regular,2026-03-19,2026-03-19,nhl-uta,nhl-vgk,final,,,68,68,,,0.25,,,,,1721.3,0.0,5,3,2,0.6,3.1471,2.8088,68,3,7,0,0.3,3.2353,3.1029,68,30,66,3.1515,2.8182,30,66,3.2576,3.1061,2,3.0,2.5,2,2.5,3.0,4,0,4,-4,nhl-uta,"{""common_opponents"": 1, ""games_played"": 1, ""head_to_head"": 1, ""home_advantage"": 1, ""last10_form"": 1, ""season_scoring"": 1, ""travel_km"": 1}"
2025021092,NHL,20252026,regular,2026-03-19,2026-03-19,nhl-buf,nhl-sjs,final,,,68,66,,,0.25,,,,,614.5,1915.3,9,1,0,0.9,3.4853,2.9412,68,5,3,2,0.6,3.1364,3.5455,66,29,65,3.4308,2.9538,29,65,3.1385,3.5077,1,6.0,3.0,1,3.0,6.0,5,0,5,-5,nhl-buf,"{""common_opponents"": 1, ""games_played"": 1, ""head_to_head"": 1, ""home_advantage"": 1, ""last10_form"": 1, ""season_scoring"": 1, ""travel_km"": 1}"
2025021093,NHL,20252026,regular,2026-03-19,2026-03-19,nhl-phi,nhl-lak,final,,,67,67,,,0.25,,,,,44.5,3938.9,7,2,1,0.75,2.8955,3.0896,67,5,4,1,0.55,2.6866,3.0,67,29,66,2.9091,3.0909,29,64,2.6719,3.0312,1,2.0,3.0,1,3.0,2.0,4,3,7,-1,nhl-phi,"{""common_opponents"": 1, ""games_played"": 1, ""head_to_head"": 1, ""home_advantage"": 1, ""last10_form"": 1, ""season_scoring"": 1, ""travel_km"": 1}"
2025021094,NHL,20252026,regular,2026-03-20,2026-03-20,nhl-car,nhl-tor,final,,,68,69,,,0.25,,,,,873.6,0.0,6,4,0,0.6,3.5441,2.9706,68,2,5,3,0.35,3.1304,3.4928,69,30,66,3.5606,2.9242,30,67,3.0896,3.5075,2,3.0,4.5,2,4.5,3.0,4,3,7,-1,nhl-car,"{""common_opponents"": 1, ""games_played"": 1, ""head_to_head"": 1, ""home_advantage"": 1, ""last10_form"": 1, ""season_scoring"": 1, ""travel_km"": 1}"
2025021095,NHL,20252026,regular,2026-03-20,2026-03-20,nhl-njd,nhl-wsh,final,,,68,69,,,0.25,,,,,330.5,0.0,7,3,0,0.7,2.7353,3.0441,68,5,4,1,0.55,3.1304,2.9565,69,30,66,2.7273,3.0455,30,67,3.1343,2.9552,2,3.0,3.0,2,3.0,3.0,1,2,3,1,nhl-wsh,"{""common_opponents"": 1, ""games_played"": 1, ""head_to_head"": 1, ""home_advantage"": 1, ""last10_form"": 1, ""season_scoring"": 1, ""travel_km"": 1}"
2025021096,NHL,20252026,regular,2026-03-20,2026-03-20,nhl-col,nhl-chi,final,,,67,68,,,0.25,,,,,1475.2,555.0,6,3,1,0.65,3.7313,2.5672,67,4,3,3,0.55,2.6471,3.2059,68,29,65,3.7846,2.6308,29,63,2.6825,3.3175,2,2.0,0.5,2,0.5,2.0,4,1,5,-3,nhl-col,"{""common_opponents"": 1, ""games_played"": 1, ""head_to_head"": 1, ""home_advantage"": 1, ""last10_form"": 1, ""season_scoring"": 1, ""travel_km"": 1}"
2025021097,NHL,20252026,regular,2026-03-20,2026-03-20,nhl-fla,nhl-cgy,final,,,68,68,,,0.25,,,,,281.6,0.0,4,6,0,0.4,3.0147,3.3088,68,3,6,1,0.35,2.4853,3.1324,68,29,65,3.0462,3.2769,29,67,2.4478,3.1343,1,3.0,5.0,1,5.0,3.0,1,4,5,3,nhl-cgy,"{""common_opponents"": 1, ""games_played"": 1, ""head_to_head"": 1, ""home_advantage"": 1, ""last10_form"": 1, ""season_scoring"": 1, ""travel_km"": 1}"
2025021098,NHL,20252026,regular,2026-03-20,2026-03-20,nhl-ana,nhl-uta,final,,,68,69,,,0.25,,,,,936.7,592.0,5,4,1,0.55,3.3088,3.4706,68,5,3,2,0.6,3.1594,2.7681,69,30,66,3.3636,3.4394,30,67,3.1194,2.806,2,1.5,4.5,2,4.5,1.5,4,1,5,-3,nhl-ana,"{""common_opponents"": 1, ""games_played"": 1, ""head_to_head"": 1, ""home_advantage"": 1, ""last10_form"": 1, ""season_scoring"": 1, ""travel_km"": 1}"
2025021099,NHL,20252026,regular,2026-03-21,2026-03-21,nhl-wpg,nhl-pit,final,,,68,68,,,0.25,,,,,774.4,527.3,5,3,2,0.6,2.8235,3.1176,68,4,3,3,0.55,3.4559,3.0882,68,30,67,2.791,3.1343,30,67,3.4776,3.0597,1,5.0,2.0,1,2.0,5.0,4,5,9,1,nhl-pit,"{""common_opponents"": 1, ""games_played"": 1, ""head_to_head"": 1, ""home_advantage"": 1, ""last10_form"": 1, ""season_scoring"": 1, ""travel_km"": 1}"
2025021100,NHL,20252026,regular,2026-03-21,2026-03-21,nhl-vgk,nhl-nsh,final,,,69,68,,,0.25,,,,,2541.4,0.0,3,7,0,0.3,3.1884,3.1159,69,4,4,2,0.5,2.9706,3.3676,68,29,63,3.0,3.1587,29,66,2.9697,3.3333,2,4.5,3.0,2,3.0,4.5,1,4,5,3,nhl-nsh,"{""common_opponents"": 1, ""games_played"": 1, ""head_to_head"": 1, ""home_advantage"": 1, ""last10_form"": 1, ""season_scoring"": 1, ""travel_km"": 1}"
2025021101,NHL,20252026,regular,2026-03-21,2026-03-21,nhl-dal,nhl-min,final,,,68,70,,,0.25,,,,,1134.7,0.0,8,1,1,0.85,3.4853,2.7206,68,4,4,2,0.5,3.3,2.8714,70,30,66,3.4848,2.697,30,68,3.2941,2.8529,2,3.5,3.5,2,3.5,3.5,1,2,3,1,nhl-min,"{""common_opponents"": 1, ""games_played"": 1, ""head_to_head"": 1, ""home_advantage"": 1, ""last10_form"": 1, ""season_scoring"": 1, ""travel_km"": 1}"
2025021102,NHL,20252026,regular,2026-03-21,2026-03-21,nhl-buf,nhl-lak,final,,,69,68,,,0.25,,,,,491.4,0.0,9,1,0,0.9,3.5072,2.8986,69,5,3,2,0.6,2.6912,3.0147,68,30,68,3.5,2.9265,30,67,2.7164,3.0,1,4.0,1.0,1,1.0,4.0,4,1,5,-3,nhl-buf,"{""common_opponents"": 1, ""games_played"": 1, ""head_to_head"": 1, ""home_advantage"": 1, ""last10_form"": 1, ""season_scoring"": 1, ""travel_km"": 1}"
2025021103,NHL,20252026,regular,2026-03-21,2026-03-21,nhl-phi,nhl-sjs,final,,,68,67,,,0.25,,,,,491.4,0.0,7,2,1,0.75,2.9118,3.0882,68,4,4,2,0.5,3.0896,3.5672,67,28,65,2.8769,3.1846,28,64,3.1562,3.5625,1,4.0,1.0,1,1.0,4.0,4,1,5,-3,nhl-phi,"{""common_opponents"": 1, ""games_played"": 1, ""head_to_head"": 1, ""home_advantage"": 1, ""last10_form"": 1, ""season_scoring"": 1, ""travel_km"": 1}"
2025021104,NHL,20252026,regular,2026-03-21,2026-03-21,nhl-sea,nhl-cbj,final,,,68,68,,,0.25,,,,,537.1,0.0,4,6,0,0.4,2.8529,3.0588,68,7,0,3,0.85,3.2794,3.1176,68,30,67,2.8806,3.0746,30,67,3.2985,3.1493,1,1.0,2.0,1,2.0,1.0,2,5,7,3,nhl-cbj,"{""common_opponents"": 1, ""games_played"": 1, ""head_to_head"": 1, ""home_advantage"": 1, ""last10_form"": 1, ""season_scoring"": 1, ""travel_km"": 1}"
2025021105,NHL,20252026,regular,2026-03-21,2026-03-21,nhl-nyi,nhl-mtl,final,,,69,68,,,0.25,,,,,185.4,836.2,6,4,0,0.6,2.9275,2.8261,69,5,4,1,0.55,3.4853,3.3088,68,30,68,2.9118,2.8235,30,67,3.4925,3.2985,1,4.0,3.0,1,3.0,4.0,3,7,10,4,nhl-mtl,"{""common_opponents"": 1, ""games_played"": 1, ""head_to_head"": 1, ""home_advantage"": 1, ""last10_form"": 1, ""season_scoring"": 1, ""travel_km"": 1}"
2025021106,NHL,20252026,regular,2026-03-21,2026-03-21,nhl-tor,nhl-ott,final,,,70,68,,,0.25,,,,,329.8,0.0,2,4,4,0.4,3.1286,3.5,70,7,2,1,0.75,3.3676,3.1029,68,30,68,3.0882,3.4559,30,66,3.3182,3.0606,2,4.5,5.0,2,5.0,4.5,2,5,7,3,nhl-ott,"{""common_opponents"": 1, ""games_played"": 1, ""head_to_head"": 1, ""home_advantage"": 1, ""last10_form"": 1, ""season_scoring"": 1, ""travel_km"": 1}"
2025021107,NHL,20252026,regular,2026-03-21,2026-03-21,nhl-stl,nhl-van,final,,,68,68,,,0.25,,,,,673.7,0.0,6,2,2,0.7,2.6176,3.2941,68,3,6,1,0.35,2.6176,3.7353,68,30,66,2.5758,3.303,30,66,2.6061,3.7273,2,4.0,3.0,2,3.0,4.0,3,1,4,-2,nhl-stl,"{""common_opponents"": 1, ""games_played"": 1, ""head_to_head"": 1, ""home_advantage"": 1, ""last10_form"": 1, ""season_scoring"": 1, ""travel_km"": 1}"
2025021108,NHL,20252026,regular,2026-03-21,2026-03-21,nhl-bos,nhl-det,final,,,69,69,,,0.25,,,,,984.7,0.0,5,2,3,0.65,3.3333,3.1159,69,4,4,2,0.5,2.942,2.9565,69,29,64,3.3281,3.1562,29,66,2.9697,2.9394,3,3.3333,2.3333,3,2.3333,3.3333,4,2,6,-2,nhl-bos,"{""common_opponents"": 1, ""games_played"": 1, ""head_to_head"": 1, ""home_advantage"": 1, ""last10_form"": 1, ""season_scoring"": 1, ""travel_km"": 1}"
2025021109,NHL,20252026,regular,2026-03-21,2026-03-21,nhl-tbl,nhl-edm,final,,,67,70,,,0.25,,,,,817.2,0.0,4,6,0,0.4,3.6269,2.7761,67,5,4,1,0.55,3.4714,3.4143,70,30,66,3.6515,2.803,30,69,3.5072,3.4348,1,2.0,1.0,1,1.0,2.0,5,2,7,-3,nhl-tbl,"{""common_opponents"": 1, ""games_played"": 1, ""head_to_head"": 1, ""home_advantage"": 1, ""last10_form"": 1, ""season_scoring"": 1, ""travel_km"": 1}"
2025021110,NHL,20252026,regular,2026-03-22,2026-03-22,nhl-wpg,nhl-nyr,final,,,69,69,,,0.25,,,,,507.4,768.2,5,3,2,0.6,2.8406,3.1449,69,5,4,1,0.55,2.8406,3.2029,69,30,68,2.8382,3.1029,30,68,2.7941,3.2059,1,3.0,6.0,1,6.0,3.0,3,2,5,-1,nhl-wpg,"{""common_opponents"": 1, ""games_played"": 1, ""head_to_head"": 1, ""home_advantage"": 1, ""last10_form"": 1, ""season_scoring"": 1, ""travel_km"": 1}"
2025021111,NHL,20252026,regular,2026-03-22,2026-03-22,nhl-col,nhl-wsh,final,,,68,70,,,0.25,,,,,960.5,0.0,6,3,1,0.65,3.7353,2.5441,68,5,4,1,0.55,3.1143,2.9286,70,29,67,3.7164,2.5522,29,67,3.0746,2.9254,1,5.0,2.0,1,2.0,5.0,3,2,5,-1,nhl-col,"{""common_opponents"": 1, ""games_played"": 1, ""head_to_head"": 1, ""home_advantage"": 1, ""last10_form"": 1, ""season_scoring"": 1, ""travel_km"": 1}"
2025021112,NHL,20252026,regular,2026-03-22,2026-03-22,nhl-car,nhl-pit,final,,,69,69,,,0.25,,,,,359.8,0.0,6,4,0,0.6,3.5507,2.971,69,4,3,3,0.55,3.4783,3.1014,69,30,66,3.5303,2.8939,30,66,3.4242,3.0606,3,4.0,4.6667,3,4.6667,4.0,5,1,6,-4,nhl-car,"{""common_opponents"": 1, ""games_played"": 1, ""head_to_head"": 1, ""home_advantage"": 1, ""last10_form"": 1, ""season_scoring"": 1, ""travel_km"": 1}"
2025021113,NHL,20252026,regular,2026-03-22,2026-03-22,nhl-nsh,nhl-chi,final,,,69,69,,,0.25,,,,,640.9,0.0,5,4,1,0.55,2.9855,3.3333,69,4,3,3,0.55,2.6232,3.2174,69,29,66,3.0,3.3636,29,65,2.5692,3.2462,3,2.6667,2.6667,3,2.6667,2.6667,3,2,5,-1,nhl-nsh,"{""common_opponents"": 1, ""games_played"": 1, ""head_to_head"": 1, ""home_advantage"": 1, ""last10_form"": 1, ""season_scoring"": 1, ""travel_km"": 1}"
2025021114,NHL,20252026,regular,2026-03-22,2026-03-22,nhl-cbj,nhl-nyi,final,,,69,70,,,0.25,,,,,790.4,532.1,7,0,3,0.85,3.3043,3.1014,69,5,5,0,0.5,2.9286,2.8857,70,30,66,3.3182,3.1061,30,67,2.9254,2.8806,3,3.0,3.0,3,3.0,3.0,0,1,1,1,nhl-nyi,"{""common_opponents"": 1, ""games_played"": 1, ""head_to_head"": 1, ""home_advantage"": 1, ""last10_form"": 1, ""season_scoring"": 1, ""travel_km"": 1}"
2025021115,NHL,20252026,regular,2026-03-22,2026-03-22,nhl-vgk,nhl-dal,final,,,70,69,,,0.25,,,,,992.3,1388.7,3,7,0,0.3,3.1571,3.1286,70,7,1,2,0.8,3.4493,2.7101,69,30,68,3.1765,3.1176,30,67,3.4478,2.7164,2,2.5,3.5,2,3.5,2.5,3,2,5,-1,nhl-vgk,"{""common_opponents"": 1, ""games_played"": 1, ""head_to_head"": 1, ""home_advantage"": 1, ""last10_form"": 1, ""season_scoring"": 1, ""travel_km"": 1}"
2025021116,NHL,20252026,regular,2026-03-22,2026-03-22,nhl-tbl,nhl-cgy,final,,,68,69,,,0.25,,,,,281.6,0.0,5,5,0,0.5,3.6471,2.7647,68,4,6,0,0.4,2.5072,3.1014,69,29,65,3.6462,2.8,29,68,2.5294,3.0735,1,5.0,1.0,1,1.0,5.0,3,4,7,1,nhl-cgy,"{""common_opponents"": 1, ""games_played"": 1, ""head_to_head"": 1, ""home_advantage"": 1, ""last10_form"": 1, ""season_scoring"": 1, ""travel_km"": 1}"
2025021117,NHL,20252026,regular,2026-03-22,2026-03-22,nhl-buf,nhl-ana,final,,,70,69,,,0.25,,,,,44.5,936.7,9,1,0,0.9,3.5143,2.8714,70,5,4,1,0.55,3.3188,3.4348,69,30,69,3.4928,2.8696,30,68,3.3235,3.4118,1,5.0,3.0,1,3.0,5.0,5,6,11,1,nhl-ana,"{""common_opponents"": 1, ""games_played"": 1, ""head_to_head"": 1, ""home_advantage"": 1, ""last10_form"": 1, ""season_scoring"": 1, ""travel_km"": 1}"
2025021118,NHL,20252026,regular,2026-03-22,2026-03-22,nhl-lak,nhl-uta,final,,,69,70,,,0.25,,,,,935.0,0.0,4,4,2,0.5,2.6667,3.029,69,5,3,2,0.6,3.1286,2.7857,70,30,68,2.6471,3.0441,30,69,3.1449,2.7681,1,4.0,2.0,1,2.0,4.0,3,4,7,1,nhl-uta,"{""common_opponents"": 1, ""games_played"": 1, ""head_to_head"": 1, ""home_advantage"": 1, ""last10_form"": 1, ""season_scoring"": 1, ""travel_km"": 1}"
2025021119,NHL,20252026,regular,2026-03-23,2026-03-23,nhl-ott,nhl-nyr,final,,,69,70,,,0.25,,,,,529.4,0.0,7,2,1,0.75,3.3913,3.087,69,5,4,1,0.55,2.8286,3.2,70,30,67,3.3433,3.0597,30,68,2.7941,3.1471,2,5.0,4.0,2,4.0,5.0,2,1,3,-1,nhl-ott,"{""common_opponents"": 1, ""games_played"": 1, ""head_to_head"": 1, ""home_advantage"": 1, ""last10_form"": 1, ""season_scoring"": 1, ""travel_km"": 1}"
2025021120,NHL,20252026,regular,2026-03-24,2026-03-24,nhl-tor,nhl-bos,final,,,71,70,,,0.25,,,,,508.3,984.7,2,5,3,0.35,3.1127,3.5211,71,5,2,3,0.65,3.3429,3.1,70,30,69,3.1159,3.4783,30,68,3.2941,3.1029,2,3.0,5.0,2,5.0,3.0,4,2,6,-2,nhl-tor,"{""common_opponents"": 1, ""games_played"": 1, ""head_to_head"": 1, ""home_advantage"": 1, ""last10_form"": 1, ""season_scoring"": 1, ""travel_km"": 1}"
2025021121,NHL,20252026,regular,2026-03-24,2026-03-24,nhl-car,nhl-mtl,final,,,70,69,,,0.25,,,,,767.0,0.0,7,3,0,0.7,3.5714,2.9429,70,5,4,1,0.55,3.5362,3.3043,69,30,69,3.5507,2.8841,30,68,3.4853,3.2794,1,5.0,7.0,1,7.0,5.0,2,5,7,3,nhl-mtl,"{""common_opponents"": 1, ""games_played"": 1, ""head_to_head"": 1, ""home_advantage"": 1, ""last10_form"": 1, ""season_scoring"": 1, ""travel_km"": 1}"
2025021122,NHL,20252026,regular,2026-03-24,2026-03-24,nhl-ott,nhl-det,final,,,70,70,,,0.25,,,,,774.2,0.0,8,2,0,0.8,3.3714,3.0571,70,4,4,2,0.5,2.9286,2.9714,70,29,64,3.4688,3.1094,29,67,2.8955,3.0,3,2.3333,3.6667,3,3.6667,2.3333,3,2,5,-1,nhl-ott,"{""common_opponents"": 1, ""games_played"": 1, ""head_to_head"": 1, ""home_advantage"": 1, ""last10_form"": 1, ""season_scoring"": 1, ""travel_km"": 1}"
2025021123,NHL,20252026,regular,2026-03-24,2026-03-24,nhl-sea,nhl-fla,final,,,69,69,,,0.25,,,,,1555.7,3968.3,3,7,0,0.3,2.8406,3.087,69,4,6,0,0.4,2.9855,3.3188,69,30,68,2.7941,3.1029,30,68,3.0,3.2794,1,6.0,2.0,1,2.0,6.0,4,5,9,1,nhl-fla,"{""common_opponents"": 1, ""games_played"": 1, ""head_to_head"": 1, ""home_advantage"": 1, ""last10_form"": 1, ""season_scoring"": 1, ""travel_km"": 1}"
2025021124,NHL,20252026,regular,2026-03-24,2026-03-24,nhl-chi,nhl-nyi,final,,,70,71,,,0.25,,,,,1171.0,0.0,3,3,4,0.5,2.6143,3.2143,70,5,5,0,0.5,2.9014,2.8451,71,30,69,2.6232,3.2174,30,70,2.9,2.8571,1,2.0,3.0,1,3.0,2.0,4,3,7,-1,nhl-chi,"{""common_opponents"": 1, ""games_played"": 1, ""head_to_head"": 1, ""home_advantage"": 1, ""last10_form"": 1, ""season_scoring"": 1, ""travel_km"": 1}"
2025021125,NHL,20252026,regular,2026-03-24,2026-03-24,nhl-cbj,nhl-phi,final,,,70,69,,,0.25,,,,,152.1,4023.5,6,1,3,0.75,3.2571,3.0714,70,7,2,1,0.75,2.9275,3.058,69,29,66,3.2121,3.0606,29,67,2.9552,3.0448,2,3.5,2.0,2,2.0,3.5,3,2,5,-1,nhl-cbj,"{""common_opponents"": 1, ""games_played"": 1, ""head_to_head"": 1, ""home_advantage"": 1, ""last10_form"": 1, ""season_scoring"": 1, ""travel_km"": 1}"
2025021126,NHL,20252026,regular,2026-03-24,2026-03-24,nhl-col,nhl-pit,final,,,69,70,,,0.25,,,,,306.5,0.0,6,3,1,0.65,3.7246,2.5362,69,4,3,3,0.55,3.4429,3.1286,70,29,68,3.75,2.4706,29,67,3.4179,3.194,1,2.0,7.0,1,7.0,2.0,6,2,8,-4,nhl-col,"{""common_opponents"": 1, ""games_played"": 1, ""head_to_head"": 1, ""home_advantage"": 1, ""last10_form"": 1, ""season_scoring"": 1, ""travel_km"": 1}"
2025021127,NHL,20252026,regular,2026-03-24,2026-03-24,nhl-min,nhl-tbl,final,,,71,69,,,0.25,,,,,2112.6,3683.2,5,3,2,0.6,3.2817,2.8451,71,5,4,1,0.55,3.6377,2.7826,69,30,70,3.2571,2.8714,30,68,3.6765,2.75,1,5.0,1.0,1,1.0,5.0,3,6,9,3,nhl-tbl,"{""common_opponents"": 1, ""games_played"": 1, ""head_to_head"": 1, ""home_advantage"": 1, ""last10_form"": 1, ""season_scoring"": 1, ""travel_km"": 1}"
2025021128,NHL,20252026,regular,2026-03-24,2026-03-24,nhl-wsh,nhl-stl,final,,,71,69,,,0.25,,,,,1142.3,2858.8,4,4,2,0.5,3.0986,2.9296,71,7,1,2,0.8,2.6232,3.2609,69,30,70,3.0571,2.9571,30,68,2.6471,3.2206,1,6.0,1.0,1,1.0,6.0,0,3,3,3,nhl-stl,"{""common_opponents"": 1, ""games_played"": 1, ""head_to_head"": 1, ""home_advantage"": 1, ""last10_form"": 1, ""season_scoring"": 1, ""travel_km"": 1}"
2025021129,NHL,20252026,regular,2026-03-24,2026-03-24,nhl-sjs,nhl-nsh,final,,,68,70,,,0.25,,,,,3114.1,640.9,3,5,2,0.4,3.0588,3.5735,68,6,3,1,0.65,2.9857,3.3143,70,30,68,3.0588,3.5735,30,70,2.9857,3.3143,,,,,,,3,6,9,3,nhl-nsh,"{""common_opponents"": 1, ""games_played"": 1, ""head_to_head"": 1, ""home_advantage"": 1, ""last10_form"": 1, ""season_scoring"": 1, ""travel_km"": 1}"
2025021130,NHL,20252026,regular,2026-03-24,2026-03-24,nhl-njd,nhl-dal,final,,,69,70,,,0.25,,,,,1903.8,0.0,7,3,0,0.7,2.7101,3.029,69,6,2,2,0.7,3.4286,2.7143,70,30,68,2.75,3.0294,30,69,3.4348,2.7536,1,0.0,3.0,1,3.0,0.0,6,4,10,-2,nhl-njd,"{""common_opponents"": 1, ""games_played"": 1, ""head_to_head"": 1, ""home_advantage"": 1, ""last10_form"": 1, ""season_scoring"": 1, ""travel_km"": 1}"
2025021131,NHL,20252026,regular,2026-03-24,2026-03-24,nhl-vgk,nhl-wpg,final,,,71,70,,,0.25,,,,,1901.9,2063.6,4,6,0,0.4,3.1549,3.1127,71,5,3,2,0.6,2.8429,3.1286,70,30,70,3.1429,3.1143,30,69,2.8406,3.1159,1,4.0,3.0,1,3.0,4.0,1,4,5,3,nhl-wpg,"{""common_opponents"": 1, ""games_played"": 1, ""head_to_head"": 1, ""home_advantage"": 1, ""last10_form"": 1, ""season_scoring"": 1, ""travel_km"": 1}"
2025021132,NHL,20252026,regular,2026-03-24,2026-03-24,nhl-edm,nhl-uta,final,,,71,71,,,0.25,,,,,1425.9,0.0,5,4,1,0.55,3.4507,3.4366,71,5,3,2,0.6,3.1408,2.7887,71,30,70,3.4143,3.4429,30,70,3.1429,2.7429,1,6.0,3.0,1,3.0,6.0,5,2,7,-3,nhl-edm,"{""common_opponents"": 1, ""games_played"": 1, ""head_to_head"": 1, ""home_advantage"": 1, ""last10_form"": 1, ""season_scoring"": 1, ""travel_km"": 1}"
2025021133,NHL,20252026,regular,2026-03-24,2026-03-24,nhl-lak,nhl-cgy,final,,,70,70,,,0.25,,,,,1153.8,0.0,4,3,3,0.55,2.6714,3.0429,70,5,5,0,0.5,2.5286,3.1,70,29,65,2.7538,3.0462,29,68,2.5735,3.1471,2,1.5,1.0,2,1.0,1.5,2,3,5,1,nhl-cgy,"{""common_opponents"": 1, ""games_played"": 1, ""head_to_head"": 1, ""home_advantage"": 1, ""last10_form"": 1, ""season_scoring"": 1, ""travel_km"": 1}"
2025021134,NHL,20252026,regular,2026-03-24,2026-03-24,nhl-ana,nhl-van,final,,,70,69,,,0.25,,,,,1773.3,0.0,6,3,1,0.65,3.3571,3.4571,70,3,6,1,0.35,2.5942,3.7246,69,30,68,3.3971,3.4559,30,67,2.5672,3.7761,2,2.0,3.5,2,3.5,2.0,5,3,8,-2,nhl-ana,"{""common_opponents"": 1, ""games_played"": 1, ""head_to_head"": 1, ""home_advantage"": 1, ""last10_form"": 1, ""season_scoring"": 1, ""travel_km"": 1}"
2025021135,NHL,20252026,regular,2026-03-25,2026-03-25,nhl-bos,nhl-buf,final,,,71,71,,,0.25,,,,,641.7,3512.8,5,2,3,0.65,3.3239,3.1127,71,8,1,1,0.85,3.5352,2.9155,71,30,68,3.3529,3.1324,30,68,3.5735,2.9265,3,2.6667,2.6667,3,2.6667,2.6667,4,3,7,-1,nhl-bos,"{""common_opponents"": 1, ""games_played"": 1, ""head_to_head"": 1, ""home_advantage"": 1, ""last10_form"": 1, ""season_scoring"": 1, ""travel_km"": 1}"
2025021136,NHL,20252026,regular,2026-03-25,2026-03-25,nhl-nyr,nhl-tor,final,,,71,72,,,0.25,,,,,547.8,690.7,4,5,1,0.45,2.8028,3.1831,71,3,5,2,0.4,3.125,3.5,72,30,69,2.7826,3.2174,30,70,3.1571,3.5,2,3.5,2.0,2,2.0,3.5,3,4,7,1,nhl-tor,"{""common_opponents"": 1, ""games_played"": 1, ""head_to_head"": 1, ""home_advantage"": 1, ""last10_form"": 1, ""season_scoring"": 1, ""travel_km"": 1}"
2025021137,NHL,20252026,regular,2026-03-26,2026-03-26,nhl-cbj,nhl-mtl,final,,,71,70,,,0.25,,,,,635.7,0.0,6,1,3,0.75,3.2535,3.0563,71,6,3,1,0.65,3.5571,3.2857,70,30,70,3.2429,3.0571,30,69,3.5652,3.2754,1,4.0,3.0,1,3.0,4.0,1,2,3,1,nhl-mtl,"{""common_opponents"": 1, ""games_played"": 1, ""head_to_head"": 1, ""home_advantage"": 1, ""last10_form"": 1, ""season_scoring"": 1, ""travel_km"": 1}"
2025021138,NHL,20252026,regular,2026-03-26,2026-03-26,nhl-pit,nhl-ott,final,,,71,71,,,0.25,,,,,633.3,659.2,4,3,3,0.55,3.4225,3.169,71,8,2,0,0.8,3.3662,3.0423,71,30,69,3.4928,3.1594,30,69,3.3623,3.1014,2,1.0,3.5,2,3.5,1.0,4,3,7,-1,nhl-pit,"{""common_opponents"": 1, ""games_played"": 1, ""head_to_head"": 1, ""home_advantage"": 1, ""last10_form"": 1, ""season_scoring"": 1, ""travel_km"": 1}"
2025021139,NHL,20252026,regular,2026-03-26,2026-03-26,nhl-sea,nhl-tbl,final,,,70,70,,,0.25,,,,,289.3,0.0,2,7,1,0.25,2.8571,3.1143,70,6,3,1,0.65,3.6714,2.7857,70,30,69,2.8696,3.0725,30,69,3.6377,2.7971,1,2.0,6.0,1,6.0,2.0,4,3,7,-1,nhl-sea,"{""common_opponents"": 1, ""games_played"": 1, ""head_to_head"": 1, ""home_advantage"": 1, ""last10_form"": 1, ""season_scoring"": 1, ""travel_km"": 1}"
2025021140,NHL,20252026,regular,2026-03-26,2026-03-26,nhl-min,nhl-fla,final,,,72,70,,,0.25,,,,,289.3,0.0,4,4,2,0.5,3.2778,2.8889,72,5,5,0,0.5,3.0143,3.3286,70,30,71,3.2817,2.8732,30,69,3.0,3.3333,1,3.0,4.0,1,4.0,3.0,3,2,5,-1,nhl-min,"{""common_opponents"": 1, ""games_played"": 1, ""head_to_head"": 1, ""home_advantage"": 1, ""last10_form"": 1, ""season_scoring"": 1, ""travel_km"": 1}"
2025021141,NHL,20252026,regular,2026-03-26,2026-03-26,nhl-dal,nhl-nyi,final,,,71,72,,,0.25,,,,,2228.6,0.0,5,3,2,0.6,3.4366,2.7606,71,5,5,0,0.5,2.9028,2.8611,72,30,70,3.4571,2.7571,30,71,2.9014,2.8732,1,2.0,3.0,1,3.0,2.0,1,2,3,1,nhl-nyi,"{""common_opponents"": 1, ""games_played"": 1, ""head_to_head"": 1, ""home_advantage"": 1, ""last10_form"": 1, ""season_scoring"": 1, ""travel_km"": 1}"
2025021142,NHL,20252026,regular,2026-03-26,2026-03-26,nhl-chi,nhl-phi,final,,,71,70,,,0.25,,,,,152.1,0.0,4,3,3,0.55,2.6338,3.2113,71,6,3,1,0.65,2.9143,3.0571,70,29,68,2.6618,3.2353,29,69,2.913,3.087,1,1.0,3.0,1,3.0,1.0,1,5,6,4,nhl-phi,"{""common_opponents"": 1, ""games_played"": 1, ""head_to_head"": 1, ""home_advantage"": 1, ""last10_form"": 1, ""season_scoring"": 1, ""travel_km"": 1}"
2025021143,NHL,20252026,regular,2026-03-26,2026-03-26,nhl-sjs,nhl-stl,final,,,69,70,,,0.25,,,,,408.3,0.0,2,6,2,0.3,3.058,3.6087,69,7,1,2,0.8,2.6286,3.2143,70,30,68,3.0735,3.6176,30,69,2.6232,3.2319,1,2.0,3.0,1,3.0,2.0,1,2,3,1,nhl-stl,"{""common_opponents"": 1, ""games_played"": 1, ""head_to_head"": 1, ""home_advantage"": 1, ""last10_form"": 1, ""season_scoring"": 1, ""travel_km"": 1}"
2025021144,NHL,20252026,regular,2026-03-26,2026-03-26,nhl-njd,nhl-nsh,final,,,70,71,,,0.25,,,,,992.3,0.0,7,3,0,0.7,2.7571,3.0429,70,7,2,1,0.75,3.0282,3.3099,71,30,69,2.7536,3.058,30,70,3.0429,3.3143,1,3.0,2.0,1,2.0,3.0,4,2,6,-2,nhl-njd,"{""common_opponents"": 1, ""games_played"": 1, ""head_to_head"": 1, ""home_advantage"": 1, ""last10_form"": 1, ""season_scoring"": 1, ""travel_km"": 1}"
2025021145,NHL,20252026,regular,2026-03-26,2026-03-26,nhl-col,nhl-wpg,final,,,70,71,,,0.25,,,,,1700.0,0.0,6,3,1,0.65,3.7571,2.5286,70,5,3,2,0.6,2.8592,3.0986,71,29,68,3.8088,2.5294,29,66,2.8333,3.1667,2,2.0,2.5,2,2.5,2.0,3,2,5,-1,nhl-col,"{""common_opponents"": 1, ""games_played"": 1, ""head_to_head"": 1, ""home_advantage"": 1, ""last10_form"": 1, ""season_scoring"": 1, ""travel_km"": 1}"
2025021146,NHL,20252026,regular,2026-03-26,2026-03-26,nhl-wsh,nhl-uta,final,,,72,72,,,0.25,,,,,1866.8,0.0,4,4,2,0.5,3.0556,2.9306,72,4,4,2,0.5,3.125,2.8194,72,30,71,3.0704,2.9296,30,71,3.1268,2.831,1,2.0,3.0,1,3.0,2.0,7,4,11,-3,nhl-wsh,"{""common_opponents"": 1, ""games_played"": 1, ""head_to_head"": 1, ""home_advantage"": 1, ""last10_form"": 1, ""season_scoring"": 1, ""travel_km"": 1}"
2025021147,NHL,20252026,regular,2026-03-26,2026-03-26,nhl-ana,nhl-cgy,final,,,71,71,,,0.25,,,,,673.7,0.0,6,3,1,0.65,3.3803,3.4507,71,6,4,0,0.6,2.5352,3.0845,71,29,66,3.4697,3.4848,29,69,2.5362,3.0725,2,3.5,2.5,2,2.5,3.5,3,2,5,-1,nhl-ana,"{""common_opponents"": 1, ""games_played"": 1, ""head_to_head"": 1, ""home_advantage"": 1, ""last10_form"": 1, ""season_scoring"": 1, ""travel_km"": 1}"
2025021148,NHL,20252026,regular,2026-03-26,2026-03-26,nhl-edm,nhl-vgk,final,,,72,72,,,0.25,,,,,592.0,2111.0,5,4,1,0.55,3.4722,3.4167,72,3,7,0,0.3,3.125,3.125,72,30,70,3.4571,3.4429,30,70,3.1429,3.1,2,4.0,2.5,2,2.5,4.0,4,3,7,-1,nhl-edm,"{""common_opponents"": 1, ""games_played"": 1, ""head_to_head"": 1, ""home_advantage"": 1, ""last10_form"": 1, ""season_scoring"": 1, ""travel_km"": 1}"
2025021149,NHL,20252026,regular,2026-03-26,2026-03-26,nhl-lak,nhl-van,final,,,71,70,,,0.25,,,,,673.7,0.0,3,3,4,0.5,2.662,3.0423,71,3,6,1,0.35,2.6,3.7429,70,30,70,2.6714,3.0714,30,69,2.6232,3.7681,1,2.0,1.0,1,1.0,2.0,4,0,4,-4,nhl-lak,"{""common_opponents"": 1, ""games_played"": 1, ""head_to_head"": 1, ""home_advantage"": 1, ""last10_form"": 1, ""season_scoring"": 1, ""travel_km"": 1}"
2025021150,NHL,20252026,regular,2026-03-27,2026-03-27,nhl-det,nhl-buf,final,,,71,72,,,0.25,,,,,347.1,0.0,3,5,2,0.4,2.9155,2.9718,71,7,1,2,0.8,3.5278,2.9306,72,29,69,2.913,2.9275,29,67,3.4776,2.9104,2,3.0,4.5,2,4.5,3.0,5,2,7,-3,nhl-det,"{""common_opponents"": 1, ""games_played"": 1, ""head_to_head"": 1, ""home_advantage"": 1, ""last10_form"": 1, ""season_scoring"": 1, ""travel_km"": 1}"
2025021151,NHL,20252026,regular,2026-03-27,2026-03-27,nhl-chi,nhl-nyr,final,,,72,72,,,0.25,,,,,137.5,547.8,4,3,3,0.55,2.6111,3.2361,72,4,5,1,0.45,2.8056,3.1944,72,30,71,2.6056,3.2817,30,71,2.8451,3.1972,1,3.0,0.0,1,0.0,3.0,1,6,7,5,nhl-nyr,"{""common_opponents"": 1, ""games_played"": 1, ""head_to_head"": 1, ""home_advantage"": 1, ""last10_form"": 1, ""season_scoring"": 1, ""travel_km"": 1}"
2025021152,NHL,20252026,regular,2026-03-28,2026-03-28,nhl-ott,nhl-tbl,final,,,72,71,,,0.25,,,,,2013.9,0.0,7,2,1,0.75,3.3611,3.0556,72,5,3,2,0.6,3.662,2.8028,71,30,71,3.338,3.0423,30,70,3.6571,2.7714,1,5.0,4.0,1,4.0,5.0,2,4,6,2,nhl-tbl,"{""common_opponents"": 1, ""games_played"": 1, ""head_to_head"": 1, ""home_advantage"": 1, ""last10_form"": 1, ""season_scoring"": 1, ""travel_km"": 1}"
2025021153,NHL,20252026,regular,2026-03-28,2026-03-28,nhl-fla,nhl-nyi,final,,,71,73,,,0.25,,,,,1728.9,0.0,5,5,0,0.5,3.0,3.3239,71,6,4,0,0.6,2.8904,2.8356,73,30,69,2.971,3.3333,30,71,2.8873,2.8028,2,4.0,3.0,2,3.0,4.0,2,5,7,3,nhl-nyi,"{""common_opponents"": 1, ""games_played"": 1, ""head_to_head"": 1, ""home_advantage"": 1, ""last10_form"": 1, ""season_scoring"": 1, ""travel_km"": 1}"
2025021154,NHL,20252026,regular,2026-03-28,2026-03-28,nhl-ana,nhl-edm,final,,,72,73,,,0.25,,,,,281.6,1944.1,6,3,1,0.65,3.375,3.4306,72,6,3,1,0.65,3.4795,3.411,73,30,70,3.3286,3.3571,30,71,3.4085,3.3662,2,5.0,6.0,2,6.0,5.0,2,4,6,2,nhl-edm,"{""common_opponents"": 1, ""games_played"": 1, ""head_to_head"": 1, ""home_advantage"": 1, ""last10_form"": 1, ""season_scoring"": 1, ""travel_km"": 1}"
2025021155,NHL,20252026,regular,2026-03-28,2026-03-28,nhl-min,nhl-bos,final,,,73,72,,,0.25,,,,,1990.1,641.7,4,4,2,0.5,3.274,2.8767,73,5,2,3,0.65,3.3333,3.1111,72,30,72,3.2361,2.8889,30,71,3.3521,3.0704,1,6.0,2.0,1,2.0,6.0,3,6,9,3,nhl-bos,"{""common_opponents"": 1, ""games_played"": 1, ""head_to_head"": 1, ""home_advantage"": 1, ""last10_form"": 1, ""season_scoring"": 1, ""travel_km"": 1}"
2025021156,NHL,20252026,regular,2026-03-28,2026-03-28,nhl-dal,nhl-pit,final,,,72,72,,,0.25,,,,,529.7,633.3,5,4,1,0.55,3.4028,2.75,72,5,3,2,0.6,3.4306,3.1667,72,30,71,3.4085,2.7606,30,71,3.4507,3.169,1,3.0,2.0,1,2.0,3.0,6,3,9,-3,nhl-dal,"{""common_opponents"": 1, ""games_played"": 1, ""head_to_head"": 1, ""home_advantage"": 1, ""last10_form"": 1, ""season_scoring"": 1, ""travel_km"": 1}"
2025021157,NHL,20252026,regular,2026-03-28,2026-03-28,nhl-njd,nhl-car,final,,,71,71,,,0.25,,,,,725.8,1161.5,7,3,0,0.7,2.7746,3.0282,71,6,4,0,0.6,3.5493,2.9718,71,30,68,2.8235,2.9706,30,68,3.5147,3.0294,3,1.6667,4.3333,3,4.3333,1.6667,2,5,7,3,nhl-car,"{""common_opponents"": 1, ""games_played"": 1, ""head_to_head"": 1, ""home_advantage"": 1, ""last10_form"": 1, ""season_scoring"": 1, ""travel_km"": 1}"
2025021158,NHL,20252026,regular,2026-03-28,2026-03-28,nhl-sjs,nhl-cbj,final,,,70,72,,,0.25,,,,,636.8,984.6,2,6,2,0.3,3.0286,3.5857,70,6,2,2,0.7,3.2222,3.0417,72,30,69,3.0,3.6087,30,71,3.2394,3.0141,1,5.0,2.0,1,2.0,5.0,3,2,5,-1,nhl-sjs,"{""common_opponents"": 1, ""games_played"": 1, ""head_to_head"": 1, ""home_advantage"": 1, ""last10_form"": 1, ""season_scoring"": 1, ""travel_km"": 1}"
2025021159,NHL,20252026,regular,2026-03-28,2026-03-28,nhl-sea,nhl-buf,final,,,71,73,,,0.25,,,,,1691.3,0.0,3,6,1,0.35,2.8732,3.1127,71,6,2,2,0.7,3.5068,2.9589,73,30,70,2.9,3.1143,30,72,3.5139,2.9861,1,1.0,3.0,1,3.0,1.0,2,3,5,1,nhl-buf,"{""common_opponents"": 1, ""games_played"": 1, ""head_to_head"": 1, ""home_advantage"": 1, ""last10_form"": 1, ""season_scoring"": 1, ""travel_km"": 1}"
2025021160,NHL,20252026,regular,2026-03-28,2026-03-28,nhl-tor,nhl-stl,final,,,73,71,,,0.25,,,,,1063.0,0.0,4,4,2,0.5,3.137,3.4932,73,7,1,2,0.8,2.6197,3.1831,71,30,72,3.1389,3.5139,30,70,2.6286,3.1857,1,3.0,2.0,1,2.0,3.0,1,5,6,4,nhl-stl,"{""common_opponents"": 1, ""games_played"": 1, ""head_to_head"": 1, ""home_advantage"": 1, ""last10_form"": 1, ""season_scoring"": 1, ""travel_km"": 1}"
2025021161,NHL,20252026,regular,2026-03-28,2026-03-28,nhl-mtl,nhl-nsh,final,,,71,72,,,0.25,,,,,1517.2,0.0,7,3,0,0.7,3.5352,3.2535,71,6,3,1,0.65,3.0139,3.3194,72,30,70,3.5429,3.2714,30,71,3.0282,3.3239,1,3.0,2.0,1,2.0,3.0,4,1,5,-3,nhl-mtl,"{""common_opponents"": 1, ""games_played"": 1, ""head_to_head"": 1, ""home_advantage"": 1, ""last10_form"": 1, ""season_scoring"": 1, ""travel_km"": 1}"
2025021162,NHL,20252026,regular,2026-03-28,2026-03-28,nhl-wpg,nhl-col,final,,,72,71,,,0.25,,,,,1285.6,1285.6,4,4,2,0.5,2.8472,3.0972,72,6,3,1,0.65,3.7465,2.5211,71,29,66,2.8333,3.1667,29,68,3.8088,2.5294,3,2.3333,2.3333,3,2.3333,2.3333,4,2,6,-2,nhl-wpg,"{""common_opponents"": 1, ""games_played"": 1, ""head_to_head"": 1, ""home_advantage"": 1, ""last10_form"": 1, ""season_scoring"": 1, ""travel_km"": 1}"
2025021163,NHL,20252026,regular,2026-03-28,2026-03-28,nhl-phi,nhl-det,final,,,71,72,,,0.25,,,,,713.5,347.1,7,2,1,0.75,2.9437,3.0282,71,4,5,1,0.45,2.9444,2.9583,72,30,71,2.9437,3.0282,30,72,2.9444,2.9583,,,,,,,5,3,8,-2,nhl-phi,"{""common_opponents"": 1, ""games_played"": 1, ""head_to_head"": 1, ""home_advantage"": 1, ""last10_form"": 1, ""season_scoring"": 1, ""travel_km"": 1}"
2025021164,NHL,20252026,regular,2026-03-28,2026-03-28,nhl-uta,nhl-lak,final,,,73,72,,,0.25,,,,,935.0,1740.2,3,5,2,0.4,3.137,2.8767,73,4,2,4,0.6,2.6806,3.0,72,30,71,3.1408,2.8592,30,70,2.6571,3.0,2,3.0,3.5,2,3.5,3.0,6,2,8,-4,nhl-uta,"{""common_opponents"": 1, ""games_played"": 1, ""head_to_head"": 1, ""home_advantage"": 1, ""last10_form"": 1, ""season_scoring"": 1, ""travel_km"": 1}"
2025021165,NHL,20252026,regular,2026-03-28,2026-03-28,nhl-van,nhl-cgy,final,,,71,72,,,0.25,,,,,673.7,0.0,3,6,1,0.35,2.5634,3.7465,71,5,4,1,0.55,2.5278,3.0833,72,29,67,2.5373,3.7612,29,70,2.5143,3.0714,2,3.5,3.0,2,3.0,3.5,3,7,10,4,nhl-cgy,"{""common_opponents"": 1, ""games_played"": 1, ""head_to_head"": 1, ""home_advantage"": 1, ""last10_form"": 1, ""season_scoring"": 1, ""travel_km"": 1}"
2025021166,NHL,20252026,regular,2026-03-28,2026-03-28,nhl-wsh,nhl-vgk,final,,,73,73,,,0.25,,,,,592.0,0.0,5,3,2,0.6,3.1096,2.9452,73,3,6,1,0.35,3.1233,3.137,73,30,72,3.1111,2.9583,30,72,3.1389,3.1389,1,3.0,2.0,1,2.0,3.0,5,4,9,-1,nhl-wsh,"{""common_opponents"": 1, ""games_played"": 1, ""head_to_head"": 1, ""home_advantage"": 1, ""last10_form"": 1, ""season_scoring"": 1, ""travel_km"": 1}"
2025021167,NHL,20252026,regular,2026-03-29,2026-03-29,nhl-fla,nhl-nyr,final,,,72,73,,,0.25,,,,,22.8,0.0,5,5,0,0.5,2.9861,3.3472,72,4,5,1,0.45,2.8493,3.1644,73,30,71,3.0141,3.3239,30,72,2.8194,3.1944,1,1.0,5.0,1,5.0,1.0,1,3,4,2,nhl-nyr,"{""common_opponents"": 1, ""games_played"": 1, ""head_to_head"": 1, ""home_advantage"": 1, ""last10_form"": 1, ""season_scoring"": 1, ""travel_km"": 1}"
2025021168,NHL,20252026,regular,2026-03-29,2026-03-29,nhl-nsh,nhl-tbl,final,,,73,72,,,0.25,,,,,1000.2,0.0,6,3,1,0.65,2.9863,3.3288,73,6,2,2,0.7,3.6667,2.7917,72,30,72,3.0,3.3056,30,71,3.6479,2.8028,1,2.0,5.0,1,5.0,2.0,2,3,5,1,nhl-tbl,"{""common_opponents"": 1, ""games_played"": 1, ""head_to_head"": 1, ""home_advantage"": 1, ""last10_form"": 1, ""season_scoring"": 1, ""travel_km"": 1}"
2025021169,NHL,20252026,regular,2026-03-29,2026-03-29,nhl-mtl,nhl-car,final,,,72,72,,,0.25,,,,,725.8,0.0,7,3,0,0.7,3.5417,3.2222,72,6,4,0,0.6,3.5694,2.9583,72,30,70,3.4714,3.2143,30,70,3.5714,2.8714,2,6.0,3.5,2,3.5,6.0,3,1,4,-2,nhl-mtl,"{""common_opponents"": 1, ""games_played"": 1, ""head_to_head"": 1, ""home_advantage"": 1, ""last10_form"": 1, ""season_scoring"": 1, ""travel_km"": 1}"
2025021170,NHL,20252026,regular,2026-03-29,2026-03-29,nhl-bos,nhl-cbj,final,,,73,73,,,0.25,,,,,1033.7,0.0,6,2,2,0.7,3.3699,3.1096,73,6,3,1,0.65,3.2055,3.0411,73,30,72,3.3611,3.125,30,72,3.2222,3.0278,1,4.0,2.0,1,2.0,4.0,4,3,7,-1,nhl-bos,"{""common_opponents"": 1, ""games_played"": 1, ""head_to_head"": 1, ""home_advantage"": 1, ""last10_form"": 1, ""season_scoring"": 1, ""travel_km"": 1}"
2025021171,NHL,20252026,regular,2026-03-29,2026-03-29,nhl-chi,nhl-njd,final,,,73,72,,,0.25,,,,,15.1,676.8,4,4,2,0.5,2.589,3.274,73,6,4,0,0.6,2.7639,3.0556,72,30,72,2.5833,3.2639,30,71,2.7465,3.0563,1,3.0,4.0,1,4.0,3.0,3,5,8,2,nhl-njd,"{""common_opponents"": 1, ""games_played"": 1, ""head_to_head"": 1, ""home_advantage"": 1, ""last10_form"": 1, ""season_scoring"": 1, ""travel_km"": 1}"
2025021172,NHL,20252026,regular,2026-03-29,2026-03-29,nhl-dal,nhl-phi,final,,,73,72,,,0.25,,,,,413.6,713.5,5,4,1,0.55,3.4384,2.7534,73,7,2,1,0.75,2.9722,3.0278,72,30,72,3.4167,2.7778,30,71,3.0,3.0,1,5.0,1.0,1,1.0,5.0,1,2,3,1,nhl-phi,"{""common_opponents"": 1, ""games_played"": 1, ""head_to_head"": 1, ""home_advantage"": 1, ""last10_form"": 1, ""season_scoring"": 1, ""travel_km"": 1}"
2025021173,NHL,20252026,regular,2026-03-30,2026-03-30,nhl-pit,nhl-nyi,final,,,73,74,,,0.25,,,,,529.7,0.0,4,4,2,0.5,3.4247,3.2055,73,6,4,0,0.6,2.9189,2.8243,74,30,71,3.4085,3.1831,30,72,2.8889,2.7917,2,4.0,4.0,2,4.0,4.0,8,3,11,-5,nhl-pit,"{""common_opponents"": 1, ""games_played"": 1, ""head_to_head"": 1, ""home_advantage"": 1, ""last10_form"": 1, ""season_scoring"": 1, ""travel_km"": 1}"
2025021174,NHL,20252026,regular,2026-03-30,2026-03-30,nhl-cgy,nhl-col,final,,,73,72,,,0.25,,,,,1437.8,0.0,6,3,1,0.65,2.589,3.0822,73,5,4,1,0.55,3.7222,2.5417,72,30,73,2.589,3.0822,30,72,3.7222,2.5417,,,,,,,2,9,11,7,nhl-col,"{""common_opponents"": 1, ""games_played"": 1, ""head_to_head"": 1, ""home_advantage"": 1, ""last10_form"": 1, ""season_scoring"": 1, ""travel_km"": 1}"
2025021175,NHL,20252026,regular,2026-03-30,2026-03-30,nhl-van,nhl-vgk,final,,,72,74,,,0.25,,,,,1663.1,0.0,2,7,1,0.25,2.5694,3.7917,72,3,5,2,0.4,3.1351,3.1622,74,30,71,2.5775,3.7746,30,73,3.1096,3.1781,1,2.0,5.0,1,5.0,2.0,2,4,6,2,nhl-vgk,"{""common_opponents"": 1, ""games_played"": 1, ""head_to_head"": 1, ""home_advantage"": 1, ""last10_form"": 1, ""season_scoring"": 1, ""travel_km"": 1}"
2025021176,NHL,20252026,regular,2026-03-30,2026-03-30,nhl-tor,nhl-ana,final,,,74,73,,,0.25,,,,,2529.6,2221.9,4,4,2,0.5,3.1081,3.5135,74,6,3,1,0.65,3.3562,3.4384,73,30,73,3.0685,3.5068,30,72,3.3472,3.4028,1,6.0,4.0,1,4.0,6.0,5,4,9,-1,nhl-tor,"{""common_opponents"": 1, ""games_played"": 1, ""head_to_head"": 1, ""home_advantage"": 1, ""last10_form"": 1, ""season_scoring"": 1, ""travel_km"": 1}"
2025021177,NHL,20252026,regular,2026-03-30,2026-03-30,nhl-stl,nhl-sjs,final,,,72,71,,,0.25,,,,,2768.2,3363.6,7,1,2,0.8,2.6528,3.1528,72,3,6,1,0.35,3.0282,3.5634,71,30,70,2.6571,3.2,30,69,3.0725,3.5942,2,2.5,1.5,2,1.5,2.5,4,5,9,1,nhl-sjs,"{""common_opponents"": 1, ""games_played"": 1, ""head_to_head"": 1, ""home_advantage"": 1, ""last10_form"": 1, ""season_scoring"": 1, ""travel_km"": 1}"
2025021178,NHL,20252026,regular,2026-03-31,2026-03-31,nhl-dal,nhl-bos,final,,,74,74,,,0.25,,,,,439.9,1033.7,4,4,2,0.5,3.4054,2.7432,74,6,2,2,0.7,3.3784,3.1081,74,30,73,3.3699,2.7534,30,73,3.3973,3.0685,1,6.0,2.0,1,2.0,6.0,3,6,9,3,nhl-bos,"{""common_opponents"": 1, ""games_played"": 1, ""head_to_head"": 1, ""home_advantage"": 1, ""last10_form"": 1, ""season_scoring"": 1, ""travel_km"": 1}"
2025021179,NHL,20252026,regular,2026-03-31,2026-03-31,nhl-nyi,nhl-buf,final,,,75,74,,,0.25,,,,,489.8,0.0,5,5,0,0.5,2.92,2.8933,75,6,2,2,0.7,3.5,2.9459,74,30,73,2.9726,2.863,30,72,3.4861,3.0,2,1.0,4.0,2,4.0,1.0,3,4,7,1,nhl-buf,"{""common_opponents"": 1, ""games_played"": 1, ""head_to_head"": 1, ""home_advantage"": 1, ""last10_form"": 1, ""season_scoring"": 1, ""travel_km"": 1}"
2025021180,NHL,20252026,regular,2026-03-31,2026-03-31,nhl-mtl,nhl-tbl,final,,,73,73,,,0.25,,,,,942.1,0.0,7,3,0,0.7,3.5342,3.1918,73,7,1,2,0.8,3.6575,2.7808,73,30,71,3.5634,3.1268,30,71,3.6056,2.7887,2,2.5,5.5,2,5.5,2.5,4,1,5,-3,nhl-mtl,"{""common_opponents"": 1, ""games_played"": 1, ""head_to_head"": 1, ""home_advantage"": 1, ""last10_form"": 1, ""season_scoring"": 1, ""travel_km"": 1}"
2025021181,NHL,20252026,regular,2026-03-31,2026-03-31,nhl-ott,nhl-fla,final,,,73,73,,,0.25,,,,,289.3,1724.3,6,3,1,0.65,3.3425,3.0685,73,4,6,0,0.4,2.9589,3.3425,73,30,71,3.3803,3.0282,30,71,2.9155,3.3803,2,2.0,4.5,2,4.5,2.0,3,6,9,3,nhl-fla,"{""common_opponents"": 1, ""games_played"": 1, ""head_to_head"": 1, ""home_advantage"": 1, ""last10_form"": 1, ""season_scoring"": 1, ""travel_km"": 1}"
2025021182,NHL,20252026,regular,2026-03-31,2026-03-31,nhl-njd,nhl-nyr,final,,,73,74,,,0.25,,,,,15.1,0.0,6,4,0,0.6,2.7945,3.0548,73,4,5,1,0.45,2.8514,3.1351,74,30,71,2.7042,3.0563,30,72,2.8472,3.0556,2,6.0,3.0,2,3.0,6.0,1,4,5,3,nhl-nyr,"{""common_opponents"": 1, ""games_played"": 1, ""head_to_head"": 1, ""home_advantage"": 1, ""last10_form"": 1, ""season_scoring"": 1, ""travel_km"": 1}"
2025021183,NHL,20252026,regular,2026-03-31,2026-03-31,nhl-det,nhl-pit,final,,,73,74,,,0.25,,,,,331.8,529.7,4,5,1,0.45,2.9452,2.9863,73,5,4,1,0.55,3.4865,3.2027,74,30,71,2.9718,2.9577,30,72,3.4722,3.2361,2,2.0,4.0,2,4.0,2.0,1,5,6,4,nhl-pit,"{""common_opponents"": 1, ""games_played"": 1, ""head_to_head"": 1, ""home_advantage"": 1, ""last10_form"": 1, ""season_scoring"": 1, ""travel_km"": 1}"
2025021184,NHL,20252026,regular,2026-03-31,2026-03-31,nhl-phi,nhl-wsh,final,,,73,74,,,0.25,,,,,194.1,3355.9,8,1,1,0.85,2.9589,3.0,73,6,2,2,0.7,3.1351,2.9595,74,30,70,2.9571,3.0429,30,71,3.1831,2.9577,3,3.0,2.0,3,2.0,3.0,4,6,10,2,nhl-wsh,"{""common_opponents"": 1, ""games_played"": 1, ""head_to_head"": 1, ""home_advantage"": 1, ""last10_form"": 1, ""season_scoring"": 1, ""travel_km"": 1}"
2025021185,NHL,20252026,regular,2026-03-31,2026-03-31,nhl-car,nhl-cbj,final,,,73,74,,,0.25,,,,,596.5,0.0,6,4,0,0.6,3.5342,2.9589,73,5,3,2,0.6,3.2027,3.0541,74,30,71,3.5634,2.9577,30,72,3.2083,3.0694,2,2.5,3.0,2,3.0,2.5,5,2,7,-3,nhl-car,"{""common_opponents"": 1, ""games_played"": 1, ""head_to_head"": 1, ""home_advantage"": 1, ""last10_form"": 1, ""season_scoring"": 1, ""travel_km"": 1}"
2025021186,NHL,20252026,regular,2026-03-31,2026-03-31,nhl-wpg,nhl-chi,final,,,73,74,,,0.25,,,,,1475.2,1133.9,5,3,2,0.6,2.863,3.0822,73,3,5,2,0.4,2.5946,3.2973,74,30,70,2.8571,3.1143,30,71,2.6056,3.3099,3,3.0,2.3333,3,2.3333,3.0,4,3,7,-1,nhl-wpg,"{""common_opponents"": 1, ""games_played"": 1, ""head_to_head"": 1, ""home_advantage"": 1, ""last10_form"": 1, ""season_scoring"": 1, ""travel_km"": 1}"
2025021187,NHL,20252026,regular,2026-03-31,2026-03-31,nhl-sea,nhl-edm,final,,,72,74,,,0.25,,,,,2790.5,0.0,3,5,2,0.4,2.8611,3.1111,72,6,3,1,0.65,3.4865,3.3919,74,30,69,2.8841,3.029,30,71,3.4225,3.4366,3,2.3333,5.0,3,5.0,2.3333,0,3,3,3,nhl-edm,"{""common_opponents"": 1, ""games_played"": 1, ""head_to_head"": 1, ""home_advantage"": 1, ""last10_form"": 1, ""season_scoring"": 1, ""travel_km"": 1}"
2025021188,NHL,20252026,regular,2026-04-01,2026-04-01,nhl-van,nhl-col,final,,,73,73,,,0.25,,,,,979.1,0.0,2,8,0,0.2,2.5616,3.7945,73,6,3,1,0.65,3.7945,2.5342,73,30,71,2.5634,3.7887,30,71,3.7887,2.5352,2,2.5,4.0,2,4.0,2.5,8,6,14,-2,nhl-van,"{""common_opponents"": 1, ""games_played"": 1, ""head_to_head"": 1, ""home_advantage"": 1, ""last10_form"": 1, ""season_scoring"": 1, ""travel_km"": 1}"
2025021189,NHL,20252026,regular,2026-04-01,2026-04-01,nhl-stl,nhl-lak,final,,,73,73,,,0.25,,,,,491.4,0.0,6,2,2,0.7,2.6712,3.1781,73,3,3,4,0.5,2.6712,3.0411,73,30,71,2.6761,3.169,30,71,2.6479,3.0563,2,2.5,3.5,2,3.5,2.5,1,2,3,1,nhl-lak,"{""common_opponents"": 1, ""games_played"": 1, ""head_to_head"": 1, ""home_advantage"": 1, ""last10_form"": 1, ""season_scoring"": 1, ""travel_km"": 1}"
2025021190,NHL,20252026,regular,2026-04-01,2026-04-01,nhl-ana,nhl-sjs,final,,,74,72,,,0.25,,,,,534.8,0.0,5,3,2,0.6,3.3649,3.4595,74,4,5,1,0.45,3.0556,3.5694,72,30,72,3.3056,3.4028,30,70,2.9857,3.5143,2,5.5,5.5,2,5.5,5.5,3,4,7,1,nhl-sjs,"{""common_opponents"": 1, ""games_played"": 1, ""head_to_head"": 1, ""home_advantage"": 1, ""last10_form"": 1, ""season_scoring"": 1, ""travel_km"": 1}"
2025021191,NHL,20252026,regular,2026-04-02,2026-04-02,nhl-buf,nhl-ott,final,,,75,74,,,0.25,,,,,357.7,2163.9,6,2,2,0.7,3.5067,2.9467,75,6,3,1,0.65,3.3378,3.1081,74,30,73,3.4521,2.9452,30,72,3.3472,3.0417,2,5.5,3.0,2,3.0,5.5,1,4,5,3,nhl-ott,"{""common_opponents"": 1, ""games_played"": 1, ""head_to_head"": 1, ""home_advantage"": 1, ""last10_form"": 1, ""season_scoring"": 1, ""travel_km"": 1}"
2025021192,NHL,20252026,regular,2026-04-02,2026-04-02,nhl-pit,nhl-tbl,final,,,75,74,,,0.25,,,,,1407.7,0.0,6,3,1,0.65,3.5067,3.1733,75,6,2,2,0.7,3.6216,2.7973,74,30,73,3.5342,3.1918,30,72,3.6528,2.8056,2,2.5,2.5,2,2.5,2.5,3,6,9,3,nhl-tbl,"{""common_opponents"": 1, ""games_played"": 1, ""head_to_head"": 1, ""home_advantage"": 1, ""last10_form"": 1, ""season_scoring"": 1, ""travel_km"": 1}"
2025021193,NHL,20252026,regular,2026-04-02,2026-04-02,nhl-bos,nhl-fla,final,,,75,74,,,0.25,,,,,1990.1,0.0,7,1,2,0.8,3.4133,3.1067,75,4,6,0,0.4,3.0,3.3378,74,30,73,3.411,3.0685,30,72,2.9583,3.3333,2,3.5,4.5,2,4.5,3.5,1,2,3,1,nhl-fla,"{""common_opponents"": 1, ""games_played"": 1, ""head_to_head"": 1, ""home_advantage"": 1, ""last10_form"": 1, ""season_scoring"": 1, ""travel_km"": 1}"
2025021194,NHL,20252026,regular,2026-04-02,2026-04-02,nhl-wsh,nhl-njd,final,,,75,74,,,0.25,,,,,317.6,15.1,6,2,2,0.7,3.1733,2.9733,75,6,4,0,0.6,2.7703,3.0676,74,30,72,3.1944,3.0,30,71,2.7887,3.0845,3,2.6667,2.3333,3,2.3333,2.6667,3,7,10,4,nhl-njd,"{""common_opponents"": 1, ""games_played"": 1, ""head_to_head"": 1, ""home_advantage"": 1, ""last10_form"": 1, ""season_scoring"": 1, ""travel_km"": 1}"
2025021195,NHL,20252026,regular,2026-04-02,2026-04-02,nhl-mtl,nhl-nyr,final,,,74,75,,,0.25,,,,,1620.1,0.0,7,3,0,0.7,3.5405,3.1622,74,4,5,1,0.45,2.8667,3.1067,75,30,72,3.5417,3.125,30,73,2.8219,3.0959,2,3.5,4.5,2,4.5,3.5,3,2,5,-1,nhl-mtl,"{""common_opponents"": 1, ""games_played"": 1, ""head_to_head"": 1, ""home_advantage"": 1, ""last10_form"": 1, ""season_scoring"": 1, ""travel_km"": 1}"
2025021196,NHL,20252026,regular,2026-04-02,2026-04-02,nhl-det,nhl-phi,final,,,74,74,,,0.25,,,,,413.6,194.1,3,6,1,0.35,2.9189,3.0135,74,7,2,1,0.75,2.973,3.0405,74,30,73,2.9178,2.9863,30,73,2.9452,3.0411,1,3.0,5.0,1,5.0,3.0,4,2,6,-2,nhl-det,"{""common_opponents"": 1, ""games_played"": 1, ""head_to_head"": 1, ""home_advantage"": 1, ""last10_form"": 1, ""season_scoring"": 1, ""travel_km"": 1}"
2025021197,NHL,20252026,regular,2026-04-02,2026-04-02,nhl-cbj,nhl-car,final,,,75,74,,,0.25,,,,,596.5,596.5,5,4,1,0.55,3.1867,3.08,75,6,4,0,0.6,3.5541,2.9459,74,30,72,3.2083,3.0694,30,71,3.5634,2.9577,3,2.6667,3.3333,3,3.3333,2.6667,1,5,6,4,nhl-car,"{""common_opponents"": 1, ""games_played"": 1, ""head_to_head"": 1, ""home_advantage"": 1, ""last10_form"": 1, ""season_scoring"": 1, ""travel_km"": 1}"
2025021198,NHL,20252026,regular,2026-04-02,2026-04-02,nhl-wpg,nhl-dal,final,,,74,75,,,0.25,,,,,1292.2,2493.3,6,2,2,0.7,2.8784,3.0811,74,3,5,2,0.4,3.4,2.7867,75,30,71,2.8592,3.0282,30,72,3.3611,2.7639,3,3.3333,4.3333,3,4.3333,3.3333,0,3,3,3,nhl-dal,"{""common_opponents"": 1, ""games_played"": 1, ""head_to_head"": 1, ""home_advantage"": 1, ""last10_form"": 1, ""season_scoring"": 1, ""travel_km"": 1}"
2025021199,NHL,20252026,regular,2026-04-02,2026-04-02,nhl-van,nhl-min,final,,,74,74,,,0.25,,,,,1134.7,1790.3,3,7,0,0.3,2.6351,3.8243,74,4,5,1,0.45,3.2703,2.9189,74,30,72,2.625,3.8333,30,72,3.2639,2.9167,2,3.0,3.5,2,3.5,3.0,2,5,7,3,nhl-min,"{""common_opponents"": 1, ""games_played"": 1, ""head_to_head"": 1, ""home_advantage"": 1, ""last10_form"": 1, ""season_scoring"": 1, ""travel_km"": 1}"
2025021200,NHL,20252026,regular,2026-04-02,2026-04-02,nhl-chi,nhl-edm,final,,,75,75,,,0.25,,,,,2306.7,0.0,2,5,3,0.35,2.6,3.3067,75,6,3,1,0.65,3.48,3.3467,75,30,73,2.6301,3.3014,30,73,3.4795,3.3973,2,1.5,3.5,2,3.5,1.5,1,3,4,2,nhl-edm,"{""common_opponents"": 1, ""games_played"": 1, ""head_to_head"": 1, ""home_advantage"": 1, ""last10_form"": 1, ""season_scoring"": 1, ""travel_km"": 1}"
2025021201,NHL,20252026,regular,2026-04-02,2026-04-02,nhl-cgy,nhl-vgk,final,,,74,75,,,0.25,,,,,979.1,0.0,6,3,1,0.65,2.5811,3.1622,74,4,4,2,0.5,3.1467,3.1467,75,30,71,2.5634,3.1127,30,72,3.0972,3.1528,3,3.0,4.3333,3,4.3333,3.0,3,6,9,3,nhl-vgk,"{""common_opponents"": 1, ""games_played"": 1, ""head_to_head"": 1, ""home_advantage"": 1, ""last10_form"": 1, ""season_scoring"": 1, ""travel_km"": 1}"
2025021202,NHL,20252026,regular,2026-04-02,2026-04-02,nhl-tor,nhl-sjs,final,,,75,73,,,0.25,,,,,534.8,0.0,5,3,2,0.6,3.1333,3.52,75,4,5,1,0.45,3.0685,3.5616,73,30,74,3.1486,3.527,30,72,3.0694,3.5833,1,2.0,3.0,1,3.0,2.0,1,4,5,3,nhl-sjs,"{""common_opponents"": 1, ""games_played"": 1, ""head_to_head"": 1, ""home_advantage"": 1, ""last10_form"": 1, ""season_scoring"": 1, ""travel_km"": 1}"
2025021203,NHL,20252026,regular,2026-04-02,2026-04-02,nhl-uta,nhl-sea,final,,,74,73,,,0.25,,,,,1548.0,907.0,4,5,1,0.45,3.1757,2.8649,74,3,5,2,0.4,2.8219,3.1096,73,30,72,3.1111,2.8611,30,71,2.8169,3.0423,2,5.5,3.0,2,3.0,5.5,6,2,8,-4,nhl-uta,"{""common_opponents"": 1, ""games_played"": 1, ""head_to_head"": 1, ""home_advantage"": 1, ""last10_form"": 1, ""season_scoring"": 1, ""travel_km"": 1}"
2025021204,NHL,20252026,regular,2026-04-02,2026-04-02,nhl-nsh,nhl-lak,final,,,74,74,,,0.25,,,,,3462.5,0.0,5,4,1,0.55,2.973,3.3243,74,4,3,3,0.55,2.6622,3.0135,74,30,73,2.9452,3.3151,30,73,2.6438,2.9863,1,5.0,4.0,1,4.0,5.0,5,4,9,-1,nhl-nsh,"{""common_opponents"": 1, ""games_played"": 1, ""head_to_head"": 1, ""home_advantage"": 1, ""last10_form"": 1, ""season_scoring"": 1, ""travel_km"": 1}"
2025021205,NHL,20252026,regular,2026-04-03,2026-04-03,nhl-phi,nhl-nyi,final,,,75,76,,,0.25,,,,,152.1,489.8,6,3,1,0.65,2.96,3.0533,75,5,5,0,0.5,2.9211,2.9079,76,30,72,2.9722,3.0417,30,73,2.9041,2.9178,3,2.6667,3.3333,3,3.3333,2.6667,4,1,5,-3,nhl-phi,"{""common_opponents"": 1, ""games_played"": 1, ""head_to_head"": 1, ""home_advantage"": 1, ""last10_form"": 1, ""season_scoring"": 1, ""travel_km"": 1}"
2025021206,NHL,20252026,regular,2026-04-03,2026-04-03,nhl-stl,nhl-ana,final,,,74,75,,,0.25,,,,,44.5,534.8,6,2,2,0.7,2.6486,3.1622,74,5,3,2,0.6,3.36,3.4667,75,30,72,2.6528,3.1944,30,73,3.3973,3.4932,2,2.5,2.0,2,2.0,2.5,6,2,8,-4,nhl-stl,"{""common_opponents"": 1, ""games_played"": 1, ""head_to_head"": 1, ""home_advantage"": 1, ""last10_form"": 1, ""season_scoring"": 1, ""travel_km"": 1}"
2025021207,NHL,20252026,regular,2026-04-04,2026-04-04,nhl-det,nhl-nyr,final,,,75,76,,,0.25,,,,,137.5,0.0,4,5,1,0.45,2.9333,3.0,75,3,6,1,0.35,2.8553,3.1053,76,30,73,2.9726,3.0137,30,74,2.8649,3.1486,2,1.5,2.5,2,2.5,1.5,1,4,5,3,nhl-nyr,"{""common_opponents"": 1, ""games_played"": 1, ""head_to_head"": 1, ""home_advantage"": 1, ""last10_form"": 1, ""season_scoring"": 1, ""travel_km"": 1}"
2025021208,NHL,20252026,regular,2026-04-04,2026-04-04,nhl-min,nhl-ott,final,,,75,75,,,0.25,,,,,1345.5,0.0,4,5,1,0.45,3.2933,2.9067,75,6,3,1,0.65,3.3467,3.08,75,30,74,3.2973,2.9189,30,74,3.3649,3.0811,1,3.0,2.0,1,2.0,3.0,4,1,5,-3,nhl-min,"{""common_opponents"": 1, ""games_played"": 1, ""head_to_head"": 1, ""home_advantage"": 1, ""last10_form"": 1, ""season_scoring"": 1, ""travel_km"": 1}"
2025021209,NHL,20252026,regular,2026-04-04,2026-04-04,nhl-col,nhl-dal,final,,,74,76,,,0.25,,,,,1066.1,0.0,5,4,1,0.55,3.8243,2.6081,74,3,5,2,0.4,3.3947,2.75,76,30,71,3.8451,2.5634,30,73,3.3836,2.726,3,3.3333,3.6667,3,3.6667,3.3333,2,0,2,-2,nhl-col,"{""common_opponents"": 1, ""games_played"": 1, ""head_to_head"": 1, ""home_advantage"": 1, ""last10_form"": 1, ""season_scoring"": 1, ""travel_km"": 1}"
2025021210,NHL,20252026,regular,2026-04-04,2026-04-04,nhl-bos,nhl-tbl,final,,,76,75,,,0.25,,,,,289.3,0.0,6,2,2,0.7,3.3816,3.0921,76,7,1,2,0.8,3.6533,2.8,75,30,74,3.3649,3.0405,30,73,3.6164,2.7671,2,4.0,5.0,2,5.0,4.0,1,3,4,2,nhl-tbl,"{""common_opponents"": 1, ""games_played"": 1, ""head_to_head"": 1, ""home_advantage"": 1, ""last10_form"": 1, ""season_scoring"": 1, ""travel_km"": 1}"
2025021211,NHL,20252026,regular,2026-04-04,2026-04-04,nhl-fla,nhl-pit,final,,,75,76,,,0.25,,,,,1588.3,1407.7,4,6,0,0.4,2.9867,3.3067,75,5,4,1,0.55,3.5,3.2105,76,30,74,2.9865,3.2838,30,75,3.48,3.2133,1,3.0,5.0,1,5.0,3.0,4,9,13,5,nhl-pit,"{""common_opponents"": 1, ""games_played"": 1, ""head_to_head"": 1, ""home_advantage"": 1, ""last10_form"": 1, ""season_scoring"": 1, ""travel_km"": 1}"
2025021212,NHL,20252026,regular,2026-04-04,2026-04-04,nhl-mtl,nhl-njd,final,,,75,75,,,0.25,,,,,15.1,0.0,8,2,0,0.8,3.5333,3.1467,75,7,3,0,0.7,2.8267,3.0667,75,30,74,3.5405,3.1351,30,74,2.8108,3.0676,1,3.0,4.0,1,4.0,3.0,4,3,7,-1,nhl-mtl,"{""common_opponents"": 1, ""games_played"": 1, ""head_to_head"": 1, ""home_advantage"": 1, ""last10_form"": 1, ""season_scoring"": 1, ""travel_km"": 1}"
2025021213,NHL,20252026,regular,2026-04-04,2026-04-04,nhl-buf,nhl-wsh,final,,,76,76,,,0.25,,,,,717.2,317.6,6,2,2,0.7,3.4737,2.9605,76,6,2,2,0.7,3.1711,3.0263,76,30,74,3.5,2.973,30,74,3.1892,3.0405,2,2.5,2.5,2,2.5,2.5,2,6,8,4,nhl-wsh,"{""common_opponents"": 1, ""games_played"": 1, ""head_to_head"": 1, ""home_advantage"": 1, ""last10_form"": 1, ""season_scoring"": 1, ""travel_km"": 1}"
2025021214,NHL,20252026,regular,2026-04-04,2026-04-04,nhl-nyi,nhl-car,final,,,77,75,,,0.25,,,,,698.4,0.0,4,6,0,0.4,2.8961,2.9221,77,7,3,0,0.7,3.5733,2.92,75,30,76,2.9079,2.8816,30,74,3.5405,2.9324,1,2.0,6.0,1,6.0,2.0,3,4,7,1,nhl-car,"{""common_opponents"": 1, ""games_played"": 1, ""head_to_head"": 1, ""home_advantage"": 1, ""last10_form"": 1, ""season_scoring"": 1, ""travel_km"": 1}"
2025021215,NHL,20252026,regular,2026-04-04,2026-04-04,nhl-wpg,nhl-cbj,final,,,75,76,,,0.25,,,,,1468.5,596.5,5,3,2,0.6,2.84,3.08,75,4,5,1,0.45,3.1579,3.1053,76,30,74,2.8108,3.0946,30,75,3.1733,3.08,1,5.0,2.0,1,2.0,5.0,2,1,3,-1,nhl-wpg,"{""common_opponents"": 1, ""games_played"": 1, ""head_to_head"": 1, ""home_advantage"": 1, ""last10_form"": 1, ""season_scoring"": 1, ""travel_km"": 1}"
2025021216,NHL,20252026,regular,2026-04-04,2026-04-04,nhl-uta,nhl-van,final,,,75,75,,,0.25,,,,,192.3,2305.3,5,4,1,0.55,3.2133,2.8533,75,2,8,0,0.2,2.6267,3.84,75,30,73,3.1644,2.8904,30,73,2.6575,3.8082,2,5.0,1.5,2,1.5,5.0,7,4,11,-3,nhl-uta,"{""common_opponents"": 1, ""games_played"": 1, ""head_to_head"": 1, ""home_advantage"": 1, ""last10_form"": 1, ""season_scoring"": 1, ""travel_km"": 1}"
2025021217,NHL,20252026,regular,2026-04-04,2026-04-04,nhl-tor,nhl-lak,final,,,76,75,,,0.25,,,,,491.4,0.0,4,4,2,0.5,3.1053,3.5263,76,3,3,4,0.5,2.68,3.04,75,30,75,3.1067,3.52,30,74,2.6622,3.0405,1,3.0,4.0,1,4.0,3.0,6,7,13,1,nhl-lak,"{""common_opponents"": 1, ""games_played"": 1, ""head_to_head"": 1, ""home_advantage"": 1, ""last10_form"": 1, ""season_scoring"": 1, ""travel_km"": 1}"
2025021218,NHL,20252026,regular,2026-04-04,2026-04-04,nhl-vgk,nhl-edm,final,,,76,76,,,0.25,,,,,1944.1,0.0,4,4,2,0.5,3.1842,3.1447,76,7,2,1,0.75,3.4737,3.3158,76,30,73,3.2055,3.1096,30,73,3.4521,3.3425,3,2.6667,4.0,3,4.0,2.6667,5,1,6,-4,nhl-vgk,"{""common_opponents"": 1, ""games_played"": 1, ""head_to_head"": 1, ""home_advantage"": 1, ""last10_form"": 1, ""season_scoring"": 1, ""travel_km"": 1}"
2025021219,NHL,20252026,regular,2026-04-04,2026-04-04,nhl-cgy,nhl-ana,final,,,75,76,,,0.25,,,,,354.4,0.0,5,4,1,0.55,2.5867,3.2,75,5,3,2,0.6,3.3421,3.5,76,30,72,2.5972,3.1944,30,73,3.3425,3.5479,3,2.3333,3.3333,3,3.3333,2.3333,5,3,8,-2,nhl-cgy,"{""common_opponents"": 1, ""games_played"": 1, ""head_to_head"": 1, ""home_advantage"": 1, ""last10_form"": 1, ""season_scoring"": 1, ""travel_km"": 1}"
2025021220,NHL,20252026,regular,2026-04-04,2026-04-04,nhl-nsh,nhl-sjs,final,,,75,74,,,0.25,,,,,491.4,0.0,6,4,0,0.6,3.0,3.3333,75,4,5,1,0.45,3.0811,3.527,74,30,74,2.9595,3.3378,30,73,3.0822,3.4932,1,6.0,3.0,1,3.0,6.0,6,3,9,-3,nhl-nsh,"{""common_opponents"": 1, ""games_played"": 1, ""head_to_head"": 1, ""home_advantage"": 1, ""last10_form"": 1, ""season_scoring"": 1, ""travel_km"": 1}"
2025021221,NHL,20252026,regular,2026-04-04,2026-04-04,nhl-chi,nhl-sea,final,,,76,74,,,0.25,,,,,907.0,0.0,2,5,3,0.35,2.5789,3.3026,76,3,5,2,0.4,2.8108,3.1486,74,30,74,2.6081,3.3108,30,72,2.8056,3.1944,2,1.5,3.0,2,3.0,1.5,4,2,6,-2,nhl-chi,"{""common_opponents"": 1, ""games_played"": 1, ""head_to_head"": 1, ""home_advantage"": 1, ""last10_form"": 1, ""season_scoring"": 1, ""travel_km"": 1}"
2025021222,NHL,20252026,regular,2026-04-05,2026-04-05,nhl-min,nhl-det,final,,,76,76,,,0.25,,,,,659.2,774.2,5,5,0,0.5,3.3026,2.8816,76,4,5,1,0.45,2.9079,3.0132,76,30,75,3.2933,2.88,30,75,2.9067,3.0,1,4.0,3.0,1,3.0,4.0,5,4,9,-1,nhl-min,"{""common_opponents"": 1, ""games_played"": 1, ""head_to_head"": 1, ""home_advantage"": 1, ""last10_form"": 1, ""season_scoring"": 1, ""travel_km"": 1}"
2025021223,NHL,20252026,regular,2026-04-05,2026-04-05,nhl-fla,nhl-pit,final,,,76,77,,,0.25,,,,,0.0,0.0,4,6,0,0.4,3.0,3.3816,76,5,4,1,0.55,3.5714,3.2208,77,30,74,2.9865,3.2838,30,75,3.48,3.2133,2,3.5,7.0,2,7.0,3.5,2,5,7,3,nhl-pit,"{""common_opponents"": 1, ""games_played"": 1, ""head_to_head"": 1, ""home_advantage"": 1, ""last10_form"": 1, ""season_scoring"": 1, ""travel_km"": 1}"
2025021224,NHL,20252026,regular,2026-04-05,2026-04-05,nhl-bos,nhl-phi,final,,,77,76,,,0.25,,,,,1488.4,152.1,6,3,1,0.65,3.3506,3.0909,77,7,3,0,0.7,2.9737,3.0263,76,30,75,3.3467,3.0933,30,74,2.973,3.0135,2,3.5,3.0,2,3.0,3.5,1,2,3,1,nhl-phi,"{""common_opponents"": 1, ""games_played"": 1, ""head_to_head"": 1, ""home_advantage"": 1, ""last10_form"": 1, ""season_scoring"": 1, ""travel_km"": 1}"
2025021225,NHL,20252026,regular,2026-04-05,2026-04-05,nhl-car,nhl-ott,final,,,76,76,,,0.25,,,,,1081.5,0.0,7,3,0,0.7,3.5789,2.9211,76,5,4,1,0.55,3.3158,3.0921,76,30,74,3.5676,2.9459,30,74,3.3514,3.0676,2,4.0,2.0,2,2.0,4.0,3,6,9,3,nhl-ott,"{""common_opponents"": 1, ""games_played"": 1, ""head_to_head"": 1, ""home_advantage"": 1, ""last10_form"": 1, ""season_scoring"": 1, ""travel_km"": 1}"
2025021226,NHL,20252026,regular,2026-04-05,2026-04-05,nhl-njd,nhl-mtl,final,,,76,76,,,0.25,,,,,531.8,531.8,6,3,1,0.65,2.8289,3.0789,76,9,1,0,0.9,3.5395,3.1447,76,30,74,2.8108,3.0676,30,74,3.5405,3.1351,2,3.5,3.5,2,3.5,3.5,3,0,3,-3,nhl-njd,"{""common_opponents"": 1, ""games_played"": 1, ""head_to_head"": 1, ""home_advantage"": 1, ""last10_form"": 1, ""season_scoring"": 1, ""travel_km"": 1}"
2025021227,NHL,20252026,regular,2026-04-05,2026-04-05,nhl-wsh,nhl-nyr,final,,,77,77,,,0.25,,,,,330.5,0.0,6,2,2,0.7,3.2078,3.013,77,4,5,1,0.45,2.8701,3.0779,77,30,74,3.2027,3.0,30,74,2.8514,3.0676,3,3.3333,3.3333,3,3.3333,3.3333,1,8,9,7,nhl-nyr,"{""common_opponents"": 1, ""games_played"": 1, ""head_to_head"": 1, ""home_advantage"": 1, ""last10_form"": 1, ""season_scoring"": 1, ""travel_km"": 1}"
2025021228,NHL,20252026,regular,2026-04-05,2026-04-05,nhl-stl,nhl-col,final,,,75,75,,,0.25,,,,,1320.9,1066.1,6,2,2,0.7,2.6933,3.1467,75,6,3,1,0.65,3.8,2.5733,75,30,74,2.7162,3.1081,30,74,3.7703,2.5946,1,1.0,6.0,1,6.0,1.0,3,2,5,-1,nhl-stl,"{""common_opponents"": 1, ""games_played"": 1, ""head_to_head"": 1, ""home_advantage"": 1, ""last10_form"": 1, ""season_scoring"": 1, ""travel_km"": 1}"
2025021229,NHL,20252026,regular,2026-04-06,2026-04-06,nhl-tbl,nhl-buf,final,,,76,77,,,0.25,,,,,1691.3,468.9,7,1,2,0.8,3.6447,2.7763,76,5,3,2,0.6,3.4545,3.0,77,30,73,3.6164,2.6575,30,74,3.3649,2.9459,3,4.3333,5.6667,3,5.6667,4.3333,2,4,6,2,nhl-buf,"{""common_opponents"": 1, ""games_played"": 1, ""head_to_head"": 1, ""home_advantage"": 1, ""last10_form"": 1, ""season_scoring"": 1, ""travel_km"": 1}"
2025021230,NHL,20252026,regular,2026-04-06,2026-04-06,nhl-sea,nhl-wpg,final,,,75,76,,,0.25,,,,,1856.2,1562.3,2,6,2,0.3,2.8,3.16,75,5,3,2,0.6,2.8289,3.0526,76,30,73,2.7671,3.2055,30,74,2.8649,3.027,2,4.0,1.5,2,1.5,4.0,2,6,8,4,nhl-wpg,"{""common_opponents"": 1, ""games_played"": 1, ""head_to_head"": 1, ""home_advantage"": 1, ""last10_form"": 1, ""season_scoring"": 1, ""travel_km"": 1}"
2025021231,NHL,20252026,regular,2026-04-06,2026-04-06,nhl-chi,nhl-sjs,final,,,77,75,,,0.25,,,,,1144.7,0.0,3,5,2,0.4,2.5974,3.2857,77,4,5,1,0.45,3.08,3.56,75,30,76,2.5526,3.2895,30,74,3.0811,3.527,1,6.0,3.0,1,3.0,6.0,2,3,5,1,nhl-sjs,"{""common_opponents"": 1, ""games_played"": 1, ""head_to_head"": 1, ""home_advantage"": 1, ""last10_form"": 1, ""season_scoring"": 1, ""travel_km"": 1}"
2025021232,NHL,20252026,regular,2026-04-06,2026-04-06,nhl-nsh,nhl-lak,final,,,76,76,,,0.25,,,,,491.4,0.0,7,3,0,0.7,3.0395,3.3289,76,4,2,4,0.6,2.7368,3.0789,76,30,74,2.9865,3.3108,30,74,2.7027,3.027,2,5.0,4.0,2,4.0,5.0,2,3,5,1,nhl-lak,"{""common_opponents"": 1, ""games_played"": 1, ""head_to_head"": 1, ""home_advantage"": 1, ""last10_form"": 1, ""season_scoring"": 1, ""travel_km"": 1}"
2025021233,NHL,20252026,regular,2026-04-07,2026-04-07,nhl-fla,nhl-mtl,final,,,77,77,,,0.25,,,,,767.0,0.0,4,6,0,0.4,2.987,3.4026,77,8,2,0,0.8,3.4935,3.1429,77,30,75,3.0133,3.3733,30,75,3.4667,3.1733,2,2.0,4.5,2,4.5,2.0,3,4,7,1,nhl-mtl,"{""common_opponents"": 1, ""games_played"": 1, ""head_to_head"": 1, ""home_advantage"": 1, ""last10_form"": 1, ""season_scoring"": 1, ""travel_km"": 1}"
2025021234,NHL,20252026,regular,2026-04-07,2026-04-07,nhl-tbl,nhl-ott,final,,,77,77,,,0.25,,,,,357.7,0.0,6,2,2,0.7,3.6234,2.7922,77,6,3,1,0.65,3.3506,3.0909,77,30,75,3.6133,2.7733,30,75,3.3467,3.0667,2,4.0,3.5,2,3.5,4.0,2,6,8,4,nhl-ott,"{""common_opponents"": 1, ""games_played"": 1, ""head_to_head"": 1, ""home_advantage"": 1, ""last10_form"": 1, ""season_scoring"": 1, ""travel_km"": 1}"
2025021235,NHL,20252026,regular,2026-04-07,2026-04-07,nhl-cbj,nhl-det,final,,,77,77,,,0.25,,,,,263.7,0.0,3,6,1,0.35,3.1299,3.0909,77,4,6,0,0.4,2.9221,3.039,77,30,75,3.0933,3.0533,30,75,2.88,3.0,2,4.5,4.5,2,4.5,4.5,4,3,7,-1,nhl-cbj,"{""common_opponents"": 1, ""games_played"": 1, ""head_to_head"": 1, ""home_advantage"": 1, ""last10_form"": 1, ""season_scoring"": 1, ""travel_km"": 1}"
2025021236,NHL,20252026,regular,2026-04-07,2026-04-07,nhl-phi,nhl-njd,final,,,77,77,,,0.25,,,,,125.6,531.8,7,3,0,0.7,2.961,3.0,77,6,3,1,0.65,2.8312,3.039,77,30,75,2.8933,3.0,30,75,2.8267,2.9733,2,5.5,3.0,2,3.0,5.5,5,1,6,-4,nhl-phi,"{""common_opponents"": 1, ""games_played"": 1, ""head_to_head"": 1, ""home_advantage"": 1, ""last10_form"": 1, ""season_scoring"": 1, ""travel_km"": 1}"
2025021237,NHL,20252026,regular,2026-04-07,2026-04-07,nhl-bos,nhl-car,final,,,78,77,,,0.25,,,,,551.9,1081.5,6,3,1,0.65,3.3205,3.0769,78,7,3,0,0.7,3.5714,2.961,77,30,76,3.3684,3.1053,30,75,3.6133,3.0,2,1.5,2.0,2,2.0,1.5,5,6,11,1,nhl-car,"{""common_opponents"": 1, ""games_played"": 1, ""head_to_head"": 1, ""home_advantage"": 1, ""last10_form"": 1, ""season_scoring"": 1, ""travel_km"": 1}"
2025021238,NHL,20252026,regular,2026-04-07,2026-04-07,nhl-col,nhl-stl,final,,,76,76,,,0.25,,,,,1280.6,1280.6,6,3,1,0.65,3.7763,2.5789,76,6,2,2,0.7,2.6974,3.1316,76,30,74,3.7703,2.5946,30,74,2.7162,3.1081,2,4.0,2.0,2,2.0,4.0,3,1,4,-2,nhl-col,"{""common_opponents"": 1, ""games_played"": 1, ""head_to_head"": 1, ""home_advantage"": 1, ""last10_form"": 1, ""season_scoring"": 1, ""travel_km"": 1}"
2025021239,NHL,20252026,regular,2026-04-07,2026-04-07,nhl-cgy,nhl-dal,final,,,76,77,,,0.25,,,,,1957.7,0.0,6,3,1,0.65,2.6184,3.1974,76,3,5,2,0.4,3.3506,2.7403,77,30,74,2.6351,3.1757,30,75,3.3333,2.76,2,2.0,4.0,2,4.0,2.0,3,4,7,1,nhl-dal,"{""common_opponents"": 1, ""games_played"": 1, ""head_to_head"": 1, ""home_advantage"": 1, ""last10_form"": 1, ""season_scoring"": 1, ""travel_km"": 1}"
2025021240,NHL,20252026,regular,2026-04-07,2026-04-07,nhl-sea,nhl-min,final,,,76,77,,,0.25,,,,,628.4,857.9,1,7,2,0.2,2.7895,3.1974,76,6,4,0,0.6,3.3247,2.8961,77,30,74,2.8243,3.1892,30,75,3.32,2.9333,2,1.5,3.5,2,3.5,1.5,2,5,7,3,nhl-min,"{""common_opponents"": 1, ""games_played"": 1, ""head_to_head"": 1, ""home_advantage"": 1, ""last10_form"": 1, ""season_scoring"": 1, ""travel_km"": 1}"
2025021241,NHL,20252026,regular,2026-04-07,2026-04-07,nhl-edm,nhl-uta,final,,,77,76,,,0.25,,,,,1425.9,1290.1,7,3,0,0.7,3.4416,3.3377,77,6,4,0,0.6,3.2632,2.8684,76,30,75,3.3867,3.36,30,74,3.2838,2.7973,2,5.5,2.5,2,2.5,5.5,5,6,11,1,nhl-uta,"{""common_opponents"": 1, ""games_played"": 1, ""head_to_head"": 1, ""home_advantage"": 1, ""last10_form"": 1, ""season_scoring"": 1, ""travel_km"": 1}"
2025021242,NHL,20252026,regular,2026-04-07,2026-04-07,nhl-vgk,nhl-van,final,,,77,76,,,0.25,,,,,817.2,0.0,4,4,2,0.5,3.2078,3.1169,77,2,8,0,0.2,2.6447,3.8816,76,30,75,3.1733,3.1467,30,74,2.6622,3.8649,2,4.5,2.0,2,2.0,4.5,2,1,3,-1,nhl-vgk,"{""common_opponents"": 1, ""games_played"": 1, ""head_to_head"": 1, ""home_advantage"": 1, ""last10_form"": 1, ""season_scoring"": 1, ""travel_km"": 1}"
2025021243,NHL,20252026,regular,2026-04-07,2026-04-07,nhl-nsh,nhl-ana,final,,,77,77,,,0.25,,,,,44.5,0.0,6,3,1,0.65,3.026,3.3247,77,4,4,2,0.5,3.3377,3.5195,77,30,76,3.0395,3.3026,30,76,3.3158,3.5395,1,2.0,5.0,1,5.0,2.0,5,0,5,-5,nhl-nsh,"{""common_opponents"": 1, ""games_played"": 1, ""head_to_head"": 1, ""home_advantage"": 1, ""last10_form"": 1, ""season_scoring"": 1, ""travel_km"": 1}"
2025021244,NHL,20252026,regular,2026-04-08,2026-04-08,nhl-buf,nhl-nyr,final,,,78,78,,,0.25,,,,,468.5,0.0,5,3,2,0.6,3.4615,2.9872,78,5,4,1,0.55,2.9359,3.0513,78,30,76,3.4868,2.9868,30,76,2.9342,3.0658,2,2.5,3.0,2,3.0,2.5,5,3,8,-2,nhl-buf,"{""common_opponents"": 1, ""games_played"": 1, ""head_to_head"": 1, ""home_advantage"": 1, ""last10_form"": 1, ""season_scoring"": 1, ""travel_km"": 1}"
2025021245,NHL,20252026,regular,2026-04-08,2026-04-08,nhl-wsh,nhl-tor,final,,,78,77,,,0.25,,,,,547.8,3497.0,6,3,1,0.65,3.1795,3.0769,78,4,4,2,0.5,3.1429,3.5714,77,30,76,3.1579,3.1316,30,75,3.2,3.56,2,4.0,1.0,2,1.0,4.0,4,0,4,-4,nhl-wsh,"{""common_opponents"": 1, ""games_played"": 1, ""head_to_head"": 1, ""home_advantage"": 1, ""last10_form"": 1, ""season_scoring"": 1, ""travel_km"": 1}"
2025021246,NHL,20252026,regular,2026-04-08,2026-04-08,nhl-edm,nhl-sjs,final,,,78,76,,,0.25,,,,,943.5,0.0,6,3,1,0.65,3.4615,3.3718,78,5,4,1,0.55,3.0789,3.5395,76,30,75,3.4267,3.36,30,73,3.0548,3.5068,3,4.3333,3.6667,3,3.6667,4.3333,5,2,7,-3,nhl-edm,"{""common_opponents"": 1, ""games_played"": 1, ""head_to_head"": 1, ""home_advantage"": 1, ""last10_form"": 1, ""season_scoring"": 1, ""travel_km"": 1}"
2025021247,NHL,20252026,regular,2026-04-09,2026-04-09,nhl-cbj,nhl-buf,final,,,78,79,,,0.25,,,,,347.1,468.5,3,6,1,0.35,3.141,3.0897,78,5,3,2,0.6,3.481,2.9873,79,30,76,3.1053,3.1184,30,77,3.5195,2.9481,2,4.5,2.0,2,2.0,4.5,0,5,5,5,nhl-buf,"{""common_opponents"": 1, ""games_played"": 1, ""head_to_head"": 1, ""home_advantage"": 1, ""last10_form"": 1, ""season_scoring"": 1, ""travel_km"": 1}"
2025021248,NHL,20252026,regular,2026-04-09,2026-04-09,nhl-tbl,nhl-mtl,final,,,78,78,,,0.25,,,,,185.4,0.0,5,3,2,0.6,3.6026,2.8333,78,9,1,0,0.9,3.5,3.141,78,30,75,3.5867,2.8267,30,75,3.52,3.1067,3,4.0,3.0,3,3.0,4.0,1,2,3,1,nhl-mtl,"{""common_opponents"": 1, ""games_played"": 1, ""head_to_head"": 1, ""home_advantage"": 1, ""last10_form"": 1, ""season_scoring"": 1, ""travel_km"": 1}"
2025021249,NHL,20252026,regular,2026-04-09,2026-04-09,nhl-fla,nhl-ott,final,,,78,78,,,0.25,,,,,185.4,0.0,3,6,1,0.35,2.9872,3.4103,78,6,3,1,0.65,3.3846,3.0769,78,30,75,2.9067,3.4533,30,75,3.4267,3.0,3,5.0,2.3333,3,2.3333,5.0,1,5,6,4,nhl-ott,"{""common_opponents"": 1, ""games_played"": 1, ""head_to_head"": 1, ""home_advantage"": 1, ""last10_form"": 1, ""season_scoring"": 1, ""travel_km"": 1}"
2025021250,NHL,20252026,regular,2026-04-09,2026-04-09,nhl-phi,nhl-det,final,,,78,78,,,0.25,,,,,760.3,0.0,7,3,0,0.7,2.9872,2.9744,78,3,6,1,0.35,2.9231,3.0513,78,30,76,2.9737,2.9605,30,76,2.9079,3.0395,2,3.5,3.5,2,3.5,3.5,3,6,9,3,nhl-det,"{""common_opponents"": 1, ""games_played"": 1, ""head_to_head"": 1, ""home_advantage"": 1, ""last10_form"": 1, ""season_scoring"": 1, ""travel_km"": 1}"
2025021251,NHL,20252026,regular,2026-04-09,2026-04-09,nhl-pit,nhl-njd,final,,,78,78,,,0.25,,,,,492.3,0.0,6,4,0,0.6,3.5897,3.2051,78,5,4,1,0.55,2.8077,3.0641,78,30,75,3.6133,3.28,30,75,2.8667,3.0667,3,3.0,1.3333,3,1.3333,3.0,5,2,7,-3,nhl-pit,"{""common_opponents"": 1, ""games_played"": 1, ""head_to_head"": 1, ""home_advantage"": 1, ""last10_form"": 1, ""season_scoring"": 1, ""travel_km"": 1}"
2025021252,NHL,20252026,regular,2026-04-09,2026-04-09,nhl-tor,nhl-nyi,final,,,78,78,,,0.25,,,,,568.2,698.4,3,5,2,0.4,3.1026,3.5769,78,3,7,0,0.3,2.8974,2.9359,78,30,76,3.1316,3.5789,30,76,2.8816,2.9605,2,2.0,3.5,2,3.5,2.0,3,5,8,2,nhl-nyi,"{""common_opponents"": 1, ""games_played"": 1, ""head_to_head"": 1, ""home_advantage"": 1, ""last10_form"": 1, ""season_scoring"": 1, ""travel_km"": 1}"
2025021253,NHL,20252026,regular,2026-04-09,2026-04-09,nhl-wpg,nhl-stl,final,,,77,77,,,0.25,,,,,1367.8,0.0,6,3,1,0.65,2.8701,3.039,77,6,2,2,0.7,2.6753,3.1299,77,30,74,2.9054,3.1081,30,74,2.7297,3.1757,3,2.0,1.3333,3,1.3333,2.0,3,2,5,-1,nhl-wpg,"{""common_opponents"": 1, ""games_played"": 1, ""head_to_head"": 1, ""home_advantage"": 1, ""last10_form"": 1, ""season_scoring"": 1, ""travel_km"": 1}"
2025021254,NHL,20252026,regular,2026-04-09,2026-04-09,nhl-min,nhl-dal,final,,,78,78,,,0.25,,,,,1388.7,0.0,7,3,0,0.7,3.3462,2.8846,78,3,5,2,0.4,3.359,2.7436,78,30,75,3.36,2.8933,30,75,3.3867,2.7333,3,3.0,2.6667,3,2.6667,3.0,4,5,9,1,nhl-dal,"{""common_opponents"": 1, ""games_played"": 1, ""head_to_head"": 1, ""home_advantage"": 1, ""last10_form"": 1, ""season_scoring"": 1, ""travel_km"": 1}"
2025021255,NHL,20252026,regular,2026-04-09,2026-04-09,nhl-car,nhl-chi,final,,,78,78,,,0.25,,,,,1027.5,2955.3,7,3,0,0.7,3.6026,2.9872,78,2,6,2,0.3,2.5897,3.2821,78,30,77,3.6104,2.974,30,77,2.5714,3.2857,1,3.0,4.0,1,4.0,3.0,7,2,9,-5,nhl-car,"{""common_opponents"": 1, ""games_played"": 1, ""head_to_head"": 1, ""home_advantage"": 1, ""last10_form"": 1, ""season_scoring"": 1, ""travel_km"": 1}"
2025021256,NHL,20252026,regular,2026-04-09,2026-04-09,nhl-cgy,nhl-col,final,,,77,77,,,0.25,,,,,1066.1,1280.6,6,2,2,0.7,2.6234,3.2078,77,7,3,0,0.7,3.7662,2.5584,77,30,76,2.6316,3.1316,30,76,3.6974,2.5658,1,2.0,9.0,1,9.0,2.0,1,3,4,2,nhl-col,"{""common_opponents"": 1, ""games_played"": 1, ""head_to_head"": 1, ""home_advantage"": 1, ""last10_form"": 1, ""season_scoring"": 1, ""travel_km"": 1}"
2025021257,NHL,20252026,regular,2026-04-09,2026-04-09,nhl-nsh,nhl-uta,final,,,78,77,,,0.25,,,,,936.7,0.0,6,3,1,0.65,3.0513,3.2821,78,7,3,0,0.7,3.2987,2.8961,77,30,75,3.0667,3.2667,30,74,3.2838,2.9054,3,2.6667,3.6667,3,3.6667,2.6667,1,4,5,3,nhl-uta,"{""common_opponents"": 1, ""games_played"": 1, ""head_to_head"": 1, ""home_advantage"": 1, ""last10_form"": 1, ""season_scoring"": 1, ""travel_km"": 1}"
2025021258,NHL,20252026,regular,2026-04-09,2026-04-09,nhl-sjs,nhl-ana,final,,,77,78,,,0.25,,,,,534.8,0.0,5,4,1,0.55,3.0649,3.5584,77,4,5,1,0.45,3.2949,3.5385,78,30,74,2.9865,3.5135,30,75,3.24,3.48,3,5.0,4.6667,3,4.6667,5.0,1,6,7,5,nhl-ana,"{""common_opponents"": 1, ""games_played"": 1, ""head_to_head"": 1, ""home_advantage"": 1, ""last10_form"": 1, ""season_scoring"": 1, ""travel_km"": 1}"
2025021259,NHL,20252026,regular,2026-04-09,2026-04-09,nhl-vgk,nhl-sea,final,,,78,77,,,0.25,,,,,192.3,2253.9,5,3,2,0.6,3.1923,3.0897,78,1,7,2,0.2,2.7792,3.2208,77,30,76,3.2368,3.1053,30,75,2.7867,3.2667,2,1.5,2.5,2,2.5,1.5,3,4,7,1,nhl-sea,"{""common_opponents"": 1, ""games_played"": 1, ""head_to_head"": 1, ""home_advantage"": 1, ""last10_form"": 1, ""season_scoring"": 1, ""travel_km"": 1}"
2025021260,NHL,20252026,regular,2026-04-09,2026-04-09,nhl-van,nhl-lak,final,,,77,77,,,0.25,,,,,1740.2,0.0,1,9,0,0.1,2.6234,3.8571,77,4,2,4,0.6,2.7403,3.0649,77,30,75,2.68,3.88,30,75,2.7333,3.1333,2,0.5,3.0,2,3.0,0.5,1,4,5,3,nhl-lak,"{""common_opponents"": 1, ""games_played"": 1, ""head_to_head"": 1, ""home_advantage"": 1, ""last10_form"": 1, ""season_scoring"": 1, ""travel_km"": 1}"
2025021261,NHL,20252026,regular,2026-04-11,2026-04-11,nhl-tbl,nhl-bos,final,,,79,79,,,0.25,,,,,401.7,983.8,5,4,1,0.55,3.5696,2.8228,79,5,3,2,0.6,3.3418,3.1139,79,30,76,3.5395,2.8158,30,76,3.3553,3.0658,3,4.3333,3.0,3,3.0,4.3333,2,1,3,-1,nhl-tbl,"{""common_opponents"": 1, ""games_played"": 1, ""head_to_head"": 1, ""home_advantage"": 1, ""last10_form"": 1, ""season_scoring"": 1, ""travel_km"": 1}"
2025021262,NHL,20252026,regular,2026-04-11,2026-04-11,nhl-ott,nhl-nyi,final,,,79,79,,,0.25,,,,,540.2,0.0,6,3,1,0.65,3.4051,3.0506,79,4,6,0,0.4,2.9241,2.9367,79,30,77,3.4026,3.039,30,77,2.9091,2.9221,2,3.5,3.5,2,3.5,3.5,3,0,3,-3,nhl-ott,"{""common_opponents"": 1, ""games_played"": 1, ""head_to_head"": 1, ""home_advantage"": 1, ""last10_form"": 1, ""season_scoring"": 1, ""travel_km"": 1}"
2025021263,NHL,20252026,regular,2026-04-11,2026-04-11,nhl-wsh,nhl-pit,final,,,79,79,,,0.25,,,,,359.8,492.3,6,3,1,0.65,3.1899,3.038,79,6,4,0,0.6,3.6076,3.1899,79,30,78,3.1923,3.0128,30,78,3.5897,3.1923,1,3.0,5.0,1,5.0,3.0,6,3,9,-3,nhl-wsh,"{""common_opponents"": 1, ""games_played"": 1, ""head_to_head"": 1, ""home_advantage"": 1, ""last10_form"": 1, ""season_scoring"": 1, ""travel_km"": 1}"
2025021264,NHL,20252026,regular,2026-04-11,2026-04-11,nhl-edm,nhl-lak,final,,,79,78,,,0.25,,,,,491.4,0.0,6,3,1,0.65,3.481,3.3544,79,5,2,3,0.65,2.7564,3.0385,78,30,77,3.4286,3.3766,30,76,2.7632,2.9737,2,5.5,2.5,2,2.5,5.5,0,1,1,1,nhl-lak,"{""common_opponents"": 1, ""games_played"": 1, ""head_to_head"": 1, ""home_advantage"": 1, ""last10_form"": 1, ""season_scoring"": 1, ""travel_km"": 1}"
2025021265,NHL,20252026,regular,2026-04-11,2026-04-11,nhl-njd,nhl-det,final,,,79,79,,,0.25,,,,,760.3,0.0,5,4,1,0.55,2.7975,3.0886,79,3,6,1,0.35,2.962,3.0506,79,30,77,2.8182,3.0909,30,77,2.961,3.0779,2,2.0,3.0,2,3.0,2.0,5,3,8,-2,nhl-njd,"{""common_opponents"": 1, ""games_played"": 1, ""head_to_head"": 1, ""home_advantage"": 1, ""last10_form"": 1, ""season_scoring"": 1, ""travel_km"": 1}"
2025021266,NHL,20252026,regular,2026-04-11,2026-04-11,nhl-stl,nhl-chi,final,,,78,79,,,0.25,,,,,420.6,0.0,6,3,1,0.65,2.6667,3.1282,78,2,6,2,0.3,2.5823,3.3291,79,30,75,2.6533,3.0267,30,76,2.4605,3.3421,3,3.0,5.6667,3,5.6667,3.0,5,3,8,-2,nhl-stl,"{""common_opponents"": 1, ""games_played"": 1, ""head_to_head"": 1, ""home_advantage"": 1, ""last10_form"": 1, ""season_scoring"": 1, ""travel_km"": 1}"
2025021267,NHL,20252026,regular,2026-04-11,2026-04-11,nhl-min,nhl-nsh,final,,,79,79,,,0.25,,,,,992.3,2238.2,6,4,0,0.6,3.3544,2.9114,79,5,4,1,0.55,3.0253,3.2911,79,30,76,3.3421,2.8947,30,76,3.0132,3.2763,3,3.6667,3.3333,3,3.3333,3.6667,1,2,3,1,nhl-nsh,"{""common_opponents"": 1, ""games_played"": 1, ""head_to_head"": 1, ""home_advantage"": 1, ""last10_form"": 1, ""season_scoring"": 1, ""travel_km"": 1}"
2025021268,NHL,20252026,regular,2026-04-11,2026-04-11,nhl-nyr,nhl-dal,final,,,79,79,,,0.25,,,,,2208.2,0.0,5,4,1,0.55,2.9367,3.0759,79,4,5,1,0.45,3.3797,2.7595,79,30,78,2.9359,3.0897,30,78,3.3974,2.7564,1,3.0,2.0,1,2.0,3.0,0,2,2,2,nhl-dal,"{""common_opponents"": 1, ""games_played"": 1, ""head_to_head"": 1, ""home_advantage"": 1, ""last10_form"": 1, ""season_scoring"": 1, ""travel_km"": 1}"
2025021269,NHL,20252026,regular,2026-04-11,2026-04-11,nhl-car,nhl-uta,final,,,79,78,,,0.25,,,,,2020.1,0.0,7,3,0,0.7,3.6456,2.9747,79,7,3,0,0.7,3.3077,2.8718,78,30,78,3.6282,2.9615,30,77,3.2987,2.8442,1,5.0,4.0,1,4.0,5.0,4,1,5,-3,nhl-car,"{""common_opponents"": 1, ""games_played"": 1, ""head_to_head"": 1, ""home_advantage"": 1, ""last10_form"": 1, ""season_scoring"": 1, ""travel_km"": 1}"
2025021270,NHL,20252026,regular,2026-04-11,2026-04-11,nhl-fla,nhl-tor,final,,,79,79,,,0.25,,,,,329.8,568.2,3,6,1,0.35,2.962,3.4304,79,3,5,2,0.4,3.1013,3.5949,79,30,76,2.9868,3.4474,30,76,3.1053,3.6447,3,2.3333,3.0,3,3.0,2.3333,6,2,8,-4,nhl-fla,"{""common_opponents"": 1, ""games_played"": 1, ""head_to_head"": 1, ""home_advantage"": 1, ""last10_form"": 1, ""season_scoring"": 1, ""travel_km"": 1}"
2025021271,NHL,20252026,regular,2026-04-11,2026-04-11,nhl-cbj,nhl-mtl,final,,,79,79,,,0.25,,,,,513.7,0.0,2,7,1,0.25,3.1013,3.1139,79,9,1,0,0.9,3.481,3.1139,79,30,77,3.1169,3.1299,30,77,3.5065,3.1299,2,2.5,2.5,2,2.5,2.5,5,2,7,-3,nhl-cbj,"{""common_opponents"": 1, ""games_played"": 1, ""head_to_head"": 1, ""home_advantage"": 1, ""last10_form"": 1, ""season_scoring"": 1, ""travel_km"": 1}"
2025021272,NHL,20252026,regular,2026-04-11,2026-04-11,nhl-phi,nhl-wpg,final,,,79,78,,,0.25,,,,,1368.9,1367.8,6,4,0,0.6,2.9873,3.0127,79,7,2,1,0.75,2.8718,3.0256,78,30,78,3.0,2.9872,30,77,2.8442,3.039,1,2.0,5.0,1,5.0,2.0,7,1,8,-6,nhl-phi,"{""common_opponents"": 1, ""games_played"": 1, ""head_to_head"": 1, ""home_advantage"": 1, ""last10_form"": 1, ""season_scoring"": 1, ""travel_km"": 1}"
2025021273,NHL,20252026,regular,2026-04-11,2026-04-11,nhl-cgy,nhl-sea,final,,,78,78,,,0.25,,,,,1641.2,0.0,5,3,2,0.6,2.6026,3.2051,78,2,6,2,0.3,2.7949,3.2179,78,30,76,2.6053,3.1974,30,76,2.7763,3.2368,2,2.5,3.5,2,3.5,2.5,1,4,5,3,nhl-sea,"{""common_opponents"": 1, ""games_played"": 1, ""head_to_head"": 1, ""home_advantage"": 1, ""last10_form"": 1, ""season_scoring"": 1, ""travel_km"": 1}"
2025021274,NHL,20252026,regular,2026-04-11,2026-04-11,nhl-vgk,nhl-col,final,,,79,78,,,0.25,,,,,1641.2,0.0,5,2,3,0.65,3.1899,3.1013,79,7,3,0,0.7,3.7564,2.5385,78,30,77,3.1818,3.0519,30,76,3.7237,2.5132,2,3.5,5.0,2,5.0,3.5,3,2,5,-1,nhl-vgk,"{""common_opponents"": 1, ""games_played"": 1, ""head_to_head"": 1, ""home_advantage"": 1, ""last10_form"": 1, ""season_scoring"": 1, ""travel_km"": 1}"
2025021275,NHL,20252026,regular,2026-04-11,2026-04-11,nhl-van,nhl-sjs,final,,,78,78,,,0.25,,,,,491.4,534.8,1,9,0,0.1,2.6026,3.859,78,5,4,1,0.55,3.0385,3.5897,78,30,75,2.6133,3.8267,30,75,2.9733,3.64,3,2.3333,4.6667,3,4.6667,2.3333,4,3,7,-1,nhl-van,"{""common_opponents"": 1, ""games_played"": 1, ""head_to_head"": 1, ""home_advantage"": 1, ""last10_form"": 1, ""season_scoring"": 1, ""travel_km"": 1}"
2025021276,NHL,20252026,regular,2026-04-12,2026-04-12,nhl-pit,nhl-wsh,final,,,80,80,,,0.25,,,,,306.5,306.5,6,4,0,0.6,3.6,3.225,80,6,3,1,0.65,3.225,3.0375,80,30,78,3.5897,3.1923,30,78,3.1923,3.0128,2,4.0,4.5,2,4.5,4.0,0,3,3,3,nhl-wsh,"{""common_opponents"": 1, ""games_played"": 1, ""head_to_head"": 1, ""home_advantage"": 1, ""last10_form"": 1, ""season_scoring"": 1, ""travel_km"": 1}"
2025021277,NHL,20252026,regular,2026-04-12,2026-04-12,nhl-mtl,nhl-nyi,final,,,80,80,,,0.25,,,,,532.1,0.0,8,2,0,0.8,3.4625,3.1375,80,4,6,0,0.4,2.8875,2.9375,80,30,78,3.4231,3.1282,30,78,2.8718,2.8846,2,5.0,3.5,2,3.5,5.0,4,1,5,-3,nhl-mtl,"{""common_opponents"": 1, ""games_played"": 1, ""head_to_head"": 1, ""home_advantage"": 1, ""last10_form"": 1, ""season_scoring"": 1, ""travel_km"": 1}"
2025021278,NHL,20252026,regular,2026-04-12,2026-04-12,nhl-bos,nhl-cbj,final,,,80,80,,,0.25,,,,,1033.7,984.6,4,4,2,0.5,3.3125,3.1,80,3,6,1,0.35,3.125,3.1,80,30,78,3.2949,3.1154,30,78,3.141,3.0769,2,4.0,2.5,2,2.5,4.0,3,2,5,-1,nhl-bos,"{""common_opponents"": 1, ""games_played"": 1, ""head_to_head"": 1, ""home_advantage"": 1, ""last10_form"": 1, ""season_scoring"": 1, ""travel_km"": 1}"
2025021279,NHL,20252026,regular,2026-04-12,2026-04-12,nhl-ott,nhl-njd,final,,,80,80,,,0.25,,,,,37.5,760.3,6,3,1,0.65,3.4,3.0125,80,5,4,1,0.55,2.825,3.0875,80,30,78,3.3974,3.0256,30,78,2.8333,3.0769,2,3.5,2.5,2,2.5,3.5,3,4,7,1,nhl-njd,"{""common_opponents"": 1, ""games_played"": 1, ""head_to_head"": 1, ""home_advantage"": 1, ""last10_form"": 1, ""season_scoring"": 1, ""travel_km"": 1}"
2025021280,NHL,20252026,regular,2026-04-12,2026-04-12,nhl-van,nhl-ana,final,,,79,79,,,0.25,,,,,534.8,0.0,2,8,0,0.2,2.6203,3.8481,79,4,5,1,0.45,3.3291,3.5063,79,30,76,2.5921,3.8816,30,76,3.3421,3.5132,3,3.3333,3.0,3,3.0,3.3333,4,3,7,-1,nhl-van,"{""common_opponents"": 1, ""games_played"": 1, ""head_to_head"": 1, ""home_advantage"": 1, ""last10_form"": 1, ""season_scoring"": 1, ""travel_km"": 1}"
2025021281,NHL,20252026,regular,2026-04-12,2026-04-12,nhl-uta,nhl-cgy,final,,,79,79,,,0.25,,,,,1153.8,710.8,6,4,0,0.6,3.2785,2.8861,79,4,4,2,0.5,2.5823,3.2152,79,30,77,3.3247,2.9221,30,77,2.6104,3.2597,2,1.5,1.5,2,1.5,1.5,1,4,5,3,nhl-cgy,"{""common_opponents"": 1, ""games_played"": 1, ""head_to_head"": 1, ""home_advantage"": 1, ""last10_form"": 1, ""season_scoring"": 1, ""travel_km"": 1}"
2025021282,NHL,20252026,regular,2026-04-13,2026-04-13,nhl-det,nhl-tbl,final,,,80,80,,,0.25,,,,,1601.9,1905.0,3,6,1,0.35,2.9625,3.075,80,5,4,1,0.55,3.55,2.8,80,30,77,3.0,3.0519,30,77,3.5455,2.8312,3,2.0,3.6667,3,3.6667,2.0,3,4,7,1,nhl-tbl,"{""common_opponents"": 1, ""games_played"": 1, ""head_to_head"": 1, ""home_advantage"": 1, ""last10_form"": 1, ""season_scoring"": 1, ""travel_km"": 1}"
2025021283,NHL,20252026,regular,2026-04-13,2026-04-13,nhl-nyr,nhl-fla,final,,,80,80,,,0.25,,,,,1755.1,1946.1,5,5,0,0.5,2.9,3.0625,80,3,6,1,0.35,3.0,3.4125,80,30,78,2.8718,3.1154,30,78,3.0513,3.3974,2,4.0,1.0,2,1.0,4.0,2,3,5,1,nhl-fla,"{""common_opponents"": 1, ""games_played"": 1, ""head_to_head"": 1, ""home_advantage"": 1, ""last10_form"": 1, ""season_scoring"": 1, ""travel_km"": 1}"
2025021284,NHL,20252026,regular,2026-04-13,2026-04-13,nhl-car,nhl-phi,final,,,80,80,,,0.25,,,,,3091.8,2044.7,7,3,0,0.7,3.65,2.95,80,7,3,0,0.7,3.0375,2.9875,80,30,77,3.6494,2.961,30,77,3.0519,2.961,3,3.6667,2.6667,3,2.6667,3.6667,2,3,5,1,nhl-phi,"{""common_opponents"": 1, ""games_played"": 1, ""head_to_head"": 1, ""home_advantage"": 1, ""last10_form"": 1, ""season_scoring"": 1, ""travel_km"": 1}"
2025021285,NHL,20252026,regular,2026-04-13,2026-04-13,nhl-dal,nhl-tor,final,,,80,80,,,0.25,,,,,1936.1,0.0,5,4,1,0.55,3.3625,2.725,80,3,6,1,0.35,3.0875,3.625,80,30,79,3.3418,2.7468,30,79,3.1139,3.6076,1,5.0,1.0,1,1.0,5.0,6,5,11,-1,nhl-dal,"{""common_opponents"": 1, ""games_played"": 1, ""head_to_head"": 1, ""home_advantage"": 1, ""last10_form"": 1, ""season_scoring"": 1, ""travel_km"": 1}"
2025021286,NHL,20252026,regular,2026-04-13,2026-04-13,nhl-min,nhl-stl,final,,,80,79,,,0.25,,,,,408.3,420.6,6,4,0,0.6,3.325,2.9,80,6,3,1,0.65,2.6962,3.1266,79,30,78,3.3333,2.9359,30,77,2.7273,3.1299,2,3.0,1.5,2,1.5,3.0,3,6,9,3,nhl-stl,"{""common_opponents"": 1, ""games_played"": 1, ""head_to_head"": 1, ""home_advantage"": 1, ""last10_form"": 1, ""season_scoring"": 1, ""travel_km"": 1}"
2025021287,NHL,20252026,regular,2026-04-13,2026-04-13,nhl-sjs,nhl-nsh,final,,,79,80,,,0.25,,,,,3114.1,0.0,5,3,2,0.6,3.038,3.5949,79,5,4,1,0.55,3.0125,3.2625,80,30,77,3.039,3.5325,30,78,2.9359,3.2692,2,3.0,6.0,2,6.0,3.0,3,2,5,-1,nhl-sjs,"{""common_opponents"": 1, ""games_played"": 1, ""head_to_head"": 1, ""home_advantage"": 1, ""last10_form"": 1, ""season_scoring"": 1, ""travel_km"": 1}"
2025021288,NHL,20252026,regular,2026-04-13,2026-04-13,nhl-buf,nhl-chi,final,,,80,80,,,0.25,,,,,730.7,0.0,5,3,2,0.6,3.5,2.95,80,2,7,1,0.25,2.5875,3.35,80,30,79,3.4304,2.9494,30,79,2.5823,3.2785,1,9.0,3.0,1,3.0,9.0,5,1,6,-4,nhl-buf,"{""common_opponents"": 1, ""games_played"": 1, ""head_to_head"": 1, ""home_advantage"": 1, ""last10_form"": 1, ""season_scoring"": 1, ""travel_km"": 1}"
2025021289,NHL,20252026,regular,2026-04-13,2026-04-13,nhl-col,nhl-edm,final,,,79,80,,,0.25,,,,,1662.8,2201.0,6,3,1,0.65,3.7342,2.5443,79,6,3,1,0.65,3.4375,3.325,80,30,77,3.6753,2.5455,30,78,3.4615,3.2564,2,6.0,2.5,2,2.5,6.0,2,1,3,-1,nhl-col,"{""common_opponents"": 1, ""games_played"": 1, ""head_to_head"": 1, ""home_advantage"": 1, ""last10_form"": 1, ""season_scoring"": 1, ""travel_km"": 1}"
2025021290,NHL,20252026,regular,2026-04-13,2026-04-13,nhl-wpg,nhl-vgk,final,,,79,80,,,0.25,,,,,2111.0,979.1,7,3,0,0.7,2.8481,3.0759,79,6,1,3,0.75,3.1875,3.0875,80,30,77,2.8312,3.0909,30,78,3.2051,3.0769,2,3.5,2.5,2,2.5,3.5,2,6,8,4,nhl-vgk,"{""common_opponents"": 1, ""games_played"": 1, ""head_to_head"": 1, ""home_advantage"": 1, ""last10_form"": 1, ""season_scoring"": 1, ""travel_km"": 1}"
2025021291,NHL,20252026,regular,2026-04-13,2026-04-13,nhl-lak,nhl-sea,final,,,79,79,,,0.25,,,,,1548.0,0.0,6,1,3,0.75,2.7342,3.0,79,3,5,2,0.4,2.8101,3.1899,79,30,76,2.7632,2.9868,30,76,2.7895,3.2368,3,2.0,3.3333,3,3.3333,2.0,5,3,8,-2,nhl-lak,"{""common_opponents"": 1, ""games_played"": 1, ""head_to_head"": 1, ""home_advantage"": 1, ""last10_form"": 1, ""season_scoring"": 1, ""travel_km"": 1}"
2025021292,NHL,20252026,regular,2026-04-14,2026-04-14,nhl-njd,nhl-bos,final,,,81,81,,,0.25,,,,,316.0,1033.7,5,4,1,0.55,2.8395,3.0864,81,5,3,2,0.6,3.3086,3.0864,81,30,79,2.8481,3.0759,30,79,3.3038,3.1013,2,2.5,3.5,2,3.5,2.5,0,4,4,4,nhl-bos,"{""common_opponents"": 1, ""games_played"": 1, ""head_to_head"": 1, ""home_advantage"": 1, ""last10_form"": 1, ""season_scoring"": 1, ""travel_km"": 1}"
2025021293,NHL,20252026,regular,2026-04-14,2026-04-14,nhl-car,nhl-nyi,final,,,81,81,,,0.25,,,,,152.1,0.0,7,2,1,0.75,3.6296,2.9506,81,3,7,0,0.3,2.8642,2.9506,81,30,79,3.5949,2.962,30,79,2.8734,2.8987,2,5.0,2.5,2,2.5,5.0,2,1,3,-1,nhl-car,"{""common_opponents"": 1, ""games_played"": 1, ""head_to_head"": 1, ""home_advantage"": 1, ""last10_form"": 1, ""season_scoring"": 1, ""travel_km"": 1}"
2025021294,NHL,20252026,regular,2026-04-14,2026-04-14,nhl-mtl,nhl-phi,final,,,81,81,,,0.25,,,,,152.1,0.0,8,2,0,0.8,3.4691,3.1111,81,7,3,0,0.7,3.037,2.9753,81,30,79,3.4937,3.0759,30,79,3.0,2.9873,2,2.5,4.5,2,4.5,2.5,2,4,6,2,nhl-phi,"{""common_opponents"": 1, ""games_played"": 1, ""head_to_head"": 1, ""home_advantage"": 1, ""last10_form"": 1, ""season_scoring"": 1, ""travel_km"": 1}"
2025021295,NHL,20252026,regular,2026-04-14,2026-04-14,nhl-wsh,nhl-cbj,final,,,81,81,,,0.25,,,,,527.5,0.0,7,3,0,0.7,3.2222,3.0,81,2,7,1,0.25,3.1111,3.0988,81,30,78,3.1923,3.0897,30,78,3.2051,3.0641,3,4.0,0.6667,3,0.6667,4.0,2,1,3,-1,nhl-wsh,"{""common_opponents"": 1, ""games_played"": 1, ""head_to_head"": 1, ""home_advantage"": 1, ""last10_form"": 1, ""season_scoring"": 1, ""travel_km"": 1}"
2025021296,NHL,20252026,regular,2026-04-14,2026-04-14,nhl-ana,nhl-min,final,,,80,81,,,0.25,,,,,2448.8,742.3,3,5,2,0.4,3.325,3.5125,80,5,5,0,0.5,3.321,2.9383,81,30,78,3.3846,3.5128,30,79,3.3165,2.9873,2,1.0,3.5,2,3.5,1.0,2,3,5,1,nhl-min,"{""common_opponents"": 1, ""games_played"": 1, ""head_to_head"": 1, ""home_advantage"": 1, ""last10_form"": 1, ""season_scoring"": 1, ""travel_km"": 1}"
2025021297,NHL,20252026,regular,2026-04-14,2026-04-14,nhl-wpg,nhl-uta,final,,,80,80,,,0.25,,,,,592.0,1153.8,6,4,0,0.6,2.8375,3.1125,80,6,4,0,0.6,3.25,2.9,80,30,78,2.8462,3.1026,30,78,3.2436,2.9103,2,2.5,3.5,2,3.5,2.5,3,5,8,2,nhl-uta,"{""common_opponents"": 1, ""games_played"": 1, ""head_to_head"": 1, ""home_advantage"": 1, ""last10_form"": 1, ""season_scoring"": 1, ""travel_km"": 1}"
2025021298,NHL,20252026,regular,2026-04-14,2026-04-14,nhl-col,nhl-cgy,final,,,80,80,,,0.25,,,,,281.6,0.0,6,3,1,0.65,3.7125,2.525,80,4,4,2,0.5,2.6,3.1875,80,30,78,3.6538,2.5513,30,78,2.6282,3.1154,2,6.0,1.5,2,1.5,6.0,3,1,4,-2,nhl-col,"{""common_opponents"": 1, ""games_played"": 1, ""head_to_head"": 1, ""home_advantage"": 1, ""last10_form"": 1, ""season_scoring"": 1, ""travel_km"": 1}"
2025021299,NHL,20252026,regular,2026-04-14,2026-04-14,nhl-pit,nhl-stl,final,,,81,80,,,0.25,,,,,1142.3,0.0,6,4,0,0.6,3.5556,3.2222,81,6,3,1,0.65,2.7375,3.125,80,30,80,3.525,3.225,30,79,2.7342,3.0886,1,6.0,3.0,1,3.0,6.0,5,7,12,2,nhl-stl,"{""common_opponents"": 1, ""games_played"": 1, ""head_to_head"": 1, ""home_advantage"": 1, ""last10_form"": 1, ""season_scoring"": 1, ""travel_km"": 1}"
2025021300,NHL,20252026,regular,2026-04-14,2026-04-14,nhl-lak,nhl-van,final,,,80,80,,,0.25,,,,,192.3,1773.3,7,1,2,0.8,2.7625,3.0,80,3,7,0,0.3,2.6375,3.8375,80,30,77,2.7403,3.0909,30,77,2.7143,3.8571,3,3.3333,0.6667,3,0.6667,3.3333,3,4,7,1,nhl-van,"{""common_opponents"": 1, ""games_played"": 1, ""head_to_head"": 1, ""home_advantage"": 1, ""last10_form"": 1, ""season_scoring"": 1, ""travel_km"": 1}"
2025021301,NHL,20252026,regular,2026-04-15,2026-04-15,nhl-dal,nhl-buf,final,,,81,81,,,0.25,,,,,94.7,730.7,6,3,1,0.65,3.3951,2.7531,81,6,3,1,0.65,3.5185,2.9259,81,30,80,3.425,2.7375,30,80,3.5125,2.95,1,1.0,4.0,1,4.0,1.0,4,3,7,-1,nhl-dal,"{""common_opponents"": 1, ""games_played"": 1, ""head_to_head"": 1, ""home_advantage"": 1, ""last10_form"": 1, ""season_scoring"": 1, ""travel_km"": 1}"
2025021302,NHL,20252026,regular,2026-04-15,2026-04-15,nhl-nyr,nhl-tbl,final,,,81,81,,,0.25,,,,,289.3,0.0,5,5,0,0.5,2.8889,3.0617,81,6,4,0,0.6,3.5556,2.8025,81,30,79,2.8608,3.0506,30,79,3.557,2.7722,2,4.0,3.5,2,3.5,4.0,4,2,6,-2,nhl-nyr,"{""common_opponents"": 1, ""games_played"": 1, ""head_to_head"": 1, ""home_advantage"": 1, ""last10_form"": 1, ""season_scoring"": 1, ""travel_km"": 1}"
2025021303,NHL,20252026,regular,2026-04-15,2026-04-15,nhl-det,nhl-fla,final,,,81,81,,,0.25,,,,,289.3,0.0,3,5,2,0.4,2.963,3.0864,81,4,5,1,0.45,3.0,3.3951,81,30,78,2.9744,3.1026,30,78,3.0128,3.4231,3,2.6667,2.6667,3,2.6667,2.6667,1,8,9,7,nhl-fla,"{""common_opponents"": 1, ""games_played"": 1, ""head_to_head"": 1, ""home_advantage"": 1, ""last10_form"": 1, ""season_scoring"": 1, ""travel_km"": 1}"
2025021304,NHL,20252026,regular,2026-04-15,2026-04-15,nhl-tor,nhl-ott,final,,,81,81,,,0.25,,,,,329.8,527.1,3,6,1,0.35,3.1111,3.6543,81,5,3,2,0.6,3.3951,3.0247,81,30,78,3.0897,3.6026,30,78,3.3333,3.0,3,3.6667,5.0,3,5.0,3.6667,1,3,4,2,nhl-ott,"{""common_opponents"": 1, ""games_played"": 1, ""head_to_head"": 1, ""home_advantage"": 1, ""last10_form"": 1, ""season_scoring"": 1, ""travel_km"": 1}"
2025021305,NHL,20252026,regular,2026-04-15,2026-04-15,nhl-sjs,nhl-chi,final,,,80,81,,,0.25,,,,,640.9,0.0,6,3,1,0.65,3.0375,3.575,80,1,8,1,0.15,2.5679,3.3704,81,30,78,3.0385,3.5641,30,79,2.5316,3.3797,2,3.0,4.0,2,4.0,3.0,2,5,7,3,nhl-chi,"{""common_opponents"": 1, ""games_played"": 1, ""head_to_head"": 1, ""home_advantage"": 1, ""last10_form"": 1, ""season_scoring"": 1, ""travel_km"": 1}"
2025021306,NHL,20252026,regular,2026-04-15,2026-04-15,nhl-sea,nhl-vgk,final,,,80,81,,,0.25,,,,,1410.5,0.0,3,6,1,0.35,2.8125,3.2125,80,6,1,3,0.75,3.2222,3.0741,81,30,77,2.8052,3.2597,30,78,3.2692,3.0769,3,3.0,2.0,3,2.0,3.0,1,4,5,3,nhl-vgk,"{""common_opponents"": 1, ""games_played"": 1, ""head_to_head"": 1, ""home_advantage"": 1, ""last10_form"": 1, ""season_scoring"": 1, ""travel_km"": 1}"
2025021307,NHL,20252026,regular,2026-04-16,2026-04-16,nhl-ana,nhl-nsh,final,,,81,81,,,0.25,,,,,1112.5,0.0,2,6,2,0.3,3.3086,3.5062,81,4,5,1,0.45,3.0,3.2593,81,30,79,3.3291,3.5063,30,79,2.9873,3.2785,2,2.5,3.5,2,3.5,2.5,5,4,9,-1,nhl-ana,"{""common_opponents"": 1, ""games_played"": 1, ""head_to_head"": 1, ""home_advantage"": 1, ""last10_form"": 1, ""season_scoring"": 1, ""travel_km"": 1}"
2025021308,NHL,20252026,regular,2026-04-16,2026-04-16,nhl-sjs,nhl-wpg,final,,,81,81,,,0.25,,,,,1151.8,1531.4,5,4,1,0.55,3.0247,3.5926,81,5,5,0,0.5,2.8395,3.1358,81,30,79,3.0506,3.6582,30,79,2.8861,3.1646,2,2.0,1.0,2,1.0,2.0,6,1,7,-5,nhl-sjs,"{""common_opponents"": 1, ""games_played"": 1, ""head_to_head"": 1, ""home_advantage"": 1, ""last10_form"": 1, ""season_scoring"": 1, ""travel_km"": 1}"
2025021309,NHL,20252026,regular,2026-04-16,2026-04-16,nhl-stl,nhl-uta,final,,,81,81,,,0.25,,,,,1866.8,0.0,6,3,1,0.65,2.7901,3.1481,81,6,4,0,0.6,3.2716,2.9012,81,30,78,2.8077,3.1282,30,78,3.2564,2.9231,3,2.3333,3.6667,3,3.6667,2.3333,5,3,8,-2,nhl-stl,"{""common_opponents"": 1, ""games_played"": 1, ""head_to_head"": 1, ""home_advantage"": 1, ""last10_form"": 1, ""season_scoring"": 1, ""travel_km"": 1}"
2025021310,NHL,20252026,regular,2026-04-16,2026-04-16,nhl-lak,nhl-cgy,final,,,81,81,,,0.25,,,,,673.7,0.0,7,1,2,0.8,2.7654,3.0123,81,3,5,2,0.4,2.5802,3.1852,81,30,78,2.8077,3.0641,30,78,2.6154,3.2436,3,1.6667,1.6667,3,1.6667,1.6667,1,3,4,2,nhl-cgy,"{""common_opponents"": 1, ""games_played"": 1, ""head_to_head"": 1, ""home_advantage"": 1, ""last10_form"": 1, ""season_scoring"": 1, ""travel_km"": 1}"
2025021311,NHL,20252026,regular,2026-04-16,2026-04-16,nhl-van,nhl-edm,final,,,81,81,,,0.25,,,,,817.2,0.0,4,6,0,0.4,2.6543,3.8272,81,6,2,2,0.7,3.4074,3.3086,81,30,78,2.6923,3.8205,30,78,3.3846,3.3718,3,1.6667,4.0,3,4.0,1.6667,1,6,7,5,nhl-edm,"{""common_opponents"": 1, ""games_played"": 1, ""head_to_head"": 1, ""home_advantage"": 1, ""last10_form"": 1, ""season_scoring"": 1, ""travel_km"": 1}"
2025021312,NHL,20252026,regular,2026-04-16,2026-04-16,nhl-sea,nhl-col,final,,,81,81,,,0.25,,,,,979.1,1437.8,2,7,1,0.25,2.7901,3.2222,81,6,3,1,0.65,3.7037,2.5062,81,30,79,2.8101,3.1772,30,79,3.6709,2.519,2,2.0,5.0,2,5.0,2.0,0,2,2,2,nhl-col,"{""common_opponents"": 1, ""games_played"": 1, ""head_to_head"": 1, ""home_advantage"": 1, ""last10_form"": 1, ""season_scoring"": 1, ""travel_km"": 1}"
2025030131,NHL,20252026,playoffs,2026-04-18,2026-04-18,nhl-ott,nhl-car,final,,,82,82,,,0.25,,,,,1081.5,698.4,6,3,1,0.65,3.3902,3.0,82,7,2,1,0.75,3.6098,2.9268,82,30,79,3.3924,2.9747,30,79,3.6076,2.9114,3,3.3333,3.6667,3,3.6667,3.3333,0,2,2,2,nhl-car,"{""common_opponents"": 1, ""games_played"": 1, ""head_to_head"": 1, ""home_advantage"": 1, ""last10_form"": 1, ""season_scoring"": 1, ""travel_km"": 1}"
2025030141,NHL,20252026,playoffs,2026-04-18,2026-04-18,nhl-phi,nhl-pit,final,,,82,82,,,0.25,,,,,413.6,898.2,7,3,0,0.7,3.0488,2.9634,82,5,5,0,0.5,3.5732,3.2683,82,30,78,3.0641,2.9103,30,78,3.5513,3.2949,4,2.75,4.0,4,4.0,2.75,3,2,5,-1,nhl-phi,"{""common_opponents"": 1, ""games_played"": 1, ""head_to_head"": 1, ""home_advantage"": 1, ""last10_form"": 1, ""season_scoring"": 1, ""travel_km"": 1}"
2025030161,NHL,20252026,playoffs,2026-04-18,2026-04-18,nhl-min,nhl-dal,final,,,82,82,,,0.25,,,,,1388.7,1926.7,6,4,0,0.6,3.3171,2.9268,82,7,2,1,0.75,3.4024,2.7561,82,30,78,3.3205,2.9103,30,78,3.4103,2.7308,4,3.25,3.25,4,3.25,3.25,6,1,7,-5,nhl-min,"{""common_opponents"": 1, ""games_played"": 1, ""head_to_head"": 1, ""home_advantage"": 1, ""last10_form"": 1, ""season_scoring"": 1, ""travel_km"": 1}"
2025030111,NHL,20252026,playoffs,2026-04-19,2026-04-19,nhl-bos,nhl-buf,final,,,82,82,,,0.25,,,,,641.7,0.0,5,3,2,0.6,3.3171,3.0488,82,6,3,1,0.65,3.5122,2.939,82,30,78,3.3333,3.0641,30,78,3.5513,2.9359,4,3.0,2.75,4,2.75,3.0,3,4,7,1,nhl-buf,"{""common_opponents"": 1, ""games_played"": 1, ""head_to_head"": 1, ""home_advantage"": 1, ""last10_form"": 1, ""season_scoring"": 1, ""travel_km"": 1}"
2025030121,NHL,20252026,playoffs,2026-04-19,2026-04-19,nhl-mtl,nhl-tbl,final,,,82,82,,,0.25,,,,,1488.4,0.0,7,3,0,0.7,3.4512,3.122,82,5,5,0,0.5,3.5366,2.8171,82,30,78,3.4872,3.1154,30,78,3.5513,2.8205,4,2.75,3.25,4,3.25,2.75,4,3,7,-1,nhl-mtl,"{""common_opponents"": 1, ""games_played"": 1, ""head_to_head"": 1, ""home_advantage"": 1, ""last10_form"": 1, ""season_scoring"": 1, ""travel_km"": 1}"
2025030151,NHL,20252026,playoffs,2026-04-19,2026-04-19,nhl-lak,nhl-col,final,,,82,82,,,0.25,,,,,1437.8,0.0,6,2,2,0.7,2.7439,3.0122,82,7,2,1,0.75,3.6829,2.4756,82,30,79,2.7848,2.962,30,79,3.6582,2.5063,3,1.6667,4.3333,3,4.3333,1.6667,1,2,3,1,nhl-col,"{""common_opponents"": 1, ""games_played"": 1, ""head_to_head"": 1, ""home_advantage"": 1, ""last10_form"": 1, ""season_scoring"": 1, ""travel_km"": 1}"
2025030171,NHL,20252026,playoffs,2026-04-19,2026-04-19,nhl-uta,nhl-vgk,final,,,82,82,,,0.25,,,,,592.0,0.0,6,4,0,0.6,3.2683,2.9268,82,7,0,3,0.85,3.2317,3.0488,82,30,79,3.2658,2.9747,30,79,3.2911,3.038,3,3.3333,1.6667,3,1.6667,3.3333,2,4,6,2,nhl-vgk,"{""common_opponents"": 1, ""games_played"": 1, ""head_to_head"": 1, ""home_advantage"": 1, ""last10_form"": 1, ""season_scoring"": 1, ""travel_km"": 1}"
2025030132,NHL,20252026,playoffs,2026-04-20,2026-04-20,nhl-ott,nhl-car,final,,,82,82,,,0.25,,,,,1081.5,698.4,6,3,1,0.65,3.3902,3.0,82,7,2,1,0.75,3.6098,2.9268,82,30,79,3.3924,2.9747,30,79,3.6076,2.9114,3,3.3333,3.6667,3,3.6667,3.3333,2,3,5,1,nhl-car,"{""common_opponents"": 1, ""games_played"": 1, ""head_to_head"": 1, ""home_advantage"": 1, ""last10_form"": 1, ""season_scoring"": 1, ""travel_km"": 1}"
2025030142,NHL,20252026,playoffs,2026-04-20,2026-04-20,nhl-phi,nhl-pit,final,,,82,82,,,0.25,,,,,413.6,898.2,7,3,0,0.7,3.0488,2.9634,82,5,5,0,0.5,3.5732,3.2683,82,30,78,3.0641,2.9103,30,78,3.5513,3.2949,4,2.75,4.0,4,4.0,2.75,3,0,3,-3,nhl-phi,"{""common_opponents"": 1, ""games_played"": 1, ""head_to_head"": 1, ""home_advantage"": 1, ""last10_form"": 1, ""season_scoring"": 1, ""travel_km"": 1}"
2025030162,NHL,20252026,playoffs,2026-04-20,2026-04-20,nhl-min,nhl-dal,final,,,82,82,,,0.25,,,,,1388.7,1926.7,6,4,0,0.6,3.3171,2.9268,82,7,2,1,0.75,3.4024,2.7561,82,30,78,3.3205,2.9103,30,78,3.4103,2.7308,4,3.25,3.25,4,3.25,3.25,2,4,6,2,nhl-dal,"{""common_opponents"": 1, ""games_played"": 1, ""head_to_head"": 1, ""home_advantage"": 1, ""last10_form"": 1, ""season_scoring"": 1, ""travel_km"": 1}"
2025030181,NHL,20252026,playoffs,2026-04-20,2026-04-20,nhl-ana,nhl-edm,final,,,82,82,,,0.25,,,,,2828.1,0.0,2,6,2,0.3,3.3293,3.5122,82,6,2,2,0.7,3.439,3.2805,82,30,79,3.3038,3.443,30,79,3.3671,3.2532,3,4.0,5.3333,3,5.3333,4.0,3,4,7,1,nhl-edm,"{""common_opponents"": 1, ""games_played"": 1, ""head_to_head"": 1, ""home_advantage"": 1, ""last10_form"": 1, ""season_scoring"": 1, ""travel_km"": 1}"
2025030112,NHL,20252026,playoffs,2026-04-21,2026-04-21,nhl-bos,nhl-buf,final,,,82,82,,,0.25,,,,,641.7,0.0,5,3,2,0.6,3.3171,3.0488,82,6,3,1,0.65,3.5122,2.939,82,30,78,3.3333,3.0641,30,78,3.5513,2.9359,4,3.0,2.75,4,2.75,3.0,4,2,6,-2,nhl-bos,"{""common_opponents"": 1, ""games_played"": 1, ""head_to_head"": 1, ""home_advantage"": 1, ""last10_form"": 1, ""season_scoring"": 1, ""travel_km"": 1}"
2025030122,NHL,20252026,playoffs,2026-04-21,2026-04-21,nhl-mtl,nhl-tbl,final,,,82,82,,,0.25,,,,,1488.4,0.0,7,3,0,0.7,3.4512,3.122,82,5,5,0,0.5,3.5366,2.8171,82,30,78,3.4872,3.1154,30,78,3.5513,2.8205,4,2.75,3.25,4,3.25,2.75,2,3,5,1,nhl-tbl,"{""common_opponents"": 1, ""games_played"": 1, ""head_to_head"": 1, ""home_advantage"": 1, ""last10_form"": 1, ""season_scoring"": 1, ""travel_km"": 1}"
2025030152,NHL,20252026,playoffs,2026-04-21,2026-04-21,nhl-lak,nhl-col,final,,,82,82,,,0.25,,,,,1437.8,0.0,6,2,2,0.7,2.7439,3.0122,82,7,2,1,0.75,3.6829,2.4756,82,30,79,2.7848,2.962,30,79,3.6582,2.5063,3,1.6667,4.3333,3,4.3333,1.6667,1,2,3,1,nhl-col,"{""common_opponents"": 1, ""games_played"": 1, ""head_to_head"": 1, ""home_advantage"": 1, ""last10_form"": 1, ""season_scoring"": 1, ""travel_km"": 1}"
2025030172,NHL,20252026,playoffs,2026-04-21,2026-04-21,nhl-uta,nhl-vgk,final,,,82,82,,,0.25,,,,,592.0,0.0,6,4,0,0.6,3.2683,2.9268,82,7,0,3,0.85,3.2317,3.0488,82,30,79,3.2658,2.9747,30,79,3.2911,3.038,3,3.3333,1.6667,3,1.6667,3.3333,3,2,5,-1,nhl-uta,"{""common_opponents"": 1, ""games_played"": 1, ""head_to_head"": 1, ""home_advantage"": 1, ""last10_form"": 1, ""season_scoring"": 1, ""travel_km"": 1}"
2025030143,NHL,20252026,playoffs,2026-04-22,2026-04-22,nhl-pit,nhl-phi,final,,,82,82,,,0.25,,,,,1300.2,0.0,5,5,0,0.5,3.5732,3.2683,82,7,3,0,0.7,3.0488,2.9634,82,30,78,3.5513,3.2949,30,78,3.0641,2.9103,4,4.0,2.75,4,2.75,4.0,2,5,7,3,nhl-phi,"{""common_opponents"": 1, ""games_played"": 1, ""head_to_head"": 1, ""home_advantage"": 1, ""last10_form"": 1, ""season_scoring"": 1, ""travel_km"": 1}"
2025030163,NHL,20252026,playoffs,2026-04-22,2026-04-22,nhl-dal,nhl-min,final,,,82,82,,,0.25,,,,,1160.9,0.0,7,2,1,0.75,3.4024,2.7561,82,6,4,0,0.6,3.3171,2.9268,82,30,78,3.4103,2.7308,30,78,3.3205,2.9103,4,3.25,3.25,4,3.25,3.25,4,3,7,-1,nhl-dal,"{""common_opponents"": 1, ""games_played"": 1, ""head_to_head"": 1, ""home_advantage"": 1, ""last10_form"": 1, ""season_scoring"": 1, ""travel_km"": 1}"
2025030182,NHL,20252026,playoffs,2026-04-22,2026-04-22,nhl-ana,nhl-edm,final,,,82,82,,,0.25,,,,,2828.1,0.0,2,6,2,0.3,3.3293,3.5122,82,6,2,2,0.7,3.439,3.2805,82,30,79,3.3038,3.443,30,79,3.3671,3.2532,3,4.0,5.3333,3,5.3333,4.0,6,4,10,-2,nhl-ana,"{""common_opponents"": 1, ""games_played"": 1, ""head_to_head"": 1, ""home_advantage"": 1, ""last10_form"": 1, ""season_scoring"": 1, ""travel_km"": 1}"
2025030113,NHL,20252026,playoffs,2026-04-23,2026-04-23,nhl-buf,nhl-bos,final,,,82,82,,,0.25,,,,,641.7,0.0,6,3,1,0.65,3.5122,2.939,82,5,3,2,0.6,3.3171,3.0488,82,30,78,3.5513,2.9359,30,78,3.3333,3.0641,4,2.75,3.0,4,3.0,2.75,3,1,4,-2,nhl-buf,"{""common_opponents"": 1, ""games_played"": 1, ""head_to_head"": 1, ""home_advantage"": 1, ""last10_form"": 1, ""season_scoring"": 1, ""travel_km"": 1}"
2025030133,NHL,20252026,playoffs,2026-04-23,2026-04-23,nhl-car,nhl-ott,final,,,82,82,,,0.25,,,,,540.2,0.0,7,2,1,0.75,3.6098,2.9268,82,6,3,1,0.65,3.3902,3.0,82,30,79,3.6076,2.9114,30,79,3.3924,2.9747,3,3.6667,3.3333,3,3.3333,3.6667,2,1,3,-1,nhl-car,"{""common_opponents"": 1, ""games_played"": 1, ""head_to_head"": 1, ""home_advantage"": 1, ""last10_form"": 1, ""season_scoring"": 1, ""travel_km"": 1}"
2025030153,NHL,20252026,playoffs,2026-04-23,2026-04-23,nhl-col,nhl-lak,final,,,82,82,,,0.25,,,,,1337.0,1920.2,7,2,1,0.75,3.6829,2.4756,82,6,2,2,0.7,2.7439,3.0122,82,30,79,3.6582,2.5063,30,79,2.7848,2.962,3,4.3333,1.6667,3,1.6667,4.3333,4,2,6,-2,nhl-col,"{""common_opponents"": 1, ""games_played"": 1, ""head_to_head"": 1, ""home_advantage"": 1, ""last10_form"": 1, ""season_scoring"": 1, ""travel_km"": 1}"
2025030123,NHL,20252026,playoffs,2026-04-24,2026-04-24,nhl-tbl,nhl-mtl,final,,,82,82,,,0.25,,,,,2103.1,635.7,5,5,0,0.5,3.5366,2.8171,82,7,3,0,0.7,3.4512,3.122,82,30,78,3.5513,2.8205,30,78,3.4872,3.1154,4,3.25,2.75,4,2.75,3.25,2,3,5,1,nhl-mtl,"{""common_opponents"": 1, ""games_played"": 1, ""head_to_head"": 1, ""home_advantage"": 1, ""last10_form"": 1, ""season_scoring"": 1, ""travel_km"": 1}"
2025030173,NHL,20252026,playoffs,2026-04-24,2026-04-24,nhl-vgk,nhl-uta,final,,,82,82,,,0.25,,,,,592.0,0.0,7,0,3,0.85,3.2317,3.0488,82,6,4,0,0.6,3.2683,2.9268,82,30,79,3.2911,3.038,30,79,3.2658,2.9747,3,1.6667,3.3333,3,3.3333,1.6667,2,4,6,2,nhl-uta,"{""common_opponents"": 1, ""games_played"": 1, ""head_to_head"": 1, ""home_advantage"": 1, ""last10_form"": 1, ""season_scoring"": 1, ""travel_km"": 1}"
2025030183,NHL,20252026,playoffs,2026-04-24,2026-04-24,nhl-edm,nhl-ana,final,,,82,82,,,0.25,,,,,2221.9,2833.1,6,2,2,0.7,3.439,3.2805,82,2,6,2,0.3,3.3293,3.5122,82,30,79,3.3671,3.2532,30,79,3.3038,3.443,3,5.3333,4.0,3,4.0,5.3333,4,7,11,3,nhl-ana,"{""common_opponents"": 1, ""games_played"": 1, ""head_to_head"": 1, ""home_advantage"": 1, ""last10_form"": 1, ""season_scoring"": 1, ""travel_km"": 1}"
2025030134,NHL,20252026,playoffs,2026-04-25,2026-04-25,nhl-car,nhl-ott,final,,,82,82,,,0.25,,,,,540.2,0.0,7,2,1,0.75,3.6098,2.9268,82,6,3,1,0.65,3.3902,3.0,82,30,79,3.6076,2.9114,30,79,3.3924,2.9747,3,3.6667,3.3333,3,3.3333,3.6667,4,2,6,-2,nhl-car,"{""common_opponents"": 1, ""games_played"": 1, ""head_to_head"": 1, ""home_advantage"": 1, ""last10_form"": 1, ""season_scoring"": 1, ""travel_km"": 1}"
2025030144,NHL,20252026,playoffs,2026-04-25,2026-04-25,nhl-pit,nhl-phi,final,,,82,82,,,0.25,,,,,1300.2,0.0,5,5,0,0.5,3.5732,3.2683,82,7,3,0,0.7,3.0488,2.9634,82,30,78,3.5513,3.2949,30,78,3.0641,2.9103,4,4.0,2.75,4,2.75,4.0,4,2,6,-2,nhl-pit,"{""common_opponents"": 1, ""games_played"": 1, ""head_to_head"": 1, ""home_advantage"": 1, ""last10_form"": 1, ""season_scoring"": 1, ""travel_km"": 1}"
2025030164,NHL,20252026,playoffs,2026-04-25,2026-04-25,nhl-dal,nhl-min,final,,,82,82,,,0.25,,,,,1160.9,0.0,7,2,1,0.75,3.4024,2.7561,82,6,4,0,0.6,3.3171,2.9268,82,30,78,3.4103,2.7308,30,78,3.3205,2.9103,4,3.25,3.25,4,3.25,3.25,2,3,5,1,nhl-min,"{""common_opponents"": 1, ""games_played"": 1, ""head_to_head"": 1, ""home_advantage"": 1, ""last10_form"": 1, ""season_scoring"": 1, ""travel_km"": 1}"
2025030114,NHL,20252026,playoffs,2026-04-26,2026-04-26,nhl-buf,nhl-bos,final,,,82,82,,,0.25,,,,,641.7,0.0,6,3,1,0.65,3.5122,2.939,82,5,3,2,0.6,3.3171,3.0488,82,30,78,3.5513,2.9359,30,78,3.3333,3.0641,4,2.75,3.0,4,3.0,2.75,6,1,7,-5,nhl-buf,"{""common_opponents"": 1, ""games_played"": 1, ""head_to_head"": 1, ""home_advantage"": 1, ""last10_form"": 1, ""season_scoring"": 1, ""travel_km"": 1}"
2025030124,NHL,20252026,playoffs,2026-04-26,2026-04-26,nhl-tbl,nhl-mtl,final,,,82,82,,,0.25,,,,,2103.1,635.7,5,5,0,0.5,3.5366,2.8171,82,7,3,0,0.7,3.4512,3.122,82,30,78,3.5513,2.8205,30,78,3.4872,3.1154,4,3.25,2.75,4,2.75,3.25,3,2,5,-1,nhl-tbl,"{""common_opponents"": 1, ""games_played"": 1, ""head_to_head"": 1, ""home_advantage"": 1, ""last10_form"": 1, ""season_scoring"": 1, ""travel_km"": 1}"
2025030154,NHL,20252026,playoffs,2026-04-26,2026-04-26,nhl-col,nhl-lak,final,,,82,82,,,0.25,,,,,1337.0,1920.2,7,2,1,0.75,3.6829,2.4756,82,6,2,2,0.7,2.7439,3.0122,82,30,79,3.6582,2.5063,30,79,2.7848,2.962,3,4.3333,1.6667,3,1.6667,4.3333,5,1,6,-4,nhl-col,"{""common_opponents"": 1, ""games_played"": 1, ""head_to_head"": 1, ""home_advantage"": 1, ""last10_form"": 1, ""season_scoring"": 1, ""travel_km"": 1}"
2025030184,NHL,20252026,playoffs,2026-04-26,2026-04-26,nhl-edm,nhl-ana,final,,,82,82,,,0.25,,,,,2221.9,2833.1,6,2,2,0.7,3.439,3.2805,82,2,6,2,0.3,3.3293,3.5122,82,30,79,3.3671,3.2532,30,79,3.3038,3.443,3,5.3333,4.0,3,4.0,5.3333,3,4,7,1,nhl-ana,"{""common_opponents"": 1, ""games_played"": 1, ""head_to_head"": 1, ""home_advantage"": 1, ""last10_form"": 1, ""season_scoring"": 1, ""travel_km"": 1}"
2025030145,NHL,20252026,playoffs,2026-04-27,2026-04-27,nhl-phi,nhl-pit,final,,,82,82,,,0.25,,,,,413.6,898.2,7,3,0,0.7,3.0488,2.9634,82,5,5,0,0.5,3.5732,3.2683,82,30,78,3.0641,2.9103,30,78,3.5513,3.2949,4,2.75,4.0,4,4.0,2.75,2,3,5,1,nhl-pit,"{""common_opponents"": 1, ""games_played"": 1, ""head_to_head"": 1, ""home_advantage"": 1, ""last10_form"": 1, ""season_scoring"": 1, ""travel_km"": 1}"
2025030174,NHL,20252026,playoffs,2026-04-27,2026-04-27,nhl-vgk,nhl-uta,final,,,82,82,,,0.25,,,,,592.0,0.0,7,0,3,0.85,3.2317,3.0488,82,6,4,0,0.6,3.2683,2.9268,82,30,79,3.2911,3.038,30,79,3.2658,2.9747,3,1.6667,3.3333,3,3.3333,1.6667,5,4,9,-1,nhl-vgk,"{""common_opponents"": 1, ""games_played"": 1, ""head_to_head"": 1, ""home_advantage"": 1, ""last10_form"": 1, ""season_scoring"": 1, ""travel_km"": 1}"
2025030115,NHL,20252026,playoffs,2026-04-28,2026-04-28,nhl-bos,nhl-buf,final,,,82,82,,,0.25,,,,,641.7,0.0,5,3,2,0.6,3.3171,3.0488,82,6,3,1,0.65,3.5122,2.939,82,30,78,3.3333,3.0641,30,78,3.5513,2.9359,4,3.0,2.75,4,2.75,3.0,2,1,3,-1,nhl-bos,"{""common_opponents"": 1, ""games_played"": 1, ""head_to_head"": 1, ""home_advantage"": 1, ""last10_form"": 1, ""season_scoring"": 1, ""travel_km"": 1}"
2025030165,NHL,20252026,playoffs,2026-04-28,2026-04-28,nhl-min,nhl-dal,final,,,82,82,,,0.25,,,,,1388.7,1926.7,6,4,0,0.6,3.3171,2.9268,82,7,2,1,0.75,3.4024,2.7561,82,30,78,3.3205,2.9103,30,78,3.4103,2.7308,4,3.25,3.25,4,3.25,3.25,4,2,6,-2,nhl-min,"{""common_opponents"": 1, ""games_played"": 1, ""head_to_head"": 1, ""home_advantage"": 1, ""last10_form"": 1, ""season_scoring"": 1, ""travel_km"": 1}"
2025030185,NHL,20252026,playoffs,2026-04-28,2026-04-28,nhl-ana,nhl-edm,final,,,82,82,,,0.25,,,,,2828.1,0.0,2,6,2,0.3,3.3293,3.5122,82,6,2,2,0.7,3.439,3.2805,82,30,79,3.3038,3.443,30,79,3.3671,3.2532,3,4.0,5.3333,3,5.3333,4.0,1,4,5,3,nhl-edm,"{""common_opponents"": 1, ""games_played"": 1, ""head_to_head"": 1, ""home_advantage"": 1, ""last10_form"": 1, ""season_scoring"": 1, ""travel_km"": 1}"
2025030125,NHL,20252026,playoffs,2026-04-29,2026-04-29,nhl-mtl,nhl-tbl,final,,,82,82,,,0.25,,,,,1488.4,0.0,7,3,0,0.7,3.4512,3.122,82,5,5,0,0.5,3.5366,2.8171,82,30,78,3.4872,3.1154,30,78,3.5513,2.8205,4,2.75,3.25,4,3.25,2.75,3,2,5,-1,nhl-mtl,"{""common_opponents"": 1, ""games_played"": 1, ""head_to_head"": 1, ""home_advantage"": 1, ""last10_form"": 1, ""season_scoring"": 1, ""travel_km"": 1}"
2025030146,NHL,20252026,playoffs,2026-04-29,2026-04-29,nhl-pit,nhl-phi,final,,,82,82,,,0.25,,,,,1300.2,0.0,5,5,0,0.5,3.5732,3.2683,82,7,3,0,0.7,3.0488,2.9634,82,30,78,3.5513,3.2949,30,78,3.0641,2.9103,4,4.0,2.75,4,2.75,4.0,0,1,1,1,nhl-phi,"{""common_opponents"": 1, ""games_played"": 1, ""head_to_head"": 1, ""home_advantage"": 1, ""last10_form"": 1, ""season_scoring"": 1, ""travel_km"": 1}"
2025030175,NHL,20252026,playoffs,2026-04-29,2026-04-29,nhl-uta,nhl-vgk,final,,,82,82,,,0.25,,,,,592.0,0.0,6,4,0,0.6,3.2683,2.9268,82,7,0,3,0.85,3.2317,3.0488,82,30,79,3.2658,2.9747,30,79,3.2911,3.038,3,3.3333,1.6667,3,1.6667,3.3333,4,5,9,1,nhl-vgk,"{""common_opponents"": 1, ""games_played"": 1, ""head_to_head"": 1, ""home_advantage"": 1, ""last10_form"": 1, ""season_scoring"": 1, ""travel_km"": 1}"
2025030166,NHL,20252026,playoffs,2026-04-30,2026-04-30,nhl-dal,nhl-min,final,,,82,82,,,0.25,,,,,1160.9,0.0,7,2,1,0.75,3.4024,2.7561,82,6,4,0,0.6,3.3171,2.9268,82,30,78,3.4103,2.7308,30,78,3.3205,2.9103,4,3.25,3.25,4,3.25,3.25,2,5,7,3,nhl-min,"{""common_opponents"": 1, ""games_played"": 1, ""head_to_head"": 1, ""home_advantage"": 1, ""last10_form"": 1, ""season_scoring"": 1, ""travel_km"": 1}"
2025030186,NHL,20252026,playoffs,2026-04-30,2026-04-30,nhl-edm,nhl-ana,final,,,82,82,,,0.25,,,,,2221.9,2833.1,6,2,2,0.7,3.439,3.2805,82,2,6,2,0.3,3.3293,3.5122,82,30,79,3.3671,3.2532,30,79,3.3038,3.443,3,5.3333,4.0,3,4.0,5.3333,2,5,7,3,nhl-ana,"{""common_opponents"": 1, ""games_played"": 1, ""head_to_head"": 1, ""home_advantage"": 1, ""last10_form"": 1, ""season_scoring"": 1, ""travel_km"": 1}"
2025030116,NHL,20252026,playoffs,2026-05-01,2026-05-01,nhl-buf,nhl-bos,final,,,82,82,,,0.25,,,,,641.7,0.0,6,3,1,0.65,3.5122,2.939,82,5,3,2,0.6,3.3171,3.0488,82,30,78,3.5513,2.9359,30,78,3.3333,3.0641,4,2.75,3.0,4,3.0,2.75,4,1,5,-3,nhl-buf,"{""common_opponents"": 1, ""games_played"": 1, ""head_to_head"": 1, ""home_advantage"": 1, ""last10_form"": 1, ""season_scoring"": 1, ""travel_km"": 1}"
2025030126,NHL,20252026,playoffs,2026-05-01,2026-05-01,nhl-tbl,nhl-mtl,final,,,82,82,,,0.25,,,,,2103.1,635.7,5,5,0,0.5,3.5366,2.8171,82,7,3,0,0.7,3.4512,3.122,82,30,78,3.5513,2.8205,30,78,3.4872,3.1154,4,3.25,2.75,4,2.75,3.25,1,0,1,-1,nhl-tbl,"{""common_opponents"": 1, ""games_played"": 1, ""head_to_head"": 1, ""home_advantage"": 1, ""last10_form"": 1, ""season_scoring"": 1, ""travel_km"": 1}"
2025030176,NHL,20252026,playoffs,2026-05-01,2026-05-01,nhl-vgk,nhl-uta,final,,,82,82,,,0.25,,,,,592.0,0.0,7,0,3,0.85,3.2317,3.0488,82,6,4,0,0.6,3.2683,2.9268,82,30,79,3.2911,3.038,30,79,3.2658,2.9747,3,1.6667,3.3333,3,3.3333,1.6667,5,1,6,-4,nhl-vgk,"{""common_opponents"": 1, ""games_played"": 1, ""head_to_head"": 1, ""home_advantage"": 1, ""last10_form"": 1, ""season_scoring"": 1, ""travel_km"": 1}"
2025030221,NHL,20252026,playoffs,2026-05-02,2026-05-02,nhl-phi,nhl-car,final,,,82,82,,,0.25,,,,,551.9,698.4,7,3,0,0.7,3.0488,2.9634,82,7,2,1,0.75,3.6098,2.9268,82,30,78,3.0641,2.9487,30,78,3.6282,2.9359,4,2.75,3.25,4,3.25,2.75,0,3,3,3,nhl-car,"{""common_opponents"": 1, ""games_played"": 1, ""head_to_head"": 1, ""home_advantage"": 1, ""last10_form"": 1, ""season_scoring"": 1, ""travel_km"": 1}"
2025030127,NHL,20252026,playoffs,2026-05-03,2026-05-03,nhl-mtl,nhl-tbl,final,,,82,82,,,0.25,,,,,1488.4,0.0,7,3,0,0.7,3.4512,3.122,82,5,5,0,0.5,3.5366,2.8171,82,30,78,3.4872,3.1154,30,78,3.5513,2.8205,4,2.75,3.25,4,3.25,2.75,2,1,3,-1,nhl-mtl,"{""common_opponents"": 1, ""games_played"": 1, ""head_to_head"": 1, ""home_advantage"": 1, ""last10_form"": 1, ""season_scoring"": 1, ""travel_km"": 1}"
2025030231,NHL,20252026,playoffs,2026-05-03,2026-05-03,nhl-min,nhl-col,final,,,82,82,,,0.25,,,,,1134.7,0.0,6,4,0,0.6,3.3171,2.9268,82,7,2,1,0.75,3.6829,2.4756,82,30,78,3.3462,2.9231,30,78,3.7179,2.4615,4,2.75,3.0,4,3.0,2.75,6,9,15,3,nhl-col,"{""common_opponents"": 1, ""games_played"": 1, ""head_to_head"": 1, ""home_advantage"": 1, ""last10_form"": 1, ""season_scoring"": 1, ""travel_km"": 1}"
2025030222,NHL,20252026,playoffs,2026-05-04,2026-05-04,nhl-phi,nhl-car,final,,,82,82,,,0.25,,,,,551.9,698.4,7,3,0,0.7,3.0488,2.9634,82,7,2,1,0.75,3.6098,2.9268,82,30,78,3.0641,2.9487,30,78,3.6282,2.9359,4,2.75,3.25,4,3.25,2.75,2,3,5,1,nhl-car,"{""common_opponents"": 1, ""games_played"": 1, ""head_to_head"": 1, ""home_advantage"": 1, ""last10_form"": 1, ""season_scoring"": 1, ""travel_km"": 1}"
2025030241,NHL,20252026,playoffs,2026-05-04,2026-05-04,nhl-ana,nhl-vgk,final,,,82,82,,,0.25,,,,,2541.4,0.0,2,6,2,0.3,3.3293,3.5122,82,7,0,3,0.85,3.2317,3.0488,82,30,79,3.3038,3.5316,30,79,3.2405,3.0127,3,4.0,3.0,3,3.0,4.0,1,3,4,2,nhl-vgk,"{""common_opponents"": 1, ""games_played"": 1, ""head_to_head"": 1, ""home_advantage"": 1, ""last10_form"": 1, ""season_scoring"": 1, ""travel_km"": 1}"
2025030232,NHL,20252026,playoffs,2026-05-05,2026-05-05,nhl-min,nhl-col,final,,,82,82,,,0.25,,,,,1134.7,0.0,6,4,0,0.6,3.3171,2.9268,82,7,2,1,0.75,3.6829,2.4756,82,30,78,3.3462,2.9231,30,78,3.7179,2.4615,4,2.75,3.0,4,3.0,2.75,2,5,7,3,nhl-col,"{""common_opponents"": 1, ""games_played"": 1, ""head_to_head"": 1, ""home_advantage"": 1, ""last10_form"": 1, ""season_scoring"": 1, ""travel_km"": 1}"
2025030211,NHL,20252026,playoffs,2026-05-06,2026-05-06,nhl-mtl,nhl-buf,final,,,82,82,,,0.25,,,,,452.5,0.0,7,3,0,0.7,3.4512,3.122,82,6,3,1,0.65,3.5122,2.939,82,30,78,3.4615,3.1154,30,78,3.5256,2.9231,4,3.25,3.25,4,3.25,3.25,2,4,6,2,nhl-buf,"{""common_opponents"": 1, ""games_played"": 1, ""head_to_head"": 1, ""home_advantage"": 1, ""last10_form"": 1, ""season_scoring"": 1, ""travel_km"": 1}"
2025030242,NHL,20252026,playoffs,2026-05-06,2026-05-06,nhl-ana,nhl-vgk,final,,,82,82,,,0.25,,,,,2541.4,0.0,2,6,2,0.3,3.3293,3.5122,82,7,0,3,0.85,3.2317,3.0488,82,30,79,3.3038,3.5316,30,79,3.2405,3.0127,3,4.0,3.0,3,3.0,4.0,3,1,4,-2,nhl-ana,"{""common_opponents"": 1, ""games_played"": 1, ""head_to_head"": 1, ""home_advantage"": 1, ""last10_form"": 1, ""season_scoring"": 1, ""travel_km"": 1}"
2025030223,NHL,20252026,playoffs,2026-05-07,2026-05-07,nhl-car,nhl-phi,final,,,82,82,,,0.25,,,,,152.1,0.0,7,2,1,0.75,3.6098,2.9268,82,7,3,0,0.7,3.0488,2.9634,82,30,78,3.6282,2.9359,30,78,3.0641,2.9487,4,3.25,2.75,4,2.75,3.25,4,1,5,-3,nhl-car,"{""common_opponents"": 1, ""games_played"": 1, ""head_to_head"": 1, ""home_advantage"": 1, ""last10_form"": 1, ""season_scoring"": 1, ""travel_km"": 1}"
2025030212,NHL,20252026,playoffs,2026-05-08,2026-05-08,nhl-mtl,nhl-buf,final,,,82,82,,,0.25,,,,,452.5,0.0,7,3,0,0.7,3.4512,3.122,82,6,3,1,0.65,3.5122,2.939,82,30,78,3.4615,3.1154,30,78,3.5256,2.9231,4,3.25,3.25,4,3.25,3.25,5,1,6,-4,nhl-mtl,"{""common_opponents"": 1, ""games_played"": 1, ""head_to_head"": 1, ""home_advantage"": 1, ""last10_form"": 1, ""season_scoring"": 1, ""travel_km"": 1}"
2025030243,NHL,20252026,playoffs,2026-05-08,2026-05-08,nhl-vgk,nhl-ana,final,,,82,82,,,0.25,,,,,354.4,2833.1,7,0,3,0.85,3.2317,3.0488,82,2,6,2,0.3,3.3293,3.5122,82,30,79,3.2405,3.0127,30,79,3.3038,3.5316,3,3.0,4.0,3,4.0,3.0,6,2,8,-4,nhl-vgk,"{""common_opponents"": 1, ""games_played"": 1, ""head_to_head"": 1, ""home_advantage"": 1, ""last10_form"": 1, ""season_scoring"": 1, ""travel_km"": 1}"
2025030224,NHL,20252026,playoffs,2026-05-09,2026-05-09,nhl-car,nhl-phi,final,,,82,82,,,0.25,,,,,152.1,0.0,7,2,1,0.75,3.6098,2.9268,82,7,3,0,0.7,3.0488,2.9634,82,30,78,3.6282,2.9359,30,78,3.0641,2.9487,4,3.25,2.75,4,2.75,3.25,3,2,5,-1,nhl-car,"{""common_opponents"": 1, ""games_played"": 1, ""head_to_head"": 1, ""home_advantage"": 1, ""last10_form"": 1, ""season_scoring"": 1, ""travel_km"": 1}"
2025030233,NHL,20252026,playoffs,2026-05-09,2026-05-09,nhl-col,nhl-min,final,,,82,82,,,0.25,,,,,1134.7,0.0,7,2,1,0.75,3.6829,2.4756,82,6,4,0,0.6,3.3171,2.9268,82,30,78,3.7179,2.4615,30,78,3.3462,2.9231,4,3.0,2.75,4,2.75,3.0,1,5,6,4,nhl-min,"{""common_opponents"": 1, ""games_played"": 1, ""head_to_head"": 1, ""home_advantage"": 1, ""last10_form"": 1, ""season_scoring"": 1, ""travel_km"": 1}"
2025030213,NHL,20252026,playoffs,2026-05-10,2026-05-10,nhl-buf,nhl-mtl,final,,,82,82,,,0.25,,,,,513.7,635.7,6,3,1,0.65,3.5122,2.939,82,7,3,0,0.7,3.4512,3.122,82,30,78,3.5256,2.9231,30,78,3.4615,3.1154,4,3.25,3.25,4,3.25,3.25,2,6,8,4,nhl-mtl,"{""common_opponents"": 1, ""games_played"": 1, ""head_to_head"": 1, ""home_advantage"": 1, ""last10_form"": 1, ""season_scoring"": 1, ""travel_km"": 1}"
2025030244,NHL,20252026,playoffs,2026-05-10,2026-05-10,nhl-vgk,nhl-ana,final,,,82,82,,,0.25,,,,,354.4,2833.1,7,0,3,0.85,3.2317,3.0488,82,2,6,2,0.3,3.3293,3.5122,82,30,79,3.2405,3.0127,30,79,3.3038,3.5316,3,3.0,4.0,3,4.0,3.0,3,4,7,1,nhl-ana,"{""common_opponents"": 1, ""games_played"": 1, ""head_to_head"": 1, ""home_advantage"": 1, ""last10_form"": 1, ""season_scoring"": 1, ""travel_km"": 1}"
2025030234,NHL,20252026,playoffs,2026-05-11,2026-05-11,nhl-col,nhl-min,final,,,82,82,,,0.25,,,,,1134.7,0.0,7,2,1,0.75,3.6829,2.4756,82,6,4,0,0.6,3.3171,2.9268,82,30,78,3.7179,2.4615,30,78,3.3462,2.9231,4,3.0,2.75,4,2.75,3.0,5,2,7,-3,nhl-col,"{""common_opponents"": 1, ""games_played"": 1, ""head_to_head"": 1, ""home_advantage"": 1, ""last10_form"": 1, ""season_scoring"": 1, ""travel_km"": 1}"
2025030214,NHL,20252026,playoffs,2026-05-12,2026-05-12,nhl-buf,nhl-mtl,final,,,82,82,,,0.25,,,,,513.7,635.7,6,3,1,0.65,3.5122,2.939,82,7,3,0,0.7,3.4512,3.122,82,30,78,3.5256,2.9231,30,78,3.4615,3.1154,4,3.25,3.25,4,3.25,3.25,3,2,5,-1,nhl-buf,"{""common_opponents"": 1, ""games_played"": 1, ""head_to_head"": 1, ""home_advantage"": 1, ""last10_form"": 1, ""season_scoring"": 1, ""travel_km"": 1}"
2025030245,NHL,20252026,playoffs,2026-05-12,2026-05-12,nhl-ana,nhl-vgk,final,,,82,82,,,0.25,,,,,2541.4,0.0,2,6,2,0.3,3.3293,3.5122,82,7,0,3,0.85,3.2317,3.0488,82,30,79,3.3038,3.5316,30,79,3.2405,3.0127,3,4.0,3.0,3,3.0,4.0,2,3,5,1,nhl-vgk,"{""common_opponents"": 1, ""games_played"": 1, ""head_to_head"": 1, ""home_advantage"": 1, ""last10_form"": 1, ""season_scoring"": 1, ""travel_km"": 1}"
2025030235,NHL,20252026,playoffs,2026-05-13,2026-05-13,nhl-min,nhl-col,final,,,82,82,,,0.25,,,,,1134.7,0.0,6,4,0,0.6,3.3171,2.9268,82,7,2,1,0.75,3.6829,2.4756,82,30,78,3.3462,2.9231,30,78,3.7179,2.4615,4,2.75,3.0,4,3.0,2.75,3,4,7,1,nhl-col,"{""common_opponents"": 1, ""games_played"": 1, ""head_to_head"": 1, ""home_advantage"": 1, ""last10_form"": 1, ""season_scoring"": 1, ""travel_km"": 1}"
2025030215,NHL,20252026,playoffs,2026-05-14,2026-05-14,nhl-mtl,nhl-buf,final,,,82,82,,,0.25,,,,,452.5,0.0,7,3,0,0.7,3.4512,3.122,82,6,3,1,0.65,3.5122,2.939,82,30,78,3.4615,3.1154,30,78,3.5256,2.9231,4,3.25,3.25,4,3.25,3.25,6,3,9,-3,nhl-mtl,"{""common_opponents"": 1, ""games_played"": 1, ""head_to_head"": 1, ""home_advantage"": 1, ""last10_form"": 1, ""season_scoring"": 1, ""travel_km"": 1}"
2025030246,NHL,20252026,playoffs,2026-05-14,2026-05-14,nhl-vgk,nhl-ana,final,,,82,82,,,0.25,,,,,354.4,2833.1,7,0,3,0.85,3.2317,3.0488,82,2,6,2,0.3,3.3293,3.5122,82,30,79,3.2405,3.0127,30,79,3.3038,3.5316,3,3.0,4.0,3,4.0,3.0,5,1,6,-4,nhl-vgk,"{""common_opponents"": 1, ""games_played"": 1, ""head_to_head"": 1, ""home_advantage"": 1, ""last10_form"": 1, ""season_scoring"": 1, ""travel_km"": 1}"
2025030216,NHL,20252026,playoffs,2026-05-16,2026-05-16,nhl-buf,nhl-mtl,final,,,82,82,,,0.25,,,,,513.7,635.7,6,3,1,0.65,3.5122,2.939,82,7,3,0,0.7,3.4512,3.122,82,30,78,3.5256,2.9231,30,78,3.4615,3.1154,4,3.25,3.25,4,3.25,3.25,8,3,11,-5,nhl-buf,"{""common_opponents"": 1, ""games_played"": 1, ""head_to_head"": 1, ""home_advantage"": 1, ""last10_form"": 1, ""season_scoring"": 1, ""travel_km"": 1}"
2025030217,NHL,20252026,playoffs,2026-05-18,2026-05-18,nhl-mtl,nhl-buf,final,,,82,82,,,0.25,,,,,452.5,0.0,7,3,0,0.7,3.4512,3.122,82,6,3,1,0.65,3.5122,2.939,82,30,78,3.4615,3.1154,30,78,3.5256,2.9231,4,3.25,3.25,4,3.25,3.25,3,2,5,-1,nhl-mtl,"{""common_opponents"": 1, ""games_played"": 1, ""head_to_head"": 1, ""home_advantage"": 1, ""last10_form"": 1, ""season_scoring"": 1, ""travel_km"": 1}"
2025030321,NHL,20252026,playoffs,2026-05-20,2026-05-20,nhl-vgk,nhl-col,final,,,82,82,,,0.25,,,,,979.1,0.0,7,0,3,0.85,3.2317,3.0488,82,7,2,1,0.75,3.6829,2.4756,82,30,79,3.2278,3.0127,30,79,3.6709,2.443,3,3.3333,4.0,3,4.0,3.3333,4,2,6,-2,nhl-vgk,"{""common_opponents"": 1, ""games_played"": 1, ""head_to_head"": 1, ""home_advantage"": 1, ""last10_form"": 1, ""season_scoring"": 1, ""travel_km"": 1}"
2025030311,NHL,20252026,playoffs,2026-05-21,2026-05-21,nhl-mtl,nhl-car,final,,,82,82,,,0.25,,,,,551.9,698.4,7,3,0,0.7,3.4512,3.122,82,7,2,1,0.75,3.6098,2.9268,82,30,79,3.3924,3.1392,30,79,3.6456,2.8481,3,5.0,2.6667,3,2.6667,5.0,6,2,8,-4,nhl-mtl,"{""common_opponents"": 1, ""games_played"": 1, ""head_to_head"": 1, ""home_advantage"": 1, ""last10_form"": 1, ""season_scoring"": 1, ""travel_km"": 1}"
2025030322,NHL,20252026,playoffs,2026-05-22,2026-05-22,nhl-vgk,nhl-col,final,,,82,82,,,0.25,,,,,979.1,0.0,7,0,3,0.85,3.2317,3.0488,82,7,2,1,0.75,3.6829,2.4756,82,30,79,3.2278,3.0127,30,79,3.6709,2.443,3,3.3333,4.0,3,4.0,3.3333,3,1,4,-2,nhl-vgk,"{""common_opponents"": 1, ""games_played"": 1, ""head_to_head"": 1, ""home_advantage"": 1, ""last10_form"": 1, ""season_scoring"": 1, ""travel_km"": 1}"
2025030312,NHL,20252026,playoffs,2026-05-23,2026-05-23,nhl-mtl,nhl-car,final,,,82,82,,,0.25,,,,,551.9,698.4,7,3,0,0.7,3.4512,3.122,82,7,2,1,0.75,3.6098,2.9268,82,30,79,3.3924,3.1392,30,79,3.6456,2.8481,3,5.0,2.6667,3,2.6667,5.0,2,3,5,1,nhl-car,"{""common_opponents"": 1, ""games_played"": 1, ""head_to_head"": 1, ""home_advantage"": 1, ""last10_form"": 1, ""season_scoring"": 1, ""travel_km"": 1}"
2025030323,NHL,20252026,playoffs,2026-05-24,2026-05-24,nhl-col,nhl-vgk,final,,,82,82,,,0.25,,,,,979.1,0.0,7,2,1,0.75,3.6829,2.4756,82,7,0,3,0.85,3.2317,3.0488,82,30,79,3.6709,2.443,30,79,3.2278,3.0127,3,4.0,3.3333,3,3.3333,4.0,3,5,8,2,nhl-vgk,"{""common_opponents"": 1, ""games_played"": 1, ""head_to_head"": 1, ""home_advantage"": 1, ""last10_form"": 1, ""season_scoring"": 1, ""travel_km"": 1}"
2025030313,NHL,20252026,playoffs,2026-05-25,2026-05-25,nhl-car,nhl-mtl,final,,,82,82,,,0.25,,,,,532.1,635.7,7,2,1,0.75,3.6098,2.9268,82,7,3,0,0.7,3.4512,3.122,82,30,79,3.6456,2.8481,30,79,3.3924,3.1392,3,2.6667,5.0,3,5.0,2.6667,3,2,5,-1,nhl-car,"{""common_opponents"": 1, ""games_played"": 1, ""head_to_head"": 1, ""home_advantage"": 1, ""last10_form"": 1, ""season_scoring"": 1, ""travel_km"": 1}"
2025030324,NHL,20252026,playoffs,2026-05-26,2026-05-26,nhl-col,nhl-vgk,final,,,82,82,,,0.25,,,,,979.1,0.0,7,2,1,0.75,3.6829,2.4756,82,7,0,3,0.85,3.2317,3.0488,82,30,79,3.6709,2.443,30,79,3.2278,3.0127,3,4.0,3.3333,3,3.3333,4.0,1,2,3,1,nhl-vgk,"{""common_opponents"": 1, ""games_played"": 1, ""head_to_head"": 1, ""home_advantage"": 1, ""last10_form"": 1, ""season_scoring"": 1, ""travel_km"": 1}"
2025030314,NHL,20252026,playoffs,2026-05-27,2026-05-27,nhl-car,nhl-mtl,final,,,82,82,,,0.25,,,,,532.1,635.7,7,2,1,0.75,3.6098,2.9268,82,7,3,0,0.7,3.4512,3.122,82,30,79,3.6456,2.8481,30,79,3.3924,3.1392,3,2.6667,5.0,3,5.0,2.6667,4,0,4,-4,nhl-car,"{""common_opponents"": 1, ""games_played"": 1, ""head_to_head"": 1, ""home_advantage"": 1, ""last10_form"": 1, ""season_scoring"": 1, ""travel_km"": 1}"
2025030315,NHL,20252026,playoffs,2026-05-29,2026-05-29,nhl-mtl,nhl-car,final,,,82,82,,,0.25,,,,,551.9,698.4,7,3,0,0.7,3.4512,3.122,82,7,2,1,0.75,3.6098,2.9268,82,30,79,3.3924,3.1392,30,79,3.6456,2.8481,3,5.0,2.6667,3,2.6667,5.0,1,6,7,5,nhl-car,"{""common_opponents"": 1, ""games_played"": 1, ""head_to_head"": 1, ""home_advantage"": 1, ""last10_form"": 1, ""season_scoring"": 1, ""travel_km"": 1}"
2025030411,NHL,20252026,playoffs,2026-06-02,2026-06-02,nhl-vgk,nhl-car,final,,,82,82,,,0.25,,,,,3262.1,698.4,7,0,3,0.85,3.2317,3.0488,82,7,2,1,0.75,3.6098,2.9268,82,30,80,3.1875,3.075,30,80,3.65,2.875,2,5.0,2.0,2,2.0,5.0,5,4,9,-1,nhl-vgk,"{""common_opponents"": 1, ""games_played"": 1, ""head_to_head"": 1, ""home_advantage"": 1, ""last10_form"": 1, ""season_scoring"": 1, ""travel_km"": 1}"
2025030412,NHL,20252026,playoffs,2026-06-04,2026-06-04,nhl-vgk,nhl-car,final,,,82,82,,,0.25,,,,,3262.1,698.4,7,0,3,0.85,3.2317,3.0488,82,7,2,1,0.75,3.6098,2.9268,82,30,80,3.1875,3.075,30,80,3.65,2.875,2,5.0,2.0,2,2.0,5.0,3,4,7,1,nhl-car,"{""common_opponents"": 1, ""games_played"": 1, ""head_to_head"": 1, ""home_advantage"": 1, ""last10_form"": 1, ""season_scoring"": 1, ""travel_km"": 1}"
2025030413,NHL,20252026,playoffs,2026-06-06,2026-06-06,nhl-car,nhl-vgk,final,,,82,82,,,0.25,,,,,3614.1,0.0,7,2,1,0.75,3.6098,2.9268,82,7,0,3,0.85,3.2317,3.0488,82,30,80,3.65,2.875,30,80,3.1875,3.075,2,2.0,5.0,2,5.0,2.0,4,5,9,1,nhl-vgk,"{""common_opponents"": 1, ""games_played"": 1, ""head_to_head"": 1, ""home_advantage"": 1, ""last10_form"": 1, ""season_scoring"": 1, ""travel_km"": 1}"
2025030414,NHL,20252026,playoffs,2026-06-09,2026-06-09,nhl-car,nhl-vgk,final,,,82,82,,,0.25,,,,,3614.1,0.0,7,2,1,0.75,3.6098,2.9268,82,7,0,3,0.85,3.2317,3.0488,82,30,80,3.65,2.875,30,80,3.1875,3.075,2,2.0,5.0,2,5.0,2.0,5,3,8,-2,nhl-car,"{""common_opponents"": 1, ""games_played"": 1, ""head_to_head"": 1, ""home_advantage"": 1, ""last10_form"": 1, ""season_scoring"": 1, ""travel_km"": 1}"
2025030415,NHL,20252026,playoffs,2026-06-11,2026-06-11,nhl-vgk,nhl-car,final,,,82,82,,,0.25,,,,,3262.1,698.4,7,0,3,0.85,3.2317,3.0488,82,7,2,1,0.75,3.6098,2.9268,82,30,80,3.1875,3.075,30,80,3.65,2.875,2,5.0,2.0,2,2.0,5.0,2,4,6,2,nhl-car,"{""common_opponents"": 1, ""games_played"": 1, ""head_to_head"": 1, ""home_advantage"": 1, ""last10_form"": 1, ""season_scoring"": 1, ""travel_km"": 1}"
2025030416,NHL,20252026,playoffs,2026-06-14,2026-06-14,nhl-car,nhl-vgk,final,,,82,82,,,0.25,,,,,3614.1,0.0,7,2,1,0.75,3.6098,2.9268,82,7,0,3,0.85,3.2317,3.0488,82,30,80,3.65,2.875,30,80,3.1875,3.075,2,2.0,5.0,2,5.0,2.0,3,0,3,-3,nhl-car,"{""common_opponents"": 1, ""games_played"": 1, ""head_to_head"": 1, ""home_advantage"": 1, ""last10_form"": 1, ""season_scoring"": 1, ""travel_km"": 1}"
